solid OpenSCAD_Model
  facet normal 0.321446 -0.946928 0
    outer loop
      vertex 57.7765 0.102219 0
      vertex 58.1481 0.228363 20.6
      vertex 57.7765 0.102219 20.6
    endloop
  endfacet
  facet normal 0.321446 -0.946928 0
    outer loop
      vertex 58.1481 0.228363 20.6
      vertex 57.7765 0.102219 0
      vertex 58.1481 0.228363 0
    endloop
  endfacet
  facet normal 0 -1 0
    outer loop
      vertex 3 0 20.6
      vertex 9.2 0 7.5
      vertex 9.2 0 20.6
    endloop
  endfacet
  facet normal 0 -1 0
    outer loop
      vertex 3 0 0
      vertex 10 0 7.5
      vertex 9.2 0 7.5
    endloop
  endfacet
  facet normal 0 -1 -0
    outer loop
      vertex 10 0 7.5
      vertex 3 0 0
      vertex 18 0 7.5
    endloop
  endfacet
  facet normal 0 -1 -0
    outer loop
      vertex 18 0 7.5
      vertex 3 0 0
      vertex 18.8 0 7.5
    endloop
  endfacet
  facet normal 0 -1 -0
    outer loop
      vertex 18.8 0 7.5
      vertex 3 0 0
      vertex 31.2 0 7.5
    endloop
  endfacet
  facet normal 0 -1 0
    outer loop
      vertex 57 0 0
      vertex 31.2 0 7.5
      vertex 3 0 0
    endloop
  endfacet
  facet normal 0 -1 0
    outer loop
      vertex 31.2 0 7.5
      vertex 57 0 0
      vertex 32 0 7.5
    endloop
  endfacet
  facet normal 0 -1 0
    outer loop
      vertex 32 0 7.5
      vertex 57 0 0
      vertex 40 0 7.5
    endloop
  endfacet
  facet normal 0 -1 0
    outer loop
      vertex 3 0 0
      vertex 9.2 0 7.5
      vertex 3 0 20.6
    endloop
  endfacet
  facet normal 0 -1 0
    outer loop
      vertex 10 0 7.5
      vertex 18 0 20.6
      vertex 10 0 20.6
    endloop
  endfacet
  facet normal 0 -1 -0
    outer loop
      vertex 18 0 20.6
      vertex 10 0 7.5
      vertex 18 0 7.5
    endloop
  endfacet
  facet normal 0 -1 0
    outer loop
      vertex 18.8 0 7.5
      vertex 31.2 0 20.6
      vertex 18.8 0 20.6
    endloop
  endfacet
  facet normal 0 -1 -0
    outer loop
      vertex 31.2 0 20.6
      vertex 18.8 0 7.5
      vertex 31.2 0 7.5
    endloop
  endfacet
  facet normal 0 -1 0
    outer loop
      vertex 32 0 7.5
      vertex 40 0 20.6
      vertex 32 0 20.6
    endloop
  endfacet
  facet normal 0 -1 -0
    outer loop
      vertex 40 0 20.6
      vertex 32 0 7.5
      vertex 40 0 7.5
    endloop
  endfacet
  facet normal 0 -1 0
    outer loop
      vertex 40.8 0 7.5
      vertex 57 0 20.6
      vertex 40.8 0 20.6
    endloop
  endfacet
  facet normal 0 -1 0
    outer loop
      vertex 40.8 0 7.5
      vertex 57 0 0
      vertex 57 0 20.6
    endloop
  endfacet
  facet normal 0 -1 0
    outer loop
      vertex 40 0 7.5
      vertex 57 0 0
      vertex 40.8 0 7.5
    endloop
  endfacet
  facet normal 0.195072 -0.980789 0
    outer loop
      vertex 57.3916 0.0256653 0
      vertex 57.7765 0.102219 20.6
      vertex 57.3916 0.0256653 20.6
    endloop
  endfacet
  facet normal 0.195072 -0.980789 0
    outer loop
      vertex 57.7765 0.102219 20.6
      vertex 57.3916 0.0256653 0
      vertex 57.7765 0.102219 0
    endloop
  endfacet
  facet normal 0.751724 0.659478 0
    outer loop
      vertex 59.3801 29.8263 20.6
      vertex 59.1213 30.1213 0
      vertex 59.1213 30.1213 20.6
    endloop
  endfacet
  facet normal 0.751724 0.659478 0
    outer loop
      vertex 59.1213 30.1213 0
      vertex 59.3801 29.8263 20.6
      vertex 59.3801 29.8263 0
    endloop
  endfacet
  facet normal 0.0654873 0.997853 -0
    outer loop
      vertex 57.3916 30.9743 0
      vertex 57 31 20.6
      vertex 57.3916 30.9743 20.6
    endloop
  endfacet
  facet normal 0.0654873 0.997853 0
    outer loop
      vertex 57 31 20.6
      vertex 57.3916 30.9743 0
      vertex 57 31 0
    endloop
  endfacet
  facet normal 0.0653993 -0.997859 0
    outer loop
      vertex 57 0 0
      vertex 57.3916 0.0256653 20.6
      vertex 57 0 20.6
    endloop
  endfacet
  facet normal 0.0653993 -0.997859 0
    outer loop
      vertex 57.3916 0.0256653 20.6
      vertex 57 0 0
      vertex 57.3916 0.0256653 0
    endloop
  endfacet
  facet normal -0.896876 -0.442281 0
    outer loop
      vertex 0.401917 1.5 0
      vertex 0.228363 1.85194 20.6
      vertex 0.228363 1.85194 0
    endloop
  endfacet
  facet normal -0.896876 -0.442281 0
    outer loop
      vertex 0.228363 1.85194 20.6
      vertex 0.401917 1.5 0
      vertex 0.401917 1.5 20.6
    endloop
  endfacet
  facet normal -0.0654043 -0.997859 0
    outer loop
      vertex 2.60843 0.0256653 0
      vertex 3 0 20.6
      vertex 2.60843 0.0256653 20.6
    endloop
  endfacet
  facet normal -0.0654043 -0.997859 -0
    outer loop
      vertex 3 0 20.6
      vertex 2.60843 0.0256653 0
      vertex 3 0 0
    endloop
  endfacet
  facet normal -0.321446 -0.946928 0
    outer loop
      vertex 1.85194 0.228363 0
      vertex 2.22354 0.102219 20.6
      vertex 1.85194 0.228363 20.6
    endloop
  endfacet
  facet normal -0.321446 -0.946928 -0
    outer loop
      vertex 2.22354 0.102219 20.6
      vertex 1.85194 0.228363 0
      vertex 2.22354 0.102219 0
    endloop
  endfacet
  facet normal -0.659424 0.751771 0
    outer loop
      vertex 1.17372 30.3801 0
      vertex 0.878677 30.1213 20.6
      vertex 1.17372 30.3801 20.6
    endloop
  endfacet
  facet normal -0.659424 0.751771 0
    outer loop
      vertex 0.878677 30.1213 20.6
      vertex 1.17372 30.3801 0
      vertex 0.878677 30.1213 0
    endloop
  endfacet
  facet normal -0.896856 0.442322 0
    outer loop
      vertex 0.228363 29.1481 0
      vertex 0.401917 29.5 20.6
      vertex 0.401917 29.5 0
    endloop
  endfacet
  facet normal -0.896856 0.442322 0
    outer loop
      vertex 0.401917 29.5 20.6
      vertex 0.228363 29.1481 0
      vertex 0.228363 29.1481 20.6
    endloop
  endfacet
  facet normal -0.442171 0.896931 0
    outer loop
      vertex 1.85194 30.7716 0
      vertex 1.5 30.5981 20.6
      vertex 1.85194 30.7716 20.6
    endloop
  endfacet
  facet normal -0.442171 0.896931 0
    outer loop
      vertex 1.5 30.5981 20.6
      vertex 1.85194 30.7716 0
      vertex 1.5 30.5981 0
    endloop
  endfacet
  facet normal 1 0 0
    outer loop
      vertex 60 19.2179 15.3605
      vertex 60 28 20.6
      vertex 60 19.25 15.85
    endloop
  endfacet
  facet normal 1 0 0
    outer loop
      vertex 60 28 20.6
      vertex 60 19.2179 16.3395
      vertex 60 19.25 15.85
    endloop
  endfacet
  facet normal 1 0 0
    outer loop
      vertex 60 28 20.6
      vertex 60 19.1222 16.8206
      vertex 60 19.2179 16.3395
    endloop
  endfacet
  facet normal 1 0 0
    outer loop
      vertex 60 28 20.6
      vertex 60 18.9645 17.2851
      vertex 60 19.1222 16.8206
    endloop
  endfacet
  facet normal 1 0 0
    outer loop
      vertex 60 28 20.6
      vertex 60 18.7476 17.725
      vertex 60 18.9645 17.2851
    endloop
  endfacet
  facet normal 1 0 0
    outer loop
      vertex 60 28 20.6
      vertex 60 18.4751 18.1329
      vertex 60 18.7476 17.725
    endloop
  endfacet
  facet normal 1 0 0
    outer loop
      vertex 60 28 20.6
      vertex 60 18.1516 18.5016
      vertex 60 18.4751 18.1329
    endloop
  endfacet
  facet normal 1 0 0
    outer loop
      vertex 60 28 20.6
      vertex 60 17.7829 18.8251
      vertex 60 18.1516 18.5016
    endloop
  endfacet
  facet normal 1 0 0
    outer loop
      vertex 60 28 20.6
      vertex 60 17.375 19.0976
      vertex 60 17.7829 18.8251
    endloop
  endfacet
  facet normal 1 0 0
    outer loop
      vertex 60 28 20.6
      vertex 60 16.9351 19.3145
      vertex 60 17.375 19.0976
    endloop
  endfacet
  facet normal 1 0 0
    outer loop
      vertex 60 28 20.6
      vertex 60 16.4706 19.4722
      vertex 60 16.9351 19.3145
    endloop
  endfacet
  facet normal 1 0 0
    outer loop
      vertex 60 28 20.6
      vertex 60 15.9895 19.5679
      vertex 60 16.4706 19.4722
    endloop
  endfacet
  facet normal 1 0 0
    outer loop
      vertex 60 28 20.6
      vertex 60 15.5 19.6
      vertex 60 15.9895 19.5679
    endloop
  endfacet
  facet normal 1 -0 0
    outer loop
      vertex 60 3 20.6
      vertex 60 15.5 19.6
      vertex 60 28 20.6
    endloop
  endfacet
  facet normal 1 0 0
    outer loop
      vertex 60 11.7821 16.3395
      vertex 60 3 20.6
      vertex 60 11.75 15.85
    endloop
  endfacet
  facet normal 1 0 0
    outer loop
      vertex 60 11.8778 16.8206
      vertex 60 3 20.6
      vertex 60 11.7821 16.3395
    endloop
  endfacet
  facet normal 1 0 0
    outer loop
      vertex 60 12.0355 17.2851
      vertex 60 3 20.6
      vertex 60 11.8778 16.8206
    endloop
  endfacet
  facet normal 1 0 0
    outer loop
      vertex 60 12.2524 17.725
      vertex 60 3 20.6
      vertex 60 12.0355 17.2851
    endloop
  endfacet
  facet normal 1 0 0
    outer loop
      vertex 60 12.5249 18.1329
      vertex 60 3 20.6
      vertex 60 12.2524 17.725
    endloop
  endfacet
  facet normal 1 0 0
    outer loop
      vertex 60 12.8483 18.5016
      vertex 60 3 20.6
      vertex 60 12.5249 18.1329
    endloop
  endfacet
  facet normal 1 0 0
    outer loop
      vertex 60 13.2171 18.8251
      vertex 60 3 20.6
      vertex 60 12.8483 18.5016
    endloop
  endfacet
  facet normal 1 0 0
    outer loop
      vertex 60 13.625 19.0976
      vertex 60 3 20.6
      vertex 60 13.2171 18.8251
    endloop
  endfacet
  facet normal 1 0 0
    outer loop
      vertex 60 14.0649 19.3145
      vertex 60 3 20.6
      vertex 60 13.625 19.0976
    endloop
  endfacet
  facet normal 1 0 0
    outer loop
      vertex 60 14.5294 19.4722
      vertex 60 3 20.6
      vertex 60 14.0649 19.3145
    endloop
  endfacet
  facet normal 1 0 0
    outer loop
      vertex 60 15.0105 19.5679
      vertex 60 3 20.6
      vertex 60 14.5294 19.4722
    endloop
  endfacet
  facet normal 1 0 0
    outer loop
      vertex 60 15.5 19.6
      vertex 60 3 20.6
      vertex 60 15.0105 19.5679
    endloop
  endfacet
  facet normal 1 0 0
    outer loop
      vertex 60 19.1222 14.8794
      vertex 60 28 20.6
      vertex 60 19.2179 15.3605
    endloop
  endfacet
  facet normal 1 0 0
    outer loop
      vertex 60 18.9645 14.4149
      vertex 60 28 20.6
      vertex 60 19.1222 14.8794
    endloop
  endfacet
  facet normal 1 0 0
    outer loop
      vertex 60 28 20.6
      vertex 60 18.9645 14.4149
      vertex 60 28 0
    endloop
  endfacet
  facet normal 1 -0 0
    outer loop
      vertex 60 18.7476 13.975
      vertex 60 28 0
      vertex 60 18.9645 14.4149
    endloop
  endfacet
  facet normal 1 -0 0
    outer loop
      vertex 60 18.4751 13.5671
      vertex 60 28 0
      vertex 60 18.7476 13.975
    endloop
  endfacet
  facet normal 1 -0 0
    outer loop
      vertex 60 18.1516 13.1983
      vertex 60 28 0
      vertex 60 18.4751 13.5671
    endloop
  endfacet
  facet normal 1 -0 0
    outer loop
      vertex 60 17.7829 12.8749
      vertex 60 28 0
      vertex 60 18.1516 13.1983
    endloop
  endfacet
  facet normal 1 -0 0
    outer loop
      vertex 60 17.375 12.6024
      vertex 60 28 0
      vertex 60 17.7829 12.8749
    endloop
  endfacet
  facet normal 1 -0 0
    outer loop
      vertex 60 16.9351 12.3855
      vertex 60 28 0
      vertex 60 17.375 12.6024
    endloop
  endfacet
  facet normal 1 -0 0
    outer loop
      vertex 60 16.4706 12.2278
      vertex 60 28 0
      vertex 60 16.9351 12.3855
    endloop
  endfacet
  facet normal 1 -0 0
    outer loop
      vertex 60 15.9895 12.1321
      vertex 60 28 0
      vertex 60 16.4706 12.2278
    endloop
  endfacet
  facet normal 1 -0 0
    outer loop
      vertex 60 15.5 12.1
      vertex 60 28 0
      vertex 60 15.9895 12.1321
    endloop
  endfacet
  facet normal 1 0 0
    outer loop
      vertex 60 3 0
      vertex 60 15.5 12.1
      vertex 60 15.0105 12.1321
    endloop
  endfacet
  facet normal 1 0 0
    outer loop
      vertex 60 3 0
      vertex 60 15.0105 12.1321
      vertex 60 14.5294 12.2278
    endloop
  endfacet
  facet normal 1 0 0
    outer loop
      vertex 60 3 0
      vertex 60 14.5294 12.2278
      vertex 60 14.0649 12.3855
    endloop
  endfacet
  facet normal 1 0 0
    outer loop
      vertex 60 3 0
      vertex 60 14.0649 12.3855
      vertex 60 13.625 12.6024
    endloop
  endfacet
  facet normal 1 0 0
    outer loop
      vertex 60 3 0
      vertex 60 13.625 12.6024
      vertex 60 13.2171 12.8749
    endloop
  endfacet
  facet normal 1 0 0
    outer loop
      vertex 60 3 20.6
      vertex 60 11.7821 15.3605
      vertex 60 11.75 15.85
    endloop
  endfacet
  facet normal 1 0 0
    outer loop
      vertex 60 3 20.6
      vertex 60 11.8778 14.8794
      vertex 60 11.7821 15.3605
    endloop
  endfacet
  facet normal 1 0 0
    outer loop
      vertex 60 3 20.6
      vertex 60 12.0355 14.4149
      vertex 60 11.8778 14.8794
    endloop
  endfacet
  facet normal 1 0 0
    outer loop
      vertex 60 3 0
      vertex 60 12.0355 14.4149
      vertex 60 3 20.6
    endloop
  endfacet
  facet normal 1 0 0
    outer loop
      vertex 60 12.0355 14.4149
      vertex 60 3 0
      vertex 60 12.2524 13.975
    endloop
  endfacet
  facet normal 1 0 0
    outer loop
      vertex 60 12.2524 13.975
      vertex 60 3 0
      vertex 60 12.5249 13.5671
    endloop
  endfacet
  facet normal 1 0 0
    outer loop
      vertex 60 12.5249 13.5671
      vertex 60 3 0
      vertex 60 12.8483 13.1983
    endloop
  endfacet
  facet normal 1 0 0
    outer loop
      vertex 60 12.8483 13.1983
      vertex 60 3 0
      vertex 60 13.2171 12.8749
    endloop
  endfacet
  facet normal 1 0 0
    outer loop
      vertex 60 15.5 12.1
      vertex 60 3 0
      vertex 60 28 0
    endloop
  endfacet
  facet normal -1 0 0
    outer loop
      vertex 0 18.12 12.5
      vertex 0 28 0
      vertex 0 18.12 3.5
    endloop
  endfacet
  facet normal -1 0 0
    outer loop
      vertex 0 3 0
      vertex 0 18.12 3.5
      vertex 0 28 0
    endloop
  endfacet
  facet normal -1 -0 0
    outer loop
      vertex 0 5.12 3.5
      vertex 0 3 0
      vertex 0 5.12 12.5
    endloop
  endfacet
  facet normal -1 -0 0
    outer loop
      vertex 0 18.12 3.5
      vertex 0 3 0
      vertex 0 5.12 3.5
    endloop
  endfacet
  facet normal -1 0 0
    outer loop
      vertex 0 28 0
      vertex 0 18.12 12.5
      vertex 0 28 20.6
    endloop
  endfacet
  facet normal -1 0 0
    outer loop
      vertex 0 3 20.6
      vertex 0 18.12 12.5
      vertex 0 5.12 12.5
    endloop
  endfacet
  facet normal -1 0 0
    outer loop
      vertex 0 18.12 12.5
      vertex 0 3 20.6
      vertex 0 28 20.6
    endloop
  endfacet
  facet normal -1 0 0
    outer loop
      vertex 0 3 20.6
      vertex 0 5.12 12.5
      vertex 0 3 0
    endloop
  endfacet
  facet normal -0.0654923 0.997853 0
    outer loop
      vertex 3 31 0
      vertex 2.60843 30.9743 20.6
      vertex 3 31 20.6
    endloop
  endfacet
  facet normal -0.0654923 0.997853 0
    outer loop
      vertex 2.60843 30.9743 20.6
      vertex 3 31 0
      vertex 2.60843 30.9743 0
    endloop
  endfacet
  facet normal 0.321574 0.946885 -0
    outer loop
      vertex 58.1481 30.7716 0
      vertex 57.7765 30.8978 20.6
      vertex 58.1481 30.7716 20.6
    endloop
  endfacet
  facet normal 0.321574 0.946885 0
    outer loop
      vertex 57.7765 30.8978 20.6
      vertex 58.1481 30.7716 0
      vertex 57.7765 30.8978 0
    endloop
  endfacet
  facet normal -0.659342 -0.751843 0
    outer loop
      vertex 0.878677 0.878677 0
      vertex 1.17372 0.619934 20.6
      vertex 0.878677 0.878677 20.6
    endloop
  endfacet
  facet normal -0.659342 -0.751843 -0
    outer loop
      vertex 1.17372 0.619934 20.6
      vertex 0.878677 0.878677 0
      vertex 1.17372 0.619934 0
    endloop
  endfacet
  facet normal -0.946928 0.321446 0
    outer loop
      vertex 0.102219 28.7765 0
      vertex 0.228363 29.1481 20.6
      vertex 0.228363 29.1481 0
    endloop
  endfacet
  facet normal -0.946928 0.321446 0
    outer loop
      vertex 0.228363 29.1481 20.6
      vertex 0.102219 28.7765 0
      vertex 0.102219 28.7765 20.6
    endloop
  endfacet
  facet normal -0.195076 -0.980788 0
    outer loop
      vertex 2.22354 0.102219 0
      vertex 2.60843 0.0256653 20.6
      vertex 2.22354 0.102219 20.6
    endloop
  endfacet
  facet normal -0.195076 -0.980788 -0
    outer loop
      vertex 2.60843 0.0256653 20.6
      vertex 2.22354 0.102219 0
      vertex 2.60843 0.0256653 0
    endloop
  endfacet
  facet normal -0.751796 0.659396 0
    outer loop
      vertex 0.619934 29.8263 0
      vertex 0.878677 30.1213 20.6
      vertex 0.878677 30.1213 0
    endloop
  endfacet
  facet normal -0.751796 0.659396 0
    outer loop
      vertex 0.878677 30.1213 20.6
      vertex 0.619934 29.8263 0
      vertex 0.619934 29.8263 20.6
    endloop
  endfacet
  facet normal 0.980814 -0.194945 0
    outer loop
      vertex 59.8978 2.22354 20.6
      vertex 59.9743 2.60843 0
      vertex 59.9743 2.60843 20.6
    endloop
  endfacet
  facet normal 0.980814 -0.194945 0
    outer loop
      vertex 59.9743 2.60843 0
      vertex 59.8978 2.22354 20.6
      vertex 59.8978 2.22354 0
    endloop
  endfacet
  facet normal -0.442281 -0.896876 0
    outer loop
      vertex 1.5 0.401917 0
      vertex 1.85194 0.228363 20.6
      vertex 1.5 0.401917 20.6
    endloop
  endfacet
  facet normal -0.442281 -0.896876 -0
    outer loop
      vertex 1.85194 0.228363 20.6
      vertex 1.5 0.401917 0
      vertex 1.85194 0.228363 0
    endloop
  endfacet
  facet normal 0 1 0
    outer loop
      vertex 57 31 20.6
      vertex 49 31 11.7
      vertex 40.8 31 20.6
    endloop
  endfacet
  facet normal 0 1 0
    outer loop
      vertex 57 31 20.6
      vertex 49.4829 31 11.6683
      vertex 49 31 11.7
    endloop
  endfacet
  facet normal 0 1 0
    outer loop
      vertex 57 31 20.6
      vertex 49.9576 31 11.5739
      vertex 49.4829 31 11.6683
    endloop
  endfacet
  facet normal 0 1 0
    outer loop
      vertex 57 31 20.6
      vertex 50.4159 31 11.4184
      vertex 49.9576 31 11.5739
    endloop
  endfacet
  facet normal 0 1 0
    outer loop
      vertex 57 31 20.6
      vertex 50.85 31 11.2043
      vertex 50.4159 31 11.4184
    endloop
  endfacet
  facet normal 0 1 0
    outer loop
      vertex 57 31 20.6
      vertex 51.2524 31 10.9354
      vertex 50.85 31 11.2043
    endloop
  endfacet
  facet normal 0 1 0
    outer loop
      vertex 57 31 20.6
      vertex 51.6163 31 10.6163
      vertex 51.2524 31 10.9354
    endloop
  endfacet
  facet normal 0 1 0
    outer loop
      vertex 57 31 20.6
      vertex 51.9354 31 10.2524
      vertex 51.6163 31 10.6163
    endloop
  endfacet
  facet normal 0 1 0
    outer loop
      vertex 57 31 20.6
      vertex 52.2043 31 9.85
      vertex 51.9354 31 10.2524
    endloop
  endfacet
  facet normal 0 1 0
    outer loop
      vertex 57 31 20.6
      vertex 52.4184 31 9.41593
      vertex 52.2043 31 9.85
    endloop
  endfacet
  facet normal 0 1 0
    outer loop
      vertex 57 31 20.6
      vertex 52.5739 31 8.95763
      vertex 52.4184 31 9.41593
    endloop
  endfacet
  facet normal 0 1 0
    outer loop
      vertex 57 31 20.6
      vertex 52.6683 31 8.48295
      vertex 52.5739 31 8.95763
    endloop
  endfacet
  facet normal 0 1 -0
    outer loop
      vertex 57 31 0
      vertex 52.6683 31 8.48295
      vertex 57 31 20.6
    endloop
  endfacet
  facet normal 0 1 0
    outer loop
      vertex 52.6683 31 8.48295
      vertex 57 31 0
      vertex 52.7 31 8
    endloop
  endfacet
  facet normal 0 1 0
    outer loop
      vertex 52.7 31 8
      vertex 57 31 0
      vertex 52.6683 31 7.51705
    endloop
  endfacet
  facet normal 0 1 0
    outer loop
      vertex 49.4829 31 4.33165
      vertex 57 31 0
      vertex 49 31 4.3
    endloop
  endfacet
  facet normal 0 1 0
    outer loop
      vertex 49.9576 31 4.42607
      vertex 57 31 0
      vertex 49.4829 31 4.33165
    endloop
  endfacet
  facet normal 0 1 0
    outer loop
      vertex 50.4159 31 4.58165
      vertex 57 31 0
      vertex 49.9576 31 4.42607
    endloop
  endfacet
  facet normal 0 1 0
    outer loop
      vertex 50.85 31 4.79571
      vertex 57 31 0
      vertex 50.4159 31 4.58165
    endloop
  endfacet
  facet normal 0 1 0
    outer loop
      vertex 51.2524 31 5.06459
      vertex 57 31 0
      vertex 50.85 31 4.79571
    endloop
  endfacet
  facet normal 0 1 0
    outer loop
      vertex 51.6163 31 5.3837
      vertex 57 31 0
      vertex 51.2524 31 5.06459
    endloop
  endfacet
  facet normal 0 1 0
    outer loop
      vertex 51.9354 31 5.74758
      vertex 57 31 0
      vertex 51.6163 31 5.3837
    endloop
  endfacet
  facet normal 0 1 0
    outer loop
      vertex 52.2043 31 6.15
      vertex 57 31 0
      vertex 51.9354 31 5.74758
    endloop
  endfacet
  facet normal 0 1 0
    outer loop
      vertex 52.4184 31 6.58407
      vertex 57 31 0
      vertex 52.2043 31 6.15
    endloop
  endfacet
  facet normal 0 1 0
    outer loop
      vertex 52.5739 31 7.04237
      vertex 57 31 0
      vertex 52.4184 31 6.58407
    endloop
  endfacet
  facet normal 0 1 0
    outer loop
      vertex 52.6683 31 7.51705
      vertex 57 31 0
      vertex 52.5739 31 7.04237
    endloop
  endfacet
  facet normal 0 1 -0
    outer loop
      vertex 48.5171 31 11.6683
      vertex 40.8 31 20.6
      vertex 49 31 11.7
    endloop
  endfacet
  facet normal 0 1 -0
    outer loop
      vertex 48.0424 31 11.5739
      vertex 40.8 31 20.6
      vertex 48.5171 31 11.6683
    endloop
  endfacet
  facet normal 0 1 -0
    outer loop
      vertex 47.5841 31 11.4184
      vertex 40.8 31 20.6
      vertex 48.0424 31 11.5739
    endloop
  endfacet
  facet normal 0 1 -0
    outer loop
      vertex 47.15 31 11.2043
      vertex 40.8 31 20.6
      vertex 47.5841 31 11.4184
    endloop
  endfacet
  facet normal 0 1 -0
    outer loop
      vertex 46.7476 31 10.9354
      vertex 40.8 31 20.6
      vertex 47.15 31 11.2043
    endloop
  endfacet
  facet normal 0 1 -0
    outer loop
      vertex 46.3837 31 10.6163
      vertex 40.8 31 20.6
      vertex 46.7476 31 10.9354
    endloop
  endfacet
  facet normal 0 1 -0
    outer loop
      vertex 46.0646 31 10.2524
      vertex 40.8 31 20.6
      vertex 46.3837 31 10.6163
    endloop
  endfacet
  facet normal 0 1 0
    outer loop
      vertex 40.8 31 7.5
      vertex 46.0646 31 10.2524
      vertex 45.7957 31 9.85
    endloop
  endfacet
  facet normal 0 1 0
    outer loop
      vertex 40.8 31 7.5
      vertex 45.7957 31 9.85
      vertex 45.5816 31 9.41593
    endloop
  endfacet
  facet normal 0 1 0
    outer loop
      vertex 40.8 31 7.5
      vertex 45.5816 31 9.41593
      vertex 45.4261 31 8.95763
    endloop
  endfacet
  facet normal 0 1 0
    outer loop
      vertex 40.8 31 7.5
      vertex 45.4261 31 8.95763
      vertex 45.3317 31 8.48295
    endloop
  endfacet
  facet normal 0 1 0
    outer loop
      vertex 40.8 31 7.5
      vertex 45.3317 31 8.48295
      vertex 45.3 31 8
    endloop
  endfacet
  facet normal 0 1 0
    outer loop
      vertex 40.8 31 7.5
      vertex 45.3 31 8
      vertex 45.3317 31 7.51705
    endloop
  endfacet
  facet normal 0 1 0
    outer loop
      vertex 46.0646 31 10.2524
      vertex 40.8 31 7.5
      vertex 40.8 31 20.6
    endloop
  endfacet
  facet normal 0 1 0
    outer loop
      vertex 46.7476 31 5.06459
      vertex 40 31 7.5
      vertex 40.8 31 7.5
    endloop
  endfacet
  facet normal 0 1 0
    outer loop
      vertex 40 31 7.5
      vertex 47.15 31 4.79571
      vertex 32 31 7.5
    endloop
  endfacet
  facet normal 0 1 0
    outer loop
      vertex 47.5841 31 4.58165
      vertex 32 31 7.5
      vertex 47.15 31 4.79571
    endloop
  endfacet
  facet normal 0 1 0
    outer loop
      vertex 32 31 7.5
      vertex 47.5841 31 4.58165
      vertex 31.2 31 7.5
    endloop
  endfacet
  facet normal 0 1 0
    outer loop
      vertex 57 31 0
      vertex 31.2 31 7.5
      vertex 47.5841 31 4.58165
    endloop
  endfacet
  facet normal 0 1 0
    outer loop
      vertex 18 31 7.5
      vertex 3 31 0
      vertex 10 31 7.5
    endloop
  endfacet
  facet normal 0 1 0
    outer loop
      vertex 45.5816 31 6.58407
      vertex 40.8 31 7.5
      vertex 45.4261 31 7.04237
    endloop
  endfacet
  facet normal 0 1 0
    outer loop
      vertex 45.4261 31 7.04237
      vertex 40.8 31 7.5
      vertex 45.3317 31 7.51705
    endloop
  endfacet
  facet normal 0 1 -0
    outer loop
      vertex 40 31 7.5
      vertex 32 31 20.6
      vertex 40 31 20.6
    endloop
  endfacet
  facet normal 0 1 0
    outer loop
      vertex 32 31 20.6
      vertex 40 31 7.5
      vertex 32 31 7.5
    endloop
  endfacet
  facet normal 0 1 -0
    outer loop
      vertex 31.2 31 7.5
      vertex 18.8 31 20.6
      vertex 31.2 31 20.6
    endloop
  endfacet
  facet normal 0 1 0
    outer loop
      vertex 18.8 31 20.6
      vertex 31.2 31 7.5
      vertex 18.8 31 7.5
    endloop
  endfacet
  facet normal 0 1 -0
    outer loop
      vertex 18 31 7.5
      vertex 10 31 20.6
      vertex 18 31 20.6
    endloop
  endfacet
  facet normal 0 1 0
    outer loop
      vertex 10 31 20.6
      vertex 18 31 7.5
      vertex 10 31 7.5
    endloop
  endfacet
  facet normal 0 1 -0
    outer loop
      vertex 9.2 31 7.5
      vertex 3 31 20.6
      vertex 9.2 31 20.6
    endloop
  endfacet
  facet normal 0 1 0
    outer loop
      vertex 45.7957 31 6.15
      vertex 40.8 31 7.5
      vertex 45.5816 31 6.58407
    endloop
  endfacet
  facet normal 0 1 0
    outer loop
      vertex 46.0646 31 5.74758
      vertex 40.8 31 7.5
      vertex 45.7957 31 6.15
    endloop
  endfacet
  facet normal 0 1 0
    outer loop
      vertex 46.3837 31 5.3837
      vertex 40.8 31 7.5
      vertex 46.0646 31 5.74758
    endloop
  endfacet
  facet normal 0 1 0
    outer loop
      vertex 46.7476 31 5.06459
      vertex 40.8 31 7.5
      vertex 46.3837 31 5.3837
    endloop
  endfacet
  facet normal 0 1 0
    outer loop
      vertex 40 31 7.5
      vertex 46.7476 31 5.06459
      vertex 47.15 31 4.79571
    endloop
  endfacet
  facet normal 0 1 0
    outer loop
      vertex 18.8 31 7.5
      vertex 3 31 0
      vertex 18 31 7.5
    endloop
  endfacet
  facet normal 0 1 0
    outer loop
      vertex 31.2 31 7.5
      vertex 3 31 0
      vertex 18.8 31 7.5
    endloop
  endfacet
  facet normal 0 1 0
    outer loop
      vertex 57 31 0
      vertex 47.5841 31 4.58165
      vertex 48.0424 31 4.42607
    endloop
  endfacet
  facet normal 0 1 0
    outer loop
      vertex 57 31 0
      vertex 48.0424 31 4.42607
      vertex 48.5171 31 4.33165
    endloop
  endfacet
  facet normal 0 1 0
    outer loop
      vertex 57 31 0
      vertex 48.5171 31 4.33165
      vertex 49 31 4.3
    endloop
  endfacet
  facet normal 0 1 0
    outer loop
      vertex 31.2 31 7.5
      vertex 57 31 0
      vertex 3 31 0
    endloop
  endfacet
  facet normal 0 1 0
    outer loop
      vertex 9.2 31 7.5
      vertex 3 31 0
      vertex 3 31 20.6
    endloop
  endfacet
  facet normal 0 1 0
    outer loop
      vertex 10 31 7.5
      vertex 3 31 0
      vertex 9.2 31 7.5
    endloop
  endfacet
  facet normal 0.831501 0.555523 0
    outer loop
      vertex 59.5981 29.5 20.6
      vertex 59.3801 29.8263 0
      vertex 59.3801 29.8263 20.6
    endloop
  endfacet
  facet normal 0.831501 0.555523 0
    outer loop
      vertex 59.3801 29.8263 0
      vertex 59.5981 29.5 20.6
      vertex 59.5981 29.5 0
    endloop
  endfacet
  facet normal -0.321574 0.946885 0
    outer loop
      vertex 2.22354 30.8978 0
      vertex 1.85194 30.7716 20.6
      vertex 2.22354 30.8978 20.6
    endloop
  endfacet
  facet normal -0.321574 0.946885 0
    outer loop
      vertex 1.85194 30.7716 20.6
      vertex 2.22354 30.8978 0
      vertex 1.85194 30.7716 0
    endloop
  endfacet
  facet normal -0.831481 0.555553 0
    outer loop
      vertex 0.401917 29.5 0
      vertex 0.619934 29.8263 20.6
      vertex 0.619934 29.8263 0
    endloop
  endfacet
  facet normal -0.831481 0.555553 0
    outer loop
      vertex 0.619934 29.8263 20.6
      vertex 0.401917 29.5 0
      vertex 0.401917 29.5 20.6
    endloop
  endfacet
  facet normal -0.997859 0.0653993 0
    outer loop
      vertex 0 28 0
      vertex 0.0256653 28.3916 20.6
      vertex 0.0256653 28.3916 0
    endloop
  endfacet
  facet normal -0.997859 0.0653993 0
    outer loop
      vertex 0.0256653 28.3916 20.6
      vertex 0 28 0
      vertex 0 28 20.6
    endloop
  endfacet
  facet normal -0.555577 -0.831465 0
    outer loop
      vertex 1.17372 0.619934 0
      vertex 1.5 0.401917 20.6
      vertex 1.17372 0.619934 20.6
    endloop
  endfacet
  facet normal -0.555577 -0.831465 -0
    outer loop
      vertex 1.5 0.401917 20.6
      vertex 1.17372 0.619934 0
      vertex 1.5 0.401917 0
    endloop
  endfacet
  facet normal -0.194945 0.980814 0
    outer loop
      vertex 2.60843 30.9743 0
      vertex 2.22354 30.8978 20.6
      vertex 2.60843 30.9743 20.6
    endloop
  endfacet
  facet normal -0.194945 0.980814 0
    outer loop
      vertex 2.22354 30.8978 20.6
      vertex 2.60843 30.9743 0
      vertex 2.22354 30.8978 0
    endloop
  endfacet
  facet normal 0.896931 -0.442171 0
    outer loop
      vertex 59.5981 1.5 20.6
      vertex 59.7716 1.85194 0
      vertex 59.7716 1.85194 20.6
    endloop
  endfacet
  facet normal 0.896931 -0.442171 0
    outer loop
      vertex 59.7716 1.85194 0
      vertex 59.5981 1.5 20.6
      vertex 59.5981 1.5 0
    endloop
  endfacet
  facet normal 0.659396 -0.751796 0
    outer loop
      vertex 58.8263 0.619934 0
      vertex 59.1213 0.878677 20.6
      vertex 58.8263 0.619934 20.6
    endloop
  endfacet
  facet normal 0.659396 -0.751796 0
    outer loop
      vertex 59.1213 0.878677 20.6
      vertex 58.8263 0.619934 0
      vertex 59.1213 0.878677 0
    endloop
  endfacet
  facet normal 0.555523 0.831501 -0
    outer loop
      vertex 58.8263 30.3801 0
      vertex 58.5 30.5981 20.6
      vertex 58.8263 30.3801 20.6
    endloop
  endfacet
  facet normal 0.555523 0.831501 0
    outer loop
      vertex 58.5 30.5981 20.6
      vertex 58.8263 30.3801 0
      vertex 58.5 30.5981 0
    endloop
  endfacet
  facet normal 0.442211 0.896911 -0
    outer loop
      vertex 58.5 30.5981 0
      vertex 58.1481 30.7716 20.6
      vertex 58.5 30.5981 20.6
    endloop
  endfacet
  facet normal 0.442211 0.896911 0
    outer loop
      vertex 58.1481 30.7716 20.6
      vertex 58.5 30.5981 0
      vertex 58.1481 30.7716 0
    endloop
  endfacet
  facet normal 0.946885 0.321574 0
    outer loop
      vertex 59.8978 28.7765 20.6
      vertex 59.7716 29.1481 0
      vertex 59.7716 29.1481 20.6
    endloop
  endfacet
  facet normal 0.946885 0.321574 0
    outer loop
      vertex 59.7716 29.1481 0
      vertex 59.8978 28.7765 20.6
      vertex 59.8978 28.7765 0
    endloop
  endfacet
  facet normal 0.19494 0.980815 -0
    outer loop
      vertex 57.7765 30.8978 0
      vertex 57.3916 30.9743 20.6
      vertex 57.7765 30.8978 20.6
    endloop
  endfacet
  facet normal 0.19494 0.980815 0
    outer loop
      vertex 57.3916 30.9743 20.6
      vertex 57.7765 30.8978 0
      vertex 57.3916 30.9743 0
    endloop
  endfacet
  facet normal 0.997853 0.0654873 0
    outer loop
      vertex 60 28 20.6
      vertex 59.9743 28.3916 0
      vertex 59.9743 28.3916 20.6
    endloop
  endfacet
  facet normal 0.997853 0.0654873 0
    outer loop
      vertex 59.9743 28.3916 0
      vertex 60 28 20.6
      vertex 60 28 0
    endloop
  endfacet
  facet normal -0.555547 0.831485 0
    outer loop
      vertex 1.5 30.5981 0
      vertex 1.17372 30.3801 20.6
      vertex 1.5 30.5981 20.6
    endloop
  endfacet
  facet normal -0.555547 0.831485 0
    outer loop
      vertex 1.17372 30.3801 20.6
      vertex 1.5 30.5981 0
      vertex 1.17372 30.3801 0
    endloop
  endfacet
  facet normal 0.831485 -0.555547 0
    outer loop
      vertex 59.3801 1.17372 20.6
      vertex 59.5981 1.5 0
      vertex 59.5981 1.5 20.6
    endloop
  endfacet
  facet normal 0.831485 -0.555547 0
    outer loop
      vertex 59.5981 1.5 0
      vertex 59.3801 1.17372 20.6
      vertex 59.3801 1.17372 0
    endloop
  endfacet
  facet normal 0.751771 -0.659424 0
    outer loop
      vertex 59.1213 0.878677 20.6
      vertex 59.3801 1.17372 0
      vertex 59.3801 1.17372 20.6
    endloop
  endfacet
  facet normal 0.751771 -0.659424 0
    outer loop
      vertex 59.3801 1.17372 0
      vertex 59.1213 0.878677 20.6
      vertex 59.1213 0.878677 0
    endloop
  endfacet
  facet normal -0.997859 -0.0654043 0
    outer loop
      vertex 0.0256653 2.60843 0
      vertex 0 3 20.6
      vertex 0 3 0
    endloop
  endfacet
  facet normal -0.997859 -0.0654043 0
    outer loop
      vertex 0 3 20.6
      vertex 0.0256653 2.60843 0
      vertex 0.0256653 2.60843 20.6
    endloop
  endfacet
  facet normal -0.980789 0.195072 0
    outer loop
      vertex 0.0256653 28.3916 0
      vertex 0.102219 28.7765 20.6
      vertex 0.102219 28.7765 0
    endloop
  endfacet
  facet normal -0.980789 0.195072 0
    outer loop
      vertex 0.102219 28.7765 20.6
      vertex 0.0256653 28.3916 0
      vertex 0.0256653 28.3916 20.6
    endloop
  endfacet
  facet normal 0.946885 -0.321574 0
    outer loop
      vertex 59.7716 1.85194 20.6
      vertex 59.8978 2.22354 0
      vertex 59.8978 2.22354 20.6
    endloop
  endfacet
  facet normal 0.946885 -0.321574 0
    outer loop
      vertex 59.8978 2.22354 0
      vertex 59.7716 1.85194 20.6
      vertex 59.7716 1.85194 0
    endloop
  endfacet
  facet normal 0.659478 0.751724 -0
    outer loop
      vertex 59.1213 30.1213 0
      vertex 58.8263 30.3801 20.6
      vertex 59.1213 30.1213 20.6
    endloop
  endfacet
  facet normal 0.659478 0.751724 0
    outer loop
      vertex 58.8263 30.3801 20.6
      vertex 59.1213 30.1213 0
      vertex 58.8263 30.3801 0
    endloop
  endfacet
  facet normal 0.896911 0.442211 0
    outer loop
      vertex 59.7716 29.1481 20.6
      vertex 59.5981 29.5 0
      vertex 59.5981 29.5 20.6
    endloop
  endfacet
  facet normal 0.896911 0.442211 0
    outer loop
      vertex 59.5981 29.5 0
      vertex 59.7716 29.1481 20.6
      vertex 59.7716 29.1481 0
    endloop
  endfacet
  facet normal 0.980815 0.19494 0
    outer loop
      vertex 59.9743 28.3916 20.6
      vertex 59.8978 28.7765 0
      vertex 59.8978 28.7765 20.6
    endloop
  endfacet
  facet normal 0.980815 0.19494 0
    outer loop
      vertex 59.8978 28.7765 0
      vertex 59.9743 28.3916 20.6
      vertex 59.9743 28.3916 0
    endloop
  endfacet
  facet normal -0.980788 -0.195076 0
    outer loop
      vertex 0.102219 2.22354 0
      vertex 0.0256653 2.60843 20.6
      vertex 0.0256653 2.60843 0
    endloop
  endfacet
  facet normal -0.980788 -0.195076 0
    outer loop
      vertex 0.0256653 2.60843 20.6
      vertex 0.102219 2.22354 0
      vertex 0.102219 2.22354 20.6
    endloop
  endfacet
  facet normal -0.946928 -0.321446 0
    outer loop
      vertex 0.228363 1.85194 0
      vertex 0.102219 2.22354 20.6
      vertex 0.102219 2.22354 0
    endloop
  endfacet
  facet normal -0.946928 -0.321446 0
    outer loop
      vertex 0.102219 2.22354 20.6
      vertex 0.228363 1.85194 0
      vertex 0.228363 1.85194 20.6
    endloop
  endfacet
  facet normal -0.831465 -0.555577 0
    outer loop
      vertex 0.619934 1.17372 0
      vertex 0.401917 1.5 20.6
      vertex 0.401917 1.5 0
    endloop
  endfacet
  facet normal -0.831465 -0.555577 0
    outer loop
      vertex 0.401917 1.5 20.6
      vertex 0.619934 1.17372 0
      vertex 0.619934 1.17372 20.6
    endloop
  endfacet
  facet normal -0.751843 -0.659342 0
    outer loop
      vertex 0.878677 0.878677 0
      vertex 0.619934 1.17372 20.6
      vertex 0.619934 1.17372 0
    endloop
  endfacet
  facet normal -0.751843 -0.659342 0
    outer loop
      vertex 0.619934 1.17372 20.6
      vertex 0.878677 0.878677 0
      vertex 0.878677 0.878677 20.6
    endloop
  endfacet
  facet normal 0 0 -1
    outer loop
      vertex 57 0 0
      vertex 60 3 0
      vertex 59.9743 2.60843 0
    endloop
  endfacet
  facet normal -0 0 -1
    outer loop
      vertex 60 3 0
      vertex 57 0 0
      vertex 60 28 0
    endloop
  endfacet
  facet normal 0 0 -1
    outer loop
      vertex 57 0 0
      vertex 59.9743 2.60843 0
      vertex 59.8978 2.22354 0
    endloop
  endfacet
  facet normal 0 0 -1
    outer loop
      vertex 57 31 0
      vertex 60 28 0
      vertex 57 0 0
    endloop
  endfacet
  facet normal 0 0 -1
    outer loop
      vertex 57 0 0
      vertex 59.8978 2.22354 0
      vertex 59.7716 1.85194 0
    endloop
  endfacet
  facet normal 0 0 -1
    outer loop
      vertex 60 28 0
      vertex 57 31 0
      vertex 59.9743 28.3916 0
    endloop
  endfacet
  facet normal 0 0 -1
    outer loop
      vertex 57 0 0
      vertex 59.7716 1.85194 0
      vertex 59.5981 1.5 0
    endloop
  endfacet
  facet normal 0 0 -1
    outer loop
      vertex 59.9743 28.3916 0
      vertex 57 31 0
      vertex 59.8978 28.7765 0
    endloop
  endfacet
  facet normal 0 0 -1
    outer loop
      vertex 57 0 0
      vertex 59.5981 1.5 0
      vertex 59.3801 1.17372 0
    endloop
  endfacet
  facet normal 0 0 -1
    outer loop
      vertex 59.8978 28.7765 0
      vertex 57 31 0
      vertex 59.7716 29.1481 0
    endloop
  endfacet
  facet normal 0 0 -1
    outer loop
      vertex 57 0 0
      vertex 59.3801 1.17372 0
      vertex 59.1213 0.878677 0
    endloop
  endfacet
  facet normal 0 0 -1
    outer loop
      vertex 59.7716 29.1481 0
      vertex 57 31 0
      vertex 59.5981 29.5 0
    endloop
  endfacet
  facet normal 0 0 -1
    outer loop
      vertex 57 0 0
      vertex 59.1213 0.878677 0
      vertex 58.8263 0.619934 0
    endloop
  endfacet
  facet normal 0 0 -1
    outer loop
      vertex 59.5981 29.5 0
      vertex 57 31 0
      vertex 59.3801 29.8263 0
    endloop
  endfacet
  facet normal 0 0 -1
    outer loop
      vertex 57 0 0
      vertex 58.8263 0.619934 0
      vertex 58.5 0.401917 0
    endloop
  endfacet
  facet normal 0 0 -1
    outer loop
      vertex 59.3801 29.8263 0
      vertex 57 31 0
      vertex 59.1213 30.1213 0
    endloop
  endfacet
  facet normal 0 0 -1
    outer loop
      vertex 57 0 0
      vertex 58.5 0.401917 0
      vertex 58.1481 0.228363 0
    endloop
  endfacet
  facet normal 0 0 -1
    outer loop
      vertex 59.1213 30.1213 0
      vertex 57 31 0
      vertex 58.8263 30.3801 0
    endloop
  endfacet
  facet normal 0 0 -1
    outer loop
      vertex 57 0 0
      vertex 58.1481 0.228363 0
      vertex 57.7765 0.102219 0
    endloop
  endfacet
  facet normal 0 0 -1
    outer loop
      vertex 58.8263 30.3801 0
      vertex 57 31 0
      vertex 58.5 30.5981 0
    endloop
  endfacet
  facet normal 0 0 -1
    outer loop
      vertex 57 0 0
      vertex 57.7765 0.102219 0
      vertex 57.3916 0.0256653 0
    endloop
  endfacet
  facet normal 0 0 -1
    outer loop
      vertex 58.5 30.5981 0
      vertex 57 31 0
      vertex 58.1481 30.7716 0
    endloop
  endfacet
  facet normal 0 0 -1
    outer loop
      vertex 58.1481 30.7716 0
      vertex 57 31 0
      vertex 57.7765 30.8978 0
    endloop
  endfacet
  facet normal 0 0 -1
    outer loop
      vertex 57.7765 30.8978 0
      vertex 57 31 0
      vertex 57.3916 30.9743 0
    endloop
  endfacet
  facet normal 0 0 -1
    outer loop
      vertex 3 0 0
      vertex 57 31 0
      vertex 57 0 0
    endloop
  endfacet
  facet normal 0 0 -1
    outer loop
      vertex 3 0 0
      vertex 3 31 0
      vertex 57 31 0
    endloop
  endfacet
  facet normal 0 0 -1
    outer loop
      vertex 0 3 0
      vertex 3 0 0
      vertex 2.60843 0.0256653 0
    endloop
  endfacet
  facet normal 0 0 -1
    outer loop
      vertex 3 0 0
      vertex 0 3 0
      vertex 3 31 0
    endloop
  endfacet
  facet normal 0 0 -1
    outer loop
      vertex 0 3 0
      vertex 2.60843 0.0256653 0
      vertex 2.22354 0.102219 0
    endloop
  endfacet
  facet normal 0 0 -1
    outer loop
      vertex 0 28 0
      vertex 3 31 0
      vertex 0 3 0
    endloop
  endfacet
  facet normal 0 0 -1
    outer loop
      vertex 0 3 0
      vertex 2.22354 0.102219 0
      vertex 1.85194 0.228363 0
    endloop
  endfacet
  facet normal 0 0 -1
    outer loop
      vertex 3 31 0
      vertex 0 28 0
      vertex 2.60843 30.9743 0
    endloop
  endfacet
  facet normal 0 0 -1
    outer loop
      vertex 0 3 0
      vertex 1.85194 0.228363 0
      vertex 1.5 0.401917 0
    endloop
  endfacet
  facet normal 0 0 -1
    outer loop
      vertex 2.60843 30.9743 0
      vertex 0 28 0
      vertex 2.22354 30.8978 0
    endloop
  endfacet
  facet normal 0 0 -1
    outer loop
      vertex 0 3 0
      vertex 1.5 0.401917 0
      vertex 1.17372 0.619934 0
    endloop
  endfacet
  facet normal 0 0 -1
    outer loop
      vertex 2.22354 30.8978 0
      vertex 0 28 0
      vertex 1.85194 30.7716 0
    endloop
  endfacet
  facet normal 0 0 -1
    outer loop
      vertex 0 3 0
      vertex 1.17372 0.619934 0
      vertex 0.878677 0.878677 0
    endloop
  endfacet
  facet normal 0 0 -1
    outer loop
      vertex 1.85194 30.7716 0
      vertex 0 28 0
      vertex 1.5 30.5981 0
    endloop
  endfacet
  facet normal 0 0 -1
    outer loop
      vertex 0 3 0
      vertex 0.878677 0.878677 0
      vertex 0.619934 1.17372 0
    endloop
  endfacet
  facet normal 0 0 -1
    outer loop
      vertex 1.5 30.5981 0
      vertex 0 28 0
      vertex 1.17372 30.3801 0
    endloop
  endfacet
  facet normal 0 0 -1
    outer loop
      vertex 0 3 0
      vertex 0.619934 1.17372 0
      vertex 0.401917 1.5 0
    endloop
  endfacet
  facet normal 0 0 -1
    outer loop
      vertex 1.17372 30.3801 0
      vertex 0 28 0
      vertex 0.878677 30.1213 0
    endloop
  endfacet
  facet normal 0 0 -1
    outer loop
      vertex 0 3 0
      vertex 0.401917 1.5 0
      vertex 0.228363 1.85194 0
    endloop
  endfacet
  facet normal 0 0 -1
    outer loop
      vertex 0.878677 30.1213 0
      vertex 0 28 0
      vertex 0.619934 29.8263 0
    endloop
  endfacet
  facet normal 0 0 -1
    outer loop
      vertex 0 3 0
      vertex 0.228363 1.85194 0
      vertex 0.102219 2.22354 0
    endloop
  endfacet
  facet normal 0 0 -1
    outer loop
      vertex 0.619934 29.8263 0
      vertex 0 28 0
      vertex 0.401917 29.5 0
    endloop
  endfacet
  facet normal 0 0 -1
    outer loop
      vertex 0 3 0
      vertex 0.102219 2.22354 0
      vertex 0.0256653 2.60843 0
    endloop
  endfacet
  facet normal 0 0 -1
    outer loop
      vertex 0.401917 29.5 0
      vertex 0 28 0
      vertex 0.228363 29.1481 0
    endloop
  endfacet
  facet normal 0 0 -1
    outer loop
      vertex 0.228363 29.1481 0
      vertex 0 28 0
      vertex 0.102219 28.7765 0
    endloop
  endfacet
  facet normal 0 0 -1
    outer loop
      vertex 0.102219 28.7765 0
      vertex 0 28 0
      vertex 0.0256653 28.3916 0
    endloop
  endfacet
  facet normal 0.997853 -0.0654923 0
    outer loop
      vertex 59.9743 2.60843 20.6
      vertex 60 3 0
      vertex 60 3 20.6
    endloop
  endfacet
  facet normal 0.997853 -0.0654923 0
    outer loop
      vertex 60 3 0
      vertex 59.9743 2.60843 20.6
      vertex 59.9743 2.60843 0
    endloop
  endfacet
  facet normal 0 0 1
    outer loop
      vertex 58 28 20.6
      vertex 60 28 20.6
      vertex 59.9743 28.3916 20.6
    endloop
  endfacet
  facet normal 0 0 1
    outer loop
      vertex 60 28 20.6
      vertex 58 28 20.6
      vertex 60 3 20.6
    endloop
  endfacet
  facet normal 0 0 1
    outer loop
      vertex 57.9914 28.1305 20.6
      vertex 59.9743 28.3916 20.6
      vertex 59.8978 28.7765 20.6
    endloop
  endfacet
  facet normal 0 0 1
    outer loop
      vertex 58 3 20.6
      vertex 60 3 20.6
      vertex 58 28 20.6
    endloop
  endfacet
  facet normal 0 0 1
    outer loop
      vertex 57.9659 28.2588 20.6
      vertex 59.8978 28.7765 20.6
      vertex 59.7716 29.1481 20.6
    endloop
  endfacet
  facet normal 0 0 1
    outer loop
      vertex 60 3 20.6
      vertex 58 3 20.6
      vertex 59.9743 2.60843 20.6
    endloop
  endfacet
  facet normal 0 0 1
    outer loop
      vertex 57.9239 28.3827 20.6
      vertex 59.7716 29.1481 20.6
      vertex 59.5981 29.5 20.6
    endloop
  endfacet
  facet normal -0 0 1
    outer loop
      vertex 57.9914 2.86948 20.6
      vertex 59.9743 2.60843 20.6
      vertex 58 3 20.6
    endloop
  endfacet
  facet normal 0 0 1
    outer loop
      vertex 57.866 28.5 20.6
      vertex 59.5981 29.5 20.6
      vertex 59.3801 29.8263 20.6
    endloop
  endfacet
  facet normal 0 0 1
    outer loop
      vertex 59.9743 2.60843 20.6
      vertex 57.9914 2.86948 20.6
      vertex 59.8978 2.22354 20.6
    endloop
  endfacet
  facet normal 0 0 1
    outer loop
      vertex 57.7934 28.6088 20.6
      vertex 59.3801 29.8263 20.6
      vertex 59.1213 30.1213 20.6
    endloop
  endfacet
  facet normal -0 0 1
    outer loop
      vertex 57.9659 2.74118 20.6
      vertex 59.8978 2.22354 20.6
      vertex 57.9914 2.86948 20.6
    endloop
  endfacet
  facet normal 0 0 1
    outer loop
      vertex 57.7071 28.7071 20.6
      vertex 59.1213 30.1213 20.6
      vertex 58.8263 30.3801 20.6
    endloop
  endfacet
  facet normal 0 0 1
    outer loop
      vertex 59.8978 2.22354 20.6
      vertex 57.9659 2.74118 20.6
      vertex 59.7716 1.85194 20.6
    endloop
  endfacet
  facet normal 0 0 1
    outer loop
      vertex 57.6088 28.7934 20.6
      vertex 58.8263 30.3801 20.6
      vertex 58.5 30.5981 20.6
    endloop
  endfacet
  facet normal -0 0 1
    outer loop
      vertex 57.9239 2.61731 20.6
      vertex 59.7716 1.85194 20.6
      vertex 57.9659 2.74118 20.6
    endloop
  endfacet
  facet normal 0 0 1
    outer loop
      vertex 57.5 28.866 20.6
      vertex 58.5 30.5981 20.6
      vertex 58.1481 30.7716 20.6
    endloop
  endfacet
  facet normal 0 0 1
    outer loop
      vertex 59.7716 1.85194 20.6
      vertex 57.9239 2.61731 20.6
      vertex 59.5981 1.5 20.6
    endloop
  endfacet
  facet normal -0 0 1
    outer loop
      vertex 57.866 2.5 20.6
      vertex 59.5981 1.5 20.6
      vertex 57.9239 2.61731 20.6
    endloop
  endfacet
  facet normal 0 0 1
    outer loop
      vertex 59.9743 28.3916 20.6
      vertex 57.9914 28.1305 20.6
      vertex 58 28 20.6
    endloop
  endfacet
  facet normal 0 0 1
    outer loop
      vertex 59.8978 28.7765 20.6
      vertex 57.9659 28.2588 20.6
      vertex 57.9914 28.1305 20.6
    endloop
  endfacet
  facet normal 0 0 1
    outer loop
      vertex 59.7716 29.1481 20.6
      vertex 57.9239 28.3827 20.6
      vertex 57.9659 28.2588 20.6
    endloop
  endfacet
  facet normal 0 0 1
    outer loop
      vertex 59.5981 29.5 20.6
      vertex 57.866 28.5 20.6
      vertex 57.9239 28.3827 20.6
    endloop
  endfacet
  facet normal 0 0 1
    outer loop
      vertex 59.3801 29.8263 20.6
      vertex 57.7934 28.6088 20.6
      vertex 57.866 28.5 20.6
    endloop
  endfacet
  facet normal 0 0 1
    outer loop
      vertex 57.3827 28.9239 20.6
      vertex 58.1481 30.7716 20.6
      vertex 57.7765 30.8978 20.6
    endloop
  endfacet
  facet normal 0 0 1
    outer loop
      vertex 59.1213 30.1213 20.6
      vertex 57.7071 28.7071 20.6
      vertex 57.7934 28.6088 20.6
    endloop
  endfacet
  facet normal 0 0 1
    outer loop
      vertex 58.8263 30.3801 20.6
      vertex 57.6088 28.7934 20.6
      vertex 57.7071 28.7071 20.6
    endloop
  endfacet
  facet normal 0 0 1
    outer loop
      vertex 58.5 30.5981 20.6
      vertex 57.5 28.866 20.6
      vertex 57.6088 28.7934 20.6
    endloop
  endfacet
  facet normal 0 0 1
    outer loop
      vertex 57.2588 28.9659 20.6
      vertex 57.7765 30.8978 20.6
      vertex 57.3916 30.9743 20.6
    endloop
  endfacet
  facet normal 0 0 1
    outer loop
      vertex 58.1481 30.7716 20.6
      vertex 57.3827 28.9239 20.6
      vertex 57.5 28.866 20.6
    endloop
  endfacet
  facet normal 0 0 1
    outer loop
      vertex 57.7765 30.8978 20.6
      vertex 57.2588 28.9659 20.6
      vertex 57.3827 28.9239 20.6
    endloop
  endfacet
  facet normal 0 0 1
    outer loop
      vertex 57.3916 30.9743 20.6
      vertex 57.1305 28.9914 20.6
      vertex 57.2588 28.9659 20.6
    endloop
  endfacet
  facet normal 0 0 1
    outer loop
      vertex 57 31 20.6
      vertex 57.1305 28.9914 20.6
      vertex 57.3916 30.9743 20.6
    endloop
  endfacet
  facet normal 0 0 1
    outer loop
      vertex 57 31 20.6
      vertex 57 29 20.6
      vertex 57.1305 28.9914 20.6
    endloop
  endfacet
  facet normal -0 0 1
    outer loop
      vertex 40.8 31 20.6
      vertex 57 29 20.6
      vertex 57 31 20.6
    endloop
  endfacet
  facet normal 0 0 1
    outer loop
      vertex 57 29 20.6
      vertex 40.8 31 20.6
      vertex 40.8 29 20.6
    endloop
  endfacet
  facet normal 0 0 1
    outer loop
      vertex 59.5981 1.5 20.6
      vertex 57.866 2.5 20.6
      vertex 59.3801 1.17372 20.6
    endloop
  endfacet
  facet normal -0 0 1
    outer loop
      vertex 57.7934 2.39124 20.6
      vertex 59.3801 1.17372 20.6
      vertex 57.866 2.5 20.6
    endloop
  endfacet
  facet normal 0 0 1
    outer loop
      vertex 59.3801 1.17372 20.6
      vertex 57.7934 2.39124 20.6
      vertex 59.1213 0.878677 20.6
    endloop
  endfacet
  facet normal -0 0 1
    outer loop
      vertex 57.7071 2.29289 20.6
      vertex 59.1213 0.878677 20.6
      vertex 57.7934 2.39124 20.6
    endloop
  endfacet
  facet normal 0 0 1
    outer loop
      vertex 59.1213 0.878677 20.6
      vertex 57.7071 2.29289 20.6
      vertex 58.8263 0.619934 20.6
    endloop
  endfacet
  facet normal -0 0 1
    outer loop
      vertex 57.6088 2.20665 20.6
      vertex 58.8263 0.619934 20.6
      vertex 57.7071 2.29289 20.6
    endloop
  endfacet
  facet normal 0 0 1
    outer loop
      vertex 58.8263 0.619934 20.6
      vertex 57.6088 2.20665 20.6
      vertex 58.5 0.401917 20.6
    endloop
  endfacet
  facet normal -0 0 1
    outer loop
      vertex 57.5 2.13397 20.6
      vertex 58.5 0.401917 20.6
      vertex 57.6088 2.20665 20.6
    endloop
  endfacet
  facet normal 0 0 1
    outer loop
      vertex 58.5 0.401917 20.6
      vertex 57.5 2.13397 20.6
      vertex 58.1481 0.228363 20.6
    endloop
  endfacet
  facet normal -0 0 1
    outer loop
      vertex 57.3827 2.07613 20.6
      vertex 58.1481 0.228363 20.6
      vertex 57.5 2.13397 20.6
    endloop
  endfacet
  facet normal 0 0 1
    outer loop
      vertex 58.1481 0.228363 20.6
      vertex 57.3827 2.07613 20.6
      vertex 57.7765 0.102219 20.6
    endloop
  endfacet
  facet normal -0 0 1
    outer loop
      vertex 57.2588 2.03407 20.6
      vertex 57.7765 0.102219 20.6
      vertex 57.3827 2.07613 20.6
    endloop
  endfacet
  facet normal 0 0 1
    outer loop
      vertex 57.7765 0.102219 20.6
      vertex 57.2588 2.03407 20.6
      vertex 57.3916 0.0256653 20.6
    endloop
  endfacet
  facet normal -0 0 1
    outer loop
      vertex 57.1305 2.00856 20.6
      vertex 57.3916 0.0256653 20.6
      vertex 57.2588 2.03407 20.6
    endloop
  endfacet
  facet normal -0 0 1
    outer loop
      vertex 57 2 20.6
      vertex 57.3916 0.0256653 20.6
      vertex 57.1305 2.00856 20.6
    endloop
  endfacet
  facet normal 0 0 1
    outer loop
      vertex 57 2 20.6
      vertex 57 0 20.6
      vertex 57.3916 0.0256653 20.6
    endloop
  endfacet
  facet normal -0 0 1
    outer loop
      vertex 40.8 2 20.6
      vertex 57 0 20.6
      vertex 57 2 20.6
    endloop
  endfacet
  facet normal 0 0 1
    outer loop
      vertex 57 0 20.6
      vertex 40.8 2 20.6
      vertex 40.8 0 20.6
    endloop
  endfacet
  facet normal -0 0 1
    outer loop
      vertex 3 31 20.6
      vertex 9.2 29 20.6
      vertex 9.2 31 20.6
    endloop
  endfacet
  facet normal 0 0 1
    outer loop
      vertex 3 31 20.6
      vertex 3 29 20.6
      vertex 9.2 29 20.6
    endloop
  endfacet
  facet normal 0 0 1
    outer loop
      vertex 3 31 20.6
      vertex 2.86948 28.9914 20.6
      vertex 3 29 20.6
    endloop
  endfacet
  facet normal -0 0 1
    outer loop
      vertex 2.60843 30.9743 20.6
      vertex 2.86948 28.9914 20.6
      vertex 3 31 20.6
    endloop
  endfacet
  facet normal 0 0 1
    outer loop
      vertex 2.86948 28.9914 20.6
      vertex 2.60843 30.9743 20.6
      vertex 2.74118 28.9659 20.6
    endloop
  endfacet
  facet normal -0 0 1
    outer loop
      vertex 2.22354 30.8978 20.6
      vertex 2.74118 28.9659 20.6
      vertex 2.60843 30.9743 20.6
    endloop
  endfacet
  facet normal 0 0 1
    outer loop
      vertex 2.74118 28.9659 20.6
      vertex 2.22354 30.8978 20.6
      vertex 2.61731 28.9239 20.6
    endloop
  endfacet
  facet normal -0 0 1
    outer loop
      vertex 1.85194 30.7716 20.6
      vertex 2.61731 28.9239 20.6
      vertex 2.22354 30.8978 20.6
    endloop
  endfacet
  facet normal 0 0 1
    outer loop
      vertex 2.61731 28.9239 20.6
      vertex 1.85194 30.7716 20.6
      vertex 2.5 28.866 20.6
    endloop
  endfacet
  facet normal -0 0 1
    outer loop
      vertex 1.5 30.5981 20.6
      vertex 2.5 28.866 20.6
      vertex 1.85194 30.7716 20.6
    endloop
  endfacet
  facet normal 0 0 1
    outer loop
      vertex 2.5 28.866 20.6
      vertex 1.5 30.5981 20.6
      vertex 2.39124 28.7934 20.6
    endloop
  endfacet
  facet normal -0 0 1
    outer loop
      vertex 1.17372 30.3801 20.6
      vertex 2.39124 28.7934 20.6
      vertex 1.5 30.5981 20.6
    endloop
  endfacet
  facet normal 0 0 1
    outer loop
      vertex 2.39124 28.7934 20.6
      vertex 1.17372 30.3801 20.6
      vertex 2.29289 28.7071 20.6
    endloop
  endfacet
  facet normal -0 0 1
    outer loop
      vertex 0.878677 30.1213 20.6
      vertex 2.29289 28.7071 20.6
      vertex 1.17372 30.3801 20.6
    endloop
  endfacet
  facet normal 0 0 1
    outer loop
      vertex 2.29289 28.7071 20.6
      vertex 0.878677 30.1213 20.6
      vertex 2.20665 28.6088 20.6
    endloop
  endfacet
  facet normal -0 0 1
    outer loop
      vertex 0.401917 29.5 20.6
      vertex 2.13397 28.5 20.6
      vertex 0.619934 29.8263 20.6
    endloop
  endfacet
  facet normal 0 0 1
    outer loop
      vertex 2.20665 28.6088 20.6
      vertex 0.619934 29.8263 20.6
      vertex 2.13397 28.5 20.6
    endloop
  endfacet
  facet normal -0 0 1
    outer loop
      vertex 0.619934 29.8263 20.6
      vertex 2.20665 28.6088 20.6
      vertex 0.878677 30.1213 20.6
    endloop
  endfacet
  facet normal -0 0 1
    outer loop
      vertex 3 2 20.6
      vertex 9.2 0 20.6
      vertex 9.2 2 20.6
    endloop
  endfacet
  facet normal 0 0 1
    outer loop
      vertex 3 2 20.6
      vertex 3 0 20.6
      vertex 9.2 0 20.6
    endloop
  endfacet
  facet normal 0 0 1
    outer loop
      vertex 2.86948 2.00856 20.6
      vertex 3 0 20.6
      vertex 3 2 20.6
    endloop
  endfacet
  facet normal 0 0 1
    outer loop
      vertex 2.60843 0.0256653 20.6
      vertex 2.86948 2.00856 20.6
      vertex 2.74118 2.03407 20.6
    endloop
  endfacet
  facet normal 0 0 1
    outer loop
      vertex 2.22354 0.102219 20.6
      vertex 2.74118 2.03407 20.6
      vertex 2.61731 2.07613 20.6
    endloop
  endfacet
  facet normal 0 0 1
    outer loop
      vertex 2.86948 2.00856 20.6
      vertex 2.60843 0.0256653 20.6
      vertex 3 0 20.6
    endloop
  endfacet
  facet normal 0 0 1
    outer loop
      vertex 1.85194 0.228363 20.6
      vertex 2.61731 2.07613 20.6
      vertex 2.5 2.13397 20.6
    endloop
  endfacet
  facet normal 0 0 1
    outer loop
      vertex 1.5 0.401917 20.6
      vertex 2.5 2.13397 20.6
      vertex 2.39124 2.20665 20.6
    endloop
  endfacet
  facet normal 0 0 1
    outer loop
      vertex 1.17372 0.619934 20.6
      vertex 2.39124 2.20665 20.6
      vertex 2.29289 2.29289 20.6
    endloop
  endfacet
  facet normal 0 0 1
    outer loop
      vertex 2.74118 2.03407 20.6
      vertex 2.22354 0.102219 20.6
      vertex 2.60843 0.0256653 20.6
    endloop
  endfacet
  facet normal 0 0 1
    outer loop
      vertex 0.878677 0.878677 20.6
      vertex 2.29289 2.29289 20.6
      vertex 2.20665 2.39124 20.6
    endloop
  endfacet
  facet normal 0 0 1
    outer loop
      vertex 0.619934 1.17372 20.6
      vertex 2.20665 2.39124 20.6
      vertex 2.13397 2.5 20.6
    endloop
  endfacet
  facet normal 0 0 1
    outer loop
      vertex 0.401917 1.5 20.6
      vertex 2.13397 2.5 20.6
      vertex 2.07613 2.61731 20.6
    endloop
  endfacet
  facet normal 0 0 1
    outer loop
      vertex 0.228363 1.85194 20.6
      vertex 2.07613 2.61731 20.6
      vertex 2.03407 2.74118 20.6
    endloop
  endfacet
  facet normal 0 0 1
    outer loop
      vertex 0.102219 2.22354 20.6
      vertex 2.03407 2.74118 20.6
      vertex 2.00856 2.86948 20.6
    endloop
  endfacet
  facet normal 0 0 1
    outer loop
      vertex 2.61731 2.07613 20.6
      vertex 1.85194 0.228363 20.6
      vertex 2.22354 0.102219 20.6
    endloop
  endfacet
  facet normal 0 0 1
    outer loop
      vertex 0.0256653 2.60843 20.6
      vertex 2.00856 2.86948 20.6
      vertex 2 3 20.6
    endloop
  endfacet
  facet normal 0 0 1
    outer loop
      vertex 2 28 20.6
      vertex 0 28 20.6
      vertex 2 3 20.6
    endloop
  endfacet
  facet normal 0 0 1
    outer loop
      vertex 2.13397 28.5 20.6
      vertex 0.401917 29.5 20.6
      vertex 2.07613 28.3827 20.6
    endloop
  endfacet
  facet normal 0 0 1
    outer loop
      vertex 0 3 20.6
      vertex 2 3 20.6
      vertex 0 28 20.6
    endloop
  endfacet
  facet normal -0 0 1
    outer loop
      vertex 0.228363 29.1481 20.6
      vertex 2.07613 28.3827 20.6
      vertex 0.401917 29.5 20.6
    endloop
  endfacet
  facet normal 0 -0 1
    outer loop
      vertex 0.0256653 2.60843 20.6
      vertex 2 3 20.6
      vertex 0 3 20.6
    endloop
  endfacet
  facet normal 0 0 1
    outer loop
      vertex 2.07613 28.3827 20.6
      vertex 0.228363 29.1481 20.6
      vertex 2.03407 28.2588 20.6
    endloop
  endfacet
  facet normal 0 0 1
    outer loop
      vertex 2.5 2.13397 20.6
      vertex 1.5 0.401917 20.6
      vertex 1.85194 0.228363 20.6
    endloop
  endfacet
  facet normal -0 0 1
    outer loop
      vertex 0.102219 28.7765 20.6
      vertex 2.03407 28.2588 20.6
      vertex 0.228363 29.1481 20.6
    endloop
  endfacet
  facet normal 0 0 1
    outer loop
      vertex 2.39124 2.20665 20.6
      vertex 1.17372 0.619934 20.6
      vertex 1.5 0.401917 20.6
    endloop
  endfacet
  facet normal 0 0 1
    outer loop
      vertex 2.03407 28.2588 20.6
      vertex 0.102219 28.7765 20.6
      vertex 2.00856 28.1305 20.6
    endloop
  endfacet
  facet normal 0 0 1
    outer loop
      vertex 2.29289 2.29289 20.6
      vertex 0.878677 0.878677 20.6
      vertex 1.17372 0.619934 20.6
    endloop
  endfacet
  facet normal -0 0 1
    outer loop
      vertex 0.0256653 28.3916 20.6
      vertex 2.00856 28.1305 20.6
      vertex 0.102219 28.7765 20.6
    endloop
  endfacet
  facet normal 0 0 1
    outer loop
      vertex 2.20665 2.39124 20.6
      vertex 0.619934 1.17372 20.6
      vertex 0.878677 0.878677 20.6
    endloop
  endfacet
  facet normal 0 0 1
    outer loop
      vertex 2.00856 28.1305 20.6
      vertex 0.0256653 28.3916 20.6
      vertex 2 28 20.6
    endloop
  endfacet
  facet normal 0 0 1
    outer loop
      vertex 2.13397 2.5 20.6
      vertex 0.401917 1.5 20.6
      vertex 0.619934 1.17372 20.6
    endloop
  endfacet
  facet normal 0 0 1
    outer loop
      vertex 2 28 20.6
      vertex 0.0256653 28.3916 20.6
      vertex 0 28 20.6
    endloop
  endfacet
  facet normal 0 0 1
    outer loop
      vertex 2.07613 2.61731 20.6
      vertex 0.228363 1.85194 20.6
      vertex 0.401917 1.5 20.6
    endloop
  endfacet
  facet normal 0 0 1
    outer loop
      vertex 2.03407 2.74118 20.6
      vertex 0.102219 2.22354 20.6
      vertex 0.228363 1.85194 20.6
    endloop
  endfacet
  facet normal 0 0 1
    outer loop
      vertex 2.00856 2.86948 20.6
      vertex 0.0256653 2.60843 20.6
      vertex 0.102219 2.22354 20.6
    endloop
  endfacet
  facet normal -0 0 1
    outer loop
      vertex 10 2 20.6
      vertex 18 0 20.6
      vertex 18 2 20.6
    endloop
  endfacet
  facet normal 0 0 1
    outer loop
      vertex 18 0 20.6
      vertex 10 2 20.6
      vertex 10 0 20.6
    endloop
  endfacet
  facet normal -0 0 1
    outer loop
      vertex 18.8 2 20.6
      vertex 31.2 0 20.6
      vertex 31.2 2 20.6
    endloop
  endfacet
  facet normal 0 0 1
    outer loop
      vertex 31.2 0 20.6
      vertex 18.8 2 20.6
      vertex 18.8 0 20.6
    endloop
  endfacet
  facet normal -0 0 1
    outer loop
      vertex 32 2 20.6
      vertex 40 0 20.6
      vertex 40 2 20.6
    endloop
  endfacet
  facet normal 0 0 1
    outer loop
      vertex 40 0 20.6
      vertex 32 2 20.6
      vertex 32 0 20.6
    endloop
  endfacet
  facet normal -0 0 1
    outer loop
      vertex 10 31 20.6
      vertex 18 29 20.6
      vertex 18 31 20.6
    endloop
  endfacet
  facet normal 0 0 1
    outer loop
      vertex 18 29 20.6
      vertex 10 31 20.6
      vertex 10 29 20.6
    endloop
  endfacet
  facet normal -0 0 1
    outer loop
      vertex 18.8 31 20.6
      vertex 31.2 29 20.6
      vertex 31.2 31 20.6
    endloop
  endfacet
  facet normal 0 0 1
    outer loop
      vertex 31.2 29 20.6
      vertex 18.8 31 20.6
      vertex 18.8 29 20.6
    endloop
  endfacet
  facet normal -0 0 1
    outer loop
      vertex 32 31 20.6
      vertex 40 29 20.6
      vertex 40 31 20.6
    endloop
  endfacet
  facet normal 0 0 1
    outer loop
      vertex 40 29 20.6
      vertex 32 31 20.6
      vertex 32 29 20.6
    endloop
  endfacet
  facet normal 0.442322 -0.896856 0
    outer loop
      vertex 58.1481 0.228363 0
      vertex 58.5 0.401917 20.6
      vertex 58.1481 0.228363 20.6
    endloop
  endfacet
  facet normal 0.442322 -0.896856 0
    outer loop
      vertex 58.5 0.401917 20.6
      vertex 58.1481 0.228363 0
      vertex 58.5 0.401917 0
    endloop
  endfacet
  facet normal 0.555553 -0.831481 0
    outer loop
      vertex 58.5 0.401917 0
      vertex 58.8263 0.619934 20.6
      vertex 58.5 0.401917 20.6
    endloop
  endfacet
  facet normal 0.555553 -0.831481 0
    outer loop
      vertex 58.8263 0.619934 20.6
      vertex 58.5 0.401917 0
      vertex 58.8263 0.619934 0
    endloop
  endfacet
  facet normal -0.321451 0.946926 0
    outer loop
      vertex 57.3827 2.07613 2
      vertex 57.2588 2.03407 20.6
      vertex 57.3827 2.07613 20.6
    endloop
  endfacet
  facet normal -0.321451 0.946926 0
    outer loop
      vertex 57.2588 2.03407 20.6
      vertex 57.3827 2.07613 2
      vertex 57.2588 2.03407 2
    endloop
  endfacet
  facet normal 0 1 0
    outer loop
      vertex 12.5 2 2
      vertex 31.2 2 7.5
      vertex 43.76 2 2
    endloop
  endfacet
  facet normal 0 1 0
    outer loop
      vertex 31.2 2 7.5
      vertex 12.5 2 2
      vertex 12.5 2 3.5
    endloop
  endfacet
  facet normal 0 1 0
    outer loop
      vertex 57 2 20.6
      vertex 40.8 2 7.5
      vertex 40.8 2 20.6
    endloop
  endfacet
  facet normal 0 1 0
    outer loop
      vertex 43.76 2 3.5
      vertex 40 2 7.5
      vertex 40.8 2 7.5
    endloop
  endfacet
  facet normal 0 1 -0
    outer loop
      vertex 43.76 2 2
      vertex 40 2 7.5
      vertex 43.76 2 3.5
    endloop
  endfacet
  facet normal 0 1 0
    outer loop
      vertex 40 2 7.5
      vertex 43.76 2 2
      vertex 32 2 7.5
    endloop
  endfacet
  facet normal 0 1 0
    outer loop
      vertex 32 2 7.5
      vertex 43.76 2 2
      vertex 31.2 2 7.5
    endloop
  endfacet
  facet normal 0 1 0
    outer loop
      vertex 31.2 2 7.5
      vertex 12.5 2 3.5
      vertex 18.8 2 7.5
    endloop
  endfacet
  facet normal 0 1 0
    outer loop
      vertex 18 2 7.5
      vertex 12.5 2 3.5
      vertex 10 2 7.5
    endloop
  endfacet
  facet normal 0 1 -0
    outer loop
      vertex 43.76 2 3.5
      vertex 40.8 2 7.5
      vertex 47.76 2 3.5
    endloop
  endfacet
  facet normal 0 1 0
    outer loop
      vertex 57 2 20.6
      vertex 47.76 2 3.5
      vertex 40.8 2 7.5
    endloop
  endfacet
  facet normal 0 1 -0
    outer loop
      vertex 57 2 2
      vertex 47.76 2 3.5
      vertex 57 2 20.6
    endloop
  endfacet
  facet normal 0 1 0
    outer loop
      vertex 47.76 2 3.5
      vertex 57 2 2
      vertex 47.76 2 2
    endloop
  endfacet
  facet normal 0 1 -0
    outer loop
      vertex 31.2 2 7.5
      vertex 18.8 2 20.6
      vertex 31.2 2 20.6
    endloop
  endfacet
  facet normal 0 1 0
    outer loop
      vertex 18.8 2 20.6
      vertex 31.2 2 7.5
      vertex 18.8 2 7.5
    endloop
  endfacet
  facet normal 0 1 -0
    outer loop
      vertex 9.2 2 7.5
      vertex 3 2 20.6
      vertex 9.2 2 20.6
    endloop
  endfacet
  facet normal 0 1 0
    outer loop
      vertex 18.8 2 7.5
      vertex 12.5 2 3.5
      vertex 18 2 7.5
    endloop
  endfacet
  facet normal 0 1 0
    outer loop
      vertex 8.5 2 3.5
      vertex 10 2 7.5
      vertex 12.5 2 3.5
    endloop
  endfacet
  facet normal 0 1 0
    outer loop
      vertex 10 2 7.5
      vertex 8.5 2 3.5
      vertex 9.2 2 7.5
    endloop
  endfacet
  facet normal 0 1 0
    outer loop
      vertex 3 2 2
      vertex 9.2 2 7.5
      vertex 8.5 2 3.5
    endloop
  endfacet
  facet normal 0 1 0
    outer loop
      vertex 3 2 2
      vertex 8.5 2 3.5
      vertex 8.5 2 2
    endloop
  endfacet
  facet normal 0 1 0
    outer loop
      vertex 9.2 2 7.5
      vertex 3 2 2
      vertex 3 2 20.6
    endloop
  endfacet
  facet normal 0 1 0
    outer loop
      vertex 18 2 20.6
      vertex 17 2 19.8
      vertex 10 2 20.6
    endloop
  endfacet
  facet normal 0 1 0
    outer loop
      vertex 18 2 20.6
      vertex 17 2 18.6
      vertex 17 2 19.8
    endloop
  endfacet
  facet normal 0 1 0
    outer loop
      vertex 17 2 18.6
      vertex 18 2 7.5
      vertex 11 2 18.6
    endloop
  endfacet
  facet normal 0 1 -0
    outer loop
      vertex 18 2 7.5
      vertex 17 2 18.6
      vertex 18 2 20.6
    endloop
  endfacet
  facet normal 0 1 -0
    outer loop
      vertex 11 2 19.8
      vertex 10 2 20.6
      vertex 17 2 19.8
    endloop
  endfacet
  facet normal 0 1 -0
    outer loop
      vertex 11 2 18.6
      vertex 10 2 20.6
      vertex 11 2 19.8
    endloop
  endfacet
  facet normal 0 1 0
    outer loop
      vertex 11 2 18.6
      vertex 10 2 7.5
      vertex 10 2 20.6
    endloop
  endfacet
  facet normal 0 1 0
    outer loop
      vertex 10 2 7.5
      vertex 11 2 18.6
      vertex 18 2 7.5
    endloop
  endfacet
  facet normal 0 1 0
    outer loop
      vertex 40 2 20.6
      vertex 39 2 19.8
      vertex 32 2 20.6
    endloop
  endfacet
  facet normal 0 1 0
    outer loop
      vertex 40 2 20.6
      vertex 39 2 18.6
      vertex 39 2 19.8
    endloop
  endfacet
  facet normal 0 1 0
    outer loop
      vertex 39 2 18.6
      vertex 40 2 7.5
      vertex 33 2 18.6
    endloop
  endfacet
  facet normal 0 1 -0
    outer loop
      vertex 40 2 7.5
      vertex 39 2 18.6
      vertex 40 2 20.6
    endloop
  endfacet
  facet normal 0 1 -0
    outer loop
      vertex 33 2 19.8
      vertex 32 2 20.6
      vertex 39 2 19.8
    endloop
  endfacet
  facet normal 0 1 -0
    outer loop
      vertex 33 2 18.6
      vertex 32 2 20.6
      vertex 33 2 19.8
    endloop
  endfacet
  facet normal 0 1 0
    outer loop
      vertex 33 2 18.6
      vertex 32 2 7.5
      vertex 32 2 20.6
    endloop
  endfacet
  facet normal 0 1 0
    outer loop
      vertex 32 2 7.5
      vertex 33 2 18.6
      vertex 40 2 7.5
    endloop
  endfacet
  facet normal -0.195013 0.980801 0
    outer loop
      vertex 57.2588 2.03407 2
      vertex 57.1305 2.00856 20.6
      vertex 57.2588 2.03407 20.6
    endloop
  endfacet
  facet normal -0.195013 0.980801 0
    outer loop
      vertex 57.1305 2.00856 20.6
      vertex 57.2588 2.03407 2
      vertex 57.1305 2.00856 2
    endloop
  endfacet
  facet normal -0.19494 -0.980815 0
    outer loop
      vertex 57.1305 28.9914 2
      vertex 57.2588 28.9659 20.6
      vertex 57.1305 28.9914 20.6
    endloop
  endfacet
  facet normal -0.19494 -0.980815 -0
    outer loop
      vertex 57.2588 28.9659 20.6
      vertex 57.1305 28.9914 2
      vertex 57.2588 28.9659 2
    endloop
  endfacet
  facet normal -0.947066 -0.321039 0
    outer loop
      vertex 57.9659 28.2588 2
      vertex 57.9239 28.3827 20.6
      vertex 57.9239 28.3827 2
    endloop
  endfacet
  facet normal -0.947066 -0.321039 0
    outer loop
      vertex 57.9239 28.3827 20.6
      vertex 57.9659 28.2588 2
      vertex 57.9659 28.2588 20.6
    endloop
  endfacet
  facet normal 0.980801 0.195013 0
    outer loop
      vertex 2.03407 2.74118 20.6
      vertex 2.00856 2.86948 2
      vertex 2.00856 2.86948 20.6
    endloop
  endfacet
  facet normal 0.980801 0.195013 0
    outer loop
      vertex 2.00856 2.86948 2
      vertex 2.03407 2.74118 20.6
      vertex 2.03407 2.74118 2
    endloop
  endfacet
  facet normal 0 -1 0
    outer loop
      vertex 10 29 20.6
      vertex 11 29 19.8
      vertex 18 29 20.6
    endloop
  endfacet
  facet normal 0 -1 0
    outer loop
      vertex 10 29 20.6
      vertex 11 29 18.6
      vertex 11 29 19.8
    endloop
  endfacet
  facet normal 0 -1 -0
    outer loop
      vertex 11 29 18.6
      vertex 10 29 7.5
      vertex 17 29 18.6
    endloop
  endfacet
  facet normal 0 -1 0
    outer loop
      vertex 10 29 7.5
      vertex 11 29 18.6
      vertex 10 29 20.6
    endloop
  endfacet
  facet normal 0 -1 0
    outer loop
      vertex 17 29 19.8
      vertex 18 29 20.6
      vertex 11 29 19.8
    endloop
  endfacet
  facet normal 0 -1 0
    outer loop
      vertex 17 29 18.6
      vertex 18 29 20.6
      vertex 17 29 19.8
    endloop
  endfacet
  facet normal 0 -1 0
    outer loop
      vertex 17 29 18.6
      vertex 18 29 7.5
      vertex 18 29 20.6
    endloop
  endfacet
  facet normal 0 -1 0
    outer loop
      vertex 18 29 7.5
      vertex 17 29 18.6
      vertex 10 29 7.5
    endloop
  endfacet
  facet normal 0 -1 0
    outer loop
      vertex 32 29 20.6
      vertex 33 29 19.8
      vertex 40 29 20.6
    endloop
  endfacet
  facet normal 0 -1 0
    outer loop
      vertex 32 29 20.6
      vertex 33 29 18.6
      vertex 33 29 19.8
    endloop
  endfacet
  facet normal 0 -1 -0
    outer loop
      vertex 33 29 18.6
      vertex 32 29 7.5
      vertex 39 29 18.6
    endloop
  endfacet
  facet normal 0 -1 0
    outer loop
      vertex 32 29 7.5
      vertex 33 29 18.6
      vertex 32 29 20.6
    endloop
  endfacet
  facet normal 0 -1 0
    outer loop
      vertex 39 29 19.8
      vertex 40 29 20.6
      vertex 33 29 19.8
    endloop
  endfacet
  facet normal 0 -1 0
    outer loop
      vertex 39 29 18.6
      vertex 40 29 20.6
      vertex 39 29 19.8
    endloop
  endfacet
  facet normal 0 -1 0
    outer loop
      vertex 39 29 18.6
      vertex 40 29 7.5
      vertex 40 29 20.6
    endloop
  endfacet
  facet normal 0 -1 0
    outer loop
      vertex 40 29 7.5
      vertex 39 29 18.6
      vertex 32 29 7.5
    endloop
  endfacet
  facet normal 0 -1 0
    outer loop
      vertex 3 29 20.6
      vertex 9.2 29 7.5
      vertex 9.2 29 20.6
    endloop
  endfacet
  facet normal 0 -1 0
    outer loop
      vertex 3 29 2
      vertex 10 29 7.5
      vertex 9.2 29 7.5
    endloop
  endfacet
  facet normal 0 -1 -0
    outer loop
      vertex 10 29 7.5
      vertex 3 29 2
      vertex 18 29 7.5
    endloop
  endfacet
  facet normal 0 -1 -0
    outer loop
      vertex 18 29 7.5
      vertex 3 29 2
      vertex 18.8 29 7.5
    endloop
  endfacet
  facet normal 0 -1 -0
    outer loop
      vertex 18.8 29 7.5
      vertex 3 29 2
      vertex 31.2 29 7.5
    endloop
  endfacet
  facet normal -0 -1 0
    outer loop
      vertex 48.0424 29 4.42607
      vertex 31.2 29 7.5
      vertex 3 29 2
    endloop
  endfacet
  facet normal 0 -1 0
    outer loop
      vertex 31.2 29 7.5
      vertex 47.5841 29 4.58165
      vertex 32 29 7.5
    endloop
  endfacet
  facet normal 0 -1 0
    outer loop
      vertex 32 29 7.5
      vertex 47.15 29 4.79571
      vertex 40 29 7.5
    endloop
  endfacet
  facet normal 0 -1 0
    outer loop
      vertex 40.8 29 7.5
      vertex 45.5816 29 6.58407
      vertex 45.4261 29 7.04237
    endloop
  endfacet
  facet normal 0 -1 0
    outer loop
      vertex 40.8 29 7.5
      vertex 45.7957 29 6.15
      vertex 45.5816 29 6.58407
    endloop
  endfacet
  facet normal 0 -1 0
    outer loop
      vertex 40.8 29 7.5
      vertex 46.0646 29 5.74758
      vertex 45.7957 29 6.15
    endloop
  endfacet
  facet normal 0 -1 0
    outer loop
      vertex 40.8 29 7.5
      vertex 46.3837 29 5.3837
      vertex 46.0646 29 5.74758
    endloop
  endfacet
  facet normal 0 -1 0
    outer loop
      vertex 40.8 29 7.5
      vertex 46.7476 29 5.06459
      vertex 46.3837 29 5.3837
    endloop
  endfacet
  facet normal -0 -1 -0
    outer loop
      vertex 46.7476 29 5.06459
      vertex 40 29 7.5
      vertex 47.15 29 4.79571
    endloop
  endfacet
  facet normal 0 -1 0
    outer loop
      vertex 40 29 7.5
      vertex 46.7476 29 5.06459
      vertex 40.8 29 7.5
    endloop
  endfacet
  facet normal 0 -1 0
    outer loop
      vertex 32 29 7.5
      vertex 47.5841 29 4.58165
      vertex 47.15 29 4.79571
    endloop
  endfacet
  facet normal 0 -1 0
    outer loop
      vertex 31.2 29 7.5
      vertex 48.0424 29 4.42607
      vertex 47.5841 29 4.58165
    endloop
  endfacet
  facet normal 0 -1 0
    outer loop
      vertex 48.0424 29 4.42607
      vertex 57 29 2
      vertex 48.5171 29 4.33165
    endloop
  endfacet
  facet normal 0 -1 0
    outer loop
      vertex 57 29 2
      vertex 48.0424 29 4.42607
      vertex 3 29 2
    endloop
  endfacet
  facet normal 0 -1 0
    outer loop
      vertex 3 29 2
      vertex 9.2 29 7.5
      vertex 3 29 20.6
    endloop
  endfacet
  facet normal 0 -1 0
    outer loop
      vertex 18.8 29 7.5
      vertex 31.2 29 20.6
      vertex 18.8 29 20.6
    endloop
  endfacet
  facet normal 0 -1 -0
    outer loop
      vertex 31.2 29 20.6
      vertex 18.8 29 7.5
      vertex 31.2 29 7.5
    endloop
  endfacet
  facet normal 0 -1 0
    outer loop
      vertex 40.8 29 20.6
      vertex 49 29 11.7
      vertex 57 29 20.6
    endloop
  endfacet
  facet normal 0 -1 0
    outer loop
      vertex 40.8 29 20.6
      vertex 48.5171 29 11.6683
      vertex 49 29 11.7
    endloop
  endfacet
  facet normal 0 -1 0
    outer loop
      vertex 40.8 29 20.6
      vertex 48.0424 29 11.5739
      vertex 48.5171 29 11.6683
    endloop
  endfacet
  facet normal 0 -1 0
    outer loop
      vertex 40.8 29 20.6
      vertex 47.5841 29 11.4184
      vertex 48.0424 29 11.5739
    endloop
  endfacet
  facet normal 0 -1 0
    outer loop
      vertex 40.8 29 20.6
      vertex 47.15 29 11.2043
      vertex 47.5841 29 11.4184
    endloop
  endfacet
  facet normal 0 -1 0
    outer loop
      vertex 40.8 29 20.6
      vertex 46.7476 29 10.9354
      vertex 47.15 29 11.2043
    endloop
  endfacet
  facet normal 0 -1 0
    outer loop
      vertex 40.8 29 20.6
      vertex 46.3837 29 10.6163
      vertex 46.7476 29 10.9354
    endloop
  endfacet
  facet normal 0 -1 0
    outer loop
      vertex 40.8 29 20.6
      vertex 46.0646 29 10.2524
      vertex 46.3837 29 10.6163
    endloop
  endfacet
  facet normal 0 -1 0
    outer loop
      vertex 40.8 29 7.5
      vertex 46.0646 29 10.2524
      vertex 40.8 29 20.6
    endloop
  endfacet
  facet normal 0 -1 0
    outer loop
      vertex 46.0646 29 10.2524
      vertex 40.8 29 7.5
      vertex 45.7957 29 9.85
    endloop
  endfacet
  facet normal 0 -1 0
    outer loop
      vertex 45.7957 29 9.85
      vertex 40.8 29 7.5
      vertex 45.5816 29 9.41593
    endloop
  endfacet
  facet normal 0 -1 0
    outer loop
      vertex 45.5816 29 9.41593
      vertex 40.8 29 7.5
      vertex 45.4261 29 8.95763
    endloop
  endfacet
  facet normal 0 -1 0
    outer loop
      vertex 45.4261 29 8.95763
      vertex 40.8 29 7.5
      vertex 45.3317 29 8.48295
    endloop
  endfacet
  facet normal 0 -1 0
    outer loop
      vertex 45.3317 29 8.48295
      vertex 40.8 29 7.5
      vertex 45.3 29 8
    endloop
  endfacet
  facet normal 0 -1 -0
    outer loop
      vertex 45.3 29 8
      vertex 40.8 29 7.5
      vertex 45.3317 29 7.51705
    endloop
  endfacet
  facet normal 0 -1 -0
    outer loop
      vertex 45.3317 29 7.51705
      vertex 40.8 29 7.5
      vertex 45.4261 29 7.04237
    endloop
  endfacet
  facet normal 0 -1 0
    outer loop
      vertex 49.4829 29 11.6683
      vertex 57 29 20.6
      vertex 49 29 11.7
    endloop
  endfacet
  facet normal 0 -1 0
    outer loop
      vertex 49.9576 29 11.5739
      vertex 57 29 20.6
      vertex 49.4829 29 11.6683
    endloop
  endfacet
  facet normal 0 -1 0
    outer loop
      vertex 50.4159 29 11.4184
      vertex 57 29 20.6
      vertex 49.9576 29 11.5739
    endloop
  endfacet
  facet normal 0 -1 0
    outer loop
      vertex 50.85 29 11.2043
      vertex 57 29 20.6
      vertex 50.4159 29 11.4184
    endloop
  endfacet
  facet normal 0 -1 0
    outer loop
      vertex 51.2524 29 10.9354
      vertex 57 29 20.6
      vertex 50.85 29 11.2043
    endloop
  endfacet
  facet normal 0 -1 0
    outer loop
      vertex 51.6163 29 10.6163
      vertex 57 29 20.6
      vertex 51.2524 29 10.9354
    endloop
  endfacet
  facet normal 0 -1 0
    outer loop
      vertex 51.9354 29 10.2524
      vertex 57 29 20.6
      vertex 51.6163 29 10.6163
    endloop
  endfacet
  facet normal 0 -1 0
    outer loop
      vertex 52.2043 29 9.85
      vertex 57 29 20.6
      vertex 51.9354 29 10.2524
    endloop
  endfacet
  facet normal 0 -1 0
    outer loop
      vertex 52.4184 29 9.41593
      vertex 57 29 20.6
      vertex 52.2043 29 9.85
    endloop
  endfacet
  facet normal 0 -1 0
    outer loop
      vertex 52.5739 29 8.95763
      vertex 57 29 20.6
      vertex 52.4184 29 9.41593
    endloop
  endfacet
  facet normal 0 -1 0
    outer loop
      vertex 57 29 2
      vertex 52.5739 29 8.95763
      vertex 52.6683 29 8.48295
    endloop
  endfacet
  facet normal 0 -1 0
    outer loop
      vertex 57 29 2
      vertex 52.6683 29 8.48295
      vertex 52.7 29 8
    endloop
  endfacet
  facet normal 0 -1 0
    outer loop
      vertex 57 29 2
      vertex 52.7 29 8
      vertex 52.6683 29 7.51705
    endloop
  endfacet
  facet normal 0 -1 0
    outer loop
      vertex 57 29 2
      vertex 52.6683 29 7.51705
      vertex 52.5739 29 7.04237
    endloop
  endfacet
  facet normal 0 -1 0
    outer loop
      vertex 52.5739 29 8.95763
      vertex 57 29 2
      vertex 57 29 20.6
    endloop
  endfacet
  facet normal 0 -1 0
    outer loop
      vertex 52.4184 29 6.58407
      vertex 57 29 2
      vertex 52.5739 29 7.04237
    endloop
  endfacet
  facet normal 0 -1 0
    outer loop
      vertex 52.2043 29 6.15
      vertex 57 29 2
      vertex 52.4184 29 6.58407
    endloop
  endfacet
  facet normal 0 -1 0
    outer loop
      vertex 51.9354 29 5.74758
      vertex 57 29 2
      vertex 52.2043 29 6.15
    endloop
  endfacet
  facet normal 0 -1 0
    outer loop
      vertex 51.6163 29 5.3837
      vertex 57 29 2
      vertex 51.9354 29 5.74758
    endloop
  endfacet
  facet normal 0 -1 0
    outer loop
      vertex 51.2524 29 5.06459
      vertex 57 29 2
      vertex 51.6163 29 5.3837
    endloop
  endfacet
  facet normal 0 -1 0
    outer loop
      vertex 50.85 29 4.79571
      vertex 57 29 2
      vertex 51.2524 29 5.06459
    endloop
  endfacet
  facet normal 0 -1 0
    outer loop
      vertex 50.4159 29 4.58165
      vertex 57 29 2
      vertex 50.85 29 4.79571
    endloop
  endfacet
  facet normal 0 -1 0
    outer loop
      vertex 49.9576 29 4.42607
      vertex 57 29 2
      vertex 50.4159 29 4.58165
    endloop
  endfacet
  facet normal 0 -1 0
    outer loop
      vertex 49.4829 29 4.33165
      vertex 57 29 2
      vertex 49.9576 29 4.42607
    endloop
  endfacet
  facet normal 0 -1 0
    outer loop
      vertex 49 29 4.3
      vertex 57 29 2
      vertex 49.4829 29 4.33165
    endloop
  endfacet
  facet normal 0 -1 0
    outer loop
      vertex 48.5171 29 4.33165
      vertex 57 29 2
      vertex 49 29 4.3
    endloop
  endfacet
  facet normal -0.0654532 0.997856 0
    outer loop
      vertex 57.1305 2.00856 2
      vertex 57 2 20.6
      vertex 57.1305 2.00856 20.6
    endloop
  endfacet
  facet normal -0.0654532 0.997856 0
    outer loop
      vertex 57 2 20.6
      vertex 57.1305 2.00856 2
      vertex 57 2 2
    endloop
  endfacet
  facet normal 0.32152 0.946903 -0
    outer loop
      vertex 2.74118 2.03407 2
      vertex 2.61731 2.07613 20.6
      vertex 2.74118 2.03407 20.6
    endloop
  endfacet
  facet normal 0.32152 0.946903 0
    outer loop
      vertex 2.61731 2.07613 20.6
      vertex 2.74118 2.03407 2
      vertex 2.61731 2.07613 2
    endloop
  endfacet
  facet normal 0.555194 -0.831721 0
    outer loop
      vertex 2.39124 28.7934 2
      vertex 2.5 28.866 20.6
      vertex 2.39124 28.7934 20.6
    endloop
  endfacet
  facet normal 0.555194 -0.831721 0
    outer loop
      vertex 2.5 28.866 20.6
      vertex 2.39124 28.7934 2
      vertex 2.5 28.866 2
    endloop
  endfacet
  facet normal -0.831721 0.555194 0
    outer loop
      vertex 57.7934 2.39124 2
      vertex 57.866 2.5 20.6
      vertex 57.866 2.5 2
    endloop
  endfacet
  facet normal -0.831721 0.555194 0
    outer loop
      vertex 57.866 2.5 20.6
      vertex 57.7934 2.39124 2
      vertex 57.7934 2.39124 20.6
    endloop
  endfacet
  facet normal 0.896891 -0.442252 0
    outer loop
      vertex 2.07613 28.3827 20.6
      vertex 2.13397 28.5 2
      vertex 2.13397 28.5 20.6
    endloop
  endfacet
  facet normal 0.896891 -0.442252 0
    outer loop
      vertex 2.13397 28.5 2
      vertex 2.07613 28.3827 20.6
      vertex 2.07613 28.3827 2
    endloop
  endfacet
  facet normal 0.442591 -0.896724 0
    outer loop
      vertex 2.5 28.866 2
      vertex 2.61731 28.9239 20.6
      vertex 2.5 28.866 20.6
    endloop
  endfacet
  facet normal 0.442591 -0.896724 0
    outer loop
      vertex 2.61731 28.9239 20.6
      vertex 2.5 28.866 2
      vertex 2.61731 28.9239 2
    endloop
  endfacet
  facet normal 0.321109 -0.947042 0
    outer loop
      vertex 2.61731 28.9239 2
      vertex 2.74118 28.9659 20.6
      vertex 2.61731 28.9239 20.6
    endloop
  endfacet
  facet normal 0.321109 -0.947042 0
    outer loop
      vertex 2.74118 28.9659 20.6
      vertex 2.61731 28.9239 2
      vertex 2.74118 28.9659 2
    endloop
  endfacet
  facet normal 0.0657477 -0.997836 0
    outer loop
      vertex 2.86948 28.9914 2
      vertex 3 29 20.6
      vertex 2.86948 28.9914 20.6
    endloop
  endfacet
  facet normal 0.0657477 -0.997836 0
    outer loop
      vertex 3 29 20.6
      vertex 2.86948 28.9914 2
      vertex 3 29 2
    endloop
  endfacet
  facet normal -0.896709 -0.442621 0
    outer loop
      vertex 57.9239 28.3827 2
      vertex 57.866 28.5 20.6
      vertex 57.866 28.5 2
    endloop
  endfacet
  facet normal -0.896709 -0.442621 0
    outer loop
      vertex 57.866 28.5 20.6
      vertex 57.9239 28.3827 2
      vertex 57.9239 28.3827 20.6
    endloop
  endfacet
  facet normal 1 0 0
    outer loop
      vertex 2 28 20.6
      vertex 2 18.12 12.5
      vertex 2 28 2
    endloop
  endfacet
  facet normal 1 -0 0
    outer loop
      vertex 2 3 20.6
      vertex 2 18.12 12.5
      vertex 2 28 20.6
    endloop
  endfacet
  facet normal 1 0 0
    outer loop
      vertex 2 3 2
      vertex 2 5.12 12.5
      vertex 2 3 20.6
    endloop
  endfacet
  facet normal 1 0 0
    outer loop
      vertex 2 18.12 12.5
      vertex 2 3 20.6
      vertex 2 5.12 12.5
    endloop
  endfacet
  facet normal 1 -0 0
    outer loop
      vertex 2 18.12 3.5
      vertex 2 28 2
      vertex 2 18.12 12.5
    endloop
  endfacet
  facet normal 1 0 0
    outer loop
      vertex 2 3 2
      vertex 2 18.12 3.5
      vertex 2 5.12 3.5
    endloop
  endfacet
  facet normal 1 0 0
    outer loop
      vertex 2 18.12 3.5
      vertex 2 3 2
      vertex 2 28 2
    endloop
  endfacet
  facet normal 1 0 0
    outer loop
      vertex 2 5.12 12.5
      vertex 2 3 2
      vertex 2 5.12 3.5
    endloop
  endfacet
  facet normal 0.195013 0.980801 -0
    outer loop
      vertex 2.86948 2.00856 2
      vertex 2.74118 2.03407 20.6
      vertex 2.86948 2.00856 20.6
    endloop
  endfacet
  facet normal 0.195013 0.980801 0
    outer loop
      vertex 2.74118 2.03407 20.6
      vertex 2.86948 2.00856 2
      vertex 2.74118 2.03407 2
    endloop
  endfacet
  facet normal -0.321039 -0.947066 0
    outer loop
      vertex 57.2588 28.9659 2
      vertex 57.3827 28.9239 20.6
      vertex 57.2588 28.9659 20.6
    endloop
  endfacet
  facet normal -0.321039 -0.947066 -0
    outer loop
      vertex 57.3827 28.9239 20.6
      vertex 57.2588 28.9659 2
      vertex 57.3827 28.9239 2
    endloop
  endfacet
  facet normal -0.831815 -0.555053 0
    outer loop
      vertex 57.866 28.5 2
      vertex 57.7934 28.6088 20.6
      vertex 57.7934 28.6088 2
    endloop
  endfacet
  facet normal -0.831815 -0.555053 0
    outer loop
      vertex 57.7934 28.6088 20.6
      vertex 57.866 28.5 2
      vertex 57.866 28.5 20.6
    endloop
  endfacet
  facet normal -0.751653 0.659559 0
    outer loop
      vertex 57.7071 2.29289 2
      vertex 57.7934 2.39124 20.6
      vertex 57.7934 2.39124 2
    endloop
  endfacet
  facet normal -0.751653 0.659559 0
    outer loop
      vertex 57.7934 2.39124 20.6
      vertex 57.7071 2.29289 2
      vertex 57.7071 2.29289 20.6
    endloop
  endfacet
  facet normal 0.980801 -0.195013 0
    outer loop
      vertex 2.00856 28.1305 20.6
      vertex 2.03407 28.2588 2
      vertex 2.03407 28.2588 20.6
    endloop
  endfacet
  facet normal 0.980801 -0.195013 0
    outer loop
      vertex 2.03407 28.2588 2
      vertex 2.00856 28.1305 20.6
      vertex 2.00856 28.1305 2
    endloop
  endfacet
  facet normal -0.947042 0.321109 0
    outer loop
      vertex 57.9239 2.61731 2
      vertex 57.9659 2.74118 20.6
      vertex 57.9659 2.74118 2
    endloop
  endfacet
  facet normal -0.947042 0.321109 0
    outer loop
      vertex 57.9659 2.74118 20.6
      vertex 57.9239 2.61731 2
      vertex 57.9239 2.61731 20.6
    endloop
  endfacet
  facet normal -1 0 0
    outer loop
      vertex 58 18.9645 14.4149
      vertex 58 28 20.6
      vertex 58 28 2
    endloop
  endfacet
  facet normal -1 0 0
    outer loop
      vertex 58 28 20.6
      vertex 58 19.2179 15.3605
      vertex 58 19.25 15.85
    endloop
  endfacet
  facet normal -1 0 0
    outer loop
      vertex 58 28 20.6
      vertex 58 19.1222 14.8794
      vertex 58 19.2179 15.3605
    endloop
  endfacet
  facet normal -1 0 0
    outer loop
      vertex 58 28 20.6
      vertex 58 18.9645 14.4149
      vertex 58 19.1222 14.8794
    endloop
  endfacet
  facet normal -1 0 0
    outer loop
      vertex 58 28 2
      vertex 58 18.7476 13.975
      vertex 58 18.9645 14.4149
    endloop
  endfacet
  facet normal -1 0 0
    outer loop
      vertex 58 28 2
      vertex 58 18.4751 13.5671
      vertex 58 18.7476 13.975
    endloop
  endfacet
  facet normal -1 0 0
    outer loop
      vertex 58 28 2
      vertex 58 18.1516 13.1983
      vertex 58 18.4751 13.5671
    endloop
  endfacet
  facet normal -1 0 0
    outer loop
      vertex 58 28 2
      vertex 58 17.7829 12.8749
      vertex 58 18.1516 13.1983
    endloop
  endfacet
  facet normal -1 0 0
    outer loop
      vertex 58 28 2
      vertex 58 17.375 12.6024
      vertex 58 17.7829 12.8749
    endloop
  endfacet
  facet normal -1 0 0
    outer loop
      vertex 58 28 2
      vertex 58 16.9351 12.3855
      vertex 58 17.375 12.6024
    endloop
  endfacet
  facet normal -1 0 0
    outer loop
      vertex 58 28 2
      vertex 58 16.4706 12.2278
      vertex 58 16.9351 12.3855
    endloop
  endfacet
  facet normal -1 0 0
    outer loop
      vertex 58 28 2
      vertex 58 15.9895 12.1321
      vertex 58 16.4706 12.2278
    endloop
  endfacet
  facet normal -1 0 0
    outer loop
      vertex 58 28 2
      vertex 58 15.5 12.1
      vertex 58 15.9895 12.1321
    endloop
  endfacet
  facet normal -1 0 0
    outer loop
      vertex 58 3 2
      vertex 58 15.5 12.1
      vertex 58 28 2
    endloop
  endfacet
  facet normal -1 -0 0
    outer loop
      vertex 58 15.5 12.1
      vertex 58 3 2
      vertex 58 15.0105 12.1321
    endloop
  endfacet
  facet normal -1 -0 0
    outer loop
      vertex 58 15.0105 12.1321
      vertex 58 3 2
      vertex 58 14.5294 12.2278
    endloop
  endfacet
  facet normal -1 -0 0
    outer loop
      vertex 58 14.5294 12.2278
      vertex 58 3 2
      vertex 58 14.0649 12.3855
    endloop
  endfacet
  facet normal -1 -0 0
    outer loop
      vertex 58 14.0649 12.3855
      vertex 58 3 2
      vertex 58 13.625 12.6024
    endloop
  endfacet
  facet normal -1 0 0
    outer loop
      vertex 58 11.8778 14.8794
      vertex 58 3 20.6
      vertex 58 11.7821 15.3605
    endloop
  endfacet
  facet normal -1 0 0
    outer loop
      vertex 58 12.0355 14.4149
      vertex 58 3 20.6
      vertex 58 11.8778 14.8794
    endloop
  endfacet
  facet normal -1 0 0
    outer loop
      vertex 58 3 20.6
      vertex 58 12.0355 14.4149
      vertex 58 3 2
    endloop
  endfacet
  facet normal -1 -0 0
    outer loop
      vertex 58 12.2524 13.975
      vertex 58 3 2
      vertex 58 12.0355 14.4149
    endloop
  endfacet
  facet normal -1 -0 0
    outer loop
      vertex 58 12.5249 13.5671
      vertex 58 3 2
      vertex 58 12.2524 13.975
    endloop
  endfacet
  facet normal -1 -0 0
    outer loop
      vertex 58 12.8483 13.1983
      vertex 58 3 2
      vertex 58 12.5249 13.5671
    endloop
  endfacet
  facet normal -1 -0 0
    outer loop
      vertex 58 13.2171 12.8749
      vertex 58 3 2
      vertex 58 12.8483 13.1983
    endloop
  endfacet
  facet normal -1 -0 0
    outer loop
      vertex 58 13.625 12.6024
      vertex 58 3 2
      vertex 58 13.2171 12.8749
    endloop
  endfacet
  facet normal -1 0 0
    outer loop
      vertex 58 19.2179 16.3395
      vertex 58 28 20.6
      vertex 58 19.25 15.85
    endloop
  endfacet
  facet normal -1 0 0
    outer loop
      vertex 58 19.1222 16.8206
      vertex 58 28 20.6
      vertex 58 19.2179 16.3395
    endloop
  endfacet
  facet normal -1 0 0
    outer loop
      vertex 58 18.9645 17.2851
      vertex 58 28 20.6
      vertex 58 19.1222 16.8206
    endloop
  endfacet
  facet normal -1 0 0
    outer loop
      vertex 58 18.7476 17.725
      vertex 58 28 20.6
      vertex 58 18.9645 17.2851
    endloop
  endfacet
  facet normal -1 0 0
    outer loop
      vertex 58 18.4751 18.1329
      vertex 58 28 20.6
      vertex 58 18.7476 17.725
    endloop
  endfacet
  facet normal -1 0 0
    outer loop
      vertex 58 18.1516 18.5016
      vertex 58 28 20.6
      vertex 58 18.4751 18.1329
    endloop
  endfacet
  facet normal -1 0 0
    outer loop
      vertex 58 17.7829 18.8251
      vertex 58 28 20.6
      vertex 58 18.1516 18.5016
    endloop
  endfacet
  facet normal -1 0 0
    outer loop
      vertex 58 17.375 19.0976
      vertex 58 28 20.6
      vertex 58 17.7829 18.8251
    endloop
  endfacet
  facet normal -1 0 0
    outer loop
      vertex 58 16.9351 19.3145
      vertex 58 28 20.6
      vertex 58 17.375 19.0976
    endloop
  endfacet
  facet normal -1 0 0
    outer loop
      vertex 58 16.4706 19.4722
      vertex 58 28 20.6
      vertex 58 16.9351 19.3145
    endloop
  endfacet
  facet normal -1 0 0
    outer loop
      vertex 58 15.9895 19.5679
      vertex 58 28 20.6
      vertex 58 16.4706 19.4722
    endloop
  endfacet
  facet normal -1 0 0
    outer loop
      vertex 58 15.5 19.6
      vertex 58 28 20.6
      vertex 58 15.9895 19.5679
    endloop
  endfacet
  facet normal -1 0 0
    outer loop
      vertex 58 3 20.6
      vertex 58 15.5 19.6
      vertex 58 15.0105 19.5679
    endloop
  endfacet
  facet normal -1 0 0
    outer loop
      vertex 58 11.7821 15.3605
      vertex 58 3 20.6
      vertex 58 11.75 15.85
    endloop
  endfacet
  facet normal -1 0 0
    outer loop
      vertex 58 11.75 15.85
      vertex 58 3 20.6
      vertex 58 11.7821 16.3395
    endloop
  endfacet
  facet normal -1 0 0
    outer loop
      vertex 58 11.7821 16.3395
      vertex 58 3 20.6
      vertex 58 11.8778 16.8206
    endloop
  endfacet
  facet normal -1 0 0
    outer loop
      vertex 58 11.8778 16.8206
      vertex 58 3 20.6
      vertex 58 12.0355 17.2851
    endloop
  endfacet
  facet normal -1 0 0
    outer loop
      vertex 58 15.5 19.6
      vertex 58 3 20.6
      vertex 58 28 20.6
    endloop
  endfacet
  facet normal -1 0 0
    outer loop
      vertex 58 14.5294 19.4722
      vertex 58 3 20.6
      vertex 58 15.0105 19.5679
    endloop
  endfacet
  facet normal -1 0 0
    outer loop
      vertex 58 14.0649 19.3145
      vertex 58 3 20.6
      vertex 58 14.5294 19.4722
    endloop
  endfacet
  facet normal -1 0 0
    outer loop
      vertex 58 13.625 19.0976
      vertex 58 3 20.6
      vertex 58 14.0649 19.3145
    endloop
  endfacet
  facet normal -1 0 0
    outer loop
      vertex 58 13.2171 18.8251
      vertex 58 3 20.6
      vertex 58 13.625 19.0976
    endloop
  endfacet
  facet normal -1 0 0
    outer loop
      vertex 58 12.8483 18.5016
      vertex 58 3 20.6
      vertex 58 13.2171 18.8251
    endloop
  endfacet
  facet normal -1 0 0
    outer loop
      vertex 58 12.5249 18.1329
      vertex 58 3 20.6
      vertex 58 12.8483 18.5016
    endloop
  endfacet
  facet normal -1 0 0
    outer loop
      vertex 58 12.2524 17.725
      vertex 58 3 20.6
      vertex 58 12.5249 18.1329
    endloop
  endfacet
  facet normal -1 0 0
    outer loop
      vertex 58 12.0355 17.2851
      vertex 58 3 20.6
      vertex 58 12.2524 17.725
    endloop
  endfacet
  facet normal 0.442222 0.896906 -0
    outer loop
      vertex 2.61731 2.07613 2
      vertex 2.5 2.13397 20.6
      vertex 2.61731 2.07613 20.6
    endloop
  endfacet
  facet normal 0.442222 0.896906 0
    outer loop
      vertex 2.5 2.13397 20.6
      vertex 2.61731 2.07613 2
      vertex 2.5 2.13397 2
    endloop
  endfacet
  facet normal 0.0654432 0.997856 -0
    outer loop
      vertex 3 2 2
      vertex 2.86948 2.00856 20.6
      vertex 3 2 20.6
    endloop
  endfacet
  facet normal 0.0654432 0.997856 0
    outer loop
      vertex 2.86948 2.00856 20.6
      vertex 3 2 2
      vertex 2.86948 2.00856 2
    endloop
  endfacet
  facet normal 0.659559 -0.751653 0
    outer loop
      vertex 2.29289 28.7071 2
      vertex 2.39124 28.7934 20.6
      vertex 2.29289 28.7071 20.6
    endloop
  endfacet
  facet normal 0.659559 -0.751653 0
    outer loop
      vertex 2.39124 28.7934 20.6
      vertex 2.29289 28.7071 2
      vertex 2.39124 28.7934 2
    endloop
  endfacet
  facet normal 0.946903 0.32152 0
    outer loop
      vertex 2.07613 2.61731 20.6
      vertex 2.03407 2.74118 2
      vertex 2.03407 2.74118 20.6
    endloop
  endfacet
  facet normal 0.946903 0.32152 0
    outer loop
      vertex 2.03407 2.74118 2
      vertex 2.07613 2.61731 20.6
      vertex 2.07613 2.61731 2
    endloop
  endfacet
  facet normal -0.442621 -0.896709 0
    outer loop
      vertex 57.3827 28.9239 2
      vertex 57.5 28.866 20.6
      vertex 57.3827 28.9239 20.6
    endloop
  endfacet
  facet normal -0.442621 -0.896709 -0
    outer loop
      vertex 57.5 28.866 20.6
      vertex 57.3827 28.9239 2
      vertex 57.5 28.866 2
    endloop
  endfacet
  facet normal 0.19494 -0.980815 0
    outer loop
      vertex 2.74118 28.9659 2
      vertex 2.86948 28.9914 20.6
      vertex 2.74118 28.9659 20.6
    endloop
  endfacet
  facet normal 0.19494 -0.980815 0
    outer loop
      vertex 2.86948 28.9914 20.6
      vertex 2.74118 28.9659 2
      vertex 2.86948 28.9914 2
    endloop
  endfacet
  facet normal -0.659489 0.751714 0
    outer loop
      vertex 57.7071 2.29289 2
      vertex 57.6088 2.20665 20.6
      vertex 57.7071 2.29289 20.6
    endloop
  endfacet
  facet normal -0.659489 0.751714 0
    outer loop
      vertex 57.6088 2.20665 20.6
      vertex 57.7071 2.29289 2
      vertex 57.6088 2.20665 2
    endloop
  endfacet
  facet normal 0.751714 -0.659489 0
    outer loop
      vertex 2.20665 28.6088 20.6
      vertex 2.29289 28.7071 2
      vertex 2.29289 28.7071 20.6
    endloop
  endfacet
  facet normal 0.751714 -0.659489 0
    outer loop
      vertex 2.29289 28.7071 2
      vertex 2.20665 28.6088 20.6
      vertex 2.20665 28.6088 2
    endloop
  endfacet
  facet normal -0.751486 -0.659749 0
    outer loop
      vertex 57.7934 28.6088 2
      vertex 57.7071 28.7071 20.6
      vertex 57.7071 28.7071 2
    endloop
  endfacet
  facet normal -0.751486 -0.659749 0
    outer loop
      vertex 57.7071 28.7071 20.6
      vertex 57.7934 28.6088 2
      vertex 57.7934 28.6088 20.6
    endloop
  endfacet
  facet normal -0.997836 -0.0657577 0
    outer loop
      vertex 58 28 2
      vertex 57.9914 28.1305 20.6
      vertex 57.9914 28.1305 2
    endloop
  endfacet
  facet normal -0.997836 -0.0657577 0
    outer loop
      vertex 57.9914 28.1305 20.6
      vertex 58 28 2
      vertex 58 28 20.6
    endloop
  endfacet
  facet normal 0.997856 -0.0654532 0
    outer loop
      vertex 2 28 20.6
      vertex 2.00856 28.1305 2
      vertex 2.00856 28.1305 20.6
    endloop
  endfacet
  facet normal 0.997856 -0.0654532 0
    outer loop
      vertex 2.00856 28.1305 2
      vertex 2 28 20.6
      vertex 2 28 2
    endloop
  endfacet
  facet normal 0.831533 -0.555476 0
    outer loop
      vertex 2.13397 28.5 20.6
      vertex 2.20665 28.6088 2
      vertex 2.20665 28.6088 20.6
    endloop
  endfacet
  facet normal 0.831533 -0.555476 0
    outer loop
      vertex 2.20665 28.6088 2
      vertex 2.13397 28.5 20.6
      vertex 2.13397 28.5 2
    endloop
  endfacet
  facet normal 0.997856 0.0654432 0
    outer loop
      vertex 2.00856 2.86948 20.6
      vertex 2 3 2
      vertex 2 3 20.6
    endloop
  endfacet
  facet normal 0.997856 0.0654432 0
    outer loop
      vertex 2 3 2
      vertex 2.00856 2.86948 20.6
      vertex 2.00856 2.86948 2
    endloop
  endfacet
  facet normal -0.555053 -0.831815 0
    outer loop
      vertex 57.5 28.866 2
      vertex 57.6088 28.7934 20.6
      vertex 57.5 28.866 20.6
    endloop
  endfacet
  facet normal -0.555053 -0.831815 -0
    outer loop
      vertex 57.6088 28.7934 20.6
      vertex 57.5 28.866 2
      vertex 57.6088 28.7934 2
    endloop
  endfacet
  facet normal -0.896724 0.442591 0
    outer loop
      vertex 57.866 2.5 2
      vertex 57.9239 2.61731 20.6
      vertex 57.9239 2.61731 2
    endloop
  endfacet
  facet normal -0.896724 0.442591 0
    outer loop
      vertex 57.9239 2.61731 20.6
      vertex 57.866 2.5 2
      vertex 57.866 2.5 20.6
    endloop
  endfacet
  facet normal 0.896906 0.442222 0
    outer loop
      vertex 2.13397 2.5 20.6
      vertex 2.07613 2.61731 2
      vertex 2.07613 2.61731 20.6
    endloop
  endfacet
  facet normal 0.896906 0.442222 0
    outer loop
      vertex 2.07613 2.61731 2
      vertex 2.13397 2.5 20.6
      vertex 2.13397 2.5 2
    endloop
  endfacet
  facet normal 0.946926 -0.321451 0
    outer loop
      vertex 2.03407 28.2588 20.6
      vertex 2.07613 28.3827 2
      vertex 2.07613 28.3827 20.6
    endloop
  endfacet
  facet normal 0.946926 -0.321451 0
    outer loop
      vertex 2.07613 28.3827 2
      vertex 2.03407 28.2588 20.6
      vertex 2.03407 28.2588 2
    endloop
  endfacet
  facet normal -0.0657577 -0.997836 0
    outer loop
      vertex 57 29 2
      vertex 57.1305 28.9914 20.6
      vertex 57 29 20.6
    endloop
  endfacet
  facet normal -0.0657577 -0.997836 -0
    outer loop
      vertex 57.1305 28.9914 20.6
      vertex 57 29 2
      vertex 57.1305 28.9914 2
    endloop
  endfacet
  facet normal -0.997836 0.0657477 0
    outer loop
      vertex 57.9914 2.86948 2
      vertex 58 3 20.6
      vertex 58 3 2
    endloop
  endfacet
  facet normal -0.997836 0.0657477 0
    outer loop
      vertex 58 3 20.6
      vertex 57.9914 2.86948 2
      vertex 57.9914 2.86948 20.6
    endloop
  endfacet
  facet normal 0.6593 0.75188 -0
    outer loop
      vertex 2.39124 2.20665 2
      vertex 2.29289 2.29289 20.6
      vertex 2.39124 2.20665 20.6
    endloop
  endfacet
  facet normal 0.6593 0.75188 0
    outer loop
      vertex 2.29289 2.29289 20.6
      vertex 2.39124 2.20665 2
      vertex 2.29289 2.29289 2
    endloop
  endfacet
  facet normal -0.980815 -0.19494 0
    outer loop
      vertex 57.9914 28.1305 2
      vertex 57.9659 28.2588 20.6
      vertex 57.9659 28.2588 2
    endloop
  endfacet
  facet normal -0.980815 -0.19494 0
    outer loop
      vertex 57.9659 28.2588 20.6
      vertex 57.9914 28.1305 2
      vertex 57.9914 28.1305 20.6
    endloop
  endfacet
  facet normal 0.555617 0.831438 -0
    outer loop
      vertex 2.5 2.13397 2
      vertex 2.39124 2.20665 20.6
      vertex 2.5 2.13397 20.6
    endloop
  endfacet
  facet normal 0.555617 0.831438 0
    outer loop
      vertex 2.39124 2.20665 20.6
      vertex 2.5 2.13397 2
      vertex 2.39124 2.20665 2
    endloop
  endfacet
  facet normal -0.659749 -0.751486 0
    outer loop
      vertex 57.6088 28.7934 2
      vertex 57.7071 28.7071 20.6
      vertex 57.6088 28.7934 20.6
    endloop
  endfacet
  facet normal -0.659749 -0.751486 -0
    outer loop
      vertex 57.7071 28.7071 20.6
      vertex 57.6088 28.7934 2
      vertex 57.7071 28.7071 2
    endloop
  endfacet
  facet normal -0.555476 0.831533 0
    outer loop
      vertex 57.6088 2.20665 2
      vertex 57.5 2.13397 20.6
      vertex 57.6088 2.20665 20.6
    endloop
  endfacet
  facet normal -0.555476 0.831533 0
    outer loop
      vertex 57.5 2.13397 20.6
      vertex 57.6088 2.20665 2
      vertex 57.5 2.13397 2
    endloop
  endfacet
  facet normal 0.75188 0.6593 0
    outer loop
      vertex 2.29289 2.29289 20.6
      vertex 2.20665 2.39124 2
      vertex 2.20665 2.39124 20.6
    endloop
  endfacet
  facet normal 0.75188 0.6593 0
    outer loop
      vertex 2.20665 2.39124 2
      vertex 2.29289 2.29289 20.6
      vertex 2.29289 2.29289 2
    endloop
  endfacet
  facet normal 0.831438 0.555617 0
    outer loop
      vertex 2.20665 2.39124 20.6
      vertex 2.13397 2.5 2
      vertex 2.13397 2.5 20.6
    endloop
  endfacet
  facet normal 0.831438 0.555617 0
    outer loop
      vertex 2.13397 2.5 2
      vertex 2.20665 2.39124 20.6
      vertex 2.20665 2.39124 2
    endloop
  endfacet
  facet normal -0.980815 0.19494 0
    outer loop
      vertex 57.9659 2.74118 2
      vertex 57.9914 2.86948 20.6
      vertex 57.9914 2.86948 2
    endloop
  endfacet
  facet normal -0.980815 0.19494 0
    outer loop
      vertex 57.9914 2.86948 20.6
      vertex 57.9659 2.74118 2
      vertex 57.9659 2.74118 20.6
    endloop
  endfacet
  facet normal -0.442252 0.896891 0
    outer loop
      vertex 57.5 2.13397 2
      vertex 57.3827 2.07613 20.6
      vertex 57.5 2.13397 20.6
    endloop
  endfacet
  facet normal -0.442252 0.896891 0
    outer loop
      vertex 57.3827 2.07613 20.6
      vertex 57.5 2.13397 2
      vertex 57.3827 2.07613 2
    endloop
  endfacet
  facet normal -0 0 1
    outer loop
      vertex 8.5 20.74 2
      vertex 12.5 2.5 2
      vertex 12.5 20.74 2
    endloop
  endfacet
  facet normal 0 0 1
    outer loop
      vertex 12.5 2.5 2
      vertex 8.5 20.74 2
      vertex 8.5 2.5 2
    endloop
  endfacet
  facet normal -0 0 1
    outer loop
      vertex 43 21.4 2
      vertex 43.76 20.74 2
      vertex 43.76 21.4 2
    endloop
  endfacet
  facet normal -0 0 1
    outer loop
      vertex 42.85 21.4 2
      vertex 43.76 20.74 2
      vertex 43 21.4 2
    endloop
  endfacet
  facet normal -0 0 1
    outer loop
      vertex 41.55 21.4 2
      vertex 43.76 20.74 2
      vertex 42.85 21.4 2
    endloop
  endfacet
  facet normal 0 0 1
    outer loop
      vertex 43 22.7 2
      vertex 42.85 21.4 2
      vertex 43 21.4 2
    endloop
  endfacet
  facet normal 0 0 1
    outer loop
      vertex 43.76 20.74 2
      vertex 41.55 21.4 2
      vertex 43.76 2.5 2
    endloop
  endfacet
  facet normal 0 0 1
    outer loop
      vertex 12.5 2.5 2
      vertex 43.76 2.5 2
      vertex 41.55 21.4 2
    endloop
  endfacet
  facet normal 0 0 1
    outer loop
      vertex 12.5 20.74 2
      vertex 41.55 21.4 2
      vertex 12.5 21.54 2
    endloop
  endfacet
  facet normal 0 0 1
    outer loop
      vertex 12.5 2.5 2
      vertex 41.55 21.4 2
      vertex 12.5 20.74 2
    endloop
  endfacet
  facet normal 0 0 1
    outer loop
      vertex 43.76 2.5 2
      vertex 12.5 2.5 2
      vertex 43.76 2 2
    endloop
  endfacet
  facet normal 0 0 1
    outer loop
      vertex 43.76 2 2
      vertex 12.5 2.5 2
      vertex 12.5 2 2
    endloop
  endfacet
  facet normal -0 0 1
    outer loop
      vertex 43.76 20.74 2
      vertex 47.76 2.5 2
      vertex 47.76 20.74 2
    endloop
  endfacet
  facet normal 0 0 1
    outer loop
      vertex 47.76 2.5 2
      vertex 43.76 20.74 2
      vertex 43.76 2.5 2
    endloop
  endfacet
  facet normal 0 0 1
    outer loop
      vertex 47.76 21.54 2
      vertex 45 22.7 2
      vertex 45 21.54 2
    endloop
  endfacet
  facet normal 0 0 1
    outer loop
      vertex 55 21.4 2
      vertex 53.76 20.74 2
      vertex 54.56 20.74 2
    endloop
  endfacet
  facet normal 0 0 1
    outer loop
      vertex 47.76 20.74 2
      vertex 53.76 20.74 2
      vertex 53 21.4 2
    endloop
  endfacet
  facet normal -0 0 1
    outer loop
      vertex 53 21.4 2
      vertex 53.76 20.74 2
      vertex 55 21.4 2
    endloop
  endfacet
  facet normal 0 0 1
    outer loop
      vertex 56.45 28.7 2
      vertex 58 28 2
      vertex 57.9914 28.1305 2
    endloop
  endfacet
  facet normal 0 0 1
    outer loop
      vertex 58 28 2
      vertex 56.45 21.4 2
      vertex 58 3 2
    endloop
  endfacet
  facet normal 0 0 1
    outer loop
      vertex 56.45 28.7 2
      vertex 57.9914 28.1305 2
      vertex 57.9659 28.2588 2
    endloop
  endfacet
  facet normal -0 0 1
    outer loop
      vertex 54.56 20.74 2
      vertex 58 3 2
      vertex 56.45 21.4 2
    endloop
  endfacet
  facet normal 0 0 1
    outer loop
      vertex 56.45 28.7 2
      vertex 57.9659 28.2588 2
      vertex 57.9239 28.3827 2
    endloop
  endfacet
  facet normal 0 0 1
    outer loop
      vertex 54.56 2.5 2
      vertex 58 3 2
      vertex 54.56 20.74 2
    endloop
  endfacet
  facet normal 0 0 1
    outer loop
      vertex 56.45 28.7 2
      vertex 57.9239 28.3827 2
      vertex 57.866 28.5 2
    endloop
  endfacet
  facet normal 0 -0 1
    outer loop
      vertex 57 2 2
      vertex 58 3 2
      vertex 54.56 2.5 2
    endloop
  endfacet
  facet normal 0 0 1
    outer loop
      vertex 56.45 28.7 2
      vertex 57.866 28.5 2
      vertex 57.7934 28.6088 2
    endloop
  endfacet
  facet normal 0 0 1
    outer loop
      vertex 58 3 2
      vertex 57 2 2
      vertex 57.9914 2.86948 2
    endloop
  endfacet
  facet normal -0 0 1
    outer loop
      vertex 56.45 28.7 2
      vertex 57.7934 28.6088 2
      vertex 57.7071 28.7071 2
    endloop
  endfacet
  facet normal 0 0 1
    outer loop
      vertex 57.9914 2.86948 2
      vertex 57 2 2
      vertex 57.9659 2.74118 2
    endloop
  endfacet
  facet normal 0 0 1
    outer loop
      vertex 56.45 28.7 2
      vertex 57.7071 28.7071 2
      vertex 57.6088 28.7934 2
    endloop
  endfacet
  facet normal 0 0 1
    outer loop
      vertex 57.9659 2.74118 2
      vertex 57 2 2
      vertex 57.9239 2.61731 2
    endloop
  endfacet
  facet normal 0 0 1
    outer loop
      vertex 56.45 28.7 2
      vertex 57.6088 28.7934 2
      vertex 57.5 28.866 2
    endloop
  endfacet
  facet normal 0 0 1
    outer loop
      vertex 57.9239 2.61731 2
      vertex 57 2 2
      vertex 57.866 2.5 2
    endloop
  endfacet
  facet normal 0 0 1
    outer loop
      vertex 56.45 28.7 2
      vertex 57.5 28.866 2
      vertex 57.3827 28.9239 2
    endloop
  endfacet
  facet normal 0 0 1
    outer loop
      vertex 57.866 2.5 2
      vertex 57 2 2
      vertex 57.7934 2.39124 2
    endloop
  endfacet
  facet normal 0 0 1
    outer loop
      vertex 56.45 28.7 2
      vertex 57.3827 28.9239 2
      vertex 57.2588 28.9659 2
    endloop
  endfacet
  facet normal 0 0 1
    outer loop
      vertex 57.7934 2.39124 2
      vertex 57 2 2
      vertex 57.7071 2.29289 2
    endloop
  endfacet
  facet normal 0 0 1
    outer loop
      vertex 56.45 28.7 2
      vertex 57.2588 28.9659 2
      vertex 57.1305 28.9914 2
    endloop
  endfacet
  facet normal 0 0 1
    outer loop
      vertex 57.7071 2.29289 2
      vertex 57 2 2
      vertex 57.6088 2.20665 2
    endloop
  endfacet
  facet normal 0 0 1
    outer loop
      vertex 56.45 28.7 2
      vertex 57.1305 28.9914 2
      vertex 57 29 2
    endloop
  endfacet
  facet normal 0 0 1
    outer loop
      vertex 57.6088 2.20665 2
      vertex 57 2 2
      vertex 57.5 2.13397 2
    endloop
  endfacet
  facet normal 0 0 1
    outer loop
      vertex 58 28 2
      vertex 56.45 28.7 2
      vertex 56.45 21.4 2
    endloop
  endfacet
  facet normal 0 0 1
    outer loop
      vertex 57 29 2
      vertex 55.15 28.7 2
      vertex 56.45 28.7 2
    endloop
  endfacet
  facet normal 0 0 1
    outer loop
      vertex 55.15 28.7 2
      vertex 55 22.7 2
      vertex 55.15 21.4 2
    endloop
  endfacet
  facet normal 0 0 1
    outer loop
      vertex 55.15 28.7 2
      vertex 53 22.7 2
      vertex 55 22.7 2
    endloop
  endfacet
  facet normal 0 0 1
    outer loop
      vertex 53 22.7 2
      vertex 47.76 21.54 2
      vertex 53 21.4 2
    endloop
  endfacet
  facet normal 0 0 1
    outer loop
      vertex 55.15 28.7 2
      vertex 47.76 21.54 2
      vertex 53 22.7 2
    endloop
  endfacet
  facet normal -0 0 1
    outer loop
      vertex 42.85 28.7 2
      vertex 47.76 21.54 2
      vertex 55.15 28.7 2
    endloop
  endfacet
  facet normal 0 0 1
    outer loop
      vertex 47.76 21.54 2
      vertex 42.85 28.7 2
      vertex 45 22.7 2
    endloop
  endfacet
  facet normal 0 0 1
    outer loop
      vertex 42.85 21.4 2
      vertex 43 22.7 2
      vertex 42.85 28.7 2
    endloop
  endfacet
  facet normal 0 0 1
    outer loop
      vertex 45 22.7 2
      vertex 42.85 28.7 2
      vertex 43 22.7 2
    endloop
  endfacet
  facet normal 0 0 1
    outer loop
      vertex 57 29 2
      vertex 42.85 28.7 2
      vertex 55.15 28.7 2
    endloop
  endfacet
  facet normal 0 0 1
    outer loop
      vertex 57 29 2
      vertex 41.55 28.7 2
      vertex 42.85 28.7 2
    endloop
  endfacet
  facet normal 0 0 1
    outer loop
      vertex 41.55 28.7 2
      vertex 12.5 21.54 2
      vertex 41.55 21.4 2
    endloop
  endfacet
  facet normal 0 0 1
    outer loop
      vertex 3 29 2
      vertex 12.5 21.54 2
      vertex 41.55 28.7 2
    endloop
  endfacet
  facet normal 0 0 1
    outer loop
      vertex 2 28 2
      vertex 8.5 20.74 2
      vertex 8.5 21.54 2
    endloop
  endfacet
  facet normal 0 0 1
    outer loop
      vertex 8.5 20.74 2
      vertex 2 3 2
      vertex 8.5 2.5 2
    endloop
  endfacet
  facet normal -0 0 1
    outer loop
      vertex 3 29 2
      vertex 41.55 28.7 2
      vertex 57 29 2
    endloop
  endfacet
  facet normal 0 0 1
    outer loop
      vertex 12.5 21.54 2
      vertex 3 29 2
      vertex 8.5 21.54 2
    endloop
  endfacet
  facet normal -0 0 1
    outer loop
      vertex 2 28 2
      vertex 8.5 21.54 2
      vertex 3 29 2
    endloop
  endfacet
  facet normal 0 0 1
    outer loop
      vertex 8.5 20.74 2
      vertex 2 28 2
      vertex 2 3 2
    endloop
  endfacet
  facet normal 0 0 1
    outer loop
      vertex 2 28 2
      vertex 3 29 2
      vertex 2.86948 28.9914 2
    endloop
  endfacet
  facet normal 0 -0 1
    outer loop
      vertex 3 2 2
      vertex 8.5 2.5 2
      vertex 2 3 2
    endloop
  endfacet
  facet normal 0 0 1
    outer loop
      vertex 2 28 2
      vertex 2.86948 28.9914 2
      vertex 2.74118 28.9659 2
    endloop
  endfacet
  facet normal 0 0 1
    outer loop
      vertex 8.5 2.5 2
      vertex 3 2 2
      vertex 8.5 2 2
    endloop
  endfacet
  facet normal 0 0 1
    outer loop
      vertex 2 28 2
      vertex 2.74118 28.9659 2
      vertex 2.61731 28.9239 2
    endloop
  endfacet
  facet normal 0 0 1
    outer loop
      vertex 3 2 2
      vertex 2 3 2
      vertex 2.86948 2.00856 2
    endloop
  endfacet
  facet normal 0 0 1
    outer loop
      vertex 2 28 2
      vertex 2.61731 28.9239 2
      vertex 2.5 28.866 2
    endloop
  endfacet
  facet normal 0 0 1
    outer loop
      vertex 2.86948 2.00856 2
      vertex 2 3 2
      vertex 2.74118 2.03407 2
    endloop
  endfacet
  facet normal 0 0 1
    outer loop
      vertex 2 28 2
      vertex 2.5 28.866 2
      vertex 2.39124 28.7934 2
    endloop
  endfacet
  facet normal 0 0 1
    outer loop
      vertex 2.74118 2.03407 2
      vertex 2 3 2
      vertex 2.61731 2.07613 2
    endloop
  endfacet
  facet normal 0 0 1
    outer loop
      vertex 2 28 2
      vertex 2.39124 28.7934 2
      vertex 2.29289 28.7071 2
    endloop
  endfacet
  facet normal 0 0 1
    outer loop
      vertex 2.61731 2.07613 2
      vertex 2 3 2
      vertex 2.5 2.13397 2
    endloop
  endfacet
  facet normal 0 0 1
    outer loop
      vertex 2 28 2
      vertex 2.29289 28.7071 2
      vertex 2.20665 28.6088 2
    endloop
  endfacet
  facet normal 0 0 1
    outer loop
      vertex 2.5 2.13397 2
      vertex 2 3 2
      vertex 2.39124 2.20665 2
    endloop
  endfacet
  facet normal 0 0 1
    outer loop
      vertex 2 28 2
      vertex 2.20665 28.6088 2
      vertex 2.13397 28.5 2
    endloop
  endfacet
  facet normal 0 0 1
    outer loop
      vertex 2.39124 2.20665 2
      vertex 2 3 2
      vertex 2.29289 2.29289 2
    endloop
  endfacet
  facet normal 0 0 1
    outer loop
      vertex 2 28 2
      vertex 2.13397 28.5 2
      vertex 2.07613 28.3827 2
    endloop
  endfacet
  facet normal 0 0 1
    outer loop
      vertex 2.29289 2.29289 2
      vertex 2 3 2
      vertex 2.20665 2.39124 2
    endloop
  endfacet
  facet normal 0 0 1
    outer loop
      vertex 2 28 2
      vertex 2.07613 28.3827 2
      vertex 2.03407 28.2588 2
    endloop
  endfacet
  facet normal 0 0 1
    outer loop
      vertex 2.20665 2.39124 2
      vertex 2 3 2
      vertex 2.13397 2.5 2
    endloop
  endfacet
  facet normal 0 0 1
    outer loop
      vertex 2 28 2
      vertex 2.03407 28.2588 2
      vertex 2.00856 28.1305 2
    endloop
  endfacet
  facet normal 0 0 1
    outer loop
      vertex 2.13397 2.5 2
      vertex 2 3 2
      vertex 2.07613 2.61731 2
    endloop
  endfacet
  facet normal 0 0 1
    outer loop
      vertex 2.07613 2.61731 2
      vertex 2 3 2
      vertex 2.03407 2.74118 2
    endloop
  endfacet
  facet normal 0 0 1
    outer loop
      vertex 2.03407 2.74118 2
      vertex 2 3 2
      vertex 2.00856 2.86948 2
    endloop
  endfacet
  facet normal 0 0 1
    outer loop
      vertex 57.5 2.13397 2
      vertex 57 2 2
      vertex 57.3827 2.07613 2
    endloop
  endfacet
  facet normal 0 0 1
    outer loop
      vertex 54.56 20.74 2
      vertex 56.45 21.4 2
      vertex 55.15 21.4 2
    endloop
  endfacet
  facet normal 0 0 1
    outer loop
      vertex 55 21.4 2
      vertex 55.15 21.4 2
      vertex 55 22.7 2
    endloop
  endfacet
  facet normal 0 0 1
    outer loop
      vertex 54.56 20.74 2
      vertex 55.15 21.4 2
      vertex 55 21.4 2
    endloop
  endfacet
  facet normal 0 0 1
    outer loop
      vertex 57.3827 2.07613 2
      vertex 57 2 2
      vertex 57.2588 2.03407 2
    endloop
  endfacet
  facet normal 0 0 1
    outer loop
      vertex 57.2588 2.03407 2
      vertex 57 2 2
      vertex 57.1305 2.00856 2
    endloop
  endfacet
  facet normal -0 0 1
    outer loop
      vertex 53.76 2.5 2
      vertex 57 2 2
      vertex 54.56 2.5 2
    endloop
  endfacet
  facet normal 0 0 1
    outer loop
      vertex 47.76 20.74 2
      vertex 53 21.4 2
      vertex 47.76 21.54 2
    endloop
  endfacet
  facet normal 0 0 1
    outer loop
      vertex 53.76 20.74 2
      vertex 47.76 20.74 2
      vertex 53.76 2.5 2
    endloop
  endfacet
  facet normal 0 0 1
    outer loop
      vertex 47.76 2.5 2
      vertex 53.76 2.5 2
      vertex 47.76 20.74 2
    endloop
  endfacet
  facet normal 0 0 1
    outer loop
      vertex 47.76 2 2
      vertex 53.76 2.5 2
      vertex 47.76 2.5 2
    endloop
  endfacet
  facet normal 0 0 1
    outer loop
      vertex 53.76 2.5 2
      vertex 47.76 2 2
      vertex 57 2 2
    endloop
  endfacet
  facet normal 1 -0 0
    outer loop
      vertex 17 2 19.8
      vertex 17 2.45 18.6
      vertex 17 2.45 19.8
    endloop
  endfacet
  facet normal 1 0 0
    outer loop
      vertex 17 2.45 18.6
      vertex 17 2 19.8
      vertex 17 2 18.6
    endloop
  endfacet
  facet normal -0 0 1
    outer loop
      vertex 11 2.45 19.8
      vertex 17 2 19.8
      vertex 17 2.45 19.8
    endloop
  endfacet
  facet normal 0 0 1
    outer loop
      vertex 17 2 19.8
      vertex 11 2.45 19.8
      vertex 11 2 19.8
    endloop
  endfacet
  facet normal 0 0 -1
    outer loop
      vertex 11 2 18.6
      vertex 17 2.45 18.6
      vertex 17 2 18.6
    endloop
  endfacet
  facet normal -0 0 -1
    outer loop
      vertex 17 2.45 18.6
      vertex 11 2 18.6
      vertex 11 2.45 18.6
    endloop
  endfacet
  facet normal -1 0 0
    outer loop
      vertex 11 2 18.6
      vertex 11 2.45 19.8
      vertex 11 2.45 18.6
    endloop
  endfacet
  facet normal -1 -0 0
    outer loop
      vertex 11 2.45 19.8
      vertex 11 2 18.6
      vertex 11 2 19.8
    endloop
  endfacet
  facet normal 0 1 -0
    outer loop
      vertex 17 2.45 18.6
      vertex 11 2.45 19.8
      vertex 17 2.45 19.8
    endloop
  endfacet
  facet normal 0 1 0
    outer loop
      vertex 11 2.45 19.8
      vertex 17 2.45 18.6
      vertex 11 2.45 18.6
    endloop
  endfacet
  facet normal 1 -0 0
    outer loop
      vertex 17 28.55 19.8
      vertex 17 29 18.6
      vertex 17 29 19.8
    endloop
  endfacet
  facet normal 1 0 0
    outer loop
      vertex 17 29 18.6
      vertex 17 28.55 19.8
      vertex 17 28.55 18.6
    endloop
  endfacet
  facet normal -0 0 1
    outer loop
      vertex 11 29 19.8
      vertex 17 28.55 19.8
      vertex 17 29 19.8
    endloop
  endfacet
  facet normal 0 0 1
    outer loop
      vertex 17 28.55 19.8
      vertex 11 29 19.8
      vertex 11 28.55 19.8
    endloop
  endfacet
  facet normal 0 0 -1
    outer loop
      vertex 11 28.55 18.6
      vertex 17 29 18.6
      vertex 17 28.55 18.6
    endloop
  endfacet
  facet normal -0 0 -1
    outer loop
      vertex 17 29 18.6
      vertex 11 28.55 18.6
      vertex 11 29 18.6
    endloop
  endfacet
  facet normal -1 0 0
    outer loop
      vertex 11 28.55 18.6
      vertex 11 29 19.8
      vertex 11 29 18.6
    endloop
  endfacet
  facet normal -1 -0 0
    outer loop
      vertex 11 29 19.8
      vertex 11 28.55 18.6
      vertex 11 28.55 19.8
    endloop
  endfacet
  facet normal 0 -1 0
    outer loop
      vertex 11 28.55 18.6
      vertex 17 28.55 19.8
      vertex 11 28.55 19.8
    endloop
  endfacet
  facet normal 0 -1 -0
    outer loop
      vertex 17 28.55 19.8
      vertex 11 28.55 18.6
      vertex 17 28.55 18.6
    endloop
  endfacet
  facet normal 1 -0 0
    outer loop
      vertex 39 2 19.8
      vertex 39 2.45 18.6
      vertex 39 2.45 19.8
    endloop
  endfacet
  facet normal 1 0 0
    outer loop
      vertex 39 2.45 18.6
      vertex 39 2 19.8
      vertex 39 2 18.6
    endloop
  endfacet
  facet normal -0 0 1
    outer loop
      vertex 33 2.45 19.8
      vertex 39 2 19.8
      vertex 39 2.45 19.8
    endloop
  endfacet
  facet normal 0 0 1
    outer loop
      vertex 39 2 19.8
      vertex 33 2.45 19.8
      vertex 33 2 19.8
    endloop
  endfacet
  facet normal 0 0 -1
    outer loop
      vertex 33 2 18.6
      vertex 39 2.45 18.6
      vertex 39 2 18.6
    endloop
  endfacet
  facet normal -0 0 -1
    outer loop
      vertex 39 2.45 18.6
      vertex 33 2 18.6
      vertex 33 2.45 18.6
    endloop
  endfacet
  facet normal -1 0 0
    outer loop
      vertex 33 2 18.6
      vertex 33 2.45 19.8
      vertex 33 2.45 18.6
    endloop
  endfacet
  facet normal -1 -0 0
    outer loop
      vertex 33 2.45 19.8
      vertex 33 2 18.6
      vertex 33 2 19.8
    endloop
  endfacet
  facet normal 0 1 -0
    outer loop
      vertex 39 2.45 18.6
      vertex 33 2.45 19.8
      vertex 39 2.45 19.8
    endloop
  endfacet
  facet normal 0 1 0
    outer loop
      vertex 33 2.45 19.8
      vertex 39 2.45 18.6
      vertex 33 2.45 18.6
    endloop
  endfacet
  facet normal 1 -0 0
    outer loop
      vertex 39 28.55 19.8
      vertex 39 29 18.6
      vertex 39 29 19.8
    endloop
  endfacet
  facet normal 1 0 0
    outer loop
      vertex 39 29 18.6
      vertex 39 28.55 19.8
      vertex 39 28.55 18.6
    endloop
  endfacet
  facet normal -0 0 1
    outer loop
      vertex 33 29 19.8
      vertex 39 28.55 19.8
      vertex 39 29 19.8
    endloop
  endfacet
  facet normal 0 0 1
    outer loop
      vertex 39 28.55 19.8
      vertex 33 29 19.8
      vertex 33 28.55 19.8
    endloop
  endfacet
  facet normal 0 0 -1
    outer loop
      vertex 33 28.55 18.6
      vertex 39 29 18.6
      vertex 39 28.55 18.6
    endloop
  endfacet
  facet normal -0 0 -1
    outer loop
      vertex 39 29 18.6
      vertex 33 28.55 18.6
      vertex 33 29 18.6
    endloop
  endfacet
  facet normal -1 0 0
    outer loop
      vertex 33 28.55 18.6
      vertex 33 29 19.8
      vertex 33 29 18.6
    endloop
  endfacet
  facet normal -1 -0 0
    outer loop
      vertex 33 29 19.8
      vertex 33 28.55 18.6
      vertex 33 28.55 19.8
    endloop
  endfacet
  facet normal 0 -1 0
    outer loop
      vertex 33 28.55 18.6
      vertex 39 28.55 19.8
      vertex 33 28.55 19.8
    endloop
  endfacet
  facet normal 0 -1 -0
    outer loop
      vertex 39 28.55 19.8
      vertex 33 28.55 18.6
      vertex 39 28.55 18.6
    endloop
  endfacet
  facet normal 1 -0 0
    outer loop
      vertex 12.5 2 3.5
      vertex 12.5 2.5 2
      vertex 12.5 2.5 3.5
    endloop
  endfacet
  facet normal 1 0 0
    outer loop
      vertex 12.5 2.5 2
      vertex 12.5 2 3.5
      vertex 12.5 2 2
    endloop
  endfacet
  facet normal -0 0 1
    outer loop
      vertex 8.5 2.5 3.5
      vertex 12.5 2 3.5
      vertex 12.5 2.5 3.5
    endloop
  endfacet
  facet normal 0 0 1
    outer loop
      vertex 12.5 2 3.5
      vertex 8.5 2.5 3.5
      vertex 8.5 2 3.5
    endloop
  endfacet
  facet normal -1 0 0
    outer loop
      vertex 8.5 2 2
      vertex 8.5 2.5 3.5
      vertex 8.5 2.5 2
    endloop
  endfacet
  facet normal -1 -0 0
    outer loop
      vertex 8.5 2.5 3.5
      vertex 8.5 2 2
      vertex 8.5 2 3.5
    endloop
  endfacet
  facet normal 0 1 -0
    outer loop
      vertex 12.5 2.5 2
      vertex 8.5 2.5 3.5
      vertex 12.5 2.5 3.5
    endloop
  endfacet
  facet normal 0 1 0
    outer loop
      vertex 8.5 2.5 3.5
      vertex 12.5 2.5 2
      vertex 8.5 2.5 2
    endloop
  endfacet
  facet normal 1 -0 0
    outer loop
      vertex 12.5 20.74 3.5
      vertex 12.5 21.54 2
      vertex 12.5 21.54 3.5
    endloop
  endfacet
  facet normal 1 0 0
    outer loop
      vertex 12.5 21.54 2
      vertex 12.5 20.74 3.5
      vertex 12.5 20.74 2
    endloop
  endfacet
  facet normal -0 0 1
    outer loop
      vertex 8.5 21.54 3.5
      vertex 12.5 20.74 3.5
      vertex 12.5 21.54 3.5
    endloop
  endfacet
  facet normal 0 0 1
    outer loop
      vertex 12.5 20.74 3.5
      vertex 8.5 21.54 3.5
      vertex 8.5 20.74 3.5
    endloop
  endfacet
  facet normal -1 0 0
    outer loop
      vertex 8.5 20.74 2
      vertex 8.5 21.54 3.5
      vertex 8.5 21.54 2
    endloop
  endfacet
  facet normal -1 -0 0
    outer loop
      vertex 8.5 21.54 3.5
      vertex 8.5 20.74 2
      vertex 8.5 20.74 3.5
    endloop
  endfacet
  facet normal 0 1 -0
    outer loop
      vertex 12.5 21.54 2
      vertex 8.5 21.54 3.5
      vertex 12.5 21.54 3.5
    endloop
  endfacet
  facet normal 0 1 0
    outer loop
      vertex 8.5 21.54 3.5
      vertex 12.5 21.54 2
      vertex 8.5 21.54 2
    endloop
  endfacet
  facet normal 0 -1 0
    outer loop
      vertex 8.5 20.74 2
      vertex 12.5 20.74 3.5
      vertex 8.5 20.74 3.5
    endloop
  endfacet
  facet normal 0 -1 -0
    outer loop
      vertex 12.5 20.74 3.5
      vertex 8.5 20.74 2
      vertex 12.5 20.74 2
    endloop
  endfacet
  facet normal 1 -0 0
    outer loop
      vertex 47.76 2 3.5
      vertex 47.76 2.5 2
      vertex 47.76 2.5 3.5
    endloop
  endfacet
  facet normal 1 0 0
    outer loop
      vertex 47.76 2.5 2
      vertex 47.76 2 3.5
      vertex 47.76 2 2
    endloop
  endfacet
  facet normal -0 0 1
    outer loop
      vertex 43.76 2.5 3.5
      vertex 47.76 2 3.5
      vertex 47.76 2.5 3.5
    endloop
  endfacet
  facet normal 0 0 1
    outer loop
      vertex 47.76 2 3.5
      vertex 43.76 2.5 3.5
      vertex 43.76 2 3.5
    endloop
  endfacet
  facet normal -1 0 0
    outer loop
      vertex 43.76 2 2
      vertex 43.76 2.5 3.5
      vertex 43.76 2.5 2
    endloop
  endfacet
  facet normal -1 -0 0
    outer loop
      vertex 43.76 2.5 3.5
      vertex 43.76 2 2
      vertex 43.76 2 3.5
    endloop
  endfacet
  facet normal 0 1 -0
    outer loop
      vertex 47.76 2.5 2
      vertex 43.76 2.5 3.5
      vertex 47.76 2.5 3.5
    endloop
  endfacet
  facet normal 0 1 0
    outer loop
      vertex 43.76 2.5 3.5
      vertex 47.76 2.5 2
      vertex 43.76 2.5 2
    endloop
  endfacet
  facet normal 1 -0 0
    outer loop
      vertex 47.76 20.74 3.5
      vertex 47.76 21.54 2
      vertex 47.76 21.54 3.5
    endloop
  endfacet
  facet normal 1 0 0
    outer loop
      vertex 47.76 21.54 2
      vertex 47.76 20.74 3.5
      vertex 47.76 20.74 2
    endloop
  endfacet
  facet normal 0 0 1
    outer loop
      vertex 45 21.4 3.5
      vertex 47.76 21.54 3.5
      vertex 45 21.54 3.5
    endloop
  endfacet
  facet normal 0 0 1
    outer loop
      vertex 47.76 21.54 3.5
      vertex 45 21.4 3.5
      vertex 47.76 20.74 3.5
    endloop
  endfacet
  facet normal 0 0 1
    outer loop
      vertex 43.76 20.74 3.5
      vertex 45 21.4 3.5
      vertex 43.76 21.4 3.5
    endloop
  endfacet
  facet normal 0 0 1
    outer loop
      vertex 45 21.4 3.5
      vertex 43.76 20.74 3.5
      vertex 47.76 20.74 3.5
    endloop
  endfacet
  facet normal -1 0 0
    outer loop
      vertex 43.76 20.74 2
      vertex 43.76 21.4 3.5
      vertex 43.76 21.4 2
    endloop
  endfacet
  facet normal -1 -0 0
    outer loop
      vertex 43.76 21.4 3.5
      vertex 43.76 20.74 2
      vertex 43.76 20.74 3.5
    endloop
  endfacet
  facet normal 0 1 -0
    outer loop
      vertex 47.76 21.54 2
      vertex 45 21.54 3.5
      vertex 47.76 21.54 3.5
    endloop
  endfacet
  facet normal 0 1 0
    outer loop
      vertex 45 21.54 3.5
      vertex 47.76 21.54 2
      vertex 45 21.54 2
    endloop
  endfacet
  facet normal 0 -1 0
    outer loop
      vertex 43.76 20.74 2
      vertex 47.76 20.74 3.5
      vertex 43.76 20.74 3.5
    endloop
  endfacet
  facet normal 0 -1 -0
    outer loop
      vertex 47.76 20.74 3.5
      vertex 43.76 20.74 2
      vertex 47.76 20.74 2
    endloop
  endfacet
  facet normal 1 -0 0
    outer loop
      vertex 54.56 2.5 3.5
      vertex 54.56 20.74 2
      vertex 54.56 20.74 3.5
    endloop
  endfacet
  facet normal 1 0 0
    outer loop
      vertex 54.56 20.74 2
      vertex 54.56 2.5 3.5
      vertex 54.56 2.5 2
    endloop
  endfacet
  facet normal -0 0 1
    outer loop
      vertex 53.76 20.74 3.5
      vertex 54.56 2.5 3.5
      vertex 54.56 20.74 3.5
    endloop
  endfacet
  facet normal 0 0 1
    outer loop
      vertex 54.56 2.5 3.5
      vertex 53.76 20.74 3.5
      vertex 53.76 2.5 3.5
    endloop
  endfacet
  facet normal -1 0 0
    outer loop
      vertex 53.76 2.5 2
      vertex 53.76 20.74 3.5
      vertex 53.76 20.74 2
    endloop
  endfacet
  facet normal -1 -0 0
    outer loop
      vertex 53.76 20.74 3.5
      vertex 53.76 2.5 2
      vertex 53.76 2.5 3.5
    endloop
  endfacet
  facet normal 0 1 -0
    outer loop
      vertex 54.56 20.74 2
      vertex 53.76 20.74 3.5
      vertex 54.56 20.74 3.5
    endloop
  endfacet
  facet normal 0 1 0
    outer loop
      vertex 53.76 20.74 3.5
      vertex 54.56 20.74 2
      vertex 53.76 20.74 2
    endloop
  endfacet
  facet normal 0 -1 0
    outer loop
      vertex 53.76 2.5 2
      vertex 54.56 2.5 3.5
      vertex 53.76 2.5 3.5
    endloop
  endfacet
  facet normal 0 -1 -0
    outer loop
      vertex 54.56 2.5 3.5
      vertex 53.76 2.5 2
      vertex 54.56 2.5 2
    endloop
  endfacet
  facet normal 1 0 0
    outer loop
      vertex 45 22.7 14
      vertex 45 21.54 3.5
      vertex 45 22.7 2
    endloop
  endfacet
  facet normal 1 -0 0
    outer loop
      vertex 45 21.4 14
      vertex 45 21.54 3.5
      vertex 45 22.7 14
    endloop
  endfacet
  facet normal 1 0 0
    outer loop
      vertex 45 21.54 3.5
      vertex 45 21.4 14
      vertex 45 21.4 3.5
    endloop
  endfacet
  facet normal 1 0 0
    outer loop
      vertex 45 22.7 2
      vertex 45 21.54 3.5
      vertex 45 21.54 2
    endloop
  endfacet
  facet normal -0 0 1
    outer loop
      vertex 43 22.7 14
      vertex 45 21.4 14
      vertex 45 22.7 14
    endloop
  endfacet
  facet normal 0 0 1
    outer loop
      vertex 45 21.4 14
      vertex 43 22.7 14
      vertex 43 21.4 14
    endloop
  endfacet
  facet normal -1 0 0
    outer loop
      vertex 43 21.4 2
      vertex 43 22.7 14
      vertex 43 22.7 2
    endloop
  endfacet
  facet normal -1 -0 0
    outer loop
      vertex 43 22.7 14
      vertex 43 21.4 2
      vertex 43 21.4 14
    endloop
  endfacet
  facet normal 0 1 -0
    outer loop
      vertex 45 22.7 2
      vertex 43 22.7 14
      vertex 45 22.7 14
    endloop
  endfacet
  facet normal 0 1 0
    outer loop
      vertex 43 22.7 14
      vertex 45 22.7 2
      vertex 43 22.7 2
    endloop
  endfacet
  facet normal 0 -1 0
    outer loop
      vertex 43 21.4 14
      vertex 43.76 21.4 3.5
      vertex 45 21.4 14
    endloop
  endfacet
  facet normal 0 -1 0
    outer loop
      vertex 43 21.4 2
      vertex 43.76 21.4 3.5
      vertex 43 21.4 14
    endloop
  endfacet
  facet normal 0 -1 -0
    outer loop
      vertex 43.76 21.4 3.5
      vertex 43 21.4 2
      vertex 43.76 21.4 2
    endloop
  endfacet
  facet normal 0 -1 -0
    outer loop
      vertex 45 21.4 14
      vertex 43.76 21.4 3.5
      vertex 45 21.4 3.5
    endloop
  endfacet
  facet normal 1 -0 0
    outer loop
      vertex 55 21.4 14
      vertex 55 22.7 2
      vertex 55 22.7 14
    endloop
  endfacet
  facet normal 1 0 0
    outer loop
      vertex 55 22.7 2
      vertex 55 21.4 14
      vertex 55 21.4 2
    endloop
  endfacet
  facet normal -0 0 1
    outer loop
      vertex 53 22.7 14
      vertex 55 21.4 14
      vertex 55 22.7 14
    endloop
  endfacet
  facet normal 0 0 1
    outer loop
      vertex 55 21.4 14
      vertex 53 22.7 14
      vertex 53 21.4 14
    endloop
  endfacet
  facet normal -1 0 0
    outer loop
      vertex 53 21.4 2
      vertex 53 22.7 14
      vertex 53 22.7 2
    endloop
  endfacet
  facet normal -1 -0 0
    outer loop
      vertex 53 22.7 14
      vertex 53 21.4 2
      vertex 53 21.4 14
    endloop
  endfacet
  facet normal 0 1 -0
    outer loop
      vertex 55 22.7 2
      vertex 53 22.7 14
      vertex 55 22.7 14
    endloop
  endfacet
  facet normal 0 1 0
    outer loop
      vertex 53 22.7 14
      vertex 55 22.7 2
      vertex 53 22.7 2
    endloop
  endfacet
  facet normal 0 -1 0
    outer loop
      vertex 53 21.4 2
      vertex 55 21.4 14
      vertex 53 21.4 14
    endloop
  endfacet
  facet normal 0 -1 -0
    outer loop
      vertex 55 21.4 14
      vertex 53 21.4 2
      vertex 55 21.4 2
    endloop
  endfacet
  facet normal 1 -0 0
    outer loop
      vertex 42.85 21.4 4
      vertex 42.85 28.7 2
      vertex 42.85 28.7 4
    endloop
  endfacet
  facet normal 1 0 0
    outer loop
      vertex 42.85 28.7 2
      vertex 42.85 21.4 4
      vertex 42.85 21.4 2
    endloop
  endfacet
  facet normal -0 0 1
    outer loop
      vertex 41.55 28.7 4
      vertex 42.85 21.4 4
      vertex 42.85 28.7 4
    endloop
  endfacet
  facet normal 0 0 1
    outer loop
      vertex 42.85 21.4 4
      vertex 41.55 28.7 4
      vertex 41.55 21.4 4
    endloop
  endfacet
  facet normal -1 0 0
    outer loop
      vertex 41.55 21.4 2
      vertex 41.55 28.7 4
      vertex 41.55 28.7 2
    endloop
  endfacet
  facet normal -1 -0 0
    outer loop
      vertex 41.55 28.7 4
      vertex 41.55 21.4 2
      vertex 41.55 21.4 4
    endloop
  endfacet
  facet normal 0 1 -0
    outer loop
      vertex 42.85 28.7 2
      vertex 41.55 28.7 4
      vertex 42.85 28.7 4
    endloop
  endfacet
  facet normal 0 1 0
    outer loop
      vertex 41.55 28.7 4
      vertex 42.85 28.7 2
      vertex 41.55 28.7 2
    endloop
  endfacet
  facet normal 0 -1 0
    outer loop
      vertex 41.55 21.4 2
      vertex 42.85 21.4 4
      vertex 41.55 21.4 4
    endloop
  endfacet
  facet normal 0 -1 -0
    outer loop
      vertex 42.85 21.4 4
      vertex 41.55 21.4 2
      vertex 42.85 21.4 2
    endloop
  endfacet
  facet normal 1 -0 0
    outer loop
      vertex 56.45 21.4 4
      vertex 56.45 28.7 2
      vertex 56.45 28.7 4
    endloop
  endfacet
  facet normal 1 0 0
    outer loop
      vertex 56.45 28.7 2
      vertex 56.45 21.4 4
      vertex 56.45 21.4 2
    endloop
  endfacet
  facet normal -0 0 1
    outer loop
      vertex 55.15 28.7 4
      vertex 56.45 21.4 4
      vertex 56.45 28.7 4
    endloop
  endfacet
  facet normal 0 0 1
    outer loop
      vertex 56.45 21.4 4
      vertex 55.15 28.7 4
      vertex 55.15 21.4 4
    endloop
  endfacet
  facet normal -1 0 0
    outer loop
      vertex 55.15 21.4 2
      vertex 55.15 28.7 4
      vertex 55.15 28.7 2
    endloop
  endfacet
  facet normal -1 -0 0
    outer loop
      vertex 55.15 28.7 4
      vertex 55.15 21.4 2
      vertex 55.15 21.4 4
    endloop
  endfacet
  facet normal 0 1 -0
    outer loop
      vertex 56.45 28.7 2
      vertex 55.15 28.7 4
      vertex 56.45 28.7 4
    endloop
  endfacet
  facet normal 0 1 0
    outer loop
      vertex 55.15 28.7 4
      vertex 56.45 28.7 2
      vertex 55.15 28.7 2
    endloop
  endfacet
  facet normal 0 -1 0
    outer loop
      vertex 55.15 21.4 2
      vertex 56.45 21.4 4
      vertex 55.15 21.4 4
    endloop
  endfacet
  facet normal 0 -1 -0
    outer loop
      vertex 56.45 21.4 4
      vertex 55.15 21.4 2
      vertex 56.45 21.4 2
    endloop
  endfacet
  facet normal -1 0 0
    outer loop
      vertex 10 0 7.5
      vertex 10 2 20.6
      vertex 10 2 7.5
    endloop
  endfacet
  facet normal -1 -0 0
    outer loop
      vertex 10 2 20.6
      vertex 10 0 7.5
      vertex 10 0 20.6
    endloop
  endfacet
  facet normal -0 0 1
    outer loop
      vertex 9.2 2 7.5
      vertex 10 0 7.5
      vertex 10 2 7.5
    endloop
  endfacet
  facet normal 0 0 1
    outer loop
      vertex 10 0 7.5
      vertex 9.2 2 7.5
      vertex 9.2 0 7.5
    endloop
  endfacet
  facet normal 1 -0 0
    outer loop
      vertex 9.2 0 20.6
      vertex 9.2 2 7.5
      vertex 9.2 2 20.6
    endloop
  endfacet
  facet normal 1 0 0
    outer loop
      vertex 9.2 2 7.5
      vertex 9.2 0 20.6
      vertex 9.2 0 7.5
    endloop
  endfacet
  facet normal -1 0 0
    outer loop
      vertex 18.8 0 7.5
      vertex 18.8 2 20.6
      vertex 18.8 2 7.5
    endloop
  endfacet
  facet normal -1 -0 0
    outer loop
      vertex 18.8 2 20.6
      vertex 18.8 0 7.5
      vertex 18.8 0 20.6
    endloop
  endfacet
  facet normal -0 0 1
    outer loop
      vertex 18 2 7.5
      vertex 18.8 0 7.5
      vertex 18.8 2 7.5
    endloop
  endfacet
  facet normal 0 0 1
    outer loop
      vertex 18.8 0 7.5
      vertex 18 2 7.5
      vertex 18 0 7.5
    endloop
  endfacet
  facet normal 1 -0 0
    outer loop
      vertex 18 0 20.6
      vertex 18 2 7.5
      vertex 18 2 20.6
    endloop
  endfacet
  facet normal 1 0 0
    outer loop
      vertex 18 2 7.5
      vertex 18 0 20.6
      vertex 18 0 7.5
    endloop
  endfacet
  facet normal -1 0 0
    outer loop
      vertex 10 29 7.5
      vertex 10 31 20.6
      vertex 10 31 7.5
    endloop
  endfacet
  facet normal -1 -0 0
    outer loop
      vertex 10 31 20.6
      vertex 10 29 7.5
      vertex 10 29 20.6
    endloop
  endfacet
  facet normal -0 0 1
    outer loop
      vertex 9.2 31 7.5
      vertex 10 29 7.5
      vertex 10 31 7.5
    endloop
  endfacet
  facet normal 0 0 1
    outer loop
      vertex 10 29 7.5
      vertex 9.2 31 7.5
      vertex 9.2 29 7.5
    endloop
  endfacet
  facet normal 1 -0 0
    outer loop
      vertex 9.2 29 20.6
      vertex 9.2 31 7.5
      vertex 9.2 31 20.6
    endloop
  endfacet
  facet normal 1 0 0
    outer loop
      vertex 9.2 31 7.5
      vertex 9.2 29 20.6
      vertex 9.2 29 7.5
    endloop
  endfacet
  facet normal -1 0 0
    outer loop
      vertex 18.8 29 7.5
      vertex 18.8 31 20.6
      vertex 18.8 31 7.5
    endloop
  endfacet
  facet normal -1 -0 0
    outer loop
      vertex 18.8 31 20.6
      vertex 18.8 29 7.5
      vertex 18.8 29 20.6
    endloop
  endfacet
  facet normal -0 0 1
    outer loop
      vertex 18 31 7.5
      vertex 18.8 29 7.5
      vertex 18.8 31 7.5
    endloop
  endfacet
  facet normal 0 0 1
    outer loop
      vertex 18.8 29 7.5
      vertex 18 31 7.5
      vertex 18 29 7.5
    endloop
  endfacet
  facet normal 1 -0 0
    outer loop
      vertex 18 29 20.6
      vertex 18 31 7.5
      vertex 18 31 20.6
    endloop
  endfacet
  facet normal 1 0 0
    outer loop
      vertex 18 31 7.5
      vertex 18 29 20.6
      vertex 18 29 7.5
    endloop
  endfacet
  facet normal -1 0 0
    outer loop
      vertex 32 0 7.5
      vertex 32 2 20.6
      vertex 32 2 7.5
    endloop
  endfacet
  facet normal -1 -0 0
    outer loop
      vertex 32 2 20.6
      vertex 32 0 7.5
      vertex 32 0 20.6
    endloop
  endfacet
  facet normal -0 0 1
    outer loop
      vertex 31.2 2 7.5
      vertex 32 0 7.5
      vertex 32 2 7.5
    endloop
  endfacet
  facet normal 0 0 1
    outer loop
      vertex 32 0 7.5
      vertex 31.2 2 7.5
      vertex 31.2 0 7.5
    endloop
  endfacet
  facet normal 1 -0 0
    outer loop
      vertex 31.2 0 20.6
      vertex 31.2 2 7.5
      vertex 31.2 2 20.6
    endloop
  endfacet
  facet normal 1 0 0
    outer loop
      vertex 31.2 2 7.5
      vertex 31.2 0 20.6
      vertex 31.2 0 7.5
    endloop
  endfacet
  facet normal -1 0 0
    outer loop
      vertex 40.8 0 7.5
      vertex 40.8 2 20.6
      vertex 40.8 2 7.5
    endloop
  endfacet
  facet normal -1 -0 0
    outer loop
      vertex 40.8 2 20.6
      vertex 40.8 0 7.5
      vertex 40.8 0 20.6
    endloop
  endfacet
  facet normal -0 0 1
    outer loop
      vertex 40 2 7.5
      vertex 40.8 0 7.5
      vertex 40.8 2 7.5
    endloop
  endfacet
  facet normal 0 0 1
    outer loop
      vertex 40.8 0 7.5
      vertex 40 2 7.5
      vertex 40 0 7.5
    endloop
  endfacet
  facet normal 1 -0 0
    outer loop
      vertex 40 0 20.6
      vertex 40 2 7.5
      vertex 40 2 20.6
    endloop
  endfacet
  facet normal 1 0 0
    outer loop
      vertex 40 2 7.5
      vertex 40 0 20.6
      vertex 40 0 7.5
    endloop
  endfacet
  facet normal -1 0 0
    outer loop
      vertex 32 29 7.5
      vertex 32 31 20.6
      vertex 32 31 7.5
    endloop
  endfacet
  facet normal -1 -0 0
    outer loop
      vertex 32 31 20.6
      vertex 32 29 7.5
      vertex 32 29 20.6
    endloop
  endfacet
  facet normal -0 0 1
    outer loop
      vertex 31.2 31 7.5
      vertex 32 29 7.5
      vertex 32 31 7.5
    endloop
  endfacet
  facet normal 0 0 1
    outer loop
      vertex 32 29 7.5
      vertex 31.2 31 7.5
      vertex 31.2 29 7.5
    endloop
  endfacet
  facet normal 1 -0 0
    outer loop
      vertex 31.2 29 20.6
      vertex 31.2 31 7.5
      vertex 31.2 31 20.6
    endloop
  endfacet
  facet normal 1 0 0
    outer loop
      vertex 31.2 31 7.5
      vertex 31.2 29 20.6
      vertex 31.2 29 7.5
    endloop
  endfacet
  facet normal -1 0 0
    outer loop
      vertex 40.8 29 7.5
      vertex 40.8 31 20.6
      vertex 40.8 31 7.5
    endloop
  endfacet
  facet normal -1 -0 0
    outer loop
      vertex 40.8 31 20.6
      vertex 40.8 29 7.5
      vertex 40.8 29 20.6
    endloop
  endfacet
  facet normal -0 0 1
    outer loop
      vertex 40 31 7.5
      vertex 40.8 29 7.5
      vertex 40.8 31 7.5
    endloop
  endfacet
  facet normal 0 0 1
    outer loop
      vertex 40.8 29 7.5
      vertex 40 31 7.5
      vertex 40 29 7.5
    endloop
  endfacet
  facet normal 1 -0 0
    outer loop
      vertex 40 29 20.6
      vertex 40 31 7.5
      vertex 40 31 20.6
    endloop
  endfacet
  facet normal 1 0 0
    outer loop
      vertex 40 31 7.5
      vertex 40 29 20.6
      vertex 40 29 7.5
    endloop
  endfacet
  facet normal 0 0 -1
    outer loop
      vertex 0 5.12 12.5
      vertex 2 18.12 12.5
      vertex 2 5.12 12.5
    endloop
  endfacet
  facet normal -0 0 -1
    outer loop
      vertex 2 18.12 12.5
      vertex 0 5.12 12.5
      vertex 0 18.12 12.5
    endloop
  endfacet
  facet normal -0 0 1
    outer loop
      vertex 0 18.12 3.5
      vertex 2 5.12 3.5
      vertex 2 18.12 3.5
    endloop
  endfacet
  facet normal 0 0 1
    outer loop
      vertex 2 5.12 3.5
      vertex 0 18.12 3.5
      vertex 0 5.12 3.5
    endloop
  endfacet
  facet normal 0 -1 0
    outer loop
      vertex 0 18.12 3.5
      vertex 2 18.12 12.5
      vertex 0 18.12 12.5
    endloop
  endfacet
  facet normal 0 -1 -0
    outer loop
      vertex 2 18.12 12.5
      vertex 0 18.12 3.5
      vertex 2 18.12 3.5
    endloop
  endfacet
  facet normal 0 1 -0
    outer loop
      vertex 2 5.12 3.5
      vertex 0 5.12 12.5
      vertex 2 5.12 12.5
    endloop
  endfacet
  facet normal 0 1 0
    outer loop
      vertex 0 5.12 12.5
      vertex 2 5.12 3.5
      vertex 0 5.12 3.5
    endloop
  endfacet
  facet normal -0 0.195097 0.980784
    outer loop
      vertex 58 15.0105 12.1321
      vertex 60 14.5294 12.2278
      vertex 60 15.0105 12.1321
    endloop
  endfacet
  facet normal 0 0.195097 0.980784
    outer loop
      vertex 60 14.5294 12.2278
      vertex 58 15.0105 12.1321
      vertex 58 14.5294 12.2278
    endloop
  endfacet
  facet normal 0 0.75178 -0.659414
    outer loop
      vertex 60 12.5249 18.1329
      vertex 58 12.8483 18.5016
      vertex 60 12.8483 18.5016
    endloop
  endfacet
  facet normal 0 0.75178 -0.659414
    outer loop
      vertex 58 12.8483 18.5016
      vertex 60 12.5249 18.1329
      vertex 58 12.5249 18.1329
    endloop
  endfacet
  facet normal 0 -0.751768 0.659428
    outer loop
      vertex 58 18.1516 13.1983
      vertex 60 18.4751 13.5671
      vertex 58 18.4751 13.5671
    endloop
  endfacet
  facet normal 0 -0.751768 0.659428
    outer loop
      vertex 60 18.4751 13.5671
      vertex 58 18.1516 13.1983
      vertex 60 18.1516 13.1983
    endloop
  endfacet
  facet normal 0 0.5555 -0.831517
    outer loop
      vertex 58 13.2171 18.8251
      vertex 60 13.625 19.0976
      vertex 60 13.2171 18.8251
    endloop
  endfacet
  facet normal 0 0.5555 -0.831517
    outer loop
      vertex 60 13.625 19.0976
      vertex 58 13.2171 18.8251
      vertex 58 13.625 19.0976
    endloop
  endfacet
  facet normal 0 0.980784 0.195097
    outer loop
      vertex 60 11.8778 14.8794
      vertex 58 11.7821 15.3605
      vertex 60 11.7821 15.3605
    endloop
  endfacet
  facet normal 0 0.980784 0.195097
    outer loop
      vertex 58 11.7821 15.3605
      vertex 60 11.8778 14.8794
      vertex 58 11.8778 14.8794
    endloop
  endfacet
  facet normal 0 0.831517 -0.5555
    outer loop
      vertex 60 12.2524 17.725
      vertex 58 12.5249 18.1329
      vertex 60 12.5249 18.1329
    endloop
  endfacet
  facet normal 0 0.831517 -0.5555
    outer loop
      vertex 58 12.5249 18.1329
      vertex 60 12.2524 17.725
      vertex 58 12.2524 17.725
    endloop
  endfacet
  facet normal 0 0.321482 -0.946916
    outer loop
      vertex 58 14.0649 19.3145
      vertex 60 14.5294 19.4722
      vertex 60 14.0649 19.3145
    endloop
  endfacet
  facet normal 0 0.321482 -0.946916
    outer loop
      vertex 60 14.5294 19.4722
      vertex 58 14.0649 19.3145
      vertex 58 14.5294 19.4722
    endloop
  endfacet
  facet normal 0 -0.195097 0.980784
    outer loop
      vertex 58 16.4706 12.2278
      vertex 60 15.9895 12.1321
      vertex 60 16.4706 12.2278
    endloop
  endfacet
  facet normal 0 -0.195097 0.980784
    outer loop
      vertex 60 15.9895 12.1321
      vertex 58 16.4706 12.2278
      vertex 58 15.9895 12.1321
    endloop
  endfacet
  facet normal 0 -0.0654366 -0.997857
    outer loop
      vertex 58 15.5 19.6
      vertex 60 15.9895 19.5679
      vertex 60 15.5 19.6
    endloop
  endfacet
  facet normal -0 -0.0654366 -0.997857
    outer loop
      vertex 60 15.9895 19.5679
      vertex 58 15.5 19.6
      vertex 58 15.9895 19.5679
    endloop
  endfacet
  facet normal 0 -0.5555 0.831517
    outer loop
      vertex 58 17.7829 12.8749
      vertex 60 17.375 12.6024
      vertex 60 17.7829 12.8749
    endloop
  endfacet
  facet normal 0 -0.5555 0.831517
    outer loop
      vertex 60 17.375 12.6024
      vertex 58 17.7829 12.8749
      vertex 58 17.375 12.6024
    endloop
  endfacet
  facet normal -0 0.442232 0.896901
    outer loop
      vertex 58 14.0649 12.3855
      vertex 60 13.625 12.6024
      vertex 60 14.0649 12.3855
    endloop
  endfacet
  facet normal 0 0.442232 0.896901
    outer loop
      vertex 60 13.625 12.6024
      vertex 58 14.0649 12.3855
      vertex 58 13.625 12.6024
    endloop
  endfacet
  facet normal 0 -0.442232 0.896901
    outer loop
      vertex 58 17.375 12.6024
      vertex 60 16.9351 12.3855
      vertex 60 17.375 12.6024
    endloop
  endfacet
  facet normal 0 -0.442232 0.896901
    outer loop
      vertex 60 16.9351 12.3855
      vertex 58 17.375 12.6024
      vertex 58 16.9351 12.3855
    endloop
  endfacet
  facet normal 0 0.896901 -0.442232
    outer loop
      vertex 60 12.0355 17.2851
      vertex 58 12.2524 17.725
      vertex 60 12.2524 17.725
    endloop
  endfacet
  facet normal 0 0.896901 -0.442232
    outer loop
      vertex 58 12.2524 17.725
      vertex 60 12.0355 17.2851
      vertex 58 12.0355 17.2851
    endloop
  endfacet
  facet normal 0 0.946916 -0.321482
    outer loop
      vertex 60 11.8778 16.8206
      vertex 58 12.0355 17.2851
      vertex 60 12.0355 17.2851
    endloop
  endfacet
  facet normal 0 0.946916 -0.321482
    outer loop
      vertex 58 12.0355 17.2851
      vertex 60 11.8778 16.8206
      vertex 58 11.8778 16.8206
    endloop
  endfacet
  facet normal 0 -0.980784 -0.195097
    outer loop
      vertex 58 19.2179 16.3395
      vertex 60 19.1222 16.8206
      vertex 58 19.1222 16.8206
    endloop
  endfacet
  facet normal 0 -0.980784 -0.195097
    outer loop
      vertex 60 19.1222 16.8206
      vertex 58 19.2179 16.3395
      vertex 60 19.2179 16.3395
    endloop
  endfacet
  facet normal -0 0.659312 0.751869
    outer loop
      vertex 58 13.2171 12.8749
      vertex 60 12.8483 13.1983
      vertex 60 13.2171 12.8749
    endloop
  endfacet
  facet normal 0 0.659312 0.751869
    outer loop
      vertex 60 12.8483 13.1983
      vertex 58 13.2171 12.8749
      vertex 58 12.8483 13.1983
    endloop
  endfacet
  facet normal -0 0.321482 0.946916
    outer loop
      vertex 58 14.5294 12.2278
      vertex 60 14.0649 12.3855
      vertex 60 14.5294 12.2278
    endloop
  endfacet
  facet normal 0 0.321482 0.946916
    outer loop
      vertex 60 14.0649 12.3855
      vertex 58 14.5294 12.2278
      vertex 58 14.0649 12.3855
    endloop
  endfacet
  facet normal 0 0.997857 0.0654366
    outer loop
      vertex 60 11.7821 15.3605
      vertex 58 11.75 15.85
      vertex 60 11.75 15.85
    endloop
  endfacet
  facet normal 0 0.997857 0.0654366
    outer loop
      vertex 58 11.75 15.85
      vertex 60 11.7821 15.3605
      vertex 58 11.7821 15.3605
    endloop
  endfacet
  facet normal 0 -0.0654366 0.997857
    outer loop
      vertex 58 15.9895 12.1321
      vertex 60 15.5 12.1
      vertex 60 15.9895 12.1321
    endloop
  endfacet
  facet normal 0 -0.0654366 0.997857
    outer loop
      vertex 60 15.5 12.1
      vertex 58 15.9895 12.1321
      vertex 58 15.5 12.1
    endloop
  endfacet
  facet normal 0 0.442232 -0.896901
    outer loop
      vertex 58 13.625 19.0976
      vertex 60 14.0649 19.3145
      vertex 60 13.625 19.0976
    endloop
  endfacet
  facet normal 0 0.442232 -0.896901
    outer loop
      vertex 60 14.0649 19.3145
      vertex 58 13.625 19.0976
      vertex 58 14.0649 19.3145
    endloop
  endfacet
  facet normal 0 -0.321482 0.946916
    outer loop
      vertex 58 16.9351 12.3855
      vertex 60 16.4706 12.2278
      vertex 60 16.9351 12.3855
    endloop
  endfacet
  facet normal 0 -0.321482 0.946916
    outer loop
      vertex 60 16.4706 12.2278
      vertex 58 16.9351 12.3855
      vertex 58 16.4706 12.2278
    endloop
  endfacet
  facet normal 0 0.195097 -0.980784
    outer loop
      vertex 58 14.5294 19.4722
      vertex 60 15.0105 19.5679
      vertex 60 14.5294 19.4722
    endloop
  endfacet
  facet normal 0 0.195097 -0.980784
    outer loop
      vertex 60 15.0105 19.5679
      vertex 58 14.5294 19.4722
      vertex 58 15.0105 19.5679
    endloop
  endfacet
  facet normal 0 -0.659529 -0.751679
    outer loop
      vertex 58 17.7829 18.8251
      vertex 60 18.1516 18.5016
      vertex 60 17.7829 18.8251
    endloop
  endfacet
  facet normal -0 -0.659529 -0.751679
    outer loop
      vertex 60 18.1516 18.5016
      vertex 58 17.7829 18.8251
      vertex 58 18.1516 18.5016
    endloop
  endfacet
  facet normal 0 -0.659414 0.75178
    outer loop
      vertex 58 18.1516 13.1983
      vertex 60 17.7829 12.8749
      vertex 60 18.1516 13.1983
    endloop
  endfacet
  facet normal 0 -0.659414 0.75178
    outer loop
      vertex 60 17.7829 12.8749
      vertex 58 18.1516 13.1983
      vertex 58 17.7829 12.8749
    endloop
  endfacet
  facet normal 0 -0.896901 0.442232
    outer loop
      vertex 58 18.7476 13.975
      vertex 60 18.9645 14.4149
      vertex 58 18.9645 14.4149
    endloop
  endfacet
  facet normal 0 -0.896901 0.442232
    outer loop
      vertex 60 18.9645 14.4149
      vertex 58 18.7476 13.975
      vertex 60 18.7476 13.975
    endloop
  endfacet
  facet normal -0 0.0654366 0.997857
    outer loop
      vertex 58 15.5 12.1
      vertex 60 15.0105 12.1321
      vertex 60 15.5 12.1
    endloop
  endfacet
  facet normal 0 0.0654366 0.997857
    outer loop
      vertex 60 15.0105 12.1321
      vertex 58 15.5 12.1
      vertex 58 15.0105 12.1321
    endloop
  endfacet
  facet normal 0 -0.831517 0.5555
    outer loop
      vertex 58 18.4751 13.5671
      vertex 60 18.7476 13.975
      vertex 58 18.7476 13.975
    endloop
  endfacet
  facet normal 0 -0.831517 0.5555
    outer loop
      vertex 60 18.7476 13.975
      vertex 58 18.4751 13.5671
      vertex 60 18.4751 13.5671
    endloop
  endfacet
  facet normal 0 -0.442232 -0.896901
    outer loop
      vertex 58 16.9351 19.3145
      vertex 60 17.375 19.0976
      vertex 60 16.9351 19.3145
    endloop
  endfacet
  facet normal -0 -0.442232 -0.896901
    outer loop
      vertex 60 17.375 19.0976
      vertex 58 16.9351 19.3145
      vertex 58 17.375 19.0976
    endloop
  endfacet
  facet normal 0 0.896901 0.442232
    outer loop
      vertex 60 12.2524 13.975
      vertex 58 12.0355 14.4149
      vertex 60 12.0355 14.4149
    endloop
  endfacet
  facet normal 0 0.896901 0.442232
    outer loop
      vertex 58 12.0355 14.4149
      vertex 60 12.2524 13.975
      vertex 58 12.2524 13.975
    endloop
  endfacet
  facet normal 0 -0.946916 0.321482
    outer loop
      vertex 58 18.9645 14.4149
      vertex 60 19.1222 14.8794
      vertex 58 19.1222 14.8794
    endloop
  endfacet
  facet normal 0 -0.946916 0.321482
    outer loop
      vertex 60 19.1222 14.8794
      vertex 58 18.9645 14.4149
      vertex 60 18.9645 14.4149
    endloop
  endfacet
  facet normal 0 -0.195097 -0.980784
    outer loop
      vertex 58 15.9895 19.5679
      vertex 60 16.4706 19.4722
      vertex 60 15.9895 19.5679
    endloop
  endfacet
  facet normal -0 -0.195097 -0.980784
    outer loop
      vertex 60 16.4706 19.4722
      vertex 58 15.9895 19.5679
      vertex 58 16.4706 19.4722
    endloop
  endfacet
  facet normal 0 0.751869 0.659312
    outer loop
      vertex 60 12.8483 13.1983
      vertex 58 12.5249 13.5671
      vertex 60 12.5249 13.5671
    endloop
  endfacet
  facet normal 0 0.751869 0.659312
    outer loop
      vertex 58 12.5249 13.5671
      vertex 60 12.8483 13.1983
      vertex 58 12.8483 13.1983
    endloop
  endfacet
  facet normal 0 0.946916 0.321482
    outer loop
      vertex 60 12.0355 14.4149
      vertex 58 11.8778 14.8794
      vertex 60 11.8778 14.8794
    endloop
  endfacet
  facet normal 0 0.946916 0.321482
    outer loop
      vertex 58 11.8778 14.8794
      vertex 60 12.0355 14.4149
      vertex 58 12.0355 14.4149
    endloop
  endfacet
  facet normal 0 -0.980784 0.195097
    outer loop
      vertex 58 19.1222 14.8794
      vertex 60 19.2179 15.3605
      vertex 58 19.2179 15.3605
    endloop
  endfacet
  facet normal 0 -0.980784 0.195097
    outer loop
      vertex 60 19.2179 15.3605
      vertex 58 19.1222 14.8794
      vertex 60 19.1222 14.8794
    endloop
  endfacet
  facet normal 0 -0.831517 -0.5555
    outer loop
      vertex 58 18.7476 17.725
      vertex 60 18.4751 18.1329
      vertex 58 18.4751 18.1329
    endloop
  endfacet
  facet normal 0 -0.831517 -0.5555
    outer loop
      vertex 60 18.4751 18.1329
      vertex 58 18.7476 17.725
      vertex 60 18.7476 17.725
    endloop
  endfacet
  facet normal 0 -0.751679 -0.659529
    outer loop
      vertex 58 18.4751 18.1329
      vertex 60 18.1516 18.5016
      vertex 58 18.1516 18.5016
    endloop
  endfacet
  facet normal 0 -0.751679 -0.659529
    outer loop
      vertex 60 18.1516 18.5016
      vertex 58 18.4751 18.1329
      vertex 60 18.4751 18.1329
    endloop
  endfacet
  facet normal 0 -0.946916 -0.321482
    outer loop
      vertex 58 19.1222 16.8206
      vertex 60 18.9645 17.2851
      vertex 58 18.9645 17.2851
    endloop
  endfacet
  facet normal 0 -0.946916 -0.321482
    outer loop
      vertex 60 18.9645 17.2851
      vertex 58 19.1222 16.8206
      vertex 60 19.1222 16.8206
    endloop
  endfacet
  facet normal 0 -0.896901 -0.442232
    outer loop
      vertex 58 18.9645 17.2851
      vertex 60 18.7476 17.725
      vertex 58 18.7476 17.725
    endloop
  endfacet
  facet normal 0 -0.896901 -0.442232
    outer loop
      vertex 60 18.7476 17.725
      vertex 58 18.9645 17.2851
      vertex 60 18.9645 17.2851
    endloop
  endfacet
  facet normal 0 0.0654366 -0.997857
    outer loop
      vertex 58 15.0105 19.5679
      vertex 60 15.5 19.6
      vertex 60 15.0105 19.5679
    endloop
  endfacet
  facet normal 0 0.0654366 -0.997857
    outer loop
      vertex 60 15.5 19.6
      vertex 58 15.0105 19.5679
      vertex 58 15.5 19.6
    endloop
  endfacet
  facet normal 0 -0.5555 -0.831517
    outer loop
      vertex 58 17.375 19.0976
      vertex 60 17.7829 18.8251
      vertex 60 17.375 19.0976
    endloop
  endfacet
  facet normal -0 -0.5555 -0.831517
    outer loop
      vertex 60 17.7829 18.8251
      vertex 58 17.375 19.0976
      vertex 58 17.7829 18.8251
    endloop
  endfacet
  facet normal 0 0.980784 -0.195097
    outer loop
      vertex 60 11.7821 16.3395
      vertex 58 11.8778 16.8206
      vertex 60 11.8778 16.8206
    endloop
  endfacet
  facet normal 0 0.980784 -0.195097
    outer loop
      vertex 58 11.8778 16.8206
      vertex 60 11.7821 16.3395
      vertex 58 11.7821 16.3395
    endloop
  endfacet
  facet normal 0 -0.997857 -0.0654366
    outer loop
      vertex 58 19.25 15.85
      vertex 60 19.2179 16.3395
      vertex 58 19.2179 16.3395
    endloop
  endfacet
  facet normal 0 -0.997857 -0.0654366
    outer loop
      vertex 60 19.2179 16.3395
      vertex 58 19.25 15.85
      vertex 60 19.25 15.85
    endloop
  endfacet
  facet normal 0 -0.997857 0.0654366
    outer loop
      vertex 58 19.2179 15.3605
      vertex 60 19.25 15.85
      vertex 58 19.25 15.85
    endloop
  endfacet
  facet normal 0 -0.997857 0.0654366
    outer loop
      vertex 60 19.25 15.85
      vertex 58 19.2179 15.3605
      vertex 60 19.2179 15.3605
    endloop
  endfacet
  facet normal -0 0.5555 0.831517
    outer loop
      vertex 58 13.625 12.6024
      vertex 60 13.2171 12.8749
      vertex 60 13.625 12.6024
    endloop
  endfacet
  facet normal 0 0.5555 0.831517
    outer loop
      vertex 60 13.2171 12.8749
      vertex 58 13.625 12.6024
      vertex 58 13.2171 12.8749
    endloop
  endfacet
  facet normal 0 0.831517 0.5555
    outer loop
      vertex 60 12.5249 13.5671
      vertex 58 12.2524 13.975
      vertex 60 12.2524 13.975
    endloop
  endfacet
  facet normal 0 0.831517 0.5555
    outer loop
      vertex 58 12.2524 13.975
      vertex 60 12.5249 13.5671
      vertex 58 12.5249 13.5671
    endloop
  endfacet
  facet normal 0 0.997857 -0.0654366
    outer loop
      vertex 60 11.75 15.85
      vertex 58 11.7821 16.3395
      vertex 60 11.7821 16.3395
    endloop
  endfacet
  facet normal 0 0.997857 -0.0654366
    outer loop
      vertex 58 11.7821 16.3395
      vertex 60 11.75 15.85
      vertex 58 11.75 15.85
    endloop
  endfacet
  facet normal 0 -0.321482 -0.946916
    outer loop
      vertex 58 16.4706 19.4722
      vertex 60 16.9351 19.3145
      vertex 60 16.4706 19.4722
    endloop
  endfacet
  facet normal -0 -0.321482 -0.946916
    outer loop
      vertex 60 16.9351 19.3145
      vertex 58 16.4706 19.4722
      vertex 58 16.9351 19.3145
    endloop
  endfacet
  facet normal 0 0.659428 -0.751768
    outer loop
      vertex 58 12.8483 18.5016
      vertex 60 13.2171 18.8251
      vertex 60 12.8483 18.5016
    endloop
  endfacet
  facet normal 0 0.659428 -0.751768
    outer loop
      vertex 60 13.2171 18.8251
      vertex 58 12.8483 18.5016
      vertex 58 13.2171 18.8251
    endloop
  endfacet
  facet normal -0.659309 0 -0.751872
    outer loop
      vertex 51.2524 29 10.9354
      vertex 51.6163 31 10.6163
      vertex 51.6163 29 10.6163
    endloop
  endfacet
  facet normal -0.659309 0 -0.751872
    outer loop
      vertex 51.6163 31 10.6163
      vertex 51.2524 29 10.9354
      vertex 51.2524 31 10.9354
    endloop
  endfacet
  facet normal -0.321454 0 0.946925
    outer loop
      vertex 49.9576 31 4.42607
      vertex 50.4159 29 4.58165
      vertex 50.4159 31 4.58165
    endloop
  endfacet
  facet normal -0.321454 0 0.946925
    outer loop
      vertex 50.4159 29 4.58165
      vertex 49.9576 31 4.42607
      vertex 49.9576 29 4.42607
    endloop
  endfacet
  facet normal -0.980793 0 -0.195051
    outer loop
      vertex 52.6683 29 8.48295
      vertex 52.5739 31 8.95763
      vertex 52.6683 31 8.48295
    endloop
  endfacet
  facet normal -0.980793 -0 -0.195051
    outer loop
      vertex 52.5739 31 8.95763
      vertex 52.6683 29 8.48295
      vertex 52.5739 29 8.95763
    endloop
  endfacet
  facet normal -0.997853 0 -0.0654973
    outer loop
      vertex 52.7 29 8
      vertex 52.6683 31 8.48295
      vertex 52.7 31 8
    endloop
  endfacet
  facet normal -0.997853 -0 -0.0654973
    outer loop
      vertex 52.6683 31 8.48295
      vertex 52.7 29 8
      vertex 52.6683 29 8.48295
    endloop
  endfacet
  facet normal -0.946975 0 -0.321306
    outer loop
      vertex 52.5739 29 8.95763
      vertex 52.4184 31 9.41593
      vertex 52.5739 31 8.95763
    endloop
  endfacet
  facet normal -0.946975 -0 -0.321306
    outer loop
      vertex 52.4184 31 9.41593
      vertex 52.5739 29 8.95763
      vertex 52.4184 29 9.41593
    endloop
  endfacet
  facet normal -0.321306 0 -0.946975
    outer loop
      vertex 49.9576 29 11.5739
      vertex 50.4159 31 11.4184
      vertex 50.4159 29 11.4184
    endloop
  endfacet
  facet normal -0.321306 0 -0.946975
    outer loop
      vertex 50.4159 31 11.4184
      vertex 49.9576 29 11.5739
      vertex 49.9576 31 11.5739
    endloop
  endfacet
  facet normal -0.555606 0 -0.831446
    outer loop
      vertex 50.85 29 11.2043
      vertex 51.2524 31 10.9354
      vertex 51.2524 29 10.9354
    endloop
  endfacet
  facet normal -0.555606 0 -0.831446
    outer loop
      vertex 51.2524 31 10.9354
      vertex 50.85 29 11.2043
      vertex 50.85 31 11.2043
    endloop
  endfacet
  facet normal 0.980793 -0 0.195051
    outer loop
      vertex 45.3317 29 7.51705
      vertex 45.4261 31 7.04237
      vertex 45.3317 31 7.51705
    endloop
  endfacet
  facet normal 0.980793 0 0.195051
    outer loop
      vertex 45.4261 31 7.04237
      vertex 45.3317 29 7.51705
      vertex 45.4261 29 7.04237
    endloop
  endfacet
  facet normal -0.195043 0 -0.980795
    outer loop
      vertex 49.4829 29 11.6683
      vertex 49.9576 31 11.5739
      vertex 49.9576 29 11.5739
    endloop
  endfacet
  facet normal -0.195043 0 -0.980795
    outer loop
      vertex 49.9576 31 11.5739
      vertex 49.4829 29 11.6683
      vertex 49.4829 31 11.6683
    endloop
  endfacet
  facet normal -0.831446 0 -0.555606
    outer loop
      vertex 52.2043 29 9.85
      vertex 51.9354 31 10.2524
      vertex 52.2043 31 9.85
    endloop
  endfacet
  facet normal -0.831446 -0 -0.555606
    outer loop
      vertex 51.9354 31 10.2524
      vertex 52.2043 29 9.85
      vertex 51.9354 29 10.2524
    endloop
  endfacet
  facet normal 0.946975 0 -0.321306
    outer loop
      vertex 45.5816 29 9.41593
      vertex 45.4261 31 8.95763
      vertex 45.5816 31 9.41593
    endloop
  endfacet
  facet normal 0.946975 0 -0.321306
    outer loop
      vertex 45.4261 31 8.95763
      vertex 45.5816 29 9.41593
      vertex 45.4261 29 8.95763
    endloop
  endfacet
  facet normal -0.442265 0 0.896885
    outer loop
      vertex 50.4159 31 4.58165
      vertex 50.85 29 4.79571
      vertex 50.85 31 4.79571
    endloop
  endfacet
  facet normal -0.442265 0 0.896885
    outer loop
      vertex 50.85 29 4.79571
      vertex 50.4159 31 4.58165
      vertex 50.4159 29 4.58165
    endloop
  endfacet
  facet normal 0.751854 -0 0.659329
    outer loop
      vertex 46.0646 29 5.74758
      vertex 46.3837 31 5.3837
      vertex 46.0646 31 5.74758
    endloop
  endfacet
  facet normal 0.751854 0 0.659329
    outer loop
      vertex 46.3837 31 5.3837
      vertex 46.0646 29 5.74758
      vertex 46.3837 29 5.3837
    endloop
  endfacet
  facet normal -0.946975 0 0.321306
    outer loop
      vertex 52.4184 29 6.58407
      vertex 52.5739 31 7.04237
      vertex 52.4184 31 6.58407
    endloop
  endfacet
  facet normal -0.946975 0 0.321306
    outer loop
      vertex 52.5739 31 7.04237
      vertex 52.4184 29 6.58407
      vertex 52.5739 29 7.04237
    endloop
  endfacet
  facet normal 0.555577 0 0.831465
    outer loop
      vertex 46.7476 31 5.06459
      vertex 47.15 29 4.79571
      vertex 47.15 31 4.79571
    endloop
  endfacet
  facet normal 0.555577 0 0.831465
    outer loop
      vertex 47.15 29 4.79571
      vertex 46.7476 31 5.06459
      vertex 46.7476 29 5.06459
    endloop
  endfacet
  facet normal -0.555577 0 0.831465
    outer loop
      vertex 50.85 31 4.79571
      vertex 51.2524 29 5.06459
      vertex 51.2524 31 5.06459
    endloop
  endfacet
  facet normal -0.555577 0 0.831465
    outer loop
      vertex 51.2524 29 5.06459
      vertex 50.85 31 4.79571
      vertex 50.85 29 4.79571
    endloop
  endfacet
  facet normal 0.997853 0 -0.0654973
    outer loop
      vertex 45.3317 29 8.48295
      vertex 45.3 31 8
      vertex 45.3317 31 8.48295
    endloop
  endfacet
  facet normal 0.997853 0 -0.0654973
    outer loop
      vertex 45.3 31 8
      vertex 45.3317 29 8.48295
      vertex 45.3 29 8
    endloop
  endfacet
  facet normal 0.751872 0 -0.659309
    outer loop
      vertex 46.3837 29 10.6163
      vertex 46.0646 31 10.2524
      vertex 46.3837 31 10.6163
    endloop
  endfacet
  facet normal 0.751872 0 -0.659309
    outer loop
      vertex 46.0646 31 10.2524
      vertex 46.3837 29 10.6163
      vertex 46.0646 29 10.2524
    endloop
  endfacet
  facet normal -0.751854 0 0.659329
    outer loop
      vertex 51.6163 29 5.3837
      vertex 51.9354 31 5.74758
      vertex 51.6163 31 5.3837
    endloop
  endfacet
  facet normal -0.751854 0 0.659329
    outer loop
      vertex 51.9354 31 5.74758
      vertex 51.6163 29 5.3837
      vertex 51.9354 29 5.74758
    endloop
  endfacet
  facet normal -0.89684 0 0.442356
    outer loop
      vertex 52.2043 29 6.15
      vertex 52.4184 31 6.58407
      vertex 52.2043 31 6.15
    endloop
  endfacet
  facet normal -0.89684 0 0.442356
    outer loop
      vertex 52.4184 31 6.58407
      vertex 52.2043 29 6.15
      vertex 52.4184 29 6.58407
    endloop
  endfacet
  facet normal 0.321306 0 -0.946975
    outer loop
      vertex 47.5841 29 11.4184
      vertex 48.0424 31 11.5739
      vertex 48.0424 29 11.5739
    endloop
  endfacet
  facet normal 0.321306 0 -0.946975
    outer loop
      vertex 48.0424 31 11.5739
      vertex 47.5841 29 11.4184
      vertex 47.5841 31 11.4184
    endloop
  endfacet
  facet normal 0.442331 0 -0.896852
    outer loop
      vertex 47.15 29 11.2043
      vertex 47.5841 31 11.4184
      vertex 47.5841 29 11.4184
    endloop
  endfacet
  facet normal 0.442331 0 -0.896852
    outer loop
      vertex 47.5841 31 11.4184
      vertex 47.15 29 11.2043
      vertex 47.15 31 11.2043
    endloop
  endfacet
  facet normal -0.89684 0 -0.442356
    outer loop
      vertex 52.4184 29 9.41593
      vertex 52.2043 31 9.85
      vertex 52.4184 31 9.41593
    endloop
  endfacet
  facet normal -0.89684 -0 -0.442356
    outer loop
      vertex 52.2043 31 9.85
      vertex 52.4184 29 9.41593
      vertex 52.2043 29 9.85
    endloop
  endfacet
  facet normal -0.980793 0 0.195051
    outer loop
      vertex 52.5739 29 7.04237
      vertex 52.6683 31 7.51705
      vertex 52.5739 31 7.04237
    endloop
  endfacet
  facet normal -0.980793 0 0.195051
    outer loop
      vertex 52.6683 31 7.51705
      vertex 52.5739 29 7.04237
      vertex 52.6683 29 7.51705
    endloop
  endfacet
  facet normal -0.831459 0 0.555587
    outer loop
      vertex 51.9354 29 5.74758
      vertex 52.2043 31 6.15
      vertex 51.9354 31 5.74758
    endloop
  endfacet
  facet normal -0.831459 0 0.555587
    outer loop
      vertex 52.2043 31 6.15
      vertex 51.9354 29 5.74758
      vertex 52.2043 29 6.15
    endloop
  endfacet
  facet normal 0.89684 -0 0.442356
    outer loop
      vertex 45.5816 29 6.58407
      vertex 45.7957 31 6.15
      vertex 45.5816 31 6.58407
    endloop
  endfacet
  facet normal 0.89684 0 0.442356
    outer loop
      vertex 45.7957 31 6.15
      vertex 45.5816 29 6.58407
      vertex 45.7957 29 6.15
    endloop
  endfacet
  facet normal 0.321454 0 0.946925
    outer loop
      vertex 47.5841 31 4.58165
      vertex 48.0424 29 4.42607
      vertex 48.0424 31 4.42607
    endloop
  endfacet
  facet normal 0.321454 0 0.946925
    outer loop
      vertex 48.0424 29 4.42607
      vertex 47.5841 31 4.58165
      vertex 47.5841 29 4.58165
    endloop
  endfacet
  facet normal -0.65932 0 0.751862
    outer loop
      vertex 51.2524 31 5.06459
      vertex 51.6163 29 5.3837
      vertex 51.6163 31 5.3837
    endloop
  endfacet
  facet normal -0.65932 0 0.751862
    outer loop
      vertex 51.6163 29 5.3837
      vertex 51.2524 31 5.06459
      vertex 51.2524 29 5.06459
    endloop
  endfacet
  facet normal 0.831446 0 -0.555606
    outer loop
      vertex 46.0646 29 10.2524
      vertex 45.7957 31 9.85
      vertex 46.0646 31 10.2524
    endloop
  endfacet
  facet normal 0.831446 0 -0.555606
    outer loop
      vertex 45.7957 31 9.85
      vertex 46.0646 29 10.2524
      vertex 45.7957 29 9.85
    endloop
  endfacet
  facet normal -0.442331 0 -0.896852
    outer loop
      vertex 50.4159 29 11.4184
      vertex 50.85 31 11.2043
      vertex 50.85 29 11.2043
    endloop
  endfacet
  facet normal -0.442331 0 -0.896852
    outer loop
      vertex 50.85 31 11.2043
      vertex 50.4159 29 11.4184
      vertex 50.4159 31 11.4184
    endloop
  endfacet
  facet normal 0.0654012 0 0.997859
    outer loop
      vertex 48.5171 31 4.33165
      vertex 49 29 4.3
      vertex 49 31 4.3
    endloop
  endfacet
  facet normal 0.0654012 0 0.997859
    outer loop
      vertex 49 29 4.3
      vertex 48.5171 31 4.33165
      vertex 48.5171 29 4.33165
    endloop
  endfacet
  facet normal 0.89684 0 -0.442356
    outer loop
      vertex 45.7957 29 9.85
      vertex 45.5816 31 9.41593
      vertex 45.7957 31 9.85
    endloop
  endfacet
  facet normal 0.89684 0 -0.442356
    outer loop
      vertex 45.5816 31 9.41593
      vertex 45.7957 29 9.85
      vertex 45.5816 29 9.41593
    endloop
  endfacet
  facet normal 0.659309 0 -0.751872
    outer loop
      vertex 46.3837 29 10.6163
      vertex 46.7476 31 10.9354
      vertex 46.7476 29 10.9354
    endloop
  endfacet
  facet normal 0.659309 0 -0.751872
    outer loop
      vertex 46.7476 31 10.9354
      vertex 46.3837 29 10.6163
      vertex 46.3837 31 10.6163
    endloop
  endfacet
  facet normal 0.555606 0 -0.831446
    outer loop
      vertex 46.7476 29 10.9354
      vertex 47.15 31 11.2043
      vertex 47.15 29 11.2043
    endloop
  endfacet
  facet normal 0.555606 0 -0.831446
    outer loop
      vertex 47.15 31 11.2043
      vertex 46.7476 29 10.9354
      vertex 46.7476 31 10.9354
    endloop
  endfacet
  facet normal 0.980793 0 -0.195051
    outer loop
      vertex 45.4261 29 8.95763
      vertex 45.3317 31 8.48295
      vertex 45.4261 31 8.95763
    endloop
  endfacet
  facet normal 0.980793 0 -0.195051
    outer loop
      vertex 45.3317 31 8.48295
      vertex 45.4261 29 8.95763
      vertex 45.3317 29 8.48295
    endloop
  endfacet
  facet normal -0.0654012 0 0.997859
    outer loop
      vertex 49 31 4.3
      vertex 49.4829 29 4.33165
      vertex 49.4829 31 4.33165
    endloop
  endfacet
  facet normal -0.0654012 0 0.997859
    outer loop
      vertex 49.4829 29 4.33165
      vertex 49 31 4.3
      vertex 49 29 4.3
    endloop
  endfacet
  facet normal 0.946975 -0 0.321306
    outer loop
      vertex 45.4261 29 7.04237
      vertex 45.5816 31 6.58407
      vertex 45.4261 31 7.04237
    endloop
  endfacet
  facet normal 0.946975 0 0.321306
    outer loop
      vertex 45.5816 31 6.58407
      vertex 45.4261 29 7.04237
      vertex 45.5816 29 6.58407
    endloop
  endfacet
  facet normal -0.0655041 0 -0.997852
    outer loop
      vertex 49 29 11.7
      vertex 49.4829 31 11.6683
      vertex 49.4829 29 11.6683
    endloop
  endfacet
  facet normal -0.0655041 0 -0.997852
    outer loop
      vertex 49.4829 31 11.6683
      vertex 49 29 11.7
      vertex 49 31 11.7
    endloop
  endfacet
  facet normal -0.997853 0 0.0654973
    outer loop
      vertex 52.6683 29 7.51705
      vertex 52.7 31 8
      vertex 52.6683 31 7.51705
    endloop
  endfacet
  facet normal -0.997853 0 0.0654973
    outer loop
      vertex 52.7 31 8
      vertex 52.6683 29 7.51705
      vertex 52.7 29 8
    endloop
  endfacet
  facet normal -0.195083 0 0.980787
    outer loop
      vertex 49.4829 31 4.33165
      vertex 49.9576 29 4.42607
      vertex 49.9576 31 4.42607
    endloop
  endfacet
  facet normal -0.195083 0 0.980787
    outer loop
      vertex 49.9576 29 4.42607
      vertex 49.4829 31 4.33165
      vertex 49.4829 29 4.33165
    endloop
  endfacet
  facet normal -0.751872 0 -0.659309
    outer loop
      vertex 51.9354 29 10.2524
      vertex 51.6163 31 10.6163
      vertex 51.9354 31 10.2524
    endloop
  endfacet
  facet normal -0.751872 -0 -0.659309
    outer loop
      vertex 51.6163 31 10.6163
      vertex 51.9354 29 10.2524
      vertex 51.6163 29 10.6163
    endloop
  endfacet
  facet normal 0.0655041 0 -0.997852
    outer loop
      vertex 48.5171 29 11.6683
      vertex 49 31 11.7
      vertex 49 29 11.7
    endloop
  endfacet
  facet normal 0.0655041 0 -0.997852
    outer loop
      vertex 49 31 11.7
      vertex 48.5171 29 11.6683
      vertex 48.5171 31 11.6683
    endloop
  endfacet
  facet normal 0.195083 0 0.980787
    outer loop
      vertex 48.0424 31 4.42607
      vertex 48.5171 29 4.33165
      vertex 48.5171 31 4.33165
    endloop
  endfacet
  facet normal 0.195083 0 0.980787
    outer loop
      vertex 48.5171 29 4.33165
      vertex 48.0424 31 4.42607
      vertex 48.0424 29 4.42607
    endloop
  endfacet
  facet normal 0.195043 0 -0.980795
    outer loop
      vertex 48.0424 29 11.5739
      vertex 48.5171 31 11.6683
      vertex 48.5171 29 11.6683
    endloop
  endfacet
  facet normal 0.195043 0 -0.980795
    outer loop
      vertex 48.5171 31 11.6683
      vertex 48.0424 29 11.5739
      vertex 48.0424 31 11.5739
    endloop
  endfacet
  facet normal 0.997853 -0 0.0654973
    outer loop
      vertex 45.3 29 8
      vertex 45.3317 31 7.51705
      vertex 45.3 31 8
    endloop
  endfacet
  facet normal 0.997853 0 0.0654973
    outer loop
      vertex 45.3317 31 7.51705
      vertex 45.3 29 8
      vertex 45.3317 29 7.51705
    endloop
  endfacet
  facet normal 0.442265 0 0.896885
    outer loop
      vertex 47.15 31 4.79571
      vertex 47.5841 29 4.58165
      vertex 47.5841 31 4.58165
    endloop
  endfacet
  facet normal 0.442265 0 0.896885
    outer loop
      vertex 47.5841 29 4.58165
      vertex 47.15 31 4.79571
      vertex 47.15 29 4.79571
    endloop
  endfacet
  facet normal 0.831459 -0 0.555587
    outer loop
      vertex 45.7957 29 6.15
      vertex 46.0646 31 5.74758
      vertex 45.7957 31 6.15
    endloop
  endfacet
  facet normal 0.831459 0 0.555587
    outer loop
      vertex 46.0646 31 5.74758
      vertex 45.7957 29 6.15
      vertex 46.0646 29 5.74758
    endloop
  endfacet
  facet normal 0.65932 0 0.751862
    outer loop
      vertex 46.3837 31 5.3837
      vertex 46.7476 29 5.06459
      vertex 46.7476 31 5.06459
    endloop
  endfacet
  facet normal 0.65932 0 0.751862
    outer loop
      vertex 46.7476 29 5.06459
      vertex 46.3837 31 5.3837
      vertex 46.3837 29 5.3837
    endloop
  endfacet
endsolid OpenSCAD_Model
