solid OpenSCAD_Model
  facet normal 0.321446 -0.946928 0
    outer loop
      vertex 57.7765 0.102219 0
      vertex 58.1481 0.228363 20.6
      vertex 57.7765 0.102219 20.6
    endloop
  endfacet
  facet normal 0.321446 -0.946928 0
    outer loop
      vertex 58.1481 0.228363 20.6
      vertex 57.7765 0.102219 0
      vertex 58.1481 0.228363 0
    endloop
  endfacet
  facet normal 0 -1 0
    outer loop
      vertex 3 0 20.6
      vertex 9.2 0 7.5
      vertex 9.2 0 20.6
    endloop
  endfacet
  facet normal 0 -1 0
    outer loop
      vertex 3 0 0
      vertex 10 0 7.5
      vertex 9.2 0 7.5
    endloop
  endfacet
  facet normal 0 -1 -0
    outer loop
      vertex 10 0 7.5
      vertex 3 0 0
      vertex 18 0 7.5
    endloop
  endfacet
  facet normal 0 -1 -0
    outer loop
      vertex 18 0 7.5
      vertex 3 0 0
      vertex 18.8 0 7.5
    endloop
  endfacet
  facet normal 0 -1 -0
    outer loop
      vertex 18.8 0 7.5
      vertex 3 0 0
      vertex 31.2 0 7.5
    endloop
  endfacet
  facet normal 0 -1 0
    outer loop
      vertex 57 0 0
      vertex 31.2 0 7.5
      vertex 3 0 0
    endloop
  endfacet
  facet normal 0 -1 0
    outer loop
      vertex 31.2 0 7.5
      vertex 57 0 0
      vertex 32 0 7.5
    endloop
  endfacet
  facet normal 0 -1 0
    outer loop
      vertex 32 0 7.5
      vertex 57 0 0
      vertex 40 0 7.5
    endloop
  endfacet
  facet normal 0 -1 0
    outer loop
      vertex 3 0 0
      vertex 9.2 0 7.5
      vertex 3 0 20.6
    endloop
  endfacet
  facet normal 0 -1 0
    outer loop
      vertex 10 0 7.5
      vertex 18 0 20.6
      vertex 10 0 20.6
    endloop
  endfacet
  facet normal 0 -1 -0
    outer loop
      vertex 18 0 20.6
      vertex 10 0 7.5
      vertex 18 0 7.5
    endloop
  endfacet
  facet normal 0 -1 0
    outer loop
      vertex 18.8 0 7.5
      vertex 31.2 0 20.6
      vertex 18.8 0 20.6
    endloop
  endfacet
  facet normal 0 -1 -0
    outer loop
      vertex 31.2 0 20.6
      vertex 18.8 0 7.5
      vertex 31.2 0 7.5
    endloop
  endfacet
  facet normal 0 -1 0
    outer loop
      vertex 32 0 7.5
      vertex 40 0 20.6
      vertex 32 0 20.6
    endloop
  endfacet
  facet normal 0 -1 -0
    outer loop
      vertex 40 0 20.6
      vertex 32 0 7.5
      vertex 40 0 7.5
    endloop
  endfacet
  facet normal 0 -1 0
    outer loop
      vertex 40.8 0 7.5
      vertex 57 0 20.6
      vertex 40.8 0 20.6
    endloop
  endfacet
  facet normal 0 -1 0
    outer loop
      vertex 40.8 0 7.5
      vertex 57 0 0
      vertex 57 0 20.6
    endloop
  endfacet
  facet normal 0 -1 0
    outer loop
      vertex 40 0 7.5
      vertex 57 0 0
      vertex 40.8 0 7.5
    endloop
  endfacet
  facet normal 0.195072 -0.980789 0
    outer loop
      vertex 57.3916 0.0256653 0
      vertex 57.7765 0.102219 20.6
      vertex 57.3916 0.0256653 20.6
    endloop
  endfacet
  facet normal 0.195072 -0.980789 0
    outer loop
      vertex 57.7765 0.102219 20.6
      vertex 57.3916 0.0256653 0
      vertex 57.7765 0.102219 0
    endloop
  endfacet
  facet normal 0.751724 0.659478 0
    outer loop
      vertex 59.3801 29.8263 20.6
      vertex 59.1213 30.1213 0
      vertex 59.1213 30.1213 20.6
    endloop
  endfacet
  facet normal 0.751724 0.659478 0
    outer loop
      vertex 59.1213 30.1213 0
      vertex 59.3801 29.8263 20.6
      vertex 59.3801 29.8263 0
    endloop
  endfacet
  facet normal 0.0654873 0.997853 -0
    outer loop
      vertex 57.3916 30.9743 0
      vertex 57 31 20.6
      vertex 57.3916 30.9743 20.6
    endloop
  endfacet
  facet normal 0.0654873 0.997853 0
    outer loop
      vertex 57 31 20.6
      vertex 57.3916 30.9743 0
      vertex 57 31 0
    endloop
  endfacet
  facet normal 0.0653993 -0.997859 0
    outer loop
      vertex 57 0 0
      vertex 57.3916 0.0256653 20.6
      vertex 57 0 20.6
    endloop
  endfacet
  facet normal 0.0653993 -0.997859 0
    outer loop
      vertex 57.3916 0.0256653 20.6
      vertex 57 0 0
      vertex 57.3916 0.0256653 0
    endloop
  endfacet
  facet normal -0.896876 -0.442281 0
    outer loop
      vertex 0.401917 1.5 0
      vertex 0.228363 1.85194 20.6
      vertex 0.228363 1.85194 0
    endloop
  endfacet
  facet normal -0.896876 -0.442281 0
    outer loop
      vertex 0.228363 1.85194 20.6
      vertex 0.401917 1.5 0
      vertex 0.401917 1.5 20.6
    endloop
  endfacet
  facet normal -0.0654043 -0.997859 0
    outer loop
      vertex 2.60843 0.0256653 0
      vertex 3 0 20.6
      vertex 2.60843 0.0256653 20.6
    endloop
  endfacet
  facet normal -0.0654043 -0.997859 -0
    outer loop
      vertex 3 0 20.6
      vertex 2.60843 0.0256653 0
      vertex 3 0 0
    endloop
  endfacet
  facet normal -0.321446 -0.946928 0
    outer loop
      vertex 1.85194 0.228363 0
      vertex 2.22354 0.102219 20.6
      vertex 1.85194 0.228363 20.6
    endloop
  endfacet
  facet normal -0.321446 -0.946928 -0
    outer loop
      vertex 2.22354 0.102219 20.6
      vertex 1.85194 0.228363 0
      vertex 2.22354 0.102219 0
    endloop
  endfacet
  facet normal -0.659424 0.751771 0
    outer loop
      vertex 1.17372 30.3801 0
      vertex 0.878677 30.1213 20.6
      vertex 1.17372 30.3801 20.6
    endloop
  endfacet
  facet normal -0.659424 0.751771 0
    outer loop
      vertex 0.878677 30.1213 20.6
      vertex 1.17372 30.3801 0
      vertex 0.878677 30.1213 0
    endloop
  endfacet
  facet normal -0.896856 0.442322 0
    outer loop
      vertex 0.228363 29.1481 0
      vertex 0.401917 29.5 20.6
      vertex 0.401917 29.5 0
    endloop
  endfacet
  facet normal -0.896856 0.442322 0
    outer loop
      vertex 0.401917 29.5 20.6
      vertex 0.228363 29.1481 0
      vertex 0.228363 29.1481 20.6
    endloop
  endfacet
  facet normal -0.442171 0.896931 0
    outer loop
      vertex 1.85194 30.7716 0
      vertex 1.5 30.5981 20.6
      vertex 1.85194 30.7716 20.6
    endloop
  endfacet
  facet normal -0.442171 0.896931 0
    outer loop
      vertex 1.5 30.5981 20.6
      vertex 1.85194 30.7716 0
      vertex 1.5 30.5981 0
    endloop
  endfacet
  facet normal 1 0 0
    outer loop
      vertex 60 19.2179 15.3605
      vertex 60 28 20.6
      vertex 60 19.25 15.85
    endloop
  endfacet
  facet normal 1 0 0
    outer loop
      vertex 60 28 20.6
      vertex 60 19.2179 16.3395
      vertex 60 19.25 15.85
    endloop
  endfacet
  facet normal 1 0 0
    outer loop
      vertex 60 28 20.6
      vertex 60 19.1222 16.8206
      vertex 60 19.2179 16.3395
    endloop
  endfacet
  facet normal 1 0 0
    outer loop
      vertex 60 28 20.6
      vertex 60 18.9645 17.2851
      vertex 60 19.1222 16.8206
    endloop
  endfacet
  facet normal 1 0 0
    outer loop
      vertex 60 28 20.6
      vertex 60 18.7476 17.725
      vertex 60 18.9645 17.2851
    endloop
  endfacet
  facet normal 1 0 0
    outer loop
      vertex 60 28 20.6
      vertex 60 18.4751 18.1329
      vertex 60 18.7476 17.725
    endloop
  endfacet
  facet normal 1 0 0
    outer loop
      vertex 60 28 20.6
      vertex 60 18.1516 18.5016
      vertex 60 18.4751 18.1329
    endloop
  endfacet
  facet normal 1 0 0
    outer loop
      vertex 60 28 20.6
      vertex 60 17.7829 18.8251
      vertex 60 18.1516 18.5016
    endloop
  endfacet
  facet normal 1 0 0
    outer loop
      vertex 60 28 20.6
      vertex 60 17.375 19.0976
      vertex 60 17.7829 18.8251
    endloop
  endfacet
  facet normal 1 0 0
    outer loop
      vertex 60 28 20.6
      vertex 60 16.9351 19.3145
      vertex 60 17.375 19.0976
    endloop
  endfacet
  facet normal 1 0 0
    outer loop
      vertex 60 28 20.6
      vertex 60 16.4706 19.4722
      vertex 60 16.9351 19.3145
    endloop
  endfacet
  facet normal 1 0 0
    outer loop
      vertex 60 28 20.6
      vertex 60 15.9895 19.5679
      vertex 60 16.4706 19.4722
    endloop
  endfacet
  facet normal 1 0 0
    outer loop
      vertex 60 28 20.6
      vertex 60 15.5 19.6
      vertex 60 15.9895 19.5679
    endloop
  endfacet
  facet normal 1 -0 0
    outer loop
      vertex 60 3 20.6
      vertex 60 15.5 19.6
      vertex 60 28 20.6
    endloop
  endfacet
  facet normal 1 0 0
    outer loop
      vertex 60 11.7821 16.3395
      vertex 60 3 20.6
      vertex 60 11.75 15.85
    endloop
  endfacet
  facet normal 1 0 0
    outer loop
      vertex 60 11.8778 16.8206
      vertex 60 3 20.6
      vertex 60 11.7821 16.3395
    endloop
  endfacet
  facet normal 1 0 0
    outer loop
      vertex 60 12.0355 17.2851
      vertex 60 3 20.6
      vertex 60 11.8778 16.8206
    endloop
  endfacet
  facet normal 1 0 0
    outer loop
      vertex 60 12.2524 17.725
      vertex 60 3 20.6
      vertex 60 12.0355 17.2851
    endloop
  endfacet
  facet normal 1 0 0
    outer loop
      vertex 60 12.5249 18.1329
      vertex 60 3 20.6
      vertex 60 12.2524 17.725
    endloop
  endfacet
  facet normal 1 0 0
    outer loop
      vertex 60 12.8483 18.5016
      vertex 60 3 20.6
      vertex 60 12.5249 18.1329
    endloop
  endfacet
  facet normal 1 0 0
    outer loop
      vertex 60 13.2171 18.8251
      vertex 60 3 20.6
      vertex 60 12.8483 18.5016
    endloop
  endfacet
  facet normal 1 0 0
    outer loop
      vertex 60 13.625 19.0976
      vertex 60 3 20.6
      vertex 60 13.2171 18.8251
    endloop
  endfacet
  facet normal 1 0 0
    outer loop
      vertex 60 14.0649 19.3145
      vertex 60 3 20.6
      vertex 60 13.625 19.0976
    endloop
  endfacet
  facet normal 1 0 0
    outer loop
      vertex 60 14.5294 19.4722
      vertex 60 3 20.6
      vertex 60 14.0649 19.3145
    endloop
  endfacet
  facet normal 1 0 0
    outer loop
      vertex 60 15.0105 19.5679
      vertex 60 3 20.6
      vertex 60 14.5294 19.4722
    endloop
  endfacet
  facet normal 1 0 0
    outer loop
      vertex 60 15.5 19.6
      vertex 60 3 20.6
      vertex 60 15.0105 19.5679
    endloop
  endfacet
  facet normal 1 0 0
    outer loop
      vertex 60 19.1222 14.8794
      vertex 60 28 20.6
      vertex 60 19.2179 15.3605
    endloop
  endfacet
  facet normal 1 0 0
    outer loop
      vertex 60 18.9645 14.4149
      vertex 60 28 20.6
      vertex 60 19.1222 14.8794
    endloop
  endfacet
  facet normal 1 0 0
    outer loop
      vertex 60 28 20.6
      vertex 60 18.9645 14.4149
      vertex 60 28 0
    endloop
  endfacet
  facet normal 1 -0 0
    outer loop
      vertex 60 18.7476 13.975
      vertex 60 28 0
      vertex 60 18.9645 14.4149
    endloop
  endfacet
  facet normal 1 -0 0
    outer loop
      vertex 60 18.4751 13.5671
      vertex 60 28 0
      vertex 60 18.7476 13.975
    endloop
  endfacet
  facet normal 1 -0 0
    outer loop
      vertex 60 18.1516 13.1983
      vertex 60 28 0
      vertex 60 18.4751 13.5671
    endloop
  endfacet
  facet normal 1 -0 0
    outer loop
      vertex 60 17.7829 12.8749
      vertex 60 28 0
      vertex 60 18.1516 13.1983
    endloop
  endfacet
  facet normal 1 -0 0
    outer loop
      vertex 60 17.375 12.6024
      vertex 60 28 0
      vertex 60 17.7829 12.8749
    endloop
  endfacet
  facet normal 1 -0 0
    outer loop
      vertex 60 16.9351 12.3855
      vertex 60 28 0
      vertex 60 17.375 12.6024
    endloop
  endfacet
  facet normal 1 -0 0
    outer loop
      vertex 60 16.4706 12.2278
      vertex 60 28 0
      vertex 60 16.9351 12.3855
    endloop
  endfacet
  facet normal 1 -0 0
    outer loop
      vertex 60 15.9895 12.1321
      vertex 60 28 0
      vertex 60 16.4706 12.2278
    endloop
  endfacet
  facet normal 1 -0 0
    outer loop
      vertex 60 15.5 12.1
      vertex 60 28 0
      vertex 60 15.9895 12.1321
    endloop
  endfacet
  facet normal 1 0 0
    outer loop
      vertex 60 3 0
      vertex 60 15.5 12.1
      vertex 60 15.0105 12.1321
    endloop
  endfacet
  facet normal 1 0 0
    outer loop
      vertex 60 3 0
      vertex 60 15.0105 12.1321
      vertex 60 14.5294 12.2278
    endloop
  endfacet
  facet normal 1 0 0
    outer loop
      vertex 60 3 0
      vertex 60 14.5294 12.2278
      vertex 60 14.0649 12.3855
    endloop
  endfacet
  facet normal 1 0 0
    outer loop
      vertex 60 3 0
      vertex 60 14.0649 12.3855
      vertex 60 13.625 12.6024
    endloop
  endfacet
  facet normal 1 0 0
    outer loop
      vertex 60 3 0
      vertex 60 13.625 12.6024
      vertex 60 13.2171 12.8749
    endloop
  endfacet
  facet normal 1 0 0
    outer loop
      vertex 60 3 20.6
      vertex 60 11.7821 15.3605
      vertex 60 11.75 15.85
    endloop
  endfacet
  facet normal 1 0 0
    outer loop
      vertex 60 3 20.6
      vertex 60 11.8778 14.8794
      vertex 60 11.7821 15.3605
    endloop
  endfacet
  facet normal 1 0 0
    outer loop
      vertex 60 3 20.6
      vertex 60 12.0355 14.4149
      vertex 60 11.8778 14.8794
    endloop
  endfacet
  facet normal 1 0 0
    outer loop
      vertex 60 3 0
      vertex 60 12.0355 14.4149
      vertex 60 3 20.6
    endloop
  endfacet
  facet normal 1 0 0
    outer loop
      vertex 60 12.0355 14.4149
      vertex 60 3 0
      vertex 60 12.2524 13.975
    endloop
  endfacet
  facet normal 1 0 0
    outer loop
      vertex 60 12.2524 13.975
      vertex 60 3 0
      vertex 60 12.5249 13.5671
    endloop
  endfacet
  facet normal 1 0 0
    outer loop
      vertex 60 12.5249 13.5671
      vertex 60 3 0
      vertex 60 12.8483 13.1983
    endloop
  endfacet
  facet normal 1 0 0
    outer loop
      vertex 60 12.8483 13.1983
      vertex 60 3 0
      vertex 60 13.2171 12.8749
    endloop
  endfacet
  facet normal 1 0 0
    outer loop
      vertex 60 15.5 12.1
      vertex 60 3 0
      vertex 60 28 0
    endloop
  endfacet
  facet normal -1 0 0
    outer loop
      vertex 0 18.12 12.5
      vertex 0 28 0
      vertex 0 18.12 3.5
    endloop
  endfacet
  facet normal -1 0 0
    outer loop
      vertex 0 3 0
      vertex 0 18.12 3.5
      vertex 0 28 0
    endloop
  endfacet
  facet normal -1 -0 0
    outer loop
      vertex 0 5.12 3.5
      vertex 0 3 0
      vertex 0 5.12 12.5
    endloop
  endfacet
  facet normal -1 -0 0
    outer loop
      vertex 0 18.12 3.5
      vertex 0 3 0
      vertex 0 5.12 3.5
    endloop
  endfacet
  facet normal -1 0 0
    outer loop
      vertex 0 28 0
      vertex 0 18.12 12.5
      vertex 0 28 20.6
    endloop
  endfacet
  facet normal -1 0 0
    outer loop
      vertex 0 3 20.6
      vertex 0 18.12 12.5
      vertex 0 5.12 12.5
    endloop
  endfacet
  facet normal -1 0 0
    outer loop
      vertex 0 18.12 12.5
      vertex 0 3 20.6
      vertex 0 28 20.6
    endloop
  endfacet
  facet normal -1 0 0
    outer loop
      vertex 0 3 20.6
      vertex 0 5.12 12.5
      vertex 0 3 0
    endloop
  endfacet
  facet normal -0.0654923 0.997853 0
    outer loop
      vertex 3 31 0
      vertex 2.60843 30.9743 20.6
      vertex 3 31 20.6
    endloop
  endfacet
  facet normal -0.0654923 0.997853 0
    outer loop
      vertex 2.60843 30.9743 20.6
      vertex 3 31 0
      vertex 2.60843 30.9743 0
    endloop
  endfacet
  facet normal 0.321574 0.946885 -0
    outer loop
      vertex 58.1481 30.7716 0
      vertex 57.7765 30.8978 20.6
      vertex 58.1481 30.7716 20.6
    endloop
  endfacet
  facet normal 0.321574 0.946885 0
    outer loop
      vertex 57.7765 30.8978 20.6
      vertex 58.1481 30.7716 0
      vertex 57.7765 30.8978 0
    endloop
  endfacet
  facet normal -0.659342 -0.751843 0
    outer loop
      vertex 0.878677 0.878677 0
      vertex 1.17372 0.619934 20.6
      vertex 0.878677 0.878677 20.6
    endloop
  endfacet
  facet normal -0.659342 -0.751843 -0
    outer loop
      vertex 1.17372 0.619934 20.6
      vertex 0.878677 0.878677 0
      vertex 1.17372 0.619934 0
    endloop
  endfacet
  facet normal -0.946928 0.321446 0
    outer loop
      vertex 0.102219 28.7765 0
      vertex 0.228363 29.1481 20.6
      vertex 0.228363 29.1481 0
    endloop
  endfacet
  facet normal -0.946928 0.321446 0
    outer loop
      vertex 0.228363 29.1481 20.6
      vertex 0.102219 28.7765 0
      vertex 0.102219 28.7765 20.6
    endloop
  endfacet
  facet normal -0.195076 -0.980788 0
    outer loop
      vertex 2.22354 0.102219 0
      vertex 2.60843 0.0256653 20.6
      vertex 2.22354 0.102219 20.6
    endloop
  endfacet
  facet normal -0.195076 -0.980788 -0
    outer loop
      vertex 2.60843 0.0256653 20.6
      vertex 2.22354 0.102219 0
      vertex 2.60843 0.0256653 0
    endloop
  endfacet
  facet normal -0.751796 0.659396 0
    outer loop
      vertex 0.619934 29.8263 0
      vertex 0.878677 30.1213 20.6
      vertex 0.878677 30.1213 0
    endloop
  endfacet
  facet normal -0.751796 0.659396 0
    outer loop
      vertex 0.878677 30.1213 20.6
      vertex 0.619934 29.8263 0
      vertex 0.619934 29.8263 20.6
    endloop
  endfacet
  facet normal 0.980814 -0.194945 0
    outer loop
      vertex 59.8978 2.22354 20.6
      vertex 59.9743 2.60843 0
      vertex 59.9743 2.60843 20.6
    endloop
  endfacet
  facet normal 0.980814 -0.194945 0
    outer loop
      vertex 59.9743 2.60843 0
      vertex 59.8978 2.22354 20.6
      vertex 59.8978 2.22354 0
    endloop
  endfacet
  facet normal -0.442281 -0.896876 0
    outer loop
      vertex 1.5 0.401917 0
      vertex 1.85194 0.228363 20.6
      vertex 1.5 0.401917 20.6
    endloop
  endfacet
  facet normal -0.442281 -0.896876 -0
    outer loop
      vertex 1.85194 0.228363 20.6
      vertex 1.5 0.401917 0
      vertex 1.85194 0.228363 0
    endloop
  endfacet
  facet normal 0 1 0
    outer loop
      vertex 57 31 20.6
      vertex 49 31 11.7
      vertex 40.8 31 20.6
    endloop
  endfacet
  facet normal 0 1 0
    outer loop
      vertex 57 31 20.6
      vertex 49.4829 31 11.6683
      vertex 49 31 11.7
    endloop
  endfacet
  facet normal 0 1 0
    outer loop
      vertex 57 31 20.6
      vertex 49.9576 31 11.5739
      vertex 49.4829 31 11.6683
    endloop
  endfacet
  facet normal 0 1 0
    outer loop
      vertex 57 31 20.6
      vertex 50.4159 31 11.4184
      vertex 49.9576 31 11.5739
    endloop
  endfacet
  facet normal 0 1 0
    outer loop
      vertex 57 31 20.6
      vertex 50.85 31 11.2043
      vertex 50.4159 31 11.4184
    endloop
  endfacet
  facet normal 0 1 0
    outer loop
      vertex 57 31 20.6
      vertex 51.2524 31 10.9354
      vertex 50.85 31 11.2043
    endloop
  endfacet
  facet normal 0 1 0
    outer loop
      vertex 57 31 20.6
      vertex 51.6163 31 10.6163
      vertex 51.2524 31 10.9354
    endloop
  endfacet
  facet normal 0 1 0
    outer loop
      vertex 57 31 20.6
      vertex 51.9354 31 10.2524
      vertex 51.6163 31 10.6163
    endloop
  endfacet
  facet normal 0 1 0
    outer loop
      vertex 57 31 20.6
      vertex 52.2043 31 9.85
      vertex 51.9354 31 10.2524
    endloop
  endfacet
  facet normal 0 1 0
    outer loop
      vertex 57 31 20.6
      vertex 52.4184 31 9.41593
      vertex 52.2043 31 9.85
    endloop
  endfacet
  facet normal 0 1 0
    outer loop
      vertex 57 31 20.6
      vertex 52.5739 31 8.95763
      vertex 52.4184 31 9.41593
    endloop
  endfacet
  facet normal 0 1 0
    outer loop
      vertex 57 31 20.6
      vertex 52.6683 31 8.48295
      vertex 52.5739 31 8.95763
    endloop
  endfacet
  facet normal 0 1 -0
    outer loop
      vertex 57 31 0
      vertex 52.6683 31 8.48295
      vertex 57 31 20.6
    endloop
  endfacet
  facet normal 0 1 0
    outer loop
      vertex 52.6683 31 8.48295
      vertex 57 31 0
      vertex 52.7 31 8
    endloop
  endfacet
  facet normal 0 1 0
    outer loop
      vertex 52.7 31 8
      vertex 57 31 0
      vertex 52.6683 31 7.51705
    endloop
  endfacet
  facet normal 0 1 0
    outer loop
      vertex 49.4829 31 4.33165
      vertex 57 31 0
      vertex 49 31 4.3
    endloop
  endfacet
  facet normal 0 1 0
    outer loop
      vertex 49.9576 31 4.42607
      vertex 57 31 0
      vertex 49.4829 31 4.33165
    endloop
  endfacet
  facet normal 0 1 0
    outer loop
      vertex 50.4159 31 4.58165
      vertex 57 31 0
      vertex 49.9576 31 4.42607
    endloop
  endfacet
  facet normal 0 1 0
    outer loop
      vertex 50.85 31 4.79571
      vertex 57 31 0
      vertex 50.4159 31 4.58165
    endloop
  endfacet
  facet normal 0 1 0
    outer loop
      vertex 51.2524 31 5.06459
      vertex 57 31 0
      vertex 50.85 31 4.79571
    endloop
  endfacet
  facet normal 0 1 0
    outer loop
      vertex 51.6163 31 5.3837
      vertex 57 31 0
      vertex 51.2524 31 5.06459
    endloop
  endfacet
  facet normal 0 1 0
    outer loop
      vertex 51.9354 31 5.74758
      vertex 57 31 0
      vertex 51.6163 31 5.3837
    endloop
  endfacet
  facet normal 0 1 0
    outer loop
      vertex 52.2043 31 6.15
      vertex 57 31 0
      vertex 51.9354 31 5.74758
    endloop
  endfacet
  facet normal 0 1 0
    outer loop
      vertex 52.4184 31 6.58407
      vertex 57 31 0
      vertex 52.2043 31 6.15
    endloop
  endfacet
  facet normal 0 1 0
    outer loop
      vertex 52.5739 31 7.04237
      vertex 57 31 0
      vertex 52.4184 31 6.58407
    endloop
  endfacet
  facet normal 0 1 0
    outer loop
      vertex 52.6683 31 7.51705
      vertex 57 31 0
      vertex 52.5739 31 7.04237
    endloop
  endfacet
  facet normal 0 1 -0
    outer loop
      vertex 48.5171 31 11.6683
      vertex 40.8 31 20.6
      vertex 49 31 11.7
    endloop
  endfacet
  facet normal 0 1 -0
    outer loop
      vertex 48.0424 31 11.5739
      vertex 40.8 31 20.6
      vertex 48.5171 31 11.6683
    endloop
  endfacet
  facet normal 0 1 -0
    outer loop
      vertex 47.5841 31 11.4184
      vertex 40.8 31 20.6
      vertex 48.0424 31 11.5739
    endloop
  endfacet
  facet normal 0 1 -0
    outer loop
      vertex 47.15 31 11.2043
      vertex 40.8 31 20.6
      vertex 47.5841 31 11.4184
    endloop
  endfacet
  facet normal 0 1 -0
    outer loop
      vertex 46.7476 31 10.9354
      vertex 40.8 31 20.6
      vertex 47.15 31 11.2043
    endloop
  endfacet
  facet normal 0 1 -0
    outer loop
      vertex 46.3837 31 10.6163
      vertex 40.8 31 20.6
      vertex 46.7476 31 10.9354
    endloop
  endfacet
  facet normal 0 1 -0
    outer loop
      vertex 46.0646 31 10.2524
      vertex 40.8 31 20.6
      vertex 46.3837 31 10.6163
    endloop
  endfacet
  facet normal 0 1 0
    outer loop
      vertex 40.8 31 7.5
      vertex 46.0646 31 10.2524
      vertex 45.7957 31 9.85
    endloop
  endfacet
  facet normal 0 1 0
    outer loop
      vertex 40.8 31 7.5
      vertex 45.7957 31 9.85
      vertex 45.5816 31 9.41593
    endloop
  endfacet
  facet normal 0 1 0
    outer loop
      vertex 40.8 31 7.5
      vertex 45.5816 31 9.41593
      vertex 45.4261 31 8.95763
    endloop
  endfacet
  facet normal 0 1 0
    outer loop
      vertex 40.8 31 7.5
      vertex 45.4261 31 8.95763
      vertex 45.3317 31 8.48295
    endloop
  endfacet
  facet normal 0 1 0
    outer loop
      vertex 40.8 31 7.5
      vertex 45.3317 31 8.48295
      vertex 45.3 31 8
    endloop
  endfacet
  facet normal 0 1 0
    outer loop
      vertex 40.8 31 7.5
      vertex 45.3 31 8
      vertex 45.3317 31 7.51705
    endloop
  endfacet
  facet normal 0 1 0
    outer loop
      vertex 46.0646 31 10.2524
      vertex 40.8 31 7.5
      vertex 40.8 31 20.6
    endloop
  endfacet
  facet normal 0 1 0
    outer loop
      vertex 46.7476 31 5.06459
      vertex 40 31 7.5
      vertex 40.8 31 7.5
    endloop
  endfacet
  facet normal 0 1 0
    outer loop
      vertex 40 31 7.5
      vertex 47.15 31 4.79571
      vertex 32 31 7.5
    endloop
  endfacet
  facet normal 0 1 0
    outer loop
      vertex 47.5841 31 4.58165
      vertex 32 31 7.5
      vertex 47.15 31 4.79571
    endloop
  endfacet
  facet normal 0 1 0
    outer loop
      vertex 32 31 7.5
      vertex 47.5841 31 4.58165
      vertex 31.2 31 7.5
    endloop
  endfacet
  facet normal 0 1 0
    outer loop
      vertex 57 31 0
      vertex 31.2 31 7.5
      vertex 47.5841 31 4.58165
    endloop
  endfacet
  facet normal 0 1 0
    outer loop
      vertex 18 31 7.5
      vertex 3 31 0
      vertex 10 31 7.5
    endloop
  endfacet
  facet normal 0 1 0
    outer loop
      vertex 45.5816 31 6.58407
      vertex 40.8 31 7.5
      vertex 45.4261 31 7.04237
    endloop
  endfacet
  facet normal 0 1 0
    outer loop
      vertex 45.4261 31 7.04237
      vertex 40.8 31 7.5
      vertex 45.3317 31 7.51705
    endloop
  endfacet
  facet normal 0 1 -0
    outer loop
      vertex 40 31 7.5
      vertex 32 31 20.6
      vertex 40 31 20.6
    endloop
  endfacet
  facet normal 0 1 0
    outer loop
      vertex 32 31 20.6
      vertex 40 31 7.5
      vertex 32 31 7.5
    endloop
  endfacet
  facet normal 0 1 -0
    outer loop
      vertex 31.2 31 7.5
      vertex 18.8 31 20.6
      vertex 31.2 31 20.6
    endloop
  endfacet
  facet normal 0 1 0
    outer loop
      vertex 18.8 31 20.6
      vertex 31.2 31 7.5
      vertex 18.8 31 7.5
    endloop
  endfacet
  facet normal 0 1 -0
    outer loop
      vertex 18 31 7.5
      vertex 10 31 20.6
      vertex 18 31 20.6
    endloop
  endfacet
  facet normal 0 1 0
    outer loop
      vertex 10 31 20.6
      vertex 18 31 7.5
      vertex 10 31 7.5
    endloop
  endfacet
  facet normal 0 1 -0
    outer loop
      vertex 9.2 31 7.5
      vertex 3 31 20.6
      vertex 9.2 31 20.6
    endloop
  endfacet
  facet normal 0 1 0
    outer loop
      vertex 45.7957 31 6.15
      vertex 40.8 31 7.5
      vertex 45.5816 31 6.58407
    endloop
  endfacet
  facet normal 0 1 0
    outer loop
      vertex 46.0646 31 5.74758
      vertex 40.8 31 7.5
      vertex 45.7957 31 6.15
    endloop
  endfacet
  facet normal 0 1 0
    outer loop
      vertex 46.3837 31 5.3837
      vertex 40.8 31 7.5
      vertex 46.0646 31 5.74758
    endloop
  endfacet
  facet normal 0 1 0
    outer loop
      vertex 46.7476 31 5.06459
      vertex 40.8 31 7.5
      vertex 46.3837 31 5.3837
    endloop
  endfacet
  facet normal 0 1 0
    outer loop
      vertex 40 31 7.5
      vertex 46.7476 31 5.06459
      vertex 47.15 31 4.79571
    endloop
  endfacet
  facet normal 0 1 0
    outer loop
      vertex 18.8 31 7.5
      vertex 3 31 0
      vertex 18 31 7.5
    endloop
  endfacet
  facet normal 0 1 0
    outer loop
      vertex 31.2 31 7.5
      vertex 3 31 0
      vertex 18.8 31 7.5
    endloop
  endfacet
  facet normal 0 1 0
    outer loop
      vertex 57 31 0
      vertex 47.5841 31 4.58165
      vertex 48.0424 31 4.42607
    endloop
  endfacet
  facet normal 0 1 0
    outer loop
      vertex 57 31 0
      vertex 48.0424 31 4.42607
      vertex 48.5171 31 4.33165
    endloop
  endfacet
  facet normal 0 1 0
    outer loop
      vertex 57 31 0
      vertex 48.5171 31 4.33165
      vertex 49 31 4.3
    endloop
  endfacet
  facet normal 0 1 0
    outer loop
      vertex 31.2 31 7.5
      vertex 57 31 0
      vertex 3 31 0
    endloop
  endfacet
  facet normal 0 1 0
    outer loop
      vertex 9.2 31 7.5
      vertex 3 31 0
      vertex 3 31 20.6
    endloop
  endfacet
  facet normal 0 1 0
    outer loop
      vertex 10 31 7.5
      vertex 3 31 0
      vertex 9.2 31 7.5
    endloop
  endfacet
  facet normal 0.831501 0.555523 0
    outer loop
      vertex 59.5981 29.5 20.6
      vertex 59.3801 29.8263 0
      vertex 59.3801 29.8263 20.6
    endloop
  endfacet
  facet normal 0.831501 0.555523 0
    outer loop
      vertex 59.3801 29.8263 0
      vertex 59.5981 29.5 20.6
      vertex 59.5981 29.5 0
    endloop
  endfacet
  facet normal -0.321574 0.946885 0
    outer loop
      vertex 2.22354 30.8978 0
      vertex 1.85194 30.7716 20.6
      vertex 2.22354 30.8978 20.6
    endloop
  endfacet
  facet normal -0.321574 0.946885 0
    outer loop
      vertex 1.85194 30.7716 20.6
      vertex 2.22354 30.8978 0
      vertex 1.85194 30.7716 0
    endloop
  endfacet
  facet normal -0.831481 0.555553 0
    outer loop
      vertex 0.401917 29.5 0
      vertex 0.619934 29.8263 20.6
      vertex 0.619934 29.8263 0
    endloop
  endfacet
  facet normal -0.831481 0.555553 0
    outer loop
      vertex 0.619934 29.8263 20.6
      vertex 0.401917 29.5 0
      vertex 0.401917 29.5 20.6
    endloop
  endfacet
  facet normal -0.997859 0.0653993 0
    outer loop
      vertex 0 28 0
      vertex 0.0256653 28.3916 20.6
      vertex 0.0256653 28.3916 0
    endloop
  endfacet
  facet normal -0.997859 0.0653993 0
    outer loop
      vertex 0.0256653 28.3916 20.6
      vertex 0 28 0
      vertex 0 28 20.6
    endloop
  endfacet
  facet normal -0.555577 -0.831465 0
    outer loop
      vertex 1.17372 0.619934 0
      vertex 1.5 0.401917 20.6
      vertex 1.17372 0.619934 20.6
    endloop
  endfacet
  facet normal -0.555577 -0.831465 -0
    outer loop
      vertex 1.5 0.401917 20.6
      vertex 1.17372 0.619934 0
      vertex 1.5 0.401917 0
    endloop
  endfacet
  facet normal -0.194945 0.980814 0
    outer loop
      vertex 2.60843 30.9743 0
      vertex 2.22354 30.8978 20.6
      vertex 2.60843 30.9743 20.6
    endloop
  endfacet
  facet normal -0.194945 0.980814 0
    outer loop
      vertex 2.22354 30.8978 20.6
      vertex 2.60843 30.9743 0
      vertex 2.22354 30.8978 0
    endloop
  endfacet
  facet normal 0.896931 -0.442171 0
    outer loop
      vertex 59.5981 1.5 20.6
      vertex 59.7716 1.85194 0
      vertex 59.7716 1.85194 20.6
    endloop
  endfacet
  facet normal 0.896931 -0.442171 0
    outer loop
      vertex 59.7716 1.85194 0
      vertex 59.5981 1.5 20.6
      vertex 59.5981 1.5 0
    endloop
  endfacet
  facet normal 0.659396 -0.751796 0
    outer loop
      vertex 58.8263 0.619934 0
      vertex 59.1213 0.878677 20.6
      vertex 58.8263 0.619934 20.6
    endloop
  endfacet
  facet normal 0.659396 -0.751796 0
    outer loop
      vertex 59.1213 0.878677 20.6
      vertex 58.8263 0.619934 0
      vertex 59.1213 0.878677 0
    endloop
  endfacet
  facet normal 0.555523 0.831501 -0
    outer loop
      vertex 58.8263 30.3801 0
      vertex 58.5 30.5981 20.6
      vertex 58.8263 30.3801 20.6
    endloop
  endfacet
  facet normal 0.555523 0.831501 0
    outer loop
      vertex 58.5 30.5981 20.6
      vertex 58.8263 30.3801 0
      vertex 58.5 30.5981 0
    endloop
  endfacet
  facet normal 0.442211 0.896911 -0
    outer loop
      vertex 58.5 30.5981 0
      vertex 58.1481 30.7716 20.6
      vertex 58.5 30.5981 20.6
    endloop
  endfacet
  facet normal 0.442211 0.896911 0
    outer loop
      vertex 58.1481 30.7716 20.6
      vertex 58.5 30.5981 0
      vertex 58.1481 30.7716 0
    endloop
  endfacet
  facet normal 0.946885 0.321574 0
    outer loop
      vertex 59.8978 28.7765 20.6
      vertex 59.7716 29.1481 0
      vertex 59.7716 29.1481 20.6
    endloop
  endfacet
  facet normal 0.946885 0.321574 0
    outer loop
      vertex 59.7716 29.1481 0
      vertex 59.8978 28.7765 20.6
      vertex 59.8978 28.7765 0
    endloop
  endfacet
  facet normal 0.19494 0.980815 -0
    outer loop
      vertex 57.7765 30.8978 0
      vertex 57.3916 30.9743 20.6
      vertex 57.7765 30.8978 20.6
    endloop
  endfacet
  facet normal 0.19494 0.980815 0
    outer loop
      vertex 57.3916 30.9743 20.6
      vertex 57.7765 30.8978 0
      vertex 57.3916 30.9743 0
    endloop
  endfacet
  facet normal 0.997853 0.0654873 0
    outer loop
      vertex 60 28 20.6
      vertex 59.9743 28.3916 0
      vertex 59.9743 28.3916 20.6
    endloop
  endfacet
  facet normal 0.997853 0.0654873 0
    outer loop
      vertex 59.9743 28.3916 0
      vertex 60 28 20.6
      vertex 60 28 0
    endloop
  endfacet
  facet normal -0.555547 0.831485 0
    outer loop
      vertex 1.5 30.5981 0
      vertex 1.17372 30.3801 20.6
      vertex 1.5 30.5981 20.6
    endloop
  endfacet
  facet normal -0.555547 0.831485 0
    outer loop
      vertex 1.17372 30.3801 20.6
      vertex 1.5 30.5981 0
      vertex 1.17372 30.3801 0
    endloop
  endfacet
  facet normal 0.831485 -0.555547 0
    outer loop
      vertex 59.3801 1.17372 20.6
      vertex 59.5981 1.5 0
      vertex 59.5981 1.5 20.6
    endloop
  endfacet
  facet normal 0.831485 -0.555547 0
    outer loop
      vertex 59.5981 1.5 0
      vertex 59.3801 1.17372 20.6
      vertex 59.3801 1.17372 0
    endloop
  endfacet
  facet normal 0.751771 -0.659424 0
    outer loop
      vertex 59.1213 0.878677 20.6
      vertex 59.3801 1.17372 0
      vertex 59.3801 1.17372 20.6
    endloop
  endfacet
  facet normal 0.751771 -0.659424 0
    outer loop
      vertex 59.3801 1.17372 0
      vertex 59.1213 0.878677 20.6
      vertex 59.1213 0.878677 0
    endloop
  endfacet
  facet normal -0.997859 -0.0654043 0
    outer loop
      vertex 0.0256653 2.60843 0
      vertex 0 3 20.6
      vertex 0 3 0
    endloop
  endfacet
  facet normal -0.997859 -0.0654043 0
    outer loop
      vertex 0 3 20.6
      vertex 0.0256653 2.60843 0
      vertex 0.0256653 2.60843 20.6
    endloop
  endfacet
  facet normal -0.980789 0.195072 0
    outer loop
      vertex 0.0256653 28.3916 0
      vertex 0.102219 28.7765 20.6
      vertex 0.102219 28.7765 0
    endloop
  endfacet
  facet normal -0.980789 0.195072 0
    outer loop
      vertex 0.102219 28.7765 20.6
      vertex 0.0256653 28.3916 0
      vertex 0.0256653 28.3916 20.6
    endloop
  endfacet
  facet normal 0.946885 -0.321574 0
    outer loop
      vertex 59.7716 1.85194 20.6
      vertex 59.8978 2.22354 0
      vertex 59.8978 2.22354 20.6
    endloop
  endfacet
  facet normal 0.946885 -0.321574 0
    outer loop
      vertex 59.8978 2.22354 0
      vertex 59.7716 1.85194 20.6
      vertex 59.7716 1.85194 0
    endloop
  endfacet
  facet normal 0.659478 0.751724 -0
    outer loop
      vertex 59.1213 30.1213 0
      vertex 58.8263 30.3801 20.6
      vertex 59.1213 30.1213 20.6
    endloop
  endfacet
  facet normal 0.659478 0.751724 0
    outer loop
      vertex 58.8263 30.3801 20.6
      vertex 59.1213 30.1213 0
      vertex 58.8263 30.3801 0
    endloop
  endfacet
  facet normal 0.896911 0.442211 0
    outer loop
      vertex 59.7716 29.1481 20.6
      vertex 59.5981 29.5 0
      vertex 59.5981 29.5 20.6
    endloop
  endfacet
  facet normal 0.896911 0.442211 0
    outer loop
      vertex 59.5981 29.5 0
      vertex 59.7716 29.1481 20.6
      vertex 59.7716 29.1481 0
    endloop
  endfacet
  facet normal 0.980815 0.19494 0
    outer loop
      vertex 59.9743 28.3916 20.6
      vertex 59.8978 28.7765 0
      vertex 59.8978 28.7765 20.6
    endloop
  endfacet
  facet normal 0.980815 0.19494 0
    outer loop
      vertex 59.8978 28.7765 0
      vertex 59.9743 28.3916 20.6
      vertex 59.9743 28.3916 0
    endloop
  endfacet
  facet normal -0.980788 -0.195076 0
    outer loop
      vertex 0.102219 2.22354 0
      vertex 0.0256653 2.60843 20.6
      vertex 0.0256653 2.60843 0
    endloop
  endfacet
  facet normal -0.980788 -0.195076 0
    outer loop
      vertex 0.0256653 2.60843 20.6
      vertex 0.102219 2.22354 0
      vertex 0.102219 2.22354 20.6
    endloop
  endfacet
  facet normal -0.946928 -0.321446 0
    outer loop
      vertex 0.228363 1.85194 0
      vertex 0.102219 2.22354 20.6
      vertex 0.102219 2.22354 0
    endloop
  endfacet
  facet normal -0.946928 -0.321446 0
    outer loop
      vertex 0.102219 2.22354 20.6
      vertex 0.228363 1.85194 0
      vertex 0.228363 1.85194 20.6
    endloop
  endfacet
  facet normal -0.831465 -0.555577 0
    outer loop
      vertex 0.619934 1.17372 0
      vertex 0.401917 1.5 20.6
      vertex 0.401917 1.5 0
    endloop
  endfacet
  facet normal -0.831465 -0.555577 0
    outer loop
      vertex 0.401917 1.5 20.6
      vertex 0.619934 1.17372 0
      vertex 0.619934 1.17372 20.6
    endloop
  endfacet
  facet normal -0.751843 -0.659342 0
    outer loop
      vertex 0.878677 0.878677 0
      vertex 0.619934 1.17372 20.6
      vertex 0.619934 1.17372 0
    endloop
  endfacet
  facet normal -0.751843 -0.659342 0
    outer loop
      vertex 0.619934 1.17372 20.6
      vertex 0.878677 0.878677 0
      vertex 0.878677 0.878677 20.6
    endloop
  endfacet
  facet normal 0 0 -1
    outer loop
      vertex 57 0 0
      vertex 60 3 0
      vertex 59.9743 2.60843 0
    endloop
  endfacet
  facet normal -0 0 -1
    outer loop
      vertex 60 3 0
      vertex 57 0 0
      vertex 60 28 0
    endloop
  endfacet
  facet normal 0 0 -1
    outer loop
      vertex 57 0 0
      vertex 59.9743 2.60843 0
      vertex 59.8978 2.22354 0
    endloop
  endfacet
  facet normal 0 0 -1
    outer loop
      vertex 57 31 0
      vertex 60 28 0
      vertex 57 0 0
    endloop
  endfacet
  facet normal 0 0 -1
    outer loop
      vertex 57 0 0
      vertex 59.8978 2.22354 0
      vertex 59.7716 1.85194 0
    endloop
  endfacet
  facet normal 0 0 -1
    outer loop
      vertex 60 28 0
      vertex 57 31 0
      vertex 59.9743 28.3916 0
    endloop
  endfacet
  facet normal 0 0 -1
    outer loop
      vertex 57 0 0
      vertex 59.7716 1.85194 0
      vertex 59.5981 1.5 0
    endloop
  endfacet
  facet normal 0 0 -1
    outer loop
      vertex 59.9743 28.3916 0
      vertex 57 31 0
      vertex 59.8978 28.7765 0
    endloop
  endfacet
  facet normal 0 0 -1
    outer loop
      vertex 57 0 0
      vertex 59.5981 1.5 0
      vertex 59.3801 1.17372 0
    endloop
  endfacet
  facet normal 0 0 -1
    outer loop
      vertex 59.8978 28.7765 0
      vertex 57 31 0
      vertex 59.7716 29.1481 0
    endloop
  endfacet
  facet normal 0 0 -1
    outer loop
      vertex 57 0 0
      vertex 59.3801 1.17372 0
      vertex 59.1213 0.878677 0
    endloop
  endfacet
  facet normal 0 0 -1
    outer loop
      vertex 59.7716 29.1481 0
      vertex 57 31 0
      vertex 59.5981 29.5 0
    endloop
  endfacet
  facet normal 0 0 -1
    outer loop
      vertex 57 0 0
      vertex 59.1213 0.878677 0
      vertex 58.8263 0.619934 0
    endloop
  endfacet
  facet normal 0 0 -1
    outer loop
      vertex 59.5981 29.5 0
      vertex 57 31 0
      vertex 59.3801 29.8263 0
    endloop
  endfacet
  facet normal 0 0 -1
    outer loop
      vertex 57 0 0
      vertex 58.8263 0.619934 0
      vertex 58.5 0.401917 0
    endloop
  endfacet
  facet normal 0 0 -1
    outer loop
      vertex 59.3801 29.8263 0
      vertex 57 31 0
      vertex 59.1213 30.1213 0
    endloop
  endfacet
  facet normal 0 0 -1
    outer loop
      vertex 57 0 0
      vertex 58.5 0.401917 0
      vertex 58.1481 0.228363 0
    endloop
  endfacet
  facet normal 0 0 -1
    outer loop
      vertex 59.1213 30.1213 0
      vertex 57 31 0
      vertex 58.8263 30.3801 0
    endloop
  endfacet
  facet normal 0 0 -1
    outer loop
      vertex 57 0 0
      vertex 58.1481 0.228363 0
      vertex 57.7765 0.102219 0
    endloop
  endfacet
  facet normal 0 0 -1
    outer loop
      vertex 58.8263 30.3801 0
      vertex 57 31 0
      vertex 58.5 30.5981 0
    endloop
  endfacet
  facet normal 0 0 -1
    outer loop
      vertex 57 0 0
      vertex 57.7765 0.102219 0
      vertex 57.3916 0.0256653 0
    endloop
  endfacet
  facet normal 0 0 -1
    outer loop
      vertex 58.5 30.5981 0
      vertex 57 31 0
      vertex 58.1481 30.7716 0
    endloop
  endfacet
  facet normal 0 0 -1
    outer loop
      vertex 58.1481 30.7716 0
      vertex 57 31 0
      vertex 57.7765 30.8978 0
    endloop
  endfacet
  facet normal 0 0 -1
    outer loop
      vertex 57.7765 30.8978 0
      vertex 57 31 0
      vertex 57.3916 30.9743 0
    endloop
  endfacet
  facet normal 0 0 -1
    outer loop
      vertex 3 0 0
      vertex 57 31 0
      vertex 57 0 0
    endloop
  endfacet
  facet normal 0 0 -1
    outer loop
      vertex 3 0 0
      vertex 3 31 0
      vertex 57 31 0
    endloop
  endfacet
  facet normal 0 0 -1
    outer loop
      vertex 0 3 0
      vertex 3 0 0
      vertex 2.60843 0.0256653 0
    endloop
  endfacet
  facet normal 0 0 -1
    outer loop
      vertex 3 0 0
      vertex 0 3 0
      vertex 3 31 0
    endloop
  endfacet
  facet normal 0 0 -1
    outer loop
      vertex 0 3 0
      vertex 2.60843 0.0256653 0
      vertex 2.22354 0.102219 0
    endloop
  endfacet
  facet normal 0 0 -1
    outer loop
      vertex 0 28 0
      vertex 3 31 0
      vertex 0 3 0
    endloop
  endfacet
  facet normal 0 0 -1
    outer loop
      vertex 0 3 0
      vertex 2.22354 0.102219 0
      vertex 1.85194 0.228363 0
    endloop
  endfacet
  facet normal 0 0 -1
    outer loop
      vertex 3 31 0
      vertex 0 28 0
      vertex 2.60843 30.9743 0
    endloop
  endfacet
  facet normal 0 0 -1
    outer loop
      vertex 0 3 0
      vertex 1.85194 0.228363 0
      vertex 1.5 0.401917 0
    endloop
  endfacet
  facet normal 0 0 -1
    outer loop
      vertex 2.60843 30.9743 0
      vertex 0 28 0
      vertex 2.22354 30.8978 0
    endloop
  endfacet
  facet normal 0 0 -1
    outer loop
      vertex 0 3 0
      vertex 1.5 0.401917 0
      vertex 1.17372 0.619934 0
    endloop
  endfacet
  facet normal 0 0 -1
    outer loop
      vertex 2.22354 30.8978 0
      vertex 0 28 0
      vertex 1.85194 30.7716 0
    endloop
  endfacet
  facet normal 0 0 -1
    outer loop
      vertex 0 3 0
      vertex 1.17372 0.619934 0
      vertex 0.878677 0.878677 0
    endloop
  endfacet
  facet normal 0 0 -1
    outer loop
      vertex 1.85194 30.7716 0
      vertex 0 28 0
      vertex 1.5 30.5981 0
    endloop
  endfacet
  facet normal 0 0 -1
    outer loop
      vertex 0 3 0
      vertex 0.878677 0.878677 0
      vertex 0.619934 1.17372 0
    endloop
  endfacet
  facet normal 0 0 -1
    outer loop
      vertex 1.5 30.5981 0
      vertex 0 28 0
      vertex 1.17372 30.3801 0
    endloop
  endfacet
  facet normal 0 0 -1
    outer loop
      vertex 0 3 0
      vertex 0.619934 1.17372 0
      vertex 0.401917 1.5 0
    endloop
  endfacet
  facet normal 0 0 -1
    outer loop
      vertex 1.17372 30.3801 0
      vertex 0 28 0
      vertex 0.878677 30.1213 0
    endloop
  endfacet
  facet normal 0 0 -1
    outer loop
      vertex 0 3 0
      vertex 0.401917 1.5 0
      vertex 0.228363 1.85194 0
    endloop
  endfacet
  facet normal 0 0 -1
    outer loop
      vertex 0.878677 30.1213 0
      vertex 0 28 0
      vertex 0.619934 29.8263 0
    endloop
  endfacet
  facet normal 0 0 -1
    outer loop
      vertex 0 3 0
      vertex 0.228363 1.85194 0
      vertex 0.102219 2.22354 0
    endloop
  endfacet
  facet normal 0 0 -1
    outer loop
      vertex 0.619934 29.8263 0
      vertex 0 28 0
      vertex 0.401917 29.5 0
    endloop
  endfacet
  facet normal 0 0 -1
    outer loop
      vertex 0 3 0
      vertex 0.102219 2.22354 0
      vertex 0.0256653 2.60843 0
    endloop
  endfacet
  facet normal 0 0 -1
    outer loop
      vertex 0.401917 29.5 0
      vertex 0 28 0
      vertex 0.228363 29.1481 0
    endloop
  endfacet
  facet normal 0 0 -1
    outer loop
      vertex 0.228363 29.1481 0
      vertex 0 28 0
      vertex 0.102219 28.7765 0
    endloop
  endfacet
  facet normal 0 0 -1
    outer loop
      vertex 0.102219 28.7765 0
      vertex 0 28 0
      vertex 0.0256653 28.3916 0
    endloop
  endfacet
  facet normal 0.997853 -0.0654923 0
    outer loop
      vertex 59.9743 2.60843 20.6
      vertex 60 3 0
      vertex 60 3 20.6
    endloop
  endfacet
  facet normal 0.997853 -0.0654923 0
    outer loop
      vertex 60 3 0
      vertex 59.9743 2.60843 20.6
      vertex 59.9743 2.60843 0
    endloop
  endfacet
  facet normal 0 0 1
    outer loop
      vertex 58 28 20.6
      vertex 60 28 20.6
      vertex 59.9743 28.3916 20.6
    endloop
  endfacet
  facet normal 0 0 1
    outer loop
      vertex 60 28 20.6
      vertex 58 28 20.6
      vertex 60 3 20.6
    endloop
  endfacet
  facet normal 0 0 1
    outer loop
      vertex 57.9914 28.1305 20.6
      vertex 59.9743 28.3916 20.6
      vertex 59.8978 28.7765 20.6
    endloop
  endfacet
  facet normal 0 0 1
    outer loop
      vertex 58 3 20.6
      vertex 60 3 20.6
      vertex 58 28 20.6
    endloop
  endfacet
  facet normal 0 0 1
    outer loop
      vertex 57.9659 28.2588 20.6
      vertex 59.8978 28.7765 20.6
      vertex 59.7716 29.1481 20.6
    endloop
  endfacet
  facet normal 0 0 1
    outer loop
      vertex 60 3 20.6
      vertex 58 3 20.6
      vertex 59.9743 2.60843 20.6
    endloop
  endfacet
  facet normal 0 0 1
    outer loop
      vertex 57.9239 28.3827 20.6
      vertex 59.7716 29.1481 20.6
      vertex 59.5981 29.5 20.6
    endloop
  endfacet
  facet normal -0 0 1
    outer loop
      vertex 57.9914 2.86948 20.6
      vertex 59.9743 2.60843 20.6
      vertex 58 3 20.6
    endloop
  endfacet
  facet normal 0 0 1
    outer loop
      vertex 57.866 28.5 20.6
      vertex 59.5981 29.5 20.6
      vertex 59.3801 29.8263 20.6
    endloop
  endfacet
  facet normal 0 0 1
    outer loop
      vertex 59.9743 2.60843 20.6
      vertex 57.9914 2.86948 20.6
      vertex 59.8978 2.22354 20.6
    endloop
  endfacet
  facet normal 0 0 1
    outer loop
      vertex 57.7934 28.6088 20.6
      vertex 59.3801 29.8263 20.6
      vertex 59.1213 30.1213 20.6
    endloop
  endfacet
  facet normal -0 0 1
    outer loop
      vertex 57.9659 2.74118 20.6
      vertex 59.8978 2.22354 20.6
      vertex 57.9914 2.86948 20.6
    endloop
  endfacet
  facet normal 0 0 1
    outer loop
      vertex 57.7071 28.7071 20.6
      vertex 59.1213 30.1213 20.6
      vertex 58.8263 30.3801 20.6
    endloop
  endfacet
  facet normal 0 0 1
    outer loop
      vertex 59.8978 2.22354 20.6
      vertex 57.9659 2.74118 20.6
      vertex 59.7716 1.85194 20.6
    endloop
  endfacet
  facet normal 0 0 1
    outer loop
      vertex 57.6088 28.7934 20.6
      vertex 58.8263 30.3801 20.6
      vertex 58.5 30.5981 20.6
    endloop
  endfacet
  facet normal -0 0 1
    outer loop
      vertex 57.9239 2.61731 20.6
      vertex 59.7716 1.85194 20.6
      vertex 57.9659 2.74118 20.6
    endloop
  endfacet
  facet normal 0 0 1
    outer loop
      vertex 57.5 28.866 20.6
      vertex 58.5 30.5981 20.6
      vertex 58.1481 30.7716 20.6
    endloop
  endfacet
  facet normal 0 0 1
    outer loop
      vertex 59.7716 1.85194 20.6
      vertex 57.9239 2.61731 20.6
      vertex 59.5981 1.5 20.6
    endloop
  endfacet
  facet normal -0 0 1
    outer loop
      vertex 57.866 2.5 20.6
      vertex 59.5981 1.5 20.6
      vertex 57.9239 2.61731 20.6
    endloop
  endfacet
  facet normal 0 0 1
    outer loop
      vertex 59.9743 28.3916 20.6
      vertex 57.9914 28.1305 20.6
      vertex 58 28 20.6
    endloop
  endfacet
  facet normal 0 0 1
    outer loop
      vertex 59.8978 28.7765 20.6
      vertex 57.9659 28.2588 20.6
      vertex 57.9914 28.1305 20.6
    endloop
  endfacet
  facet normal 0 0 1
    outer loop
      vertex 59.7716 29.1481 20.6
      vertex 57.9239 28.3827 20.6
      vertex 57.9659 28.2588 20.6
    endloop
  endfacet
  facet normal 0 0 1
    outer loop
      vertex 59.5981 29.5 20.6
      vertex 57.866 28.5 20.6
      vertex 57.9239 28.3827 20.6
    endloop
  endfacet
  facet normal 0 0 1
    outer loop
      vertex 59.3801 29.8263 20.6
      vertex 57.7934 28.6088 20.6
      vertex 57.866 28.5 20.6
    endloop
  endfacet
  facet normal 0 0 1
    outer loop
      vertex 57.3827 28.9239 20.6
      vertex 58.1481 30.7716 20.6
      vertex 57.7765 30.8978 20.6
    endloop
  endfacet
  facet normal 0 0 1
    outer loop
      vertex 59.1213 30.1213 20.6
      vertex 57.7071 28.7071 20.6
      vertex 57.7934 28.6088 20.6
    endloop
  endfacet
  facet normal 0 0 1
    outer loop
      vertex 58.8263 30.3801 20.6
      vertex 57.6088 28.7934 20.6
      vertex 57.7071 28.7071 20.6
    endloop
  endfacet
  facet normal 0 0 1
    outer loop
      vertex 58.5 30.5981 20.6
      vertex 57.5 28.866 20.6
      vertex 57.6088 28.7934 20.6
    endloop
  endfacet
  facet normal 0 0 1
    outer loop
      vertex 57.2588 28.9659 20.6
      vertex 57.7765 30.8978 20.6
      vertex 57.3916 30.9743 20.6
    endloop
  endfacet
  facet normal 0 0 1
    outer loop
      vertex 58.1481 30.7716 20.6
      vertex 57.3827 28.9239 20.6
      vertex 57.5 28.866 20.6
    endloop
  endfacet
  facet normal 0 0 1
    outer loop
      vertex 57.7765 30.8978 20.6
      vertex 57.2588 28.9659 20.6
      vertex 57.3827 28.9239 20.6
    endloop
  endfacet
  facet normal 0 0 1
    outer loop
      vertex 57.3916 30.9743 20.6
      vertex 57.1305 28.9914 20.6
      vertex 57.2588 28.9659 20.6
    endloop
  endfacet
  facet normal 0 0 1
    outer loop
      vertex 57 31 20.6
      vertex 57.1305 28.9914 20.6
      vertex 57.3916 30.9743 20.6
    endloop
  endfacet
  facet normal 0 0 1
    outer loop
      vertex 57 31 20.6
      vertex 57 29 20.6
      vertex 57.1305 28.9914 20.6
    endloop
  endfacet
  facet normal -0 0 1
    outer loop
      vertex 40.8 31 20.6
      vertex 57 29 20.6
      vertex 57 31 20.6
    endloop
  endfacet
  facet normal 0 0 1
    outer loop
      vertex 57 29 20.6
      vertex 40.8 31 20.6
      vertex 40.8 29 20.6
    endloop
  endfacet
  facet normal 0 0 1
    outer loop
      vertex 59.5981 1.5 20.6
      vertex 57.866 2.5 20.6
      vertex 59.3801 1.17372 20.6
    endloop
  endfacet
  facet normal -0 0 1
    outer loop
      vertex 57.7934 2.39124 20.6
      vertex 59.3801 1.17372 20.6
      vertex 57.866 2.5 20.6
    endloop
  endfacet
  facet normal 0 0 1
    outer loop
      vertex 59.3801 1.17372 20.6
      vertex 57.7934 2.39124 20.6
      vertex 59.1213 0.878677 20.6
    endloop
  endfacet
  facet normal -0 0 1
    outer loop
      vertex 57.7071 2.29289 20.6
      vertex 59.1213 0.878677 20.6
      vertex 57.7934 2.39124 20.6
    endloop
  endfacet
  facet normal 0 0 1
    outer loop
      vertex 59.1213 0.878677 20.6
      vertex 57.7071 2.29289 20.6
      vertex 58.8263 0.619934 20.6
    endloop
  endfacet
  facet normal -0 0 1
    outer loop
      vertex 57.6088 2.20665 20.6
      vertex 58.8263 0.619934 20.6
      vertex 57.7071 2.29289 20.6
    endloop
  endfacet
  facet normal 0 0 1
    outer loop
      vertex 58.8263 0.619934 20.6
      vertex 57.6088 2.20665 20.6
      vertex 58.5 0.401917 20.6
    endloop
  endfacet
  facet normal -0 0 1
    outer loop
      vertex 57.5 2.13397 20.6
      vertex 58.5 0.401917 20.6
      vertex 57.6088 2.20665 20.6
    endloop
  endfacet
  facet normal 0 0 1
    outer loop
      vertex 58.5 0.401917 20.6
      vertex 57.5 2.13397 20.6
      vertex 58.1481 0.228363 20.6
    endloop
  endfacet
  facet normal -0 0 1
    outer loop
      vertex 57.3827 2.07613 20.6
      vertex 58.1481 0.228363 20.6
      vertex 57.5 2.13397 20.6
    endloop
  endfacet
  facet normal 0 0 1
    outer loop
      vertex 58.1481 0.228363 20.6
      vertex 57.3827 2.07613 20.6
      vertex 57.7765 0.102219 20.6
    endloop
  endfacet
  facet normal -0 0 1
    outer loop
      vertex 57.2588 2.03407 20.6
      vertex 57.7765 0.102219 20.6
      vertex 57.3827 2.07613 20.6
    endloop
  endfacet
  facet normal 0 0 1
    outer loop
      vertex 57.7765 0.102219 20.6
      vertex 57.2588 2.03407 20.6
      vertex 57.3916 0.0256653 20.6
    endloop
  endfacet
  facet normal -0 0 1
    outer loop
      vertex 57.1305 2.00856 20.6
      vertex 57.3916 0.0256653 20.6
      vertex 57.2588 2.03407 20.6
    endloop
  endfacet
  facet normal -0 0 1
    outer loop
      vertex 57 2 20.6
      vertex 57.3916 0.0256653 20.6
      vertex 57.1305 2.00856 20.6
    endloop
  endfacet
  facet normal 0 0 1
    outer loop
      vertex 57 2 20.6
      vertex 57 0 20.6
      vertex 57.3916 0.0256653 20.6
    endloop
  endfacet
  facet normal -0 0 1
    outer loop
      vertex 40.8 2 20.6
      vertex 57 0 20.6
      vertex 57 2 20.6
    endloop
  endfacet
  facet normal 0 0 1
    outer loop
      vertex 57 0 20.6
      vertex 40.8 2 20.6
      vertex 40.8 0 20.6
    endloop
  endfacet
  facet normal -0 0 1
    outer loop
      vertex 3 31 20.6
      vertex 9.2 29 20.6
      vertex 9.2 31 20.6
    endloop
  endfacet
  facet normal 0 0 1
    outer loop
      vertex 3 31 20.6
      vertex 3 29 20.6
      vertex 9.2 29 20.6
    endloop
  endfacet
  facet normal 0 0 1
    outer loop
      vertex 3 31 20.6
      vertex 2.86948 28.9914 20.6
      vertex 3 29 20.6
    endloop
  endfacet
  facet normal -0 0 1
    outer loop
      vertex 2.60843 30.9743 20.6
      vertex 2.86948 28.9914 20.6
      vertex 3 31 20.6
    endloop
  endfacet
  facet normal 0 0 1
    outer loop
      vertex 2.86948 28.9914 20.6
      vertex 2.60843 30.9743 20.6
      vertex 2.74118 28.9659 20.6
    endloop
  endfacet
  facet normal -0 0 1
    outer loop
      vertex 2.22354 30.8978 20.6
      vertex 2.74118 28.9659 20.6
      vertex 2.60843 30.9743 20.6
    endloop
  endfacet
  facet normal 0 0 1
    outer loop
      vertex 2.74118 28.9659 20.6
      vertex 2.22354 30.8978 20.6
      vertex 2.61731 28.9239 20.6
    endloop
  endfacet
  facet normal -0 0 1
    outer loop
      vertex 1.85194 30.7716 20.6
      vertex 2.61731 28.9239 20.6
      vertex 2.22354 30.8978 20.6
    endloop
  endfacet
  facet normal 0 0 1
    outer loop
      vertex 2.61731 28.9239 20.6
      vertex 1.85194 30.7716 20.6
      vertex 2.5 28.866 20.6
    endloop
  endfacet
  facet normal -0 0 1
    outer loop
      vertex 1.5 30.5981 20.6
      vertex 2.5 28.866 20.6
      vertex 1.85194 30.7716 20.6
    endloop
  endfacet
  facet normal 0 0 1
    outer loop
      vertex 2.5 28.866 20.6
      vertex 1.5 30.5981 20.6
      vertex 2.39124 28.7934 20.6
    endloop
  endfacet
  facet normal -0 0 1
    outer loop
      vertex 1.17372 30.3801 20.6
      vertex 2.39124 28.7934 20.6
      vertex 1.5 30.5981 20.6
    endloop
  endfacet
  facet normal 0 0 1
    outer loop
      vertex 2.39124 28.7934 20.6
      vertex 1.17372 30.3801 20.6
      vertex 2.29289 28.7071 20.6
    endloop
  endfacet
  facet normal -0 0 1
    outer loop
      vertex 0.878677 30.1213 20.6
      vertex 2.29289 28.7071 20.6
      vertex 1.17372 30.3801 20.6
    endloop
  endfacet
  facet normal 0 0 1
    outer loop
      vertex 2.29289 28.7071 20.6
      vertex 0.878677 30.1213 20.6
      vertex 2.20665 28.6088 20.6
    endloop
  endfacet
  facet normal -0 0 1
    outer loop
      vertex 0.401917 29.5 20.6
      vertex 2.13397 28.5 20.6
      vertex 0.619934 29.8263 20.6
    endloop
  endfacet
  facet normal 0 0 1
    outer loop
      vertex 2.20665 28.6088 20.6
      vertex 0.619934 29.8263 20.6
      vertex 2.13397 28.5 20.6
    endloop
  endfacet
  facet normal -0 0 1
    outer loop
      vertex 0.619934 29.8263 20.6
      vertex 2.20665 28.6088 20.6
      vertex 0.878677 30.1213 20.6
    endloop
  endfacet
  facet normal -0 0 1
    outer loop
      vertex 3 2 20.6
      vertex 9.2 0 20.6
      vertex 9.2 2 20.6
    endloop
  endfacet
  facet normal 0 0 1
    outer loop
      vertex 3 2 20.6
      vertex 3 0 20.6
      vertex 9.2 0 20.6
    endloop
  endfacet
  facet normal 0 0 1
    outer loop
      vertex 2.86948 2.00856 20.6
      vertex 3 0 20.6
      vertex 3 2 20.6
    endloop
  endfacet
  facet normal 0 0 1
    outer loop
      vertex 2.60843 0.0256653 20.6
      vertex 2.86948 2.00856 20.6
      vertex 2.74118 2.03407 20.6
    endloop
  endfacet
  facet normal 0 0 1
    outer loop
      vertex 2.22354 0.102219 20.6
      vertex 2.74118 2.03407 20.6
      vertex 2.61731 2.07613 20.6
    endloop
  endfacet
  facet normal 0 0 1
    outer loop
      vertex 2.86948 2.00856 20.6
      vertex 2.60843 0.0256653 20.6
      vertex 3 0 20.6
    endloop
  endfacet
  facet normal 0 0 1
    outer loop
      vertex 1.85194 0.228363 20.6
      vertex 2.61731 2.07613 20.6
      vertex 2.5 2.13397 20.6
    endloop
  endfacet
  facet normal 0 0 1
    outer loop
      vertex 1.5 0.401917 20.6
      vertex 2.5 2.13397 20.6
      vertex 2.39124 2.20665 20.6
    endloop
  endfacet
  facet normal 0 0 1
    outer loop
      vertex 1.17372 0.619934 20.6
      vertex 2.39124 2.20665 20.6
      vertex 2.29289 2.29289 20.6
    endloop
  endfacet
  facet normal 0 0 1
    outer loop
      vertex 2.74118 2.03407 20.6
      vertex 2.22354 0.102219 20.6
      vertex 2.60843 0.0256653 20.6
    endloop
  endfacet
  facet normal 0 0 1
    outer loop
      vertex 0.878677 0.878677 20.6
      vertex 2.29289 2.29289 20.6
      vertex 2.20665 2.39124 20.6
    endloop
  endfacet
  facet normal 0 0 1
    outer loop
      vertex 0.619934 1.17372 20.6
      vertex 2.20665 2.39124 20.6
      vertex 2.13397 2.5 20.6
    endloop
  endfacet
  facet normal 0 0 1
    outer loop
      vertex 0.401917 1.5 20.6
      vertex 2.13397 2.5 20.6
      vertex 2.07613 2.61731 20.6
    endloop
  endfacet
  facet normal 0 0 1
    outer loop
      vertex 0.228363 1.85194 20.6
      vertex 2.07613 2.61731 20.6
      vertex 2.03407 2.74118 20.6
    endloop
  endfacet
  facet normal 0 0 1
    outer loop
      vertex 0.102219 2.22354 20.6
      vertex 2.03407 2.74118 20.6
      vertex 2.00856 2.86948 20.6
    endloop
  endfacet
  facet normal 0 0 1
    outer loop
      vertex 2.61731 2.07613 20.6
      vertex 1.85194 0.228363 20.6
      vertex 2.22354 0.102219 20.6
    endloop
  endfacet
  facet normal 0 0 1
    outer loop
      vertex 0.0256653 2.60843 20.6
      vertex 2.00856 2.86948 20.6
      vertex 2 3 20.6
    endloop
  endfacet
  facet normal 0 0 1
    outer loop
      vertex 2 28 20.6
      vertex 0 28 20.6
      vertex 2 3 20.6
    endloop
  endfacet
  facet normal 0 0 1
    outer loop
      vertex 2.13397 28.5 20.6
      vertex 0.401917 29.5 20.6
      vertex 2.07613 28.3827 20.6
    endloop
  endfacet
  facet normal 0 0 1
    outer loop
      vertex 0 3 20.6
      vertex 2 3 20.6
      vertex 0 28 20.6
    endloop
  endfacet
  facet normal -0 0 1
    outer loop
      vertex 0.228363 29.1481 20.6
      vertex 2.07613 28.3827 20.6
      vertex 0.401917 29.5 20.6
    endloop
  endfacet
  facet normal 0 -0 1
    outer loop
      vertex 0.0256653 2.60843 20.6
      vertex 2 3 20.6
      vertex 0 3 20.6
    endloop
  endfacet
  facet normal 0 0 1
    outer loop
      vertex 2.07613 28.3827 20.6
      vertex 0.228363 29.1481 20.6
      vertex 2.03407 28.2588 20.6
    endloop
  endfacet
  facet normal 0 0 1
    outer loop
      vertex 2.5 2.13397 20.6
      vertex 1.5 0.401917 20.6
      vertex 1.85194 0.228363 20.6
    endloop
  endfacet
  facet normal -0 0 1
    outer loop
      vertex 0.102219 28.7765 20.6
      vertex 2.03407 28.2588 20.6
      vertex 0.228363 29.1481 20.6
    endloop
  endfacet
  facet normal 0 0 1
    outer loop
      vertex 2.39124 2.20665 20.6
      vertex 1.17372 0.619934 20.6
      vertex 1.5 0.401917 20.6
    endloop
  endfacet
  facet normal 0 0 1
    outer loop
      vertex 2.03407 28.2588 20.6
      vertex 0.102219 28.7765 20.6
      vertex 2.00856 28.1305 20.6
    endloop
  endfacet
  facet normal 0 0 1
    outer loop
      vertex 2.29289 2.29289 20.6
      vertex 0.878677 0.878677 20.6
      vertex 1.17372 0.619934 20.6
    endloop
  endfacet
  facet normal -0 0 1
    outer loop
      vertex 0.0256653 28.3916 20.6
      vertex 2.00856 28.1305 20.6
      vertex 0.102219 28.7765 20.6
    endloop
  endfacet
  facet normal 0 0 1
    outer loop
      vertex 2.20665 2.39124 20.6
      vertex 0.619934 1.17372 20.6
      vertex 0.878677 0.878677 20.6
    endloop
  endfacet
  facet normal 0 0 1
    outer loop
      vertex 2.00856 28.1305 20.6
      vertex 0.0256653 28.3916 20.6
      vertex 2 28 20.6
    endloop
  endfacet
  facet normal 0 0 1
    outer loop
      vertex 2.13397 2.5 20.6
      vertex 0.401917 1.5 20.6
      vertex 0.619934 1.17372 20.6
    endloop
  endfacet
  facet normal 0 0 1
    outer loop
      vertex 2 28 20.6
      vertex 0.0256653 28.3916 20.6
      vertex 0 28 20.6
    endloop
  endfacet
  facet normal 0 0 1
    outer loop
      vertex 2.07613 2.61731 20.6
      vertex 0.228363 1.85194 20.6
      vertex 0.401917 1.5 20.6
    endloop
  endfacet
  facet normal 0 0 1
    outer loop
      vertex 2.03407 2.74118 20.6
      vertex 0.102219 2.22354 20.6
      vertex 0.228363 1.85194 20.6
    endloop
  endfacet
  facet normal 0 0 1
    outer loop
      vertex 2.00856 2.86948 20.6
      vertex 0.0256653 2.60843 20.6
      vertex 0.102219 2.22354 20.6
    endloop
  endfacet
  facet normal -0 0 1
    outer loop
      vertex 10 31 20.6
      vertex 18 29 20.6
      vertex 18 31 20.6
    endloop
  endfacet
  facet normal 0 0 1
    outer loop
      vertex 18 29 20.6
      vertex 10 31 20.6
      vertex 10 29 20.6
    endloop
  endfacet
  facet normal -0 0 1
    outer loop
      vertex 18.8 31 20.6
      vertex 31.2 29 20.6
      vertex 31.2 31 20.6
    endloop
  endfacet
  facet normal 0 0 1
    outer loop
      vertex 31.2 29 20.6
      vertex 18.8 31 20.6
      vertex 18.8 29 20.6
    endloop
  endfacet
  facet normal -0 0 1
    outer loop
      vertex 32 31 20.6
      vertex 40 29 20.6
      vertex 40 31 20.6
    endloop
  endfacet
  facet normal 0 0 1
    outer loop
      vertex 40 29 20.6
      vertex 32 31 20.6
      vertex 32 29 20.6
    endloop
  endfacet
  facet normal -0 0 1
    outer loop
      vertex 10 2 20.6
      vertex 18 0 20.6
      vertex 18 2 20.6
    endloop
  endfacet
  facet normal 0 0 1
    outer loop
      vertex 18 0 20.6
      vertex 10 2 20.6
      vertex 10 0 20.6
    endloop
  endfacet
  facet normal -0 0 1
    outer loop
      vertex 18.8 2 20.6
      vertex 31.2 0 20.6
      vertex 31.2 2 20.6
    endloop
  endfacet
  facet normal 0 0 1
    outer loop
      vertex 31.2 0 20.6
      vertex 18.8 2 20.6
      vertex 18.8 0 20.6
    endloop
  endfacet
  facet normal -0 0 1
    outer loop
      vertex 32 2 20.6
      vertex 40 0 20.6
      vertex 40 2 20.6
    endloop
  endfacet
  facet normal 0 0 1
    outer loop
      vertex 40 0 20.6
      vertex 32 2 20.6
      vertex 32 0 20.6
    endloop
  endfacet
  facet normal 0.442322 -0.896856 0
    outer loop
      vertex 58.1481 0.228363 0
      vertex 58.5 0.401917 20.6
      vertex 58.1481 0.228363 20.6
    endloop
  endfacet
  facet normal 0.442322 -0.896856 0
    outer loop
      vertex 58.5 0.401917 20.6
      vertex 58.1481 0.228363 0
      vertex 58.5 0.401917 0
    endloop
  endfacet
  facet normal 0.555553 -0.831481 0
    outer loop
      vertex 58.5 0.401917 0
      vertex 58.8263 0.619934 20.6
      vertex 58.5 0.401917 20.6
    endloop
  endfacet
  facet normal 0.555553 -0.831481 0
    outer loop
      vertex 58.8263 0.619934 20.6
      vertex 58.5 0.401917 0
      vertex 58.8263 0.619934 0
    endloop
  endfacet
  facet normal -0.321451 0.946926 0
    outer loop
      vertex 57.3827 2.07613 2
      vertex 57.2588 2.03407 20.6
      vertex 57.3827 2.07613 20.6
    endloop
  endfacet
  facet normal -0.321451 0.946926 0
    outer loop
      vertex 57.2588 2.03407 20.6
      vertex 57.3827 2.07613 2
      vertex 57.2588 2.03407 2
    endloop
  endfacet
  facet normal 0 1 0
    outer loop
      vertex 12.5 2 2
      vertex 31.2 2 7.5
      vertex 43.76 2 2
    endloop
  endfacet
  facet normal 0 1 0
    outer loop
      vertex 31.2 2 7.5
      vertex 12.5 2 2
      vertex 12.5 2 3.5
    endloop
  endfacet
  facet normal 0 1 0
    outer loop
      vertex 57 2 20.6
      vertex 40.8 2 7.5
      vertex 40.8 2 20.6
    endloop
  endfacet
  facet normal 0 1 0
    outer loop
      vertex 43.76 2 3.5
      vertex 40 2 7.5
      vertex 40.8 2 7.5
    endloop
  endfacet
  facet normal 0 1 -0
    outer loop
      vertex 43.76 2 2
      vertex 40 2 7.5
      vertex 43.76 2 3.5
    endloop
  endfacet
  facet normal 0 1 0
    outer loop
      vertex 40 2 7.5
      vertex 43.76 2 2
      vertex 32 2 7.5
    endloop
  endfacet
  facet normal 0 1 0
    outer loop
      vertex 32 2 7.5
      vertex 43.76 2 2
      vertex 31.2 2 7.5
    endloop
  endfacet
  facet normal 0 1 0
    outer loop
      vertex 31.2 2 7.5
      vertex 12.5 2 3.5
      vertex 18.8 2 7.5
    endloop
  endfacet
  facet normal 0 1 0
    outer loop
      vertex 18 2 7.5
      vertex 12.5 2 3.5
      vertex 10 2 7.5
    endloop
  endfacet
  facet normal 0 1 -0
    outer loop
      vertex 43.76 2 3.5
      vertex 40.8 2 7.5
      vertex 47.76 2 3.5
    endloop
  endfacet
  facet normal 0 1 0
    outer loop
      vertex 57 2 20.6
      vertex 47.76 2 3.5
      vertex 40.8 2 7.5
    endloop
  endfacet
  facet normal 0 1 -0
    outer loop
      vertex 57 2 2
      vertex 47.76 2 3.5
      vertex 57 2 20.6
    endloop
  endfacet
  facet normal 0 1 0
    outer loop
      vertex 47.76 2 3.5
      vertex 57 2 2
      vertex 47.76 2 2
    endloop
  endfacet
  facet normal 0 1 -0
    outer loop
      vertex 31.2 2 7.5
      vertex 18.8 2 20.6
      vertex 31.2 2 20.6
    endloop
  endfacet
  facet normal 0 1 0
    outer loop
      vertex 18.8 2 20.6
      vertex 31.2 2 7.5
      vertex 18.8 2 7.5
    endloop
  endfacet
  facet normal 0 1 -0
    outer loop
      vertex 9.2 2 7.5
      vertex 3 2 20.6
      vertex 9.2 2 20.6
    endloop
  endfacet
  facet normal 0 1 0
    outer loop
      vertex 18.8 2 7.5
      vertex 12.5 2 3.5
      vertex 18 2 7.5
    endloop
  endfacet
  facet normal 0 1 0
    outer loop
      vertex 8.5 2 3.5
      vertex 10 2 7.5
      vertex 12.5 2 3.5
    endloop
  endfacet
  facet normal 0 1 0
    outer loop
      vertex 10 2 7.5
      vertex 8.5 2 3.5
      vertex 9.2 2 7.5
    endloop
  endfacet
  facet normal 0 1 0
    outer loop
      vertex 3 2 2
      vertex 9.2 2 7.5
      vertex 8.5 2 3.5
    endloop
  endfacet
  facet normal 0 1 0
    outer loop
      vertex 3 2 2
      vertex 8.5 2 3.5
      vertex 8.5 2 2
    endloop
  endfacet
  facet normal 0 1 0
    outer loop
      vertex 9.2 2 7.5
      vertex 3 2 2
      vertex 3 2 20.6
    endloop
  endfacet
  facet normal 0 1 0
    outer loop
      vertex 18 2 20.6
      vertex 17 2 19.8
      vertex 10 2 20.6
    endloop
  endfacet
  facet normal 0 1 0
    outer loop
      vertex 18 2 20.6
      vertex 17 2 18.6
      vertex 17 2 19.8
    endloop
  endfacet
  facet normal 0 1 0
    outer loop
      vertex 17 2 18.6
      vertex 18 2 7.5
      vertex 11 2 18.6
    endloop
  endfacet
  facet normal 0 1 -0
    outer loop
      vertex 18 2 7.5
      vertex 17 2 18.6
      vertex 18 2 20.6
    endloop
  endfacet
  facet normal 0 1 -0
    outer loop
      vertex 11 2 19.8
      vertex 10 2 20.6
      vertex 17 2 19.8
    endloop
  endfacet
  facet normal 0 1 -0
    outer loop
      vertex 11 2 18.6
      vertex 10 2 20.6
      vertex 11 2 19.8
    endloop
  endfacet
  facet normal 0 1 0
    outer loop
      vertex 11 2 18.6
      vertex 10 2 7.5
      vertex 10 2 20.6
    endloop
  endfacet
  facet normal 0 1 0
    outer loop
      vertex 10 2 7.5
      vertex 11 2 18.6
      vertex 18 2 7.5
    endloop
  endfacet
  facet normal 0 1 0
    outer loop
      vertex 40 2 20.6
      vertex 39 2 19.8
      vertex 32 2 20.6
    endloop
  endfacet
  facet normal 0 1 0
    outer loop
      vertex 40 2 20.6
      vertex 39 2 18.6
      vertex 39 2 19.8
    endloop
  endfacet
  facet normal 0 1 0
    outer loop
      vertex 39 2 18.6
      vertex 40 2 7.5
      vertex 33 2 18.6
    endloop
  endfacet
  facet normal 0 1 -0
    outer loop
      vertex 40 2 7.5
      vertex 39 2 18.6
      vertex 40 2 20.6
    endloop
  endfacet
  facet normal 0 1 -0
    outer loop
      vertex 33 2 19.8
      vertex 32 2 20.6
      vertex 39 2 19.8
    endloop
  endfacet
  facet normal 0 1 -0
    outer loop
      vertex 33 2 18.6
      vertex 32 2 20.6
      vertex 33 2 19.8
    endloop
  endfacet
  facet normal 0 1 0
    outer loop
      vertex 33 2 18.6
      vertex 32 2 7.5
      vertex 32 2 20.6
    endloop
  endfacet
  facet normal 0 1 0
    outer loop
      vertex 32 2 7.5
      vertex 33 2 18.6
      vertex 40 2 7.5
    endloop
  endfacet
  facet normal -0.195013 0.980801 0
    outer loop
      vertex 57.2588 2.03407 2
      vertex 57.1305 2.00856 20.6
      vertex 57.2588 2.03407 20.6
    endloop
  endfacet
  facet normal -0.195013 0.980801 0
    outer loop
      vertex 57.1305 2.00856 20.6
      vertex 57.2588 2.03407 2
      vertex 57.1305 2.00856 2
    endloop
  endfacet
  facet normal -0.19494 -0.980815 0
    outer loop
      vertex 57.1305 28.9914 2
      vertex 57.2588 28.9659 20.6
      vertex 57.1305 28.9914 20.6
    endloop
  endfacet
  facet normal -0.19494 -0.980815 -0
    outer loop
      vertex 57.2588 28.9659 20.6
      vertex 57.1305 28.9914 2
      vertex 57.2588 28.9659 2
    endloop
  endfacet
  facet normal -0.947066 -0.321039 0
    outer loop
      vertex 57.9659 28.2588 2
      vertex 57.9239 28.3827 20.6
      vertex 57.9239 28.3827 2
    endloop
  endfacet
  facet normal -0.947066 -0.321039 0
    outer loop
      vertex 57.9239 28.3827 20.6
      vertex 57.9659 28.2588 2
      vertex 57.9659 28.2588 20.6
    endloop
  endfacet
  facet normal 0.980801 0.195013 0
    outer loop
      vertex 2.03407 2.74118 20.6
      vertex 2.00856 2.86948 2
      vertex 2.00856 2.86948 20.6
    endloop
  endfacet
  facet normal 0.980801 0.195013 0
    outer loop
      vertex 2.00856 2.86948 2
      vertex 2.03407 2.74118 20.6
      vertex 2.03407 2.74118 2
    endloop
  endfacet
  facet normal 0 -1 0
    outer loop
      vertex 10 29 20.6
      vertex 11 29 19.8
      vertex 18 29 20.6
    endloop
  endfacet
  facet normal 0 -1 0
    outer loop
      vertex 10 29 20.6
      vertex 11 29 18.6
      vertex 11 29 19.8
    endloop
  endfacet
  facet normal 0 -1 -0
    outer loop
      vertex 11 29 18.6
      vertex 10 29 7.5
      vertex 17 29 18.6
    endloop
  endfacet
  facet normal 0 -1 0
    outer loop
      vertex 10 29 7.5
      vertex 11 29 18.6
      vertex 10 29 20.6
    endloop
  endfacet
  facet normal 0 -1 0
    outer loop
      vertex 17 29 19.8
      vertex 18 29 20.6
      vertex 11 29 19.8
    endloop
  endfacet
  facet normal 0 -1 0
    outer loop
      vertex 17 29 18.6
      vertex 18 29 20.6
      vertex 17 29 19.8
    endloop
  endfacet
  facet normal 0 -1 0
    outer loop
      vertex 17 29 18.6
      vertex 18 29 7.5
      vertex 18 29 20.6
    endloop
  endfacet
  facet normal 0 -1 0
    outer loop
      vertex 18 29 7.5
      vertex 17 29 18.6
      vertex 10 29 7.5
    endloop
  endfacet
  facet normal 0 -1 0
    outer loop
      vertex 32 29 20.6
      vertex 33 29 19.8
      vertex 40 29 20.6
    endloop
  endfacet
  facet normal 0 -1 0
    outer loop
      vertex 32 29 20.6
      vertex 33 29 18.6
      vertex 33 29 19.8
    endloop
  endfacet
  facet normal 0 -1 -0
    outer loop
      vertex 33 29 18.6
      vertex 32 29 7.5
      vertex 39 29 18.6
    endloop
  endfacet
  facet normal 0 -1 0
    outer loop
      vertex 32 29 7.5
      vertex 33 29 18.6
      vertex 32 29 20.6
    endloop
  endfacet
  facet normal 0 -1 0
    outer loop
      vertex 39 29 19.8
      vertex 40 29 20.6
      vertex 33 29 19.8
    endloop
  endfacet
  facet normal 0 -1 0
    outer loop
      vertex 39 29 18.6
      vertex 40 29 20.6
      vertex 39 29 19.8
    endloop
  endfacet
  facet normal 0 -1 0
    outer loop
      vertex 39 29 18.6
      vertex 40 29 7.5
      vertex 40 29 20.6
    endloop
  endfacet
  facet normal 0 -1 0
    outer loop
      vertex 40 29 7.5
      vertex 39 29 18.6
      vertex 32 29 7.5
    endloop
  endfacet
  facet normal 0 -1 0
    outer loop
      vertex 3 29 20.6
      vertex 9.2 29 7.5
      vertex 9.2 29 20.6
    endloop
  endfacet
  facet normal 0 -1 0
    outer loop
      vertex 3 29 2
      vertex 10 29 7.5
      vertex 9.2 29 7.5
    endloop
  endfacet
  facet normal 0 -1 -0
    outer loop
      vertex 10 29 7.5
      vertex 3 29 2
      vertex 18 29 7.5
    endloop
  endfacet
  facet normal 0 -1 -0
    outer loop
      vertex 18 29 7.5
      vertex 3 29 2
      vertex 18.8 29 7.5
    endloop
  endfacet
  facet normal 0 -1 -0
    outer loop
      vertex 18.8 29 7.5
      vertex 3 29 2
      vertex 31.2 29 7.5
    endloop
  endfacet
  facet normal -0 -1 0
    outer loop
      vertex 48.0424 29 4.42607
      vertex 31.2 29 7.5
      vertex 3 29 2
    endloop
  endfacet
  facet normal 0 -1 0
    outer loop
      vertex 31.2 29 7.5
      vertex 47.5841 29 4.58165
      vertex 32 29 7.5
    endloop
  endfacet
  facet normal 0 -1 0
    outer loop
      vertex 32 29 7.5
      vertex 47.15 29 4.79571
      vertex 40 29 7.5
    endloop
  endfacet
  facet normal 0 -1 0
    outer loop
      vertex 40.8 29 7.5
      vertex 45.5816 29 6.58407
      vertex 45.4261 29 7.04237
    endloop
  endfacet
  facet normal 0 -1 0
    outer loop
      vertex 40.8 29 7.5
      vertex 45.7957 29 6.15
      vertex 45.5816 29 6.58407
    endloop
  endfacet
  facet normal 0 -1 0
    outer loop
      vertex 40.8 29 7.5
      vertex 46.0646 29 5.74758
      vertex 45.7957 29 6.15
    endloop
  endfacet
  facet normal 0 -1 0
    outer loop
      vertex 40.8 29 7.5
      vertex 46.3837 29 5.3837
      vertex 46.0646 29 5.74758
    endloop
  endfacet
  facet normal 0 -1 0
    outer loop
      vertex 40.8 29 7.5
      vertex 46.7476 29 5.06459
      vertex 46.3837 29 5.3837
    endloop
  endfacet
  facet normal -0 -1 -0
    outer loop
      vertex 46.7476 29 5.06459
      vertex 40 29 7.5
      vertex 47.15 29 4.79571
    endloop
  endfacet
  facet normal 0 -1 0
    outer loop
      vertex 40 29 7.5
      vertex 46.7476 29 5.06459
      vertex 40.8 29 7.5
    endloop
  endfacet
  facet normal 0 -1 0
    outer loop
      vertex 32 29 7.5
      vertex 47.5841 29 4.58165
      vertex 47.15 29 4.79571
    endloop
  endfacet
  facet normal 0 -1 0
    outer loop
      vertex 31.2 29 7.5
      vertex 48.0424 29 4.42607
      vertex 47.5841 29 4.58165
    endloop
  endfacet
  facet normal 0 -1 0
    outer loop
      vertex 48.0424 29 4.42607
      vertex 57 29 2
      vertex 48.5171 29 4.33165
    endloop
  endfacet
  facet normal 0 -1 0
    outer loop
      vertex 57 29 2
      vertex 48.0424 29 4.42607
      vertex 3 29 2
    endloop
  endfacet
  facet normal 0 -1 0
    outer loop
      vertex 3 29 2
      vertex 9.2 29 7.5
      vertex 3 29 20.6
    endloop
  endfacet
  facet normal 0 -1 0
    outer loop
      vertex 18.8 29 7.5
      vertex 31.2 29 20.6
      vertex 18.8 29 20.6
    endloop
  endfacet
  facet normal 0 -1 -0
    outer loop
      vertex 31.2 29 20.6
      vertex 18.8 29 7.5
      vertex 31.2 29 7.5
    endloop
  endfacet
  facet normal 0 -1 0
    outer loop
      vertex 40.8 29 20.6
      vertex 49 29 11.7
      vertex 57 29 20.6
    endloop
  endfacet
  facet normal 0 -1 0
    outer loop
      vertex 40.8 29 20.6
      vertex 48.5171 29 11.6683
      vertex 49 29 11.7
    endloop
  endfacet
  facet normal 0 -1 0
    outer loop
      vertex 40.8 29 20.6
      vertex 48.0424 29 11.5739
      vertex 48.5171 29 11.6683
    endloop
  endfacet
  facet normal 0 -1 0
    outer loop
      vertex 40.8 29 20.6
      vertex 47.5841 29 11.4184
      vertex 48.0424 29 11.5739
    endloop
  endfacet
  facet normal 0 -1 0
    outer loop
      vertex 40.8 29 20.6
      vertex 47.15 29 11.2043
      vertex 47.5841 29 11.4184
    endloop
  endfacet
  facet normal 0 -1 0
    outer loop
      vertex 40.8 29 20.6
      vertex 46.7476 29 10.9354
      vertex 47.15 29 11.2043
    endloop
  endfacet
  facet normal 0 -1 0
    outer loop
      vertex 40.8 29 20.6
      vertex 46.3837 29 10.6163
      vertex 46.7476 29 10.9354
    endloop
  endfacet
  facet normal 0 -1 0
    outer loop
      vertex 40.8 29 20.6
      vertex 46.0646 29 10.2524
      vertex 46.3837 29 10.6163
    endloop
  endfacet
  facet normal 0 -1 0
    outer loop
      vertex 40.8 29 7.5
      vertex 46.0646 29 10.2524
      vertex 40.8 29 20.6
    endloop
  endfacet
  facet normal 0 -1 0
    outer loop
      vertex 46.0646 29 10.2524
      vertex 40.8 29 7.5
      vertex 45.7957 29 9.85
    endloop
  endfacet
  facet normal 0 -1 0
    outer loop
      vertex 45.7957 29 9.85
      vertex 40.8 29 7.5
      vertex 45.5816 29 9.41593
    endloop
  endfacet
  facet normal 0 -1 0
    outer loop
      vertex 45.5816 29 9.41593
      vertex 40.8 29 7.5
      vertex 45.4261 29 8.95763
    endloop
  endfacet
  facet normal 0 -1 0
    outer loop
      vertex 45.4261 29 8.95763
      vertex 40.8 29 7.5
      vertex 45.3317 29 8.48295
    endloop
  endfacet
  facet normal 0 -1 0
    outer loop
      vertex 45.3317 29 8.48295
      vertex 40.8 29 7.5
      vertex 45.3 29 8
    endloop
  endfacet
  facet normal 0 -1 -0
    outer loop
      vertex 45.3 29 8
      vertex 40.8 29 7.5
      vertex 45.3317 29 7.51705
    endloop
  endfacet
  facet normal 0 -1 -0
    outer loop
      vertex 45.3317 29 7.51705
      vertex 40.8 29 7.5
      vertex 45.4261 29 7.04237
    endloop
  endfacet
  facet normal 0 -1 0
    outer loop
      vertex 49.4829 29 11.6683
      vertex 57 29 20.6
      vertex 49 29 11.7
    endloop
  endfacet
  facet normal 0 -1 0
    outer loop
      vertex 49.9576 29 11.5739
      vertex 57 29 20.6
      vertex 49.4829 29 11.6683
    endloop
  endfacet
  facet normal 0 -1 0
    outer loop
      vertex 50.4159 29 11.4184
      vertex 57 29 20.6
      vertex 49.9576 29 11.5739
    endloop
  endfacet
  facet normal 0 -1 0
    outer loop
      vertex 50.85 29 11.2043
      vertex 57 29 20.6
      vertex 50.4159 29 11.4184
    endloop
  endfacet
  facet normal 0 -1 0
    outer loop
      vertex 51.2524 29 10.9354
      vertex 57 29 20.6
      vertex 50.85 29 11.2043
    endloop
  endfacet
  facet normal 0 -1 0
    outer loop
      vertex 51.6163 29 10.6163
      vertex 57 29 20.6
      vertex 51.2524 29 10.9354
    endloop
  endfacet
  facet normal 0 -1 0
    outer loop
      vertex 51.9354 29 10.2524
      vertex 57 29 20.6
      vertex 51.6163 29 10.6163
    endloop
  endfacet
  facet normal 0 -1 0
    outer loop
      vertex 52.2043 29 9.85
      vertex 57 29 20.6
      vertex 51.9354 29 10.2524
    endloop
  endfacet
  facet normal 0 -1 0
    outer loop
      vertex 52.4184 29 9.41593
      vertex 57 29 20.6
      vertex 52.2043 29 9.85
    endloop
  endfacet
  facet normal 0 -1 0
    outer loop
      vertex 52.5739 29 8.95763
      vertex 57 29 20.6
      vertex 52.4184 29 9.41593
    endloop
  endfacet
  facet normal 0 -1 0
    outer loop
      vertex 57 29 2
      vertex 52.5739 29 8.95763
      vertex 52.6683 29 8.48295
    endloop
  endfacet
  facet normal 0 -1 0
    outer loop
      vertex 57 29 2
      vertex 52.6683 29 8.48295
      vertex 52.7 29 8
    endloop
  endfacet
  facet normal 0 -1 0
    outer loop
      vertex 57 29 2
      vertex 52.7 29 8
      vertex 52.6683 29 7.51705
    endloop
  endfacet
  facet normal 0 -1 0
    outer loop
      vertex 57 29 2
      vertex 52.6683 29 7.51705
      vertex 52.5739 29 7.04237
    endloop
  endfacet
  facet normal 0 -1 0
    outer loop
      vertex 52.5739 29 8.95763
      vertex 57 29 2
      vertex 57 29 20.6
    endloop
  endfacet
  facet normal 0 -1 0
    outer loop
      vertex 52.4184 29 6.58407
      vertex 57 29 2
      vertex 52.5739 29 7.04237
    endloop
  endfacet
  facet normal 0 -1 0
    outer loop
      vertex 52.2043 29 6.15
      vertex 57 29 2
      vertex 52.4184 29 6.58407
    endloop
  endfacet
  facet normal 0 -1 0
    outer loop
      vertex 51.9354 29 5.74758
      vertex 57 29 2
      vertex 52.2043 29 6.15
    endloop
  endfacet
  facet normal 0 -1 0
    outer loop
      vertex 51.6163 29 5.3837
      vertex 57 29 2
      vertex 51.9354 29 5.74758
    endloop
  endfacet
  facet normal 0 -1 0
    outer loop
      vertex 51.2524 29 5.06459
      vertex 57 29 2
      vertex 51.6163 29 5.3837
    endloop
  endfacet
  facet normal 0 -1 0
    outer loop
      vertex 50.85 29 4.79571
      vertex 57 29 2
      vertex 51.2524 29 5.06459
    endloop
  endfacet
  facet normal 0 -1 0
    outer loop
      vertex 50.4159 29 4.58165
      vertex 57 29 2
      vertex 50.85 29 4.79571
    endloop
  endfacet
  facet normal 0 -1 0
    outer loop
      vertex 49.9576 29 4.42607
      vertex 57 29 2
      vertex 50.4159 29 4.58165
    endloop
  endfacet
  facet normal 0 -1 0
    outer loop
      vertex 49.4829 29 4.33165
      vertex 57 29 2
      vertex 49.9576 29 4.42607
    endloop
  endfacet
  facet normal 0 -1 0
    outer loop
      vertex 49 29 4.3
      vertex 57 29 2
      vertex 49.4829 29 4.33165
    endloop
  endfacet
  facet normal 0 -1 0
    outer loop
      vertex 48.5171 29 4.33165
      vertex 57 29 2
      vertex 49 29 4.3
    endloop
  endfacet
  facet normal -0.0654532 0.997856 0
    outer loop
      vertex 57.1305 2.00856 2
      vertex 57 2 20.6
      vertex 57.1305 2.00856 20.6
    endloop
  endfacet
  facet normal -0.0654532 0.997856 0
    outer loop
      vertex 57 2 20.6
      vertex 57.1305 2.00856 2
      vertex 57 2 2
    endloop
  endfacet
  facet normal 0.32152 0.946903 -0
    outer loop
      vertex 2.74118 2.03407 2
      vertex 2.61731 2.07613 20.6
      vertex 2.74118 2.03407 20.6
    endloop
  endfacet
  facet normal 0.32152 0.946903 0
    outer loop
      vertex 2.61731 2.07613 20.6
      vertex 2.74118 2.03407 2
      vertex 2.61731 2.07613 2
    endloop
  endfacet
  facet normal 0.555194 -0.831721 0
    outer loop
      vertex 2.39124 28.7934 2
      vertex 2.5 28.866 20.6
      vertex 2.39124 28.7934 20.6
    endloop
  endfacet
  facet normal 0.555194 -0.831721 0
    outer loop
      vertex 2.5 28.866 20.6
      vertex 2.39124 28.7934 2
      vertex 2.5 28.866 2
    endloop
  endfacet
  facet normal -0.831721 0.555194 0
    outer loop
      vertex 57.7934 2.39124 2
      vertex 57.866 2.5 20.6
      vertex 57.866 2.5 2
    endloop
  endfacet
  facet normal -0.831721 0.555194 0
    outer loop
      vertex 57.866 2.5 20.6
      vertex 57.7934 2.39124 2
      vertex 57.7934 2.39124 20.6
    endloop
  endfacet
  facet normal 0.896891 -0.442252 0
    outer loop
      vertex 2.07613 28.3827 20.6
      vertex 2.13397 28.5 2
      vertex 2.13397 28.5 20.6
    endloop
  endfacet
  facet normal 0.896891 -0.442252 0
    outer loop
      vertex 2.13397 28.5 2
      vertex 2.07613 28.3827 20.6
      vertex 2.07613 28.3827 2
    endloop
  endfacet
  facet normal 0.442591 -0.896724 0
    outer loop
      vertex 2.5 28.866 2
      vertex 2.61731 28.9239 20.6
      vertex 2.5 28.866 20.6
    endloop
  endfacet
  facet normal 0.442591 -0.896724 0
    outer loop
      vertex 2.61731 28.9239 20.6
      vertex 2.5 28.866 2
      vertex 2.61731 28.9239 2
    endloop
  endfacet
  facet normal 0.321109 -0.947042 0
    outer loop
      vertex 2.61731 28.9239 2
      vertex 2.74118 28.9659 20.6
      vertex 2.61731 28.9239 20.6
    endloop
  endfacet
  facet normal 0.321109 -0.947042 0
    outer loop
      vertex 2.74118 28.9659 20.6
      vertex 2.61731 28.9239 2
      vertex 2.74118 28.9659 2
    endloop
  endfacet
  facet normal 0.0657477 -0.997836 0
    outer loop
      vertex 2.86948 28.9914 2
      vertex 3 29 20.6
      vertex 2.86948 28.9914 20.6
    endloop
  endfacet
  facet normal 0.0657477 -0.997836 0
    outer loop
      vertex 3 29 20.6
      vertex 2.86948 28.9914 2
      vertex 3 29 2
    endloop
  endfacet
  facet normal -0.896709 -0.442621 0
    outer loop
      vertex 57.9239 28.3827 2
      vertex 57.866 28.5 20.6
      vertex 57.866 28.5 2
    endloop
  endfacet
  facet normal -0.896709 -0.442621 0
    outer loop
      vertex 57.866 28.5 20.6
      vertex 57.9239 28.3827 2
      vertex 57.9239 28.3827 20.6
    endloop
  endfacet
  facet normal 1 0 0
    outer loop
      vertex 2 28 20.6
      vertex 2 18.12 12.5
      vertex 2 28 2
    endloop
  endfacet
  facet normal 1 -0 0
    outer loop
      vertex 2 3 20.6
      vertex 2 18.12 12.5
      vertex 2 28 20.6
    endloop
  endfacet
  facet normal 1 0 0
    outer loop
      vertex 2 3 2
      vertex 2 5.12 12.5
      vertex 2 3 20.6
    endloop
  endfacet
  facet normal 1 0 0
    outer loop
      vertex 2 18.12 12.5
      vertex 2 3 20.6
      vertex 2 5.12 12.5
    endloop
  endfacet
  facet normal 1 -0 0
    outer loop
      vertex 2 18.12 3.5
      vertex 2 28 2
      vertex 2 18.12 12.5
    endloop
  endfacet
  facet normal 1 0 0
    outer loop
      vertex 2 3 2
      vertex 2 18.12 3.5
      vertex 2 5.12 3.5
    endloop
  endfacet
  facet normal 1 0 0
    outer loop
      vertex 2 18.12 3.5
      vertex 2 3 2
      vertex 2 28 2
    endloop
  endfacet
  facet normal 1 0 0
    outer loop
      vertex 2 5.12 12.5
      vertex 2 3 2
      vertex 2 5.12 3.5
    endloop
  endfacet
  facet normal 0.195013 0.980801 -0
    outer loop
      vertex 2.86948 2.00856 2
      vertex 2.74118 2.03407 20.6
      vertex 2.86948 2.00856 20.6
    endloop
  endfacet
  facet normal 0.195013 0.980801 0
    outer loop
      vertex 2.74118 2.03407 20.6
      vertex 2.86948 2.00856 2
      vertex 2.74118 2.03407 2
    endloop
  endfacet
  facet normal -0.321039 -0.947066 0
    outer loop
      vertex 57.2588 28.9659 2
      vertex 57.3827 28.9239 20.6
      vertex 57.2588 28.9659 20.6
    endloop
  endfacet
  facet normal -0.321039 -0.947066 -0
    outer loop
      vertex 57.3827 28.9239 20.6
      vertex 57.2588 28.9659 2
      vertex 57.3827 28.9239 2
    endloop
  endfacet
  facet normal -0.831815 -0.555053 0
    outer loop
      vertex 57.866 28.5 2
      vertex 57.7934 28.6088 20.6
      vertex 57.7934 28.6088 2
    endloop
  endfacet
  facet normal -0.831815 -0.555053 0
    outer loop
      vertex 57.7934 28.6088 20.6
      vertex 57.866 28.5 2
      vertex 57.866 28.5 20.6
    endloop
  endfacet
  facet normal -0.751653 0.659559 0
    outer loop
      vertex 57.7071 2.29289 2
      vertex 57.7934 2.39124 20.6
      vertex 57.7934 2.39124 2
    endloop
  endfacet
  facet normal -0.751653 0.659559 0
    outer loop
      vertex 57.7934 2.39124 20.6
      vertex 57.7071 2.29289 2
      vertex 57.7071 2.29289 20.6
    endloop
  endfacet
  facet normal -0.442252 0.896891 0
    outer loop
      vertex 57.5 2.13397 2
      vertex 57.3827 2.07613 20.6
      vertex 57.5 2.13397 20.6
    endloop
  endfacet
  facet normal -0.442252 0.896891 0
    outer loop
      vertex 57.3827 2.07613 20.6
      vertex 57.5 2.13397 2
      vertex 57.3827 2.07613 2
    endloop
  endfacet
  facet normal 0.980801 -0.195013 0
    outer loop
      vertex 2.00856 28.1305 20.6
      vertex 2.03407 28.2588 2
      vertex 2.03407 28.2588 20.6
    endloop
  endfacet
  facet normal 0.980801 -0.195013 0
    outer loop
      vertex 2.03407 28.2588 2
      vertex 2.00856 28.1305 20.6
      vertex 2.00856 28.1305 2
    endloop
  endfacet
  facet normal -0.947042 0.321109 0
    outer loop
      vertex 57.9239 2.61731 2
      vertex 57.9659 2.74118 20.6
      vertex 57.9659 2.74118 2
    endloop
  endfacet
  facet normal -0.947042 0.321109 0
    outer loop
      vertex 57.9659 2.74118 20.6
      vertex 57.9239 2.61731 2
      vertex 57.9239 2.61731 20.6
    endloop
  endfacet
  facet normal -1 0 0
    outer loop
      vertex 58 18.9645 14.4149
      vertex 58 28 20.6
      vertex 58 28 2
    endloop
  endfacet
  facet normal -1 0 0
    outer loop
      vertex 58 28 20.6
      vertex 58 19.2179 15.3605
      vertex 58 19.25 15.85
    endloop
  endfacet
  facet normal -1 0 0
    outer loop
      vertex 58 28 20.6
      vertex 58 19.1222 14.8794
      vertex 58 19.2179 15.3605
    endloop
  endfacet
  facet normal -1 0 0
    outer loop
      vertex 58 28 20.6
      vertex 58 18.9645 14.4149
      vertex 58 19.1222 14.8794
    endloop
  endfacet
  facet normal -1 0 0
    outer loop
      vertex 58 28 2
      vertex 58 18.7476 13.975
      vertex 58 18.9645 14.4149
    endloop
  endfacet
  facet normal -1 0 0
    outer loop
      vertex 58 28 2
      vertex 58 18.4751 13.5671
      vertex 58 18.7476 13.975
    endloop
  endfacet
  facet normal -1 0 0
    outer loop
      vertex 58 28 2
      vertex 58 18.1516 13.1983
      vertex 58 18.4751 13.5671
    endloop
  endfacet
  facet normal -1 0 0
    outer loop
      vertex 58 28 2
      vertex 58 17.7829 12.8749
      vertex 58 18.1516 13.1983
    endloop
  endfacet
  facet normal -1 0 0
    outer loop
      vertex 58 28 2
      vertex 58 17.375 12.6024
      vertex 58 17.7829 12.8749
    endloop
  endfacet
  facet normal -1 0 0
    outer loop
      vertex 58 28 2
      vertex 58 16.9351 12.3855
      vertex 58 17.375 12.6024
    endloop
  endfacet
  facet normal -1 0 0
    outer loop
      vertex 58 28 2
      vertex 58 16.4706 12.2278
      vertex 58 16.9351 12.3855
    endloop
  endfacet
  facet normal -1 0 0
    outer loop
      vertex 58 28 2
      vertex 58 15.9895 12.1321
      vertex 58 16.4706 12.2278
    endloop
  endfacet
  facet normal -1 0 0
    outer loop
      vertex 58 28 2
      vertex 58 15.5 12.1
      vertex 58 15.9895 12.1321
    endloop
  endfacet
  facet normal -1 0 0
    outer loop
      vertex 58 3 2
      vertex 58 15.5 12.1
      vertex 58 28 2
    endloop
  endfacet
  facet normal -1 -0 0
    outer loop
      vertex 58 15.5 12.1
      vertex 58 3 2
      vertex 58 15.0105 12.1321
    endloop
  endfacet
  facet normal -1 -0 0
    outer loop
      vertex 58 15.0105 12.1321
      vertex 58 3 2
      vertex 58 14.5294 12.2278
    endloop
  endfacet
  facet normal -1 -0 0
    outer loop
      vertex 58 14.5294 12.2278
      vertex 58 3 2
      vertex 58 14.0649 12.3855
    endloop
  endfacet
  facet normal -1 -0 0
    outer loop
      vertex 58 14.0649 12.3855
      vertex 58 3 2
      vertex 58 13.625 12.6024
    endloop
  endfacet
  facet normal -1 0 0
    outer loop
      vertex 58 11.8778 14.8794
      vertex 58 3 20.6
      vertex 58 11.7821 15.3605
    endloop
  endfacet
  facet normal -1 0 0
    outer loop
      vertex 58 12.0355 14.4149
      vertex 58 3 20.6
      vertex 58 11.8778 14.8794
    endloop
  endfacet
  facet normal -1 0 0
    outer loop
      vertex 58 3 20.6
      vertex 58 12.0355 14.4149
      vertex 58 3 2
    endloop
  endfacet
  facet normal -1 -0 0
    outer loop
      vertex 58 12.2524 13.975
      vertex 58 3 2
      vertex 58 12.0355 14.4149
    endloop
  endfacet
  facet normal -1 -0 0
    outer loop
      vertex 58 12.5249 13.5671
      vertex 58 3 2
      vertex 58 12.2524 13.975
    endloop
  endfacet
  facet normal -1 -0 0
    outer loop
      vertex 58 12.8483 13.1983
      vertex 58 3 2
      vertex 58 12.5249 13.5671
    endloop
  endfacet
  facet normal -1 -0 0
    outer loop
      vertex 58 13.2171 12.8749
      vertex 58 3 2
      vertex 58 12.8483 13.1983
    endloop
  endfacet
  facet normal -1 -0 0
    outer loop
      vertex 58 13.625 12.6024
      vertex 58 3 2
      vertex 58 13.2171 12.8749
    endloop
  endfacet
  facet normal -1 0 0
    outer loop
      vertex 58 19.2179 16.3395
      vertex 58 28 20.6
      vertex 58 19.25 15.85
    endloop
  endfacet
  facet normal -1 0 0
    outer loop
      vertex 58 19.1222 16.8206
      vertex 58 28 20.6
      vertex 58 19.2179 16.3395
    endloop
  endfacet
  facet normal -1 0 0
    outer loop
      vertex 58 18.9645 17.2851
      vertex 58 28 20.6
      vertex 58 19.1222 16.8206
    endloop
  endfacet
  facet normal -1 0 0
    outer loop
      vertex 58 18.7476 17.725
      vertex 58 28 20.6
      vertex 58 18.9645 17.2851
    endloop
  endfacet
  facet normal -1 0 0
    outer loop
      vertex 58 18.4751 18.1329
      vertex 58 28 20.6
      vertex 58 18.7476 17.725
    endloop
  endfacet
  facet normal -1 0 0
    outer loop
      vertex 58 18.1516 18.5016
      vertex 58 28 20.6
      vertex 58 18.4751 18.1329
    endloop
  endfacet
  facet normal -1 0 0
    outer loop
      vertex 58 17.7829 18.8251
      vertex 58 28 20.6
      vertex 58 18.1516 18.5016
    endloop
  endfacet
  facet normal -1 0 0
    outer loop
      vertex 58 17.375 19.0976
      vertex 58 28 20.6
      vertex 58 17.7829 18.8251
    endloop
  endfacet
  facet normal -1 0 0
    outer loop
      vertex 58 16.9351 19.3145
      vertex 58 28 20.6
      vertex 58 17.375 19.0976
    endloop
  endfacet
  facet normal -1 0 0
    outer loop
      vertex 58 16.4706 19.4722
      vertex 58 28 20.6
      vertex 58 16.9351 19.3145
    endloop
  endfacet
  facet normal -1 0 0
    outer loop
      vertex 58 15.9895 19.5679
      vertex 58 28 20.6
      vertex 58 16.4706 19.4722
    endloop
  endfacet
  facet normal -1 0 0
    outer loop
      vertex 58 15.5 19.6
      vertex 58 28 20.6
      vertex 58 15.9895 19.5679
    endloop
  endfacet
  facet normal -1 0 0
    outer loop
      vertex 58 3 20.6
      vertex 58 15.5 19.6
      vertex 58 15.0105 19.5679
    endloop
  endfacet
  facet normal -1 0 0
    outer loop
      vertex 58 11.7821 15.3605
      vertex 58 3 20.6
      vertex 58 11.75 15.85
    endloop
  endfacet
  facet normal -1 0 0
    outer loop
      vertex 58 11.75 15.85
      vertex 58 3 20.6
      vertex 58 11.7821 16.3395
    endloop
  endfacet
  facet normal -1 0 0
    outer loop
      vertex 58 11.7821 16.3395
      vertex 58 3 20.6
      vertex 58 11.8778 16.8206
    endloop
  endfacet
  facet normal -1 0 0
    outer loop
      vertex 58 11.8778 16.8206
      vertex 58 3 20.6
      vertex 58 12.0355 17.2851
    endloop
  endfacet
  facet normal -1 0 0
    outer loop
      vertex 58 15.5 19.6
      vertex 58 3 20.6
      vertex 58 28 20.6
    endloop
  endfacet
  facet normal -1 0 0
    outer loop
      vertex 58 14.5294 19.4722
      vertex 58 3 20.6
      vertex 58 15.0105 19.5679
    endloop
  endfacet
  facet normal -1 0 0
    outer loop
      vertex 58 14.0649 19.3145
      vertex 58 3 20.6
      vertex 58 14.5294 19.4722
    endloop
  endfacet
  facet normal -1 0 0
    outer loop
      vertex 58 13.625 19.0976
      vertex 58 3 20.6
      vertex 58 14.0649 19.3145
    endloop
  endfacet
  facet normal -1 0 0
    outer loop
      vertex 58 13.2171 18.8251
      vertex 58 3 20.6
      vertex 58 13.625 19.0976
    endloop
  endfacet
  facet normal -1 0 0
    outer loop
      vertex 58 12.8483 18.5016
      vertex 58 3 20.6
      vertex 58 13.2171 18.8251
    endloop
  endfacet
  facet normal -1 0 0
    outer loop
      vertex 58 12.5249 18.1329
      vertex 58 3 20.6
      vertex 58 12.8483 18.5016
    endloop
  endfacet
  facet normal -1 0 0
    outer loop
      vertex 58 12.2524 17.725
      vertex 58 3 20.6
      vertex 58 12.5249 18.1329
    endloop
  endfacet
  facet normal -1 0 0
    outer loop
      vertex 58 12.0355 17.2851
      vertex 58 3 20.6
      vertex 58 12.2524 17.725
    endloop
  endfacet
  facet normal 0.442222 0.896906 -0
    outer loop
      vertex 2.61731 2.07613 2
      vertex 2.5 2.13397 20.6
      vertex 2.61731 2.07613 20.6
    endloop
  endfacet
  facet normal 0.442222 0.896906 0
    outer loop
      vertex 2.5 2.13397 20.6
      vertex 2.61731 2.07613 2
      vertex 2.5 2.13397 2
    endloop
  endfacet
  facet normal 0.0654432 0.997856 -0
    outer loop
      vertex 3 2 2
      vertex 2.86948 2.00856 20.6
      vertex 3 2 20.6
    endloop
  endfacet
  facet normal 0.0654432 0.997856 0
    outer loop
      vertex 2.86948 2.00856 20.6
      vertex 3 2 2
      vertex 2.86948 2.00856 2
    endloop
  endfacet
  facet normal 0.659559 -0.751653 0
    outer loop
      vertex 2.29289 28.7071 2
      vertex 2.39124 28.7934 20.6
      vertex 2.29289 28.7071 20.6
    endloop
  endfacet
  facet normal 0.659559 -0.751653 0
    outer loop
      vertex 2.39124 28.7934 20.6
      vertex 2.29289 28.7071 2
      vertex 2.39124 28.7934 2
    endloop
  endfacet
  facet normal 0.946903 0.32152 0
    outer loop
      vertex 2.07613 2.61731 20.6
      vertex 2.03407 2.74118 2
      vertex 2.03407 2.74118 20.6
    endloop
  endfacet
  facet normal 0.946903 0.32152 0
    outer loop
      vertex 2.03407 2.74118 2
      vertex 2.07613 2.61731 20.6
      vertex 2.07613 2.61731 2
    endloop
  endfacet
  facet normal -0.442621 -0.896709 0
    outer loop
      vertex 57.3827 28.9239 2
      vertex 57.5 28.866 20.6
      vertex 57.3827 28.9239 20.6
    endloop
  endfacet
  facet normal -0.442621 -0.896709 -0
    outer loop
      vertex 57.5 28.866 20.6
      vertex 57.3827 28.9239 2
      vertex 57.5 28.866 2
    endloop
  endfacet
  facet normal 0.19494 -0.980815 0
    outer loop
      vertex 2.74118 28.9659 2
      vertex 2.86948 28.9914 20.6
      vertex 2.74118 28.9659 20.6
    endloop
  endfacet
  facet normal 0.19494 -0.980815 0
    outer loop
      vertex 2.86948 28.9914 20.6
      vertex 2.74118 28.9659 2
      vertex 2.86948 28.9914 2
    endloop
  endfacet
  facet normal -0.659489 0.751714 0
    outer loop
      vertex 57.7071 2.29289 2
      vertex 57.6088 2.20665 20.6
      vertex 57.7071 2.29289 20.6
    endloop
  endfacet
  facet normal -0.659489 0.751714 0
    outer loop
      vertex 57.6088 2.20665 20.6
      vertex 57.7071 2.29289 2
      vertex 57.6088 2.20665 2
    endloop
  endfacet
  facet normal 0.751714 -0.659489 0
    outer loop
      vertex 2.20665 28.6088 20.6
      vertex 2.29289 28.7071 2
      vertex 2.29289 28.7071 20.6
    endloop
  endfacet
  facet normal 0.751714 -0.659489 0
    outer loop
      vertex 2.29289 28.7071 2
      vertex 2.20665 28.6088 20.6
      vertex 2.20665 28.6088 2
    endloop
  endfacet
  facet normal -0.751486 -0.659749 0
    outer loop
      vertex 57.7934 28.6088 2
      vertex 57.7071 28.7071 20.6
      vertex 57.7071 28.7071 2
    endloop
  endfacet
  facet normal -0.751486 -0.659749 0
    outer loop
      vertex 57.7071 28.7071 20.6
      vertex 57.7934 28.6088 2
      vertex 57.7934 28.6088 20.6
    endloop
  endfacet
  facet normal -0.997836 -0.0657577 0
    outer loop
      vertex 58 28 2
      vertex 57.9914 28.1305 20.6
      vertex 57.9914 28.1305 2
    endloop
  endfacet
  facet normal -0.997836 -0.0657577 0
    outer loop
      vertex 57.9914 28.1305 20.6
      vertex 58 28 2
      vertex 58 28 20.6
    endloop
  endfacet
  facet normal 0.997856 -0.0654532 0
    outer loop
      vertex 2 28 20.6
      vertex 2.00856 28.1305 2
      vertex 2.00856 28.1305 20.6
    endloop
  endfacet
  facet normal 0.997856 -0.0654532 0
    outer loop
      vertex 2.00856 28.1305 2
      vertex 2 28 20.6
      vertex 2 28 2
    endloop
  endfacet
  facet normal 0.831533 -0.555476 0
    outer loop
      vertex 2.13397 28.5 20.6
      vertex 2.20665 28.6088 2
      vertex 2.20665 28.6088 20.6
    endloop
  endfacet
  facet normal 0.831533 -0.555476 0
    outer loop
      vertex 2.20665 28.6088 2
      vertex 2.13397 28.5 20.6
      vertex 2.13397 28.5 2
    endloop
  endfacet
  facet normal 0.997856 0.0654432 0
    outer loop
      vertex 2.00856 2.86948 20.6
      vertex 2 3 2
      vertex 2 3 20.6
    endloop
  endfacet
  facet normal 0.997856 0.0654432 0
    outer loop
      vertex 2 3 2
      vertex 2.00856 2.86948 20.6
      vertex 2.00856 2.86948 2
    endloop
  endfacet
  facet normal -0.555053 -0.831815 0
    outer loop
      vertex 57.5 28.866 2
      vertex 57.6088 28.7934 20.6
      vertex 57.5 28.866 20.6
    endloop
  endfacet
  facet normal -0.555053 -0.831815 -0
    outer loop
      vertex 57.6088 28.7934 20.6
      vertex 57.5 28.866 2
      vertex 57.6088 28.7934 2
    endloop
  endfacet
  facet normal -0.896724 0.442591 0
    outer loop
      vertex 57.866 2.5 2
      vertex 57.9239 2.61731 20.6
      vertex 57.9239 2.61731 2
    endloop
  endfacet
  facet normal -0.896724 0.442591 0
    outer loop
      vertex 57.9239 2.61731 20.6
      vertex 57.866 2.5 2
      vertex 57.866 2.5 20.6
    endloop
  endfacet
  facet normal 0.896906 0.442222 0
    outer loop
      vertex 2.13397 2.5 20.6
      vertex 2.07613 2.61731 2
      vertex 2.07613 2.61731 20.6
    endloop
  endfacet
  facet normal 0.896906 0.442222 0
    outer loop
      vertex 2.07613 2.61731 2
      vertex 2.13397 2.5 20.6
      vertex 2.13397 2.5 2
    endloop
  endfacet
  facet normal 0.946926 -0.321451 0
    outer loop
      vertex 2.03407 28.2588 20.6
      vertex 2.07613 28.3827 2
      vertex 2.07613 28.3827 20.6
    endloop
  endfacet
  facet normal 0.946926 -0.321451 0
    outer loop
      vertex 2.07613 28.3827 2
      vertex 2.03407 28.2588 20.6
      vertex 2.03407 28.2588 2
    endloop
  endfacet
  facet normal -0.0657577 -0.997836 0
    outer loop
      vertex 57 29 2
      vertex 57.1305 28.9914 20.6
      vertex 57 29 20.6
    endloop
  endfacet
  facet normal -0.0657577 -0.997836 -0
    outer loop
      vertex 57.1305 28.9914 20.6
      vertex 57 29 2
      vertex 57.1305 28.9914 2
    endloop
  endfacet
  facet normal -0.997836 0.0657477 0
    outer loop
      vertex 57.9914 2.86948 2
      vertex 58 3 20.6
      vertex 58 3 2
    endloop
  endfacet
  facet normal -0.997836 0.0657477 0
    outer loop
      vertex 58 3 20.6
      vertex 57.9914 2.86948 2
      vertex 57.9914 2.86948 20.6
    endloop
  endfacet
  facet normal 0.6593 0.75188 -0
    outer loop
      vertex 2.39124 2.20665 2
      vertex 2.29289 2.29289 20.6
      vertex 2.39124 2.20665 20.6
    endloop
  endfacet
  facet normal 0.6593 0.75188 0
    outer loop
      vertex 2.29289 2.29289 20.6
      vertex 2.39124 2.20665 2
      vertex 2.29289 2.29289 2
    endloop
  endfacet
  facet normal -0.980815 -0.19494 0
    outer loop
      vertex 57.9914 28.1305 2
      vertex 57.9659 28.2588 20.6
      vertex 57.9659 28.2588 2
    endloop
  endfacet
  facet normal -0.980815 -0.19494 0
    outer loop
      vertex 57.9659 28.2588 20.6
      vertex 57.9914 28.1305 2
      vertex 57.9914 28.1305 20.6
    endloop
  endfacet
  facet normal 0.555617 0.831438 -0
    outer loop
      vertex 2.5 2.13397 2
      vertex 2.39124 2.20665 20.6
      vertex 2.5 2.13397 20.6
    endloop
  endfacet
  facet normal 0.555617 0.831438 0
    outer loop
      vertex 2.39124 2.20665 20.6
      vertex 2.5 2.13397 2
      vertex 2.39124 2.20665 2
    endloop
  endfacet
  facet normal -0.659749 -0.751486 0
    outer loop
      vertex 57.6088 28.7934 2
      vertex 57.7071 28.7071 20.6
      vertex 57.6088 28.7934 20.6
    endloop
  endfacet
  facet normal -0.659749 -0.751486 -0
    outer loop
      vertex 57.7071 28.7071 20.6
      vertex 57.6088 28.7934 2
      vertex 57.7071 28.7071 2
    endloop
  endfacet
  facet normal -0.555476 0.831533 0
    outer loop
      vertex 57.6088 2.20665 2
      vertex 57.5 2.13397 20.6
      vertex 57.6088 2.20665 20.6
    endloop
  endfacet
  facet normal -0.555476 0.831533 0
    outer loop
      vertex 57.5 2.13397 20.6
      vertex 57.6088 2.20665 2
      vertex 57.5 2.13397 2
    endloop
  endfacet
  facet normal 0.75188 0.6593 0
    outer loop
      vertex 2.29289 2.29289 20.6
      vertex 2.20665 2.39124 2
      vertex 2.20665 2.39124 20.6
    endloop
  endfacet
  facet normal 0.75188 0.6593 0
    outer loop
      vertex 2.20665 2.39124 2
      vertex 2.29289 2.29289 20.6
      vertex 2.29289 2.29289 2
    endloop
  endfacet
  facet normal 0.831438 0.555617 0
    outer loop
      vertex 2.20665 2.39124 20.6
      vertex 2.13397 2.5 2
      vertex 2.13397 2.5 20.6
    endloop
  endfacet
  facet normal 0.831438 0.555617 0
    outer loop
      vertex 2.13397 2.5 2
      vertex 2.20665 2.39124 20.6
      vertex 2.20665 2.39124 2
    endloop
  endfacet
  facet normal -0 0 1
    outer loop
      vertex 8.5 20.74 2
      vertex 12.5 2.5 2
      vertex 12.5 20.74 2
    endloop
  endfacet
  facet normal 0 0 1
    outer loop
      vertex 12.5 2.5 2
      vertex 8.5 20.74 2
      vertex 8.5 2.5 2
    endloop
  endfacet
  facet normal -0 0 1
    outer loop
      vertex 43 21.4 2
      vertex 43.76 20.74 2
      vertex 43.76 21.4 2
    endloop
  endfacet
  facet normal -0 0 1
    outer loop
      vertex 42.85 21.4 2
      vertex 43.76 20.74 2
      vertex 43 21.4 2
    endloop
  endfacet
  facet normal -0 0 1
    outer loop
      vertex 41.55 21.4 2
      vertex 43.76 20.74 2
      vertex 42.85 21.4 2
    endloop
  endfacet
  facet normal 0 0 1
    outer loop
      vertex 43 22.7 2
      vertex 42.85 21.4 2
      vertex 43 21.4 2
    endloop
  endfacet
  facet normal 0 0 1
    outer loop
      vertex 43.76 20.74 2
      vertex 41.55 21.4 2
      vertex 43.76 2.5 2
    endloop
  endfacet
  facet normal 0 0 1
    outer loop
      vertex 12.5 2.5 2
      vertex 43.76 2.5 2
      vertex 41.55 21.4 2
    endloop
  endfacet
  facet normal 0 0 1
    outer loop
      vertex 12.5 20.74 2
      vertex 41.55 21.4 2
      vertex 12.5 21.54 2
    endloop
  endfacet
  facet normal 0 0 1
    outer loop
      vertex 12.5 2.5 2
      vertex 41.55 21.4 2
      vertex 12.5 20.74 2
    endloop
  endfacet
  facet normal 0 0 1
    outer loop
      vertex 43.76 2.5 2
      vertex 12.5 2.5 2
      vertex 43.76 2 2
    endloop
  endfacet
  facet normal 0 0 1
    outer loop
      vertex 43.76 2 2
      vertex 12.5 2.5 2
      vertex 12.5 2 2
    endloop
  endfacet
  facet normal -0 0 1
    outer loop
      vertex 43.76 20.74 2
      vertex 47.76 2.5 2
      vertex 47.76 20.74 2
    endloop
  endfacet
  facet normal 0 0 1
    outer loop
      vertex 47.76 2.5 2
      vertex 43.76 20.74 2
      vertex 43.76 2.5 2
    endloop
  endfacet
  facet normal 0 0 1
    outer loop
      vertex 47.76 21.54 2
      vertex 45 22.7 2
      vertex 45 21.54 2
    endloop
  endfacet
  facet normal 0 0 1
    outer loop
      vertex 55 21.4 2
      vertex 53.76 20.74 2
      vertex 54.56 20.74 2
    endloop
  endfacet
  facet normal 0 0 1
    outer loop
      vertex 47.76 20.74 2
      vertex 53.76 20.74 2
      vertex 53 21.4 2
    endloop
  endfacet
  facet normal -0 0 1
    outer loop
      vertex 53 21.4 2
      vertex 53.76 20.74 2
      vertex 55 21.4 2
    endloop
  endfacet
  facet normal 0 0 1
    outer loop
      vertex 56.45 28.7 2
      vertex 58 28 2
      vertex 57.9914 28.1305 2
    endloop
  endfacet
  facet normal 0 0 1
    outer loop
      vertex 58 28 2
      vertex 56.45 21.4 2
      vertex 58 3 2
    endloop
  endfacet
  facet normal 0 0 1
    outer loop
      vertex 56.45 28.7 2
      vertex 57.9914 28.1305 2
      vertex 57.9659 28.2588 2
    endloop
  endfacet
  facet normal -0 0 1
    outer loop
      vertex 54.56 20.74 2
      vertex 58 3 2
      vertex 56.45 21.4 2
    endloop
  endfacet
  facet normal 0 0 1
    outer loop
      vertex 56.45 28.7 2
      vertex 57.9659 28.2588 2
      vertex 57.9239 28.3827 2
    endloop
  endfacet
  facet normal 0 0 1
    outer loop
      vertex 54.56 2.5 2
      vertex 58 3 2
      vertex 54.56 20.74 2
    endloop
  endfacet
  facet normal 0 0 1
    outer loop
      vertex 56.45 28.7 2
      vertex 57.9239 28.3827 2
      vertex 57.866 28.5 2
    endloop
  endfacet
  facet normal 0 -0 1
    outer loop
      vertex 57 2 2
      vertex 58 3 2
      vertex 54.56 2.5 2
    endloop
  endfacet
  facet normal 0 0 1
    outer loop
      vertex 56.45 28.7 2
      vertex 57.866 28.5 2
      vertex 57.7934 28.6088 2
    endloop
  endfacet
  facet normal 0 0 1
    outer loop
      vertex 58 3 2
      vertex 57 2 2
      vertex 57.9914 2.86948 2
    endloop
  endfacet
  facet normal -0 0 1
    outer loop
      vertex 56.45 28.7 2
      vertex 57.7934 28.6088 2
      vertex 57.7071 28.7071 2
    endloop
  endfacet
  facet normal 0 0 1
    outer loop
      vertex 57.9914 2.86948 2
      vertex 57 2 2
      vertex 57.9659 2.74118 2
    endloop
  endfacet
  facet normal 0 0 1
    outer loop
      vertex 56.45 28.7 2
      vertex 57.7071 28.7071 2
      vertex 57.6088 28.7934 2
    endloop
  endfacet
  facet normal 0 0 1
    outer loop
      vertex 57.9659 2.74118 2
      vertex 57 2 2
      vertex 57.9239 2.61731 2
    endloop
  endfacet
  facet normal 0 0 1
    outer loop
      vertex 56.45 28.7 2
      vertex 57.6088 28.7934 2
      vertex 57.5 28.866 2
    endloop
  endfacet
  facet normal 0 0 1
    outer loop
      vertex 57.9239 2.61731 2
      vertex 57 2 2
      vertex 57.866 2.5 2
    endloop
  endfacet
  facet normal 0 0 1
    outer loop
      vertex 56.45 28.7 2
      vertex 57.5 28.866 2
      vertex 57.3827 28.9239 2
    endloop
  endfacet
  facet normal 0 0 1
    outer loop
      vertex 57.866 2.5 2
      vertex 57 2 2
      vertex 57.7934 2.39124 2
    endloop
  endfacet
  facet normal 0 0 1
    outer loop
      vertex 56.45 28.7 2
      vertex 57.3827 28.9239 2
      vertex 57.2588 28.9659 2
    endloop
  endfacet
  facet normal 0 0 1
    outer loop
      vertex 57.7934 2.39124 2
      vertex 57 2 2
      vertex 57.7071 2.29289 2
    endloop
  endfacet
  facet normal 0 0 1
    outer loop
      vertex 56.45 28.7 2
      vertex 57.2588 28.9659 2
      vertex 57.1305 28.9914 2
    endloop
  endfacet
  facet normal 0 0 1
    outer loop
      vertex 57.7071 2.29289 2
      vertex 57 2 2
      vertex 57.6088 2.20665 2
    endloop
  endfacet
  facet normal 0 0 1
    outer loop
      vertex 56.45 28.7 2
      vertex 57.1305 28.9914 2
      vertex 57 29 2
    endloop
  endfacet
  facet normal 0 0 1
    outer loop
      vertex 57.6088 2.20665 2
      vertex 57 2 2
      vertex 57.5 2.13397 2
    endloop
  endfacet
  facet normal 0 0 1
    outer loop
      vertex 58 28 2
      vertex 56.45 28.7 2
      vertex 56.45 21.4 2
    endloop
  endfacet
  facet normal 0 0 1
    outer loop
      vertex 57 29 2
      vertex 55.15 28.7 2
      vertex 56.45 28.7 2
    endloop
  endfacet
  facet normal 0 0 1
    outer loop
      vertex 55.15 28.7 2
      vertex 55 22.7 2
      vertex 55.15 21.4 2
    endloop
  endfacet
  facet normal 0 0 1
    outer loop
      vertex 55.15 28.7 2
      vertex 53 22.7 2
      vertex 55 22.7 2
    endloop
  endfacet
  facet normal 0 0 1
    outer loop
      vertex 53 22.7 2
      vertex 47.76 21.54 2
      vertex 53 21.4 2
    endloop
  endfacet
  facet normal 0 0 1
    outer loop
      vertex 55.15 28.7 2
      vertex 47.76 21.54 2
      vertex 53 22.7 2
    endloop
  endfacet
  facet normal -0 0 1
    outer loop
      vertex 42.85 28.7 2
      vertex 47.76 21.54 2
      vertex 55.15 28.7 2
    endloop
  endfacet
  facet normal 0 0 1
    outer loop
      vertex 47.76 21.54 2
      vertex 42.85 28.7 2
      vertex 45 22.7 2
    endloop
  endfacet
  facet normal 0 0 1
    outer loop
      vertex 42.85 21.4 2
      vertex 43 22.7 2
      vertex 42.85 28.7 2
    endloop
  endfacet
  facet normal 0 0 1
    outer loop
      vertex 45 22.7 2
      vertex 42.85 28.7 2
      vertex 43 22.7 2
    endloop
  endfacet
  facet normal 0 0 1
    outer loop
      vertex 57 29 2
      vertex 42.85 28.7 2
      vertex 55.15 28.7 2
    endloop
  endfacet
  facet normal 0 0 1
    outer loop
      vertex 57 29 2
      vertex 41.55 28.7 2
      vertex 42.85 28.7 2
    endloop
  endfacet
  facet normal 0 0 1
    outer loop
      vertex 41.55 28.7 2
      vertex 12.5 21.54 2
      vertex 41.55 21.4 2
    endloop
  endfacet
  facet normal 0 0 1
    outer loop
      vertex 3 29 2
      vertex 12.5 21.54 2
      vertex 41.55 28.7 2
    endloop
  endfacet
  facet normal 0 0 1
    outer loop
      vertex 2 28 2
      vertex 8.5 20.74 2
      vertex 8.5 21.54 2
    endloop
  endfacet
  facet normal 0 0 1
    outer loop
      vertex 8.5 20.74 2
      vertex 2 3 2
      vertex 8.5 2.5 2
    endloop
  endfacet
  facet normal -0 0 1
    outer loop
      vertex 3 29 2
      vertex 41.55 28.7 2
      vertex 57 29 2
    endloop
  endfacet
  facet normal 0 0 1
    outer loop
      vertex 12.5 21.54 2
      vertex 3 29 2
      vertex 8.5 21.54 2
    endloop
  endfacet
  facet normal -0 0 1
    outer loop
      vertex 2 28 2
      vertex 8.5 21.54 2
      vertex 3 29 2
    endloop
  endfacet
  facet normal 0 0 1
    outer loop
      vertex 8.5 20.74 2
      vertex 2 28 2
      vertex 2 3 2
    endloop
  endfacet
  facet normal 0 0 1
    outer loop
      vertex 2 28 2
      vertex 3 29 2
      vertex 2.86948 28.9914 2
    endloop
  endfacet
  facet normal 0 -0 1
    outer loop
      vertex 3 2 2
      vertex 8.5 2.5 2
      vertex 2 3 2
    endloop
  endfacet
  facet normal 0 0 1
    outer loop
      vertex 2 28 2
      vertex 2.86948 28.9914 2
      vertex 2.74118 28.9659 2
    endloop
  endfacet
  facet normal 0 0 1
    outer loop
      vertex 8.5 2.5 2
      vertex 3 2 2
      vertex 8.5 2 2
    endloop
  endfacet
  facet normal 0 0 1
    outer loop
      vertex 2 28 2
      vertex 2.74118 28.9659 2
      vertex 2.61731 28.9239 2
    endloop
  endfacet
  facet normal 0 0 1
    outer loop
      vertex 3 2 2
      vertex 2 3 2
      vertex 2.86948 2.00856 2
    endloop
  endfacet
  facet normal 0 0 1
    outer loop
      vertex 2 28 2
      vertex 2.61731 28.9239 2
      vertex 2.5 28.866 2
    endloop
  endfacet
  facet normal 0 0 1
    outer loop
      vertex 2.86948 2.00856 2
      vertex 2 3 2
      vertex 2.74118 2.03407 2
    endloop
  endfacet
  facet normal 0 0 1
    outer loop
      vertex 2 28 2
      vertex 2.5 28.866 2
      vertex 2.39124 28.7934 2
    endloop
  endfacet
  facet normal 0 0 1
    outer loop
      vertex 2.74118 2.03407 2
      vertex 2 3 2
      vertex 2.61731 2.07613 2
    endloop
  endfacet
  facet normal 0 0 1
    outer loop
      vertex 2 28 2
      vertex 2.39124 28.7934 2
      vertex 2.29289 28.7071 2
    endloop
  endfacet
  facet normal 0 0 1
    outer loop
      vertex 2.61731 2.07613 2
      vertex 2 3 2
      vertex 2.5 2.13397 2
    endloop
  endfacet
  facet normal 0 0 1
    outer loop
      vertex 2 28 2
      vertex 2.29289 28.7071 2
      vertex 2.20665 28.6088 2
    endloop
  endfacet
  facet normal 0 0 1
    outer loop
      vertex 2.5 2.13397 2
      vertex 2 3 2
      vertex 2.39124 2.20665 2
    endloop
  endfacet
  facet normal 0 0 1
    outer loop
      vertex 2 28 2
      vertex 2.20665 28.6088 2
      vertex 2.13397 28.5 2
    endloop
  endfacet
  facet normal 0 0 1
    outer loop
      vertex 2.39124 2.20665 2
      vertex 2 3 2
      vertex 2.29289 2.29289 2
    endloop
  endfacet
  facet normal 0 0 1
    outer loop
      vertex 2 28 2
      vertex 2.13397 28.5 2
      vertex 2.07613 28.3827 2
    endloop
  endfacet
  facet normal 0 0 1
    outer loop
      vertex 2.29289 2.29289 2
      vertex 2 3 2
      vertex 2.20665 2.39124 2
    endloop
  endfacet
  facet normal 0 0 1
    outer loop
      vertex 2 28 2
      vertex 2.07613 28.3827 2
      vertex 2.03407 28.2588 2
    endloop
  endfacet
  facet normal 0 0 1
    outer loop
      vertex 2.20665 2.39124 2
      vertex 2 3 2
      vertex 2.13397 2.5 2
    endloop
  endfacet
  facet normal 0 0 1
    outer loop
      vertex 2 28 2
      vertex 2.03407 28.2588 2
      vertex 2.00856 28.1305 2
    endloop
  endfacet
  facet normal 0 0 1
    outer loop
      vertex 2.13397 2.5 2
      vertex 2 3 2
      vertex 2.07613 2.61731 2
    endloop
  endfacet
  facet normal 0 0 1
    outer loop
      vertex 2.07613 2.61731 2
      vertex 2 3 2
      vertex 2.03407 2.74118 2
    endloop
  endfacet
  facet normal 0 0 1
    outer loop
      vertex 2.03407 2.74118 2
      vertex 2 3 2
      vertex 2.00856 2.86948 2
    endloop
  endfacet
  facet normal 0 0 1
    outer loop
      vertex 57.5 2.13397 2
      vertex 57 2 2
      vertex 57.3827 2.07613 2
    endloop
  endfacet
  facet normal 0 0 1
    outer loop
      vertex 54.56 20.74 2
      vertex 56.45 21.4 2
      vertex 55.15 21.4 2
    endloop
  endfacet
  facet normal 0 0 1
    outer loop
      vertex 55 21.4 2
      vertex 55.15 21.4 2
      vertex 55 22.7 2
    endloop
  endfacet
  facet normal 0 0 1
    outer loop
      vertex 54.56 20.74 2
      vertex 55.15 21.4 2
      vertex 55 21.4 2
    endloop
  endfacet
  facet normal 0 0 1
    outer loop
      vertex 57.3827 2.07613 2
      vertex 57 2 2
      vertex 57.2588 2.03407 2
    endloop
  endfacet
  facet normal 0 0 1
    outer loop
      vertex 57.2588 2.03407 2
      vertex 57 2 2
      vertex 57.1305 2.00856 2
    endloop
  endfacet
  facet normal -0 0 1
    outer loop
      vertex 53.76 2.5 2
      vertex 57 2 2
      vertex 54.56 2.5 2
    endloop
  endfacet
  facet normal 0 0 1
    outer loop
      vertex 47.76 20.74 2
      vertex 53 21.4 2
      vertex 47.76 21.54 2
    endloop
  endfacet
  facet normal 0 0 1
    outer loop
      vertex 53.76 20.74 2
      vertex 47.76 20.74 2
      vertex 53.76 2.5 2
    endloop
  endfacet
  facet normal 0 0 1
    outer loop
      vertex 47.76 2.5 2
      vertex 53.76 2.5 2
      vertex 47.76 20.74 2
    endloop
  endfacet
  facet normal 0 0 1
    outer loop
      vertex 47.76 2 2
      vertex 53.76 2.5 2
      vertex 47.76 2.5 2
    endloop
  endfacet
  facet normal 0 0 1
    outer loop
      vertex 53.76 2.5 2
      vertex 47.76 2 2
      vertex 57 2 2
    endloop
  endfacet
  facet normal -0.980815 0.19494 0
    outer loop
      vertex 57.9659 2.74118 2
      vertex 57.9914 2.86948 20.6
      vertex 57.9914 2.86948 2
    endloop
  endfacet
  facet normal -0.980815 0.19494 0
    outer loop
      vertex 57.9914 2.86948 20.6
      vertex 57.9659 2.74118 2
      vertex 57.9659 2.74118 20.6
    endloop
  endfacet
  facet normal 1 -0 0
    outer loop
      vertex 17 2 19.8
      vertex 17 2.45 18.6
      vertex 17 2.45 19.8
    endloop
  endfacet
  facet normal 1 0 0
    outer loop
      vertex 17 2.45 18.6
      vertex 17 2 19.8
      vertex 17 2 18.6
    endloop
  endfacet
  facet normal -0 0 1
    outer loop
      vertex 11 2.45 19.8
      vertex 17 2 19.8
      vertex 17 2.45 19.8
    endloop
  endfacet
  facet normal 0 0 1
    outer loop
      vertex 17 2 19.8
      vertex 11 2.45 19.8
      vertex 11 2 19.8
    endloop
  endfacet
  facet normal 0 0 -1
    outer loop
      vertex 11 2 18.6
      vertex 17 2.45 18.6
      vertex 17 2 18.6
    endloop
  endfacet
  facet normal -0 0 -1
    outer loop
      vertex 17 2.45 18.6
      vertex 11 2 18.6
      vertex 11 2.45 18.6
    endloop
  endfacet
  facet normal -1 0 0
    outer loop
      vertex 11 2 18.6
      vertex 11 2.45 19.8
      vertex 11 2.45 18.6
    endloop
  endfacet
  facet normal -1 -0 0
    outer loop
      vertex 11 2.45 19.8
      vertex 11 2 18.6
      vertex 11 2 19.8
    endloop
  endfacet
  facet normal 0 1 -0
    outer loop
      vertex 17 2.45 18.6
      vertex 11 2.45 19.8
      vertex 17 2.45 19.8
    endloop
  endfacet
  facet normal 0 1 0
    outer loop
      vertex 11 2.45 19.8
      vertex 17 2.45 18.6
      vertex 11 2.45 18.6
    endloop
  endfacet
  facet normal 1 -0 0
    outer loop
      vertex 17 28.55 19.8
      vertex 17 29 18.6
      vertex 17 29 19.8
    endloop
  endfacet
  facet normal 1 0 0
    outer loop
      vertex 17 29 18.6
      vertex 17 28.55 19.8
      vertex 17 28.55 18.6
    endloop
  endfacet
  facet normal -0 0 1
    outer loop
      vertex 11 29 19.8
      vertex 17 28.55 19.8
      vertex 17 29 19.8
    endloop
  endfacet
  facet normal 0 0 1
    outer loop
      vertex 17 28.55 19.8
      vertex 11 29 19.8
      vertex 11 28.55 19.8
    endloop
  endfacet
  facet normal 0 0 -1
    outer loop
      vertex 11 28.55 18.6
      vertex 17 29 18.6
      vertex 17 28.55 18.6
    endloop
  endfacet
  facet normal -0 0 -1
    outer loop
      vertex 17 29 18.6
      vertex 11 28.55 18.6
      vertex 11 29 18.6
    endloop
  endfacet
  facet normal -1 0 0
    outer loop
      vertex 11 28.55 18.6
      vertex 11 29 19.8
      vertex 11 29 18.6
    endloop
  endfacet
  facet normal -1 -0 0
    outer loop
      vertex 11 29 19.8
      vertex 11 28.55 18.6
      vertex 11 28.55 19.8
    endloop
  endfacet
  facet normal 0 -1 0
    outer loop
      vertex 11 28.55 18.6
      vertex 17 28.55 19.8
      vertex 11 28.55 19.8
    endloop
  endfacet
  facet normal 0 -1 -0
    outer loop
      vertex 17 28.55 19.8
      vertex 11 28.55 18.6
      vertex 17 28.55 18.6
    endloop
  endfacet
  facet normal 1 -0 0
    outer loop
      vertex 39 2 19.8
      vertex 39 2.45 18.6
      vertex 39 2.45 19.8
    endloop
  endfacet
  facet normal 1 0 0
    outer loop
      vertex 39 2.45 18.6
      vertex 39 2 19.8
      vertex 39 2 18.6
    endloop
  endfacet
  facet normal -0 0 1
    outer loop
      vertex 33 2.45 19.8
      vertex 39 2 19.8
      vertex 39 2.45 19.8
    endloop
  endfacet
  facet normal 0 0 1
    outer loop
      vertex 39 2 19.8
      vertex 33 2.45 19.8
      vertex 33 2 19.8
    endloop
  endfacet
  facet normal 0 0 -1
    outer loop
      vertex 33 2 18.6
      vertex 39 2.45 18.6
      vertex 39 2 18.6
    endloop
  endfacet
  facet normal -0 0 -1
    outer loop
      vertex 39 2.45 18.6
      vertex 33 2 18.6
      vertex 33 2.45 18.6
    endloop
  endfacet
  facet normal -1 0 0
    outer loop
      vertex 33 2 18.6
      vertex 33 2.45 19.8
      vertex 33 2.45 18.6
    endloop
  endfacet
  facet normal -1 -0 0
    outer loop
      vertex 33 2.45 19.8
      vertex 33 2 18.6
      vertex 33 2 19.8
    endloop
  endfacet
  facet normal 0 1 -0
    outer loop
      vertex 39 2.45 18.6
      vertex 33 2.45 19.8
      vertex 39 2.45 19.8
    endloop
  endfacet
  facet normal 0 1 0
    outer loop
      vertex 33 2.45 19.8
      vertex 39 2.45 18.6
      vertex 33 2.45 18.6
    endloop
  endfacet
  facet normal 1 -0 0
    outer loop
      vertex 39 28.55 19.8
      vertex 39 29 18.6
      vertex 39 29 19.8
    endloop
  endfacet
  facet normal 1 0 0
    outer loop
      vertex 39 29 18.6
      vertex 39 28.55 19.8
      vertex 39 28.55 18.6
    endloop
  endfacet
  facet normal -0 0 1
    outer loop
      vertex 33 29 19.8
      vertex 39 28.55 19.8
      vertex 39 29 19.8
    endloop
  endfacet
  facet normal 0 0 1
    outer loop
      vertex 39 28.55 19.8
      vertex 33 29 19.8
      vertex 33 28.55 19.8
    endloop
  endfacet
  facet normal 0 0 -1
    outer loop
      vertex 33 28.55 18.6
      vertex 39 29 18.6
      vertex 39 28.55 18.6
    endloop
  endfacet
  facet normal -0 0 -1
    outer loop
      vertex 39 29 18.6
      vertex 33 28.55 18.6
      vertex 33 29 18.6
    endloop
  endfacet
  facet normal -1 0 0
    outer loop
      vertex 33 28.55 18.6
      vertex 33 29 19.8
      vertex 33 29 18.6
    endloop
  endfacet
  facet normal -1 -0 0
    outer loop
      vertex 33 29 19.8
      vertex 33 28.55 18.6
      vertex 33 28.55 19.8
    endloop
  endfacet
  facet normal 0 -1 0
    outer loop
      vertex 33 28.55 18.6
      vertex 39 28.55 19.8
      vertex 33 28.55 19.8
    endloop
  endfacet
  facet normal 0 -1 -0
    outer loop
      vertex 39 28.55 19.8
      vertex 33 28.55 18.6
      vertex 39 28.55 18.6
    endloop
  endfacet
  facet normal 1 -0 0
    outer loop
      vertex 12.5 2 3.5
      vertex 12.5 2.5 2
      vertex 12.5 2.5 3.5
    endloop
  endfacet
  facet normal 1 0 0
    outer loop
      vertex 12.5 2.5 2
      vertex 12.5 2 3.5
      vertex 12.5 2 2
    endloop
  endfacet
  facet normal -0 0 1
    outer loop
      vertex 8.5 2.5 3.5
      vertex 12.5 2 3.5
      vertex 12.5 2.5 3.5
    endloop
  endfacet
  facet normal 0 0 1
    outer loop
      vertex 12.5 2 3.5
      vertex 8.5 2.5 3.5
      vertex 8.5 2 3.5
    endloop
  endfacet
  facet normal -1 0 0
    outer loop
      vertex 8.5 2 2
      vertex 8.5 2.5 3.5
      vertex 8.5 2.5 2
    endloop
  endfacet
  facet normal -1 -0 0
    outer loop
      vertex 8.5 2.5 3.5
      vertex 8.5 2 2
      vertex 8.5 2 3.5
    endloop
  endfacet
  facet normal 0 1 -0
    outer loop
      vertex 12.5 2.5 2
      vertex 8.5 2.5 3.5
      vertex 12.5 2.5 3.5
    endloop
  endfacet
  facet normal 0 1 0
    outer loop
      vertex 8.5 2.5 3.5
      vertex 12.5 2.5 2
      vertex 8.5 2.5 2
    endloop
  endfacet
  facet normal 1 -0 0
    outer loop
      vertex 12.5 20.74 3.5
      vertex 12.5 21.54 2
      vertex 12.5 21.54 3.5
    endloop
  endfacet
  facet normal 1 0 0
    outer loop
      vertex 12.5 21.54 2
      vertex 12.5 20.74 3.5
      vertex 12.5 20.74 2
    endloop
  endfacet
  facet normal -0 0 1
    outer loop
      vertex 8.5 21.54 3.5
      vertex 12.5 20.74 3.5
      vertex 12.5 21.54 3.5
    endloop
  endfacet
  facet normal 0 0 1
    outer loop
      vertex 12.5 20.74 3.5
      vertex 8.5 21.54 3.5
      vertex 8.5 20.74 3.5
    endloop
  endfacet
  facet normal -1 0 0
    outer loop
      vertex 8.5 20.74 2
      vertex 8.5 21.54 3.5
      vertex 8.5 21.54 2
    endloop
  endfacet
  facet normal -1 -0 0
    outer loop
      vertex 8.5 21.54 3.5
      vertex 8.5 20.74 2
      vertex 8.5 20.74 3.5
    endloop
  endfacet
  facet normal 0 1 -0
    outer loop
      vertex 12.5 21.54 2
      vertex 8.5 21.54 3.5
      vertex 12.5 21.54 3.5
    endloop
  endfacet
  facet normal 0 1 0
    outer loop
      vertex 8.5 21.54 3.5
      vertex 12.5 21.54 2
      vertex 8.5 21.54 2
    endloop
  endfacet
  facet normal 0 -1 0
    outer loop
      vertex 8.5 20.74 2
      vertex 12.5 20.74 3.5
      vertex 8.5 20.74 3.5
    endloop
  endfacet
  facet normal 0 -1 -0
    outer loop
      vertex 12.5 20.74 3.5
      vertex 8.5 20.74 2
      vertex 12.5 20.74 2
    endloop
  endfacet
  facet normal 1 -0 0
    outer loop
      vertex 47.76 2 3.5
      vertex 47.76 2.5 2
      vertex 47.76 2.5 3.5
    endloop
  endfacet
  facet normal 1 0 0
    outer loop
      vertex 47.76 2.5 2
      vertex 47.76 2 3.5
      vertex 47.76 2 2
    endloop
  endfacet
  facet normal -0 0 1
    outer loop
      vertex 43.76 2.5 3.5
      vertex 47.76 2 3.5
      vertex 47.76 2.5 3.5
    endloop
  endfacet
  facet normal 0 0 1
    outer loop
      vertex 47.76 2 3.5
      vertex 43.76 2.5 3.5
      vertex 43.76 2 3.5
    endloop
  endfacet
  facet normal -1 0 0
    outer loop
      vertex 43.76 2 2
      vertex 43.76 2.5 3.5
      vertex 43.76 2.5 2
    endloop
  endfacet
  facet normal -1 -0 0
    outer loop
      vertex 43.76 2.5 3.5
      vertex 43.76 2 2
      vertex 43.76 2 3.5
    endloop
  endfacet
  facet normal 0 1 -0
    outer loop
      vertex 47.76 2.5 2
      vertex 43.76 2.5 3.5
      vertex 47.76 2.5 3.5
    endloop
  endfacet
  facet normal 0 1 0
    outer loop
      vertex 43.76 2.5 3.5
      vertex 47.76 2.5 2
      vertex 43.76 2.5 2
    endloop
  endfacet
  facet normal 1 -0 0
    outer loop
      vertex 47.76 20.74 3.5
      vertex 47.76 21.54 2
      vertex 47.76 21.54 3.5
    endloop
  endfacet
  facet normal 1 0 0
    outer loop
      vertex 47.76 21.54 2
      vertex 47.76 20.74 3.5
      vertex 47.76 20.74 2
    endloop
  endfacet
  facet normal 0 0 1
    outer loop
      vertex 45 21.4 3.5
      vertex 47.76 21.54 3.5
      vertex 45 21.54 3.5
    endloop
  endfacet
  facet normal 0 0 1
    outer loop
      vertex 47.76 21.54 3.5
      vertex 45 21.4 3.5
      vertex 47.76 20.74 3.5
    endloop
  endfacet
  facet normal 0 0 1
    outer loop
      vertex 43.76 20.74 3.5
      vertex 45 21.4 3.5
      vertex 43.76 21.4 3.5
    endloop
  endfacet
  facet normal 0 0 1
    outer loop
      vertex 45 21.4 3.5
      vertex 43.76 20.74 3.5
      vertex 47.76 20.74 3.5
    endloop
  endfacet
  facet normal -1 0 0
    outer loop
      vertex 43.76 20.74 2
      vertex 43.76 21.4 3.5
      vertex 43.76 21.4 2
    endloop
  endfacet
  facet normal -1 -0 0
    outer loop
      vertex 43.76 21.4 3.5
      vertex 43.76 20.74 2
      vertex 43.76 20.74 3.5
    endloop
  endfacet
  facet normal 0 1 -0
    outer loop
      vertex 47.76 21.54 2
      vertex 45 21.54 3.5
      vertex 47.76 21.54 3.5
    endloop
  endfacet
  facet normal 0 1 0
    outer loop
      vertex 45 21.54 3.5
      vertex 47.76 21.54 2
      vertex 45 21.54 2
    endloop
  endfacet
  facet normal 0 -1 0
    outer loop
      vertex 43.76 20.74 2
      vertex 47.76 20.74 3.5
      vertex 43.76 20.74 3.5
    endloop
  endfacet
  facet normal 0 -1 -0
    outer loop
      vertex 47.76 20.74 3.5
      vertex 43.76 20.74 2
      vertex 47.76 20.74 2
    endloop
  endfacet
  facet normal 1 -0 0
    outer loop
      vertex 54.56 2.5 3.5
      vertex 54.56 20.74 2
      vertex 54.56 20.74 3.5
    endloop
  endfacet
  facet normal 1 0 0
    outer loop
      vertex 54.56 20.74 2
      vertex 54.56 2.5 3.5
      vertex 54.56 2.5 2
    endloop
  endfacet
  facet normal -0 0 1
    outer loop
      vertex 53.76 20.74 3.5
      vertex 54.56 2.5 3.5
      vertex 54.56 20.74 3.5
    endloop
  endfacet
  facet normal 0 0 1
    outer loop
      vertex 54.56 2.5 3.5
      vertex 53.76 20.74 3.5
      vertex 53.76 2.5 3.5
    endloop
  endfacet
  facet normal -1 0 0
    outer loop
      vertex 53.76 2.5 2
      vertex 53.76 20.74 3.5
      vertex 53.76 20.74 2
    endloop
  endfacet
  facet normal -1 -0 0
    outer loop
      vertex 53.76 20.74 3.5
      vertex 53.76 2.5 2
      vertex 53.76 2.5 3.5
    endloop
  endfacet
  facet normal 0 1 -0
    outer loop
      vertex 54.56 20.74 2
      vertex 53.76 20.74 3.5
      vertex 54.56 20.74 3.5
    endloop
  endfacet
  facet normal 0 1 0
    outer loop
      vertex 53.76 20.74 3.5
      vertex 54.56 20.74 2
      vertex 53.76 20.74 2
    endloop
  endfacet
  facet normal 0 -1 0
    outer loop
      vertex 53.76 2.5 2
      vertex 54.56 2.5 3.5
      vertex 53.76 2.5 3.5
    endloop
  endfacet
  facet normal 0 -1 -0
    outer loop
      vertex 54.56 2.5 3.5
      vertex 53.76 2.5 2
      vertex 54.56 2.5 2
    endloop
  endfacet
  facet normal 1 0 0
    outer loop
      vertex 45 22.7 14
      vertex 45 21.54 3.5
      vertex 45 22.7 2
    endloop
  endfacet
  facet normal 1 -0 0
    outer loop
      vertex 45 21.4 14
      vertex 45 21.54 3.5
      vertex 45 22.7 14
    endloop
  endfacet
  facet normal 1 0 0
    outer loop
      vertex 45 21.54 3.5
      vertex 45 21.4 14
      vertex 45 21.4 3.5
    endloop
  endfacet
  facet normal 1 0 0
    outer loop
      vertex 45 22.7 2
      vertex 45 21.54 3.5
      vertex 45 21.54 2
    endloop
  endfacet
  facet normal -0 0 1
    outer loop
      vertex 43 22.7 14
      vertex 45 21.4 14
      vertex 45 22.7 14
    endloop
  endfacet
  facet normal 0 0 1
    outer loop
      vertex 45 21.4 14
      vertex 43 22.7 14
      vertex 43 21.4 14
    endloop
  endfacet
  facet normal -1 0 0
    outer loop
      vertex 43 21.4 2
      vertex 43 22.7 14
      vertex 43 22.7 2
    endloop
  endfacet
  facet normal -1 -0 0
    outer loop
      vertex 43 22.7 14
      vertex 43 21.4 2
      vertex 43 21.4 14
    endloop
  endfacet
  facet normal 0 1 -0
    outer loop
      vertex 45 22.7 2
      vertex 43 22.7 14
      vertex 45 22.7 14
    endloop
  endfacet
  facet normal 0 1 0
    outer loop
      vertex 43 22.7 14
      vertex 45 22.7 2
      vertex 43 22.7 2
    endloop
  endfacet
  facet normal 0 -1 0
    outer loop
      vertex 43 21.4 14
      vertex 43.76 21.4 3.5
      vertex 45 21.4 14
    endloop
  endfacet
  facet normal 0 -1 0
    outer loop
      vertex 43 21.4 2
      vertex 43.76 21.4 3.5
      vertex 43 21.4 14
    endloop
  endfacet
  facet normal 0 -1 -0
    outer loop
      vertex 43.76 21.4 3.5
      vertex 43 21.4 2
      vertex 43.76 21.4 2
    endloop
  endfacet
  facet normal 0 -1 -0
    outer loop
      vertex 45 21.4 14
      vertex 43.76 21.4 3.5
      vertex 45 21.4 3.5
    endloop
  endfacet
  facet normal 1 -0 0
    outer loop
      vertex 55 21.4 14
      vertex 55 22.7 2
      vertex 55 22.7 14
    endloop
  endfacet
  facet normal 1 0 0
    outer loop
      vertex 55 22.7 2
      vertex 55 21.4 14
      vertex 55 21.4 2
    endloop
  endfacet
  facet normal -0 0 1
    outer loop
      vertex 53 22.7 14
      vertex 55 21.4 14
      vertex 55 22.7 14
    endloop
  endfacet
  facet normal 0 0 1
    outer loop
      vertex 55 21.4 14
      vertex 53 22.7 14
      vertex 53 21.4 14
    endloop
  endfacet
  facet normal -1 0 0
    outer loop
      vertex 53 21.4 2
      vertex 53 22.7 14
      vertex 53 22.7 2
    endloop
  endfacet
  facet normal -1 -0 0
    outer loop
      vertex 53 22.7 14
      vertex 53 21.4 2
      vertex 53 21.4 14
    endloop
  endfacet
  facet normal 0 1 -0
    outer loop
      vertex 55 22.7 2
      vertex 53 22.7 14
      vertex 55 22.7 14
    endloop
  endfacet
  facet normal 0 1 0
    outer loop
      vertex 53 22.7 14
      vertex 55 22.7 2
      vertex 53 22.7 2
    endloop
  endfacet
  facet normal 0 -1 0
    outer loop
      vertex 53 21.4 2
      vertex 55 21.4 14
      vertex 53 21.4 14
    endloop
  endfacet
  facet normal 0 -1 -0
    outer loop
      vertex 55 21.4 14
      vertex 53 21.4 2
      vertex 55 21.4 2
    endloop
  endfacet
  facet normal 1 -0 0
    outer loop
      vertex 42.85 21.4 4
      vertex 42.85 28.7 2
      vertex 42.85 28.7 4
    endloop
  endfacet
  facet normal 1 0 0
    outer loop
      vertex 42.85 28.7 2
      vertex 42.85 21.4 4
      vertex 42.85 21.4 2
    endloop
  endfacet
  facet normal -0 0 1
    outer loop
      vertex 41.55 28.7 4
      vertex 42.85 21.4 4
      vertex 42.85 28.7 4
    endloop
  endfacet
  facet normal 0 0 1
    outer loop
      vertex 42.85 21.4 4
      vertex 41.55 28.7 4
      vertex 41.55 21.4 4
    endloop
  endfacet
  facet normal -1 0 0
    outer loop
      vertex 41.55 21.4 2
      vertex 41.55 28.7 4
      vertex 41.55 28.7 2
    endloop
  endfacet
  facet normal -1 -0 0
    outer loop
      vertex 41.55 28.7 4
      vertex 41.55 21.4 2
      vertex 41.55 21.4 4
    endloop
  endfacet
  facet normal 0 1 -0
    outer loop
      vertex 42.85 28.7 2
      vertex 41.55 28.7 4
      vertex 42.85 28.7 4
    endloop
  endfacet
  facet normal 0 1 0
    outer loop
      vertex 41.55 28.7 4
      vertex 42.85 28.7 2
      vertex 41.55 28.7 2
    endloop
  endfacet
  facet normal 0 -1 0
    outer loop
      vertex 41.55 21.4 2
      vertex 42.85 21.4 4
      vertex 41.55 21.4 4
    endloop
  endfacet
  facet normal 0 -1 -0
    outer loop
      vertex 42.85 21.4 4
      vertex 41.55 21.4 2
      vertex 42.85 21.4 2
    endloop
  endfacet
  facet normal 1 -0 0
    outer loop
      vertex 56.45 21.4 4
      vertex 56.45 28.7 2
      vertex 56.45 28.7 4
    endloop
  endfacet
  facet normal 1 0 0
    outer loop
      vertex 56.45 28.7 2
      vertex 56.45 21.4 4
      vertex 56.45 21.4 2
    endloop
  endfacet
  facet normal -0 0 1
    outer loop
      vertex 55.15 28.7 4
      vertex 56.45 21.4 4
      vertex 56.45 28.7 4
    endloop
  endfacet
  facet normal 0 0 1
    outer loop
      vertex 56.45 21.4 4
      vertex 55.15 28.7 4
      vertex 55.15 21.4 4
    endloop
  endfacet
  facet normal -1 0 0
    outer loop
      vertex 55.15 21.4 2
      vertex 55.15 28.7 4
      vertex 55.15 28.7 2
    endloop
  endfacet
  facet normal -1 -0 0
    outer loop
      vertex 55.15 28.7 4
      vertex 55.15 21.4 2
      vertex 55.15 21.4 4
    endloop
  endfacet
  facet normal 0 1 -0
    outer loop
      vertex 56.45 28.7 2
      vertex 55.15 28.7 4
      vertex 56.45 28.7 4
    endloop
  endfacet
  facet normal 0 1 0
    outer loop
      vertex 55.15 28.7 4
      vertex 56.45 28.7 2
      vertex 55.15 28.7 2
    endloop
  endfacet
  facet normal 0 -1 0
    outer loop
      vertex 55.15 21.4 2
      vertex 56.45 21.4 4
      vertex 55.15 21.4 4
    endloop
  endfacet
  facet normal 0 -1 -0
    outer loop
      vertex 56.45 21.4 4
      vertex 55.15 21.4 2
      vertex 56.45 21.4 2
    endloop
  endfacet
  facet normal -1 0 0
    outer loop
      vertex 10 0 7.5
      vertex 10 2 20.6
      vertex 10 2 7.5
    endloop
  endfacet
  facet normal -1 -0 0
    outer loop
      vertex 10 2 20.6
      vertex 10 0 7.5
      vertex 10 0 20.6
    endloop
  endfacet
  facet normal -0 0 1
    outer loop
      vertex 9.2 2 7.5
      vertex 10 0 7.5
      vertex 10 2 7.5
    endloop
  endfacet
  facet normal 0 0 1
    outer loop
      vertex 10 0 7.5
      vertex 9.2 2 7.5
      vertex 9.2 0 7.5
    endloop
  endfacet
  facet normal 1 -0 0
    outer loop
      vertex 9.2 0 20.6
      vertex 9.2 2 7.5
      vertex 9.2 2 20.6
    endloop
  endfacet
  facet normal 1 0 0
    outer loop
      vertex 9.2 2 7.5
      vertex 9.2 0 20.6
      vertex 9.2 0 7.5
    endloop
  endfacet
  facet normal -1 0 0
    outer loop
      vertex 18.8 0 7.5
      vertex 18.8 2 20.6
      vertex 18.8 2 7.5
    endloop
  endfacet
  facet normal -1 -0 0
    outer loop
      vertex 18.8 2 20.6
      vertex 18.8 0 7.5
      vertex 18.8 0 20.6
    endloop
  endfacet
  facet normal -0 0 1
    outer loop
      vertex 18 2 7.5
      vertex 18.8 0 7.5
      vertex 18.8 2 7.5
    endloop
  endfacet
  facet normal 0 0 1
    outer loop
      vertex 18.8 0 7.5
      vertex 18 2 7.5
      vertex 18 0 7.5
    endloop
  endfacet
  facet normal 1 -0 0
    outer loop
      vertex 18 0 20.6
      vertex 18 2 7.5
      vertex 18 2 20.6
    endloop
  endfacet
  facet normal 1 0 0
    outer loop
      vertex 18 2 7.5
      vertex 18 0 20.6
      vertex 18 0 7.5
    endloop
  endfacet
  facet normal -1 0 0
    outer loop
      vertex 10 29 7.5
      vertex 10 31 20.6
      vertex 10 31 7.5
    endloop
  endfacet
  facet normal -1 -0 0
    outer loop
      vertex 10 31 20.6
      vertex 10 29 7.5
      vertex 10 29 20.6
    endloop
  endfacet
  facet normal -0 0 1
    outer loop
      vertex 9.2 31 7.5
      vertex 10 29 7.5
      vertex 10 31 7.5
    endloop
  endfacet
  facet normal 0 0 1
    outer loop
      vertex 10 29 7.5
      vertex 9.2 31 7.5
      vertex 9.2 29 7.5
    endloop
  endfacet
  facet normal 1 -0 0
    outer loop
      vertex 9.2 29 20.6
      vertex 9.2 31 7.5
      vertex 9.2 31 20.6
    endloop
  endfacet
  facet normal 1 0 0
    outer loop
      vertex 9.2 31 7.5
      vertex 9.2 29 20.6
      vertex 9.2 29 7.5
    endloop
  endfacet
  facet normal -1 0 0
    outer loop
      vertex 18.8 29 7.5
      vertex 18.8 31 20.6
      vertex 18.8 31 7.5
    endloop
  endfacet
  facet normal -1 -0 0
    outer loop
      vertex 18.8 31 20.6
      vertex 18.8 29 7.5
      vertex 18.8 29 20.6
    endloop
  endfacet
  facet normal -0 0 1
    outer loop
      vertex 18 31 7.5
      vertex 18.8 29 7.5
      vertex 18.8 31 7.5
    endloop
  endfacet
  facet normal 0 0 1
    outer loop
      vertex 18.8 29 7.5
      vertex 18 31 7.5
      vertex 18 29 7.5
    endloop
  endfacet
  facet normal 1 -0 0
    outer loop
      vertex 18 29 20.6
      vertex 18 31 7.5
      vertex 18 31 20.6
    endloop
  endfacet
  facet normal 1 0 0
    outer loop
      vertex 18 31 7.5
      vertex 18 29 20.6
      vertex 18 29 7.5
    endloop
  endfacet
  facet normal -1 0 0
    outer loop
      vertex 32 0 7.5
      vertex 32 2 20.6
      vertex 32 2 7.5
    endloop
  endfacet
  facet normal -1 -0 0
    outer loop
      vertex 32 2 20.6
      vertex 32 0 7.5
      vertex 32 0 20.6
    endloop
  endfacet
  facet normal -0 0 1
    outer loop
      vertex 31.2 2 7.5
      vertex 32 0 7.5
      vertex 32 2 7.5
    endloop
  endfacet
  facet normal 0 0 1
    outer loop
      vertex 32 0 7.5
      vertex 31.2 2 7.5
      vertex 31.2 0 7.5
    endloop
  endfacet
  facet normal 1 -0 0
    outer loop
      vertex 31.2 0 20.6
      vertex 31.2 2 7.5
      vertex 31.2 2 20.6
    endloop
  endfacet
  facet normal 1 0 0
    outer loop
      vertex 31.2 2 7.5
      vertex 31.2 0 20.6
      vertex 31.2 0 7.5
    endloop
  endfacet
  facet normal -1 0 0
    outer loop
      vertex 40.8 0 7.5
      vertex 40.8 2 20.6
      vertex 40.8 2 7.5
    endloop
  endfacet
  facet normal -1 -0 0
    outer loop
      vertex 40.8 2 20.6
      vertex 40.8 0 7.5
      vertex 40.8 0 20.6
    endloop
  endfacet
  facet normal -0 0 1
    outer loop
      vertex 40 2 7.5
      vertex 40.8 0 7.5
      vertex 40.8 2 7.5
    endloop
  endfacet
  facet normal 0 0 1
    outer loop
      vertex 40.8 0 7.5
      vertex 40 2 7.5
      vertex 40 0 7.5
    endloop
  endfacet
  facet normal 1 -0 0
    outer loop
      vertex 40 0 20.6
      vertex 40 2 7.5
      vertex 40 2 20.6
    endloop
  endfacet
  facet normal 1 0 0
    outer loop
      vertex 40 2 7.5
      vertex 40 0 20.6
      vertex 40 0 7.5
    endloop
  endfacet
  facet normal -1 0 0
    outer loop
      vertex 32 29 7.5
      vertex 32 31 20.6
      vertex 32 31 7.5
    endloop
  endfacet
  facet normal -1 -0 0
    outer loop
      vertex 32 31 20.6
      vertex 32 29 7.5
      vertex 32 29 20.6
    endloop
  endfacet
  facet normal -0 0 1
    outer loop
      vertex 31.2 31 7.5
      vertex 32 29 7.5
      vertex 32 31 7.5
    endloop
  endfacet
  facet normal 0 0 1
    outer loop
      vertex 32 29 7.5
      vertex 31.2 31 7.5
      vertex 31.2 29 7.5
    endloop
  endfacet
  facet normal 1 -0 0
    outer loop
      vertex 31.2 29 20.6
      vertex 31.2 31 7.5
      vertex 31.2 31 20.6
    endloop
  endfacet
  facet normal 1 0 0
    outer loop
      vertex 31.2 31 7.5
      vertex 31.2 29 20.6
      vertex 31.2 29 7.5
    endloop
  endfacet
  facet normal -1 0 0
    outer loop
      vertex 40.8 29 7.5
      vertex 40.8 31 20.6
      vertex 40.8 31 7.5
    endloop
  endfacet
  facet normal -1 -0 0
    outer loop
      vertex 40.8 31 20.6
      vertex 40.8 29 7.5
      vertex 40.8 29 20.6
    endloop
  endfacet
  facet normal -0 0 1
    outer loop
      vertex 40 31 7.5
      vertex 40.8 29 7.5
      vertex 40.8 31 7.5
    endloop
  endfacet
  facet normal 0 0 1
    outer loop
      vertex 40.8 29 7.5
      vertex 40 31 7.5
      vertex 40 29 7.5
    endloop
  endfacet
  facet normal 1 -0 0
    outer loop
      vertex 40 29 20.6
      vertex 40 31 7.5
      vertex 40 31 20.6
    endloop
  endfacet
  facet normal 1 0 0
    outer loop
      vertex 40 31 7.5
      vertex 40 29 20.6
      vertex 40 29 7.5
    endloop
  endfacet
  facet normal 0 0 -1
    outer loop
      vertex 0 5.12 12.5
      vertex 2 18.12 12.5
      vertex 2 5.12 12.5
    endloop
  endfacet
  facet normal -0 0 -1
    outer loop
      vertex 2 18.12 12.5
      vertex 0 5.12 12.5
      vertex 0 18.12 12.5
    endloop
  endfacet
  facet normal -0 0 1
    outer loop
      vertex 0 18.12 3.5
      vertex 2 5.12 3.5
      vertex 2 18.12 3.5
    endloop
  endfacet
  facet normal 0 0 1
    outer loop
      vertex 2 5.12 3.5
      vertex 0 18.12 3.5
      vertex 0 5.12 3.5
    endloop
  endfacet
  facet normal 0 -1 0
    outer loop
      vertex 0 18.12 3.5
      vertex 2 18.12 12.5
      vertex 0 18.12 12.5
    endloop
  endfacet
  facet normal 0 -1 -0
    outer loop
      vertex 2 18.12 12.5
      vertex 0 18.12 3.5
      vertex 2 18.12 3.5
    endloop
  endfacet
  facet normal 0 1 -0
    outer loop
      vertex 2 5.12 3.5
      vertex 0 5.12 12.5
      vertex 2 5.12 12.5
    endloop
  endfacet
  facet normal 0 1 0
    outer loop
      vertex 0 5.12 12.5
      vertex 2 5.12 3.5
      vertex 0 5.12 3.5
    endloop
  endfacet
  facet normal 0 0.75178 -0.659414
    outer loop
      vertex 60 12.5249 18.1329
      vertex 58 12.8483 18.5016
      vertex 60 12.8483 18.5016
    endloop
  endfacet
  facet normal 0 0.75178 -0.659414
    outer loop
      vertex 58 12.8483 18.5016
      vertex 60 12.5249 18.1329
      vertex 58 12.5249 18.1329
    endloop
  endfacet
  facet normal 0 -0.751768 0.659428
    outer loop
      vertex 58 18.1516 13.1983
      vertex 60 18.4751 13.5671
      vertex 58 18.4751 13.5671
    endloop
  endfacet
  facet normal 0 -0.751768 0.659428
    outer loop
      vertex 60 18.4751 13.5671
      vertex 58 18.1516 13.1983
      vertex 60 18.1516 13.1983
    endloop
  endfacet
  facet normal 0 0.5555 -0.831517
    outer loop
      vertex 58 13.2171 18.8251
      vertex 60 13.625 19.0976
      vertex 60 13.2171 18.8251
    endloop
  endfacet
  facet normal 0 0.5555 -0.831517
    outer loop
      vertex 60 13.625 19.0976
      vertex 58 13.2171 18.8251
      vertex 58 13.625 19.0976
    endloop
  endfacet
  facet normal 0 0.980784 0.195097
    outer loop
      vertex 60 11.8778 14.8794
      vertex 58 11.7821 15.3605
      vertex 60 11.7821 15.3605
    endloop
  endfacet
  facet normal 0 0.980784 0.195097
    outer loop
      vertex 58 11.7821 15.3605
      vertex 60 11.8778 14.8794
      vertex 58 11.8778 14.8794
    endloop
  endfacet
  facet normal 0 0.831517 -0.5555
    outer loop
      vertex 60 12.2524 17.725
      vertex 58 12.5249 18.1329
      vertex 60 12.5249 18.1329
    endloop
  endfacet
  facet normal 0 0.831517 -0.5555
    outer loop
      vertex 58 12.5249 18.1329
      vertex 60 12.2524 17.725
      vertex 58 12.2524 17.725
    endloop
  endfacet
  facet normal 0 0.321482 -0.946916
    outer loop
      vertex 58 14.0649 19.3145
      vertex 60 14.5294 19.4722
      vertex 60 14.0649 19.3145
    endloop
  endfacet
  facet normal 0 0.321482 -0.946916
    outer loop
      vertex 60 14.5294 19.4722
      vertex 58 14.0649 19.3145
      vertex 58 14.5294 19.4722
    endloop
  endfacet
  facet normal 0 -0.195097 0.980784
    outer loop
      vertex 58 16.4706 12.2278
      vertex 60 15.9895 12.1321
      vertex 60 16.4706 12.2278
    endloop
  endfacet
  facet normal 0 -0.195097 0.980784
    outer loop
      vertex 60 15.9895 12.1321
      vertex 58 16.4706 12.2278
      vertex 58 15.9895 12.1321
    endloop
  endfacet
  facet normal 0 -0.0654366 -0.997857
    outer loop
      vertex 58 15.5 19.6
      vertex 60 15.9895 19.5679
      vertex 60 15.5 19.6
    endloop
  endfacet
  facet normal -0 -0.0654366 -0.997857
    outer loop
      vertex 60 15.9895 19.5679
      vertex 58 15.5 19.6
      vertex 58 15.9895 19.5679
    endloop
  endfacet
  facet normal 0 -0.5555 0.831517
    outer loop
      vertex 58 17.7829 12.8749
      vertex 60 17.375 12.6024
      vertex 60 17.7829 12.8749
    endloop
  endfacet
  facet normal 0 -0.5555 0.831517
    outer loop
      vertex 60 17.375 12.6024
      vertex 58 17.7829 12.8749
      vertex 58 17.375 12.6024
    endloop
  endfacet
  facet normal -0 0.442232 0.896901
    outer loop
      vertex 58 14.0649 12.3855
      vertex 60 13.625 12.6024
      vertex 60 14.0649 12.3855
    endloop
  endfacet
  facet normal 0 0.442232 0.896901
    outer loop
      vertex 60 13.625 12.6024
      vertex 58 14.0649 12.3855
      vertex 58 13.625 12.6024
    endloop
  endfacet
  facet normal 0 -0.442232 0.896901
    outer loop
      vertex 58 17.375 12.6024
      vertex 60 16.9351 12.3855
      vertex 60 17.375 12.6024
    endloop
  endfacet
  facet normal 0 -0.442232 0.896901
    outer loop
      vertex 60 16.9351 12.3855
      vertex 58 17.375 12.6024
      vertex 58 16.9351 12.3855
    endloop
  endfacet
  facet normal 0 0.896901 -0.442232
    outer loop
      vertex 60 12.0355 17.2851
      vertex 58 12.2524 17.725
      vertex 60 12.2524 17.725
    endloop
  endfacet
  facet normal 0 0.896901 -0.442232
    outer loop
      vertex 58 12.2524 17.725
      vertex 60 12.0355 17.2851
      vertex 58 12.0355 17.2851
    endloop
  endfacet
  facet normal 0 0.946916 -0.321482
    outer loop
      vertex 60 11.8778 16.8206
      vertex 58 12.0355 17.2851
      vertex 60 12.0355 17.2851
    endloop
  endfacet
  facet normal 0 0.946916 -0.321482
    outer loop
      vertex 58 12.0355 17.2851
      vertex 60 11.8778 16.8206
      vertex 58 11.8778 16.8206
    endloop
  endfacet
  facet normal 0 -0.980784 -0.195097
    outer loop
      vertex 58 19.2179 16.3395
      vertex 60 19.1222 16.8206
      vertex 58 19.1222 16.8206
    endloop
  endfacet
  facet normal 0 -0.980784 -0.195097
    outer loop
      vertex 60 19.1222 16.8206
      vertex 58 19.2179 16.3395
      vertex 60 19.2179 16.3395
    endloop
  endfacet
  facet normal -0 0.659312 0.751869
    outer loop
      vertex 58 13.2171 12.8749
      vertex 60 12.8483 13.1983
      vertex 60 13.2171 12.8749
    endloop
  endfacet
  facet normal 0 0.659312 0.751869
    outer loop
      vertex 60 12.8483 13.1983
      vertex 58 13.2171 12.8749
      vertex 58 12.8483 13.1983
    endloop
  endfacet
  facet normal -0 0.321482 0.946916
    outer loop
      vertex 58 14.5294 12.2278
      vertex 60 14.0649 12.3855
      vertex 60 14.5294 12.2278
    endloop
  endfacet
  facet normal 0 0.321482 0.946916
    outer loop
      vertex 60 14.0649 12.3855
      vertex 58 14.5294 12.2278
      vertex 58 14.0649 12.3855
    endloop
  endfacet
  facet normal 0 0.997857 0.0654366
    outer loop
      vertex 60 11.7821 15.3605
      vertex 58 11.75 15.85
      vertex 60 11.75 15.85
    endloop
  endfacet
  facet normal 0 0.997857 0.0654366
    outer loop
      vertex 58 11.75 15.85
      vertex 60 11.7821 15.3605
      vertex 58 11.7821 15.3605
    endloop
  endfacet
  facet normal 0 -0.0654366 0.997857
    outer loop
      vertex 58 15.9895 12.1321
      vertex 60 15.5 12.1
      vertex 60 15.9895 12.1321
    endloop
  endfacet
  facet normal 0 -0.0654366 0.997857
    outer loop
      vertex 60 15.5 12.1
      vertex 58 15.9895 12.1321
      vertex 58 15.5 12.1
    endloop
  endfacet
  facet normal 0 0.442232 -0.896901
    outer loop
      vertex 58 13.625 19.0976
      vertex 60 14.0649 19.3145
      vertex 60 13.625 19.0976
    endloop
  endfacet
  facet normal 0 0.442232 -0.896901
    outer loop
      vertex 60 14.0649 19.3145
      vertex 58 13.625 19.0976
      vertex 58 14.0649 19.3145
    endloop
  endfacet
  facet normal 0 -0.321482 0.946916
    outer loop
      vertex 58 16.9351 12.3855
      vertex 60 16.4706 12.2278
      vertex 60 16.9351 12.3855
    endloop
  endfacet
  facet normal 0 -0.321482 0.946916
    outer loop
      vertex 60 16.4706 12.2278
      vertex 58 16.9351 12.3855
      vertex 58 16.4706 12.2278
    endloop
  endfacet
  facet normal 0 0.195097 -0.980784
    outer loop
      vertex 58 14.5294 19.4722
      vertex 60 15.0105 19.5679
      vertex 60 14.5294 19.4722
    endloop
  endfacet
  facet normal 0 0.195097 -0.980784
    outer loop
      vertex 60 15.0105 19.5679
      vertex 58 14.5294 19.4722
      vertex 58 15.0105 19.5679
    endloop
  endfacet
  facet normal 0 -0.659529 -0.751679
    outer loop
      vertex 58 17.7829 18.8251
      vertex 60 18.1516 18.5016
      vertex 60 17.7829 18.8251
    endloop
  endfacet
  facet normal -0 -0.659529 -0.751679
    outer loop
      vertex 60 18.1516 18.5016
      vertex 58 17.7829 18.8251
      vertex 58 18.1516 18.5016
    endloop
  endfacet
  facet normal 0 -0.659414 0.75178
    outer loop
      vertex 58 18.1516 13.1983
      vertex 60 17.7829 12.8749
      vertex 60 18.1516 13.1983
    endloop
  endfacet
  facet normal 0 -0.659414 0.75178
    outer loop
      vertex 60 17.7829 12.8749
      vertex 58 18.1516 13.1983
      vertex 58 17.7829 12.8749
    endloop
  endfacet
  facet normal 0 -0.896901 0.442232
    outer loop
      vertex 58 18.7476 13.975
      vertex 60 18.9645 14.4149
      vertex 58 18.9645 14.4149
    endloop
  endfacet
  facet normal 0 -0.896901 0.442232
    outer loop
      vertex 60 18.9645 14.4149
      vertex 58 18.7476 13.975
      vertex 60 18.7476 13.975
    endloop
  endfacet
  facet normal -0 0.0654366 0.997857
    outer loop
      vertex 58 15.5 12.1
      vertex 60 15.0105 12.1321
      vertex 60 15.5 12.1
    endloop
  endfacet
  facet normal 0 0.0654366 0.997857
    outer loop
      vertex 60 15.0105 12.1321
      vertex 58 15.5 12.1
      vertex 58 15.0105 12.1321
    endloop
  endfacet
  facet normal 0 -0.831517 0.5555
    outer loop
      vertex 58 18.4751 13.5671
      vertex 60 18.7476 13.975
      vertex 58 18.7476 13.975
    endloop
  endfacet
  facet normal 0 -0.831517 0.5555
    outer loop
      vertex 60 18.7476 13.975
      vertex 58 18.4751 13.5671
      vertex 60 18.4751 13.5671
    endloop
  endfacet
  facet normal 0 -0.442232 -0.896901
    outer loop
      vertex 58 16.9351 19.3145
      vertex 60 17.375 19.0976
      vertex 60 16.9351 19.3145
    endloop
  endfacet
  facet normal -0 -0.442232 -0.896901
    outer loop
      vertex 60 17.375 19.0976
      vertex 58 16.9351 19.3145
      vertex 58 17.375 19.0976
    endloop
  endfacet
  facet normal 0 0.896901 0.442232
    outer loop
      vertex 60 12.2524 13.975
      vertex 58 12.0355 14.4149
      vertex 60 12.0355 14.4149
    endloop
  endfacet
  facet normal 0 0.896901 0.442232
    outer loop
      vertex 58 12.0355 14.4149
      vertex 60 12.2524 13.975
      vertex 58 12.2524 13.975
    endloop
  endfacet
  facet normal 0 -0.946916 0.321482
    outer loop
      vertex 58 18.9645 14.4149
      vertex 60 19.1222 14.8794
      vertex 58 19.1222 14.8794
    endloop
  endfacet
  facet normal 0 -0.946916 0.321482
    outer loop
      vertex 60 19.1222 14.8794
      vertex 58 18.9645 14.4149
      vertex 60 18.9645 14.4149
    endloop
  endfacet
  facet normal 0 -0.195097 -0.980784
    outer loop
      vertex 58 15.9895 19.5679
      vertex 60 16.4706 19.4722
      vertex 60 15.9895 19.5679
    endloop
  endfacet
  facet normal -0 -0.195097 -0.980784
    outer loop
      vertex 60 16.4706 19.4722
      vertex 58 15.9895 19.5679
      vertex 58 16.4706 19.4722
    endloop
  endfacet
  facet normal -0 0.195097 0.980784
    outer loop
      vertex 58 15.0105 12.1321
      vertex 60 14.5294 12.2278
      vertex 60 15.0105 12.1321
    endloop
  endfacet
  facet normal 0 0.195097 0.980784
    outer loop
      vertex 60 14.5294 12.2278
      vertex 58 15.0105 12.1321
      vertex 58 14.5294 12.2278
    endloop
  endfacet
  facet normal 0 0.659428 -0.751768
    outer loop
      vertex 58 12.8483 18.5016
      vertex 60 13.2171 18.8251
      vertex 60 12.8483 18.5016
    endloop
  endfacet
  facet normal 0 0.659428 -0.751768
    outer loop
      vertex 60 13.2171 18.8251
      vertex 58 12.8483 18.5016
      vertex 58 13.2171 18.8251
    endloop
  endfacet
  facet normal 0 -0.997857 -0.0654366
    outer loop
      vertex 58 19.25 15.85
      vertex 60 19.2179 16.3395
      vertex 58 19.2179 16.3395
    endloop
  endfacet
  facet normal 0 -0.997857 -0.0654366
    outer loop
      vertex 60 19.2179 16.3395
      vertex 58 19.25 15.85
      vertex 60 19.25 15.85
    endloop
  endfacet
  facet normal 0 0.751869 0.659312
    outer loop
      vertex 60 12.8483 13.1983
      vertex 58 12.5249 13.5671
      vertex 60 12.5249 13.5671
    endloop
  endfacet
  facet normal 0 0.751869 0.659312
    outer loop
      vertex 58 12.5249 13.5671
      vertex 60 12.8483 13.1983
      vertex 58 12.8483 13.1983
    endloop
  endfacet
  facet normal 0 0.946916 0.321482
    outer loop
      vertex 60 12.0355 14.4149
      vertex 58 11.8778 14.8794
      vertex 60 11.8778 14.8794
    endloop
  endfacet
  facet normal 0 0.946916 0.321482
    outer loop
      vertex 58 11.8778 14.8794
      vertex 60 12.0355 14.4149
      vertex 58 12.0355 14.4149
    endloop
  endfacet
  facet normal 0 -0.980784 0.195097
    outer loop
      vertex 58 19.1222 14.8794
      vertex 60 19.2179 15.3605
      vertex 58 19.2179 15.3605
    endloop
  endfacet
  facet normal 0 -0.980784 0.195097
    outer loop
      vertex 60 19.2179 15.3605
      vertex 58 19.1222 14.8794
      vertex 60 19.1222 14.8794
    endloop
  endfacet
  facet normal 0 -0.831517 -0.5555
    outer loop
      vertex 58 18.7476 17.725
      vertex 60 18.4751 18.1329
      vertex 58 18.4751 18.1329
    endloop
  endfacet
  facet normal 0 -0.831517 -0.5555
    outer loop
      vertex 60 18.4751 18.1329
      vertex 58 18.7476 17.725
      vertex 60 18.7476 17.725
    endloop
  endfacet
  facet normal 0 -0.751679 -0.659529
    outer loop
      vertex 58 18.4751 18.1329
      vertex 60 18.1516 18.5016
      vertex 58 18.1516 18.5016
    endloop
  endfacet
  facet normal 0 -0.751679 -0.659529
    outer loop
      vertex 60 18.1516 18.5016
      vertex 58 18.4751 18.1329
      vertex 60 18.4751 18.1329
    endloop
  endfacet
  facet normal 0 -0.946916 -0.321482
    outer loop
      vertex 58 19.1222 16.8206
      vertex 60 18.9645 17.2851
      vertex 58 18.9645 17.2851
    endloop
  endfacet
  facet normal 0 -0.946916 -0.321482
    outer loop
      vertex 60 18.9645 17.2851
      vertex 58 19.1222 16.8206
      vertex 60 19.1222 16.8206
    endloop
  endfacet
  facet normal 0 -0.896901 -0.442232
    outer loop
      vertex 58 18.9645 17.2851
      vertex 60 18.7476 17.725
      vertex 58 18.7476 17.725
    endloop
  endfacet
  facet normal 0 -0.896901 -0.442232
    outer loop
      vertex 60 18.7476 17.725
      vertex 58 18.9645 17.2851
      vertex 60 18.9645 17.2851
    endloop
  endfacet
  facet normal 0 0.0654366 -0.997857
    outer loop
      vertex 58 15.0105 19.5679
      vertex 60 15.5 19.6
      vertex 60 15.0105 19.5679
    endloop
  endfacet
  facet normal 0 0.0654366 -0.997857
    outer loop
      vertex 60 15.5 19.6
      vertex 58 15.0105 19.5679
      vertex 58 15.5 19.6
    endloop
  endfacet
  facet normal 0 -0.5555 -0.831517
    outer loop
      vertex 58 17.375 19.0976
      vertex 60 17.7829 18.8251
      vertex 60 17.375 19.0976
    endloop
  endfacet
  facet normal -0 -0.5555 -0.831517
    outer loop
      vertex 60 17.7829 18.8251
      vertex 58 17.375 19.0976
      vertex 58 17.7829 18.8251
    endloop
  endfacet
  facet normal 0 0.980784 -0.195097
    outer loop
      vertex 60 11.7821 16.3395
      vertex 58 11.8778 16.8206
      vertex 60 11.8778 16.8206
    endloop
  endfacet
  facet normal 0 0.980784 -0.195097
    outer loop
      vertex 58 11.8778 16.8206
      vertex 60 11.7821 16.3395
      vertex 58 11.7821 16.3395
    endloop
  endfacet
  facet normal 0 -0.997857 0.0654366
    outer loop
      vertex 58 19.2179 15.3605
      vertex 60 19.25 15.85
      vertex 58 19.25 15.85
    endloop
  endfacet
  facet normal 0 -0.997857 0.0654366
    outer loop
      vertex 60 19.25 15.85
      vertex 58 19.2179 15.3605
      vertex 60 19.2179 15.3605
    endloop
  endfacet
  facet normal -0 0.5555 0.831517
    outer loop
      vertex 58 13.625 12.6024
      vertex 60 13.2171 12.8749
      vertex 60 13.625 12.6024
    endloop
  endfacet
  facet normal 0 0.5555 0.831517
    outer loop
      vertex 60 13.2171 12.8749
      vertex 58 13.625 12.6024
      vertex 58 13.2171 12.8749
    endloop
  endfacet
  facet normal 0 0.831517 0.5555
    outer loop
      vertex 60 12.5249 13.5671
      vertex 58 12.2524 13.975
      vertex 60 12.2524 13.975
    endloop
  endfacet
  facet normal 0 0.831517 0.5555
    outer loop
      vertex 58 12.2524 13.975
      vertex 60 12.5249 13.5671
      vertex 58 12.5249 13.5671
    endloop
  endfacet
  facet normal 0 0.997857 -0.0654366
    outer loop
      vertex 60 11.75 15.85
      vertex 58 11.7821 16.3395
      vertex 60 11.7821 16.3395
    endloop
  endfacet
  facet normal 0 0.997857 -0.0654366
    outer loop
      vertex 58 11.7821 16.3395
      vertex 60 11.75 15.85
      vertex 58 11.75 15.85
    endloop
  endfacet
  facet normal 0 -0.321482 -0.946916
    outer loop
      vertex 58 16.4706 19.4722
      vertex 60 16.9351 19.3145
      vertex 60 16.4706 19.4722
    endloop
  endfacet
  facet normal -0 -0.321482 -0.946916
    outer loop
      vertex 60 16.9351 19.3145
      vertex 58 16.4706 19.4722
      vertex 58 16.9351 19.3145
    endloop
  endfacet
  facet normal -0.659309 0 -0.751872
    outer loop
      vertex 51.2524 29 10.9354
      vertex 51.6163 31 10.6163
      vertex 51.6163 29 10.6163
    endloop
  endfacet
  facet normal -0.659309 0 -0.751872
    outer loop
      vertex 51.6163 31 10.6163
      vertex 51.2524 29 10.9354
      vertex 51.2524 31 10.9354
    endloop
  endfacet
  facet normal -0.321454 0 0.946925
    outer loop
      vertex 49.9576 31 4.42607
      vertex 50.4159 29 4.58165
      vertex 50.4159 31 4.58165
    endloop
  endfacet
  facet normal -0.321454 0 0.946925
    outer loop
      vertex 50.4159 29 4.58165
      vertex 49.9576 31 4.42607
      vertex 49.9576 29 4.42607
    endloop
  endfacet
  facet normal -0.980793 0 -0.195051
    outer loop
      vertex 52.6683 29 8.48295
      vertex 52.5739 31 8.95763
      vertex 52.6683 31 8.48295
    endloop
  endfacet
  facet normal -0.980793 -0 -0.195051
    outer loop
      vertex 52.5739 31 8.95763
      vertex 52.6683 29 8.48295
      vertex 52.5739 29 8.95763
    endloop
  endfacet
  facet normal -0.997853 0 -0.0654973
    outer loop
      vertex 52.7 29 8
      vertex 52.6683 31 8.48295
      vertex 52.7 31 8
    endloop
  endfacet
  facet normal -0.997853 -0 -0.0654973
    outer loop
      vertex 52.6683 31 8.48295
      vertex 52.7 29 8
      vertex 52.6683 29 8.48295
    endloop
  endfacet
  facet normal -0.946975 0 -0.321306
    outer loop
      vertex 52.5739 29 8.95763
      vertex 52.4184 31 9.41593
      vertex 52.5739 31 8.95763
    endloop
  endfacet
  facet normal -0.946975 -0 -0.321306
    outer loop
      vertex 52.4184 31 9.41593
      vertex 52.5739 29 8.95763
      vertex 52.4184 29 9.41593
    endloop
  endfacet
  facet normal -0.321306 0 -0.946975
    outer loop
      vertex 49.9576 29 11.5739
      vertex 50.4159 31 11.4184
      vertex 50.4159 29 11.4184
    endloop
  endfacet
  facet normal -0.321306 0 -0.946975
    outer loop
      vertex 50.4159 31 11.4184
      vertex 49.9576 29 11.5739
      vertex 49.9576 31 11.5739
    endloop
  endfacet
  facet normal -0.555606 0 -0.831446
    outer loop
      vertex 50.85 29 11.2043
      vertex 51.2524 31 10.9354
      vertex 51.2524 29 10.9354
    endloop
  endfacet
  facet normal -0.555606 0 -0.831446
    outer loop
      vertex 51.2524 31 10.9354
      vertex 50.85 29 11.2043
      vertex 50.85 31 11.2043
    endloop
  endfacet
  facet normal 0.980793 -0 0.195051
    outer loop
      vertex 45.3317 29 7.51705
      vertex 45.4261 31 7.04237
      vertex 45.3317 31 7.51705
    endloop
  endfacet
  facet normal 0.980793 0 0.195051
    outer loop
      vertex 45.4261 31 7.04237
      vertex 45.3317 29 7.51705
      vertex 45.4261 29 7.04237
    endloop
  endfacet
  facet normal -0.195043 0 -0.980795
    outer loop
      vertex 49.4829 29 11.6683
      vertex 49.9576 31 11.5739
      vertex 49.9576 29 11.5739
    endloop
  endfacet
  facet normal -0.195043 0 -0.980795
    outer loop
      vertex 49.9576 31 11.5739
      vertex 49.4829 29 11.6683
      vertex 49.4829 31 11.6683
    endloop
  endfacet
  facet normal -0.831446 0 -0.555606
    outer loop
      vertex 52.2043 29 9.85
      vertex 51.9354 31 10.2524
      vertex 52.2043 31 9.85
    endloop
  endfacet
  facet normal -0.831446 -0 -0.555606
    outer loop
      vertex 51.9354 31 10.2524
      vertex 52.2043 29 9.85
      vertex 51.9354 29 10.2524
    endloop
  endfacet
  facet normal -0.442265 0 0.896885
    outer loop
      vertex 50.4159 31 4.58165
      vertex 50.85 29 4.79571
      vertex 50.85 31 4.79571
    endloop
  endfacet
  facet normal -0.442265 0 0.896885
    outer loop
      vertex 50.85 29 4.79571
      vertex 50.4159 31 4.58165
      vertex 50.4159 29 4.58165
    endloop
  endfacet
  facet normal 0.751854 -0 0.659329
    outer loop
      vertex 46.0646 29 5.74758
      vertex 46.3837 31 5.3837
      vertex 46.0646 31 5.74758
    endloop
  endfacet
  facet normal 0.751854 0 0.659329
    outer loop
      vertex 46.3837 31 5.3837
      vertex 46.0646 29 5.74758
      vertex 46.3837 29 5.3837
    endloop
  endfacet
  facet normal -0.946975 0 0.321306
    outer loop
      vertex 52.4184 29 6.58407
      vertex 52.5739 31 7.04237
      vertex 52.4184 31 6.58407
    endloop
  endfacet
  facet normal -0.946975 0 0.321306
    outer loop
      vertex 52.5739 31 7.04237
      vertex 52.4184 29 6.58407
      vertex 52.5739 29 7.04237
    endloop
  endfacet
  facet normal 0.555577 0 0.831465
    outer loop
      vertex 46.7476 31 5.06459
      vertex 47.15 29 4.79571
      vertex 47.15 31 4.79571
    endloop
  endfacet
  facet normal 0.555577 0 0.831465
    outer loop
      vertex 47.15 29 4.79571
      vertex 46.7476 31 5.06459
      vertex 46.7476 29 5.06459
    endloop
  endfacet
  facet normal -0.555577 0 0.831465
    outer loop
      vertex 50.85 31 4.79571
      vertex 51.2524 29 5.06459
      vertex 51.2524 31 5.06459
    endloop
  endfacet
  facet normal -0.555577 0 0.831465
    outer loop
      vertex 51.2524 29 5.06459
      vertex 50.85 31 4.79571
      vertex 50.85 29 4.79571
    endloop
  endfacet
  facet normal 0.997853 0 -0.0654973
    outer loop
      vertex 45.3317 29 8.48295
      vertex 45.3 31 8
      vertex 45.3317 31 8.48295
    endloop
  endfacet
  facet normal 0.997853 0 -0.0654973
    outer loop
      vertex 45.3 31 8
      vertex 45.3317 29 8.48295
      vertex 45.3 29 8
    endloop
  endfacet
  facet normal 0.751872 0 -0.659309
    outer loop
      vertex 46.3837 29 10.6163
      vertex 46.0646 31 10.2524
      vertex 46.3837 31 10.6163
    endloop
  endfacet
  facet normal 0.751872 0 -0.659309
    outer loop
      vertex 46.0646 31 10.2524
      vertex 46.3837 29 10.6163
      vertex 46.0646 29 10.2524
    endloop
  endfacet
  facet normal -0.751854 0 0.659329
    outer loop
      vertex 51.6163 29 5.3837
      vertex 51.9354 31 5.74758
      vertex 51.6163 31 5.3837
    endloop
  endfacet
  facet normal -0.751854 0 0.659329
    outer loop
      vertex 51.9354 31 5.74758
      vertex 51.6163 29 5.3837
      vertex 51.9354 29 5.74758
    endloop
  endfacet
  facet normal -0.89684 0 0.442356
    outer loop
      vertex 52.2043 29 6.15
      vertex 52.4184 31 6.58407
      vertex 52.2043 31 6.15
    endloop
  endfacet
  facet normal -0.89684 0 0.442356
    outer loop
      vertex 52.4184 31 6.58407
      vertex 52.2043 29 6.15
      vertex 52.4184 29 6.58407
    endloop
  endfacet
  facet normal 0.321306 0 -0.946975
    outer loop
      vertex 47.5841 29 11.4184
      vertex 48.0424 31 11.5739
      vertex 48.0424 29 11.5739
    endloop
  endfacet
  facet normal 0.321306 0 -0.946975
    outer loop
      vertex 48.0424 31 11.5739
      vertex 47.5841 29 11.4184
      vertex 47.5841 31 11.4184
    endloop
  endfacet
  facet normal 0.442331 0 -0.896852
    outer loop
      vertex 47.15 29 11.2043
      vertex 47.5841 31 11.4184
      vertex 47.5841 29 11.4184
    endloop
  endfacet
  facet normal 0.442331 0 -0.896852
    outer loop
      vertex 47.5841 31 11.4184
      vertex 47.15 29 11.2043
      vertex 47.15 31 11.2043
    endloop
  endfacet
  facet normal -0.89684 0 -0.442356
    outer loop
      vertex 52.4184 29 9.41593
      vertex 52.2043 31 9.85
      vertex 52.4184 31 9.41593
    endloop
  endfacet
  facet normal -0.89684 -0 -0.442356
    outer loop
      vertex 52.2043 31 9.85
      vertex 52.4184 29 9.41593
      vertex 52.2043 29 9.85
    endloop
  endfacet
  facet normal -0.980793 0 0.195051
    outer loop
      vertex 52.5739 29 7.04237
      vertex 52.6683 31 7.51705
      vertex 52.5739 31 7.04237
    endloop
  endfacet
  facet normal -0.980793 0 0.195051
    outer loop
      vertex 52.6683 31 7.51705
      vertex 52.5739 29 7.04237
      vertex 52.6683 29 7.51705
    endloop
  endfacet
  facet normal -0.831459 0 0.555587
    outer loop
      vertex 51.9354 29 5.74758
      vertex 52.2043 31 6.15
      vertex 51.9354 31 5.74758
    endloop
  endfacet
  facet normal -0.831459 0 0.555587
    outer loop
      vertex 52.2043 31 6.15
      vertex 51.9354 29 5.74758
      vertex 52.2043 29 6.15
    endloop
  endfacet
  facet normal 0.89684 -0 0.442356
    outer loop
      vertex 45.5816 29 6.58407
      vertex 45.7957 31 6.15
      vertex 45.5816 31 6.58407
    endloop
  endfacet
  facet normal 0.89684 0 0.442356
    outer loop
      vertex 45.7957 31 6.15
      vertex 45.5816 29 6.58407
      vertex 45.7957 29 6.15
    endloop
  endfacet
  facet normal 0.321454 0 0.946925
    outer loop
      vertex 47.5841 31 4.58165
      vertex 48.0424 29 4.42607
      vertex 48.0424 31 4.42607
    endloop
  endfacet
  facet normal 0.321454 0 0.946925
    outer loop
      vertex 48.0424 29 4.42607
      vertex 47.5841 31 4.58165
      vertex 47.5841 29 4.58165
    endloop
  endfacet
  facet normal -0.65932 0 0.751862
    outer loop
      vertex 51.2524 31 5.06459
      vertex 51.6163 29 5.3837
      vertex 51.6163 31 5.3837
    endloop
  endfacet
  facet normal -0.65932 0 0.751862
    outer loop
      vertex 51.6163 29 5.3837
      vertex 51.2524 31 5.06459
      vertex 51.2524 29 5.06459
    endloop
  endfacet
  facet normal 0.831446 0 -0.555606
    outer loop
      vertex 46.0646 29 10.2524
      vertex 45.7957 31 9.85
      vertex 46.0646 31 10.2524
    endloop
  endfacet
  facet normal 0.831446 0 -0.555606
    outer loop
      vertex 45.7957 31 9.85
      vertex 46.0646 29 10.2524
      vertex 45.7957 29 9.85
    endloop
  endfacet
  facet normal -0.442331 0 -0.896852
    outer loop
      vertex 50.4159 29 11.4184
      vertex 50.85 31 11.2043
      vertex 50.85 29 11.2043
    endloop
  endfacet
  facet normal -0.442331 0 -0.896852
    outer loop
      vertex 50.85 31 11.2043
      vertex 50.4159 29 11.4184
      vertex 50.4159 31 11.4184
    endloop
  endfacet
  facet normal 0.0654012 0 0.997859
    outer loop
      vertex 48.5171 31 4.33165
      vertex 49 29 4.3
      vertex 49 31 4.3
    endloop
  endfacet
  facet normal 0.0654012 0 0.997859
    outer loop
      vertex 49 29 4.3
      vertex 48.5171 31 4.33165
      vertex 48.5171 29 4.33165
    endloop
  endfacet
  facet normal 0.659309 0 -0.751872
    outer loop
      vertex 46.3837 29 10.6163
      vertex 46.7476 31 10.9354
      vertex 46.7476 29 10.9354
    endloop
  endfacet
  facet normal 0.659309 0 -0.751872
    outer loop
      vertex 46.7476 31 10.9354
      vertex 46.3837 29 10.6163
      vertex 46.3837 31 10.6163
    endloop
  endfacet
  facet normal 0.555606 0 -0.831446
    outer loop
      vertex 46.7476 29 10.9354
      vertex 47.15 31 11.2043
      vertex 47.15 29 11.2043
    endloop
  endfacet
  facet normal 0.555606 0 -0.831446
    outer loop
      vertex 47.15 31 11.2043
      vertex 46.7476 29 10.9354
      vertex 46.7476 31 10.9354
    endloop
  endfacet
  facet normal 0.980793 0 -0.195051
    outer loop
      vertex 45.4261 29 8.95763
      vertex 45.3317 31 8.48295
      vertex 45.4261 31 8.95763
    endloop
  endfacet
  facet normal 0.980793 0 -0.195051
    outer loop
      vertex 45.3317 31 8.48295
      vertex 45.4261 29 8.95763
      vertex 45.3317 29 8.48295
    endloop
  endfacet
  facet normal -0.0654012 0 0.997859
    outer loop
      vertex 49 31 4.3
      vertex 49.4829 29 4.33165
      vertex 49.4829 31 4.33165
    endloop
  endfacet
  facet normal -0.0654012 0 0.997859
    outer loop
      vertex 49.4829 29 4.33165
      vertex 49 31 4.3
      vertex 49 29 4.3
    endloop
  endfacet
  facet normal 0.946975 -0 0.321306
    outer loop
      vertex 45.4261 29 7.04237
      vertex 45.5816 31 6.58407
      vertex 45.4261 31 7.04237
    endloop
  endfacet
  facet normal 0.946975 0 0.321306
    outer loop
      vertex 45.5816 31 6.58407
      vertex 45.4261 29 7.04237
      vertex 45.5816 29 6.58407
    endloop
  endfacet
  facet normal -0.0655041 0 -0.997852
    outer loop
      vertex 49 29 11.7
      vertex 49.4829 31 11.6683
      vertex 49.4829 29 11.6683
    endloop
  endfacet
  facet normal -0.0655041 0 -0.997852
    outer loop
      vertex 49.4829 31 11.6683
      vertex 49 29 11.7
      vertex 49 31 11.7
    endloop
  endfacet
  facet normal -0.997853 0 0.0654973
    outer loop
      vertex 52.6683 29 7.51705
      vertex 52.7 31 8
      vertex 52.6683 31 7.51705
    endloop
  endfacet
  facet normal -0.997853 0 0.0654973
    outer loop
      vertex 52.7 31 8
      vertex 52.6683 29 7.51705
      vertex 52.7 29 8
    endloop
  endfacet
  facet normal -0.195083 0 0.980787
    outer loop
      vertex 49.4829 31 4.33165
      vertex 49.9576 29 4.42607
      vertex 49.9576 31 4.42607
    endloop
  endfacet
  facet normal -0.195083 0 0.980787
    outer loop
      vertex 49.9576 29 4.42607
      vertex 49.4829 31 4.33165
      vertex 49.4829 29 4.33165
    endloop
  endfacet
  facet normal -0.751872 0 -0.659309
    outer loop
      vertex 51.9354 29 10.2524
      vertex 51.6163 31 10.6163
      vertex 51.9354 31 10.2524
    endloop
  endfacet
  facet normal -0.751872 -0 -0.659309
    outer loop
      vertex 51.6163 31 10.6163
      vertex 51.9354 29 10.2524
      vertex 51.6163 29 10.6163
    endloop
  endfacet
  facet normal 0.0655041 0 -0.997852
    outer loop
      vertex 48.5171 29 11.6683
      vertex 49 31 11.7
      vertex 49 29 11.7
    endloop
  endfacet
  facet normal 0.0655041 0 -0.997852
    outer loop
      vertex 49 31 11.7
      vertex 48.5171 29 11.6683
      vertex 48.5171 31 11.6683
    endloop
  endfacet
  facet normal 0.195083 0 0.980787
    outer loop
      vertex 48.0424 31 4.42607
      vertex 48.5171 29 4.33165
      vertex 48.5171 31 4.33165
    endloop
  endfacet
  facet normal 0.195083 0 0.980787
    outer loop
      vertex 48.5171 29 4.33165
      vertex 48.0424 31 4.42607
      vertex 48.0424 29 4.42607
    endloop
  endfacet
  facet normal 0.195043 0 -0.980795
    outer loop
      vertex 48.0424 29 11.5739
      vertex 48.5171 31 11.6683
      vertex 48.5171 29 11.6683
    endloop
  endfacet
  facet normal 0.195043 0 -0.980795
    outer loop
      vertex 48.5171 31 11.6683
      vertex 48.0424 29 11.5739
      vertex 48.0424 31 11.5739
    endloop
  endfacet
  facet normal 0.997853 -0 0.0654973
    outer loop
      vertex 45.3 29 8
      vertex 45.3317 31 7.51705
      vertex 45.3 31 8
    endloop
  endfacet
  facet normal 0.997853 0 0.0654973
    outer loop
      vertex 45.3317 31 7.51705
      vertex 45.3 29 8
      vertex 45.3317 29 7.51705
    endloop
  endfacet
  facet normal 0.946975 0 -0.321306
    outer loop
      vertex 45.5816 29 9.41593
      vertex 45.4261 31 8.95763
      vertex 45.5816 31 9.41593
    endloop
  endfacet
  facet normal 0.946975 0 -0.321306
    outer loop
      vertex 45.4261 31 8.95763
      vertex 45.5816 29 9.41593
      vertex 45.4261 29 8.95763
    endloop
  endfacet
  facet normal 0.442265 0 0.896885
    outer loop
      vertex 47.15 31 4.79571
      vertex 47.5841 29 4.58165
      vertex 47.5841 31 4.58165
    endloop
  endfacet
  facet normal 0.442265 0 0.896885
    outer loop
      vertex 47.5841 29 4.58165
      vertex 47.15 31 4.79571
      vertex 47.15 29 4.79571
    endloop
  endfacet
  facet normal 0.89684 0 -0.442356
    outer loop
      vertex 45.7957 29 9.85
      vertex 45.5816 31 9.41593
      vertex 45.7957 31 9.85
    endloop
  endfacet
  facet normal 0.89684 0 -0.442356
    outer loop
      vertex 45.5816 31 9.41593
      vertex 45.7957 29 9.85
      vertex 45.5816 29 9.41593
    endloop
  endfacet
  facet normal 0.831459 -0 0.555587
    outer loop
      vertex 45.7957 29 6.15
      vertex 46.0646 31 5.74758
      vertex 45.7957 31 6.15
    endloop
  endfacet
  facet normal 0.831459 0 0.555587
    outer loop
      vertex 46.0646 31 5.74758
      vertex 45.7957 29 6.15
      vertex 46.0646 29 5.74758
    endloop
  endfacet
  facet normal 0.65932 0 0.751862
    outer loop
      vertex 46.3837 31 5.3837
      vertex 46.7476 29 5.06459
      vertex 46.7476 31 5.06459
    endloop
  endfacet
  facet normal 0.65932 0 0.751862
    outer loop
      vertex 46.7476 29 5.06459
      vertex 46.3837 31 5.3837
      vertex 46.3837 29 5.3837
    endloop
  endfacet
  facet normal 1 -0 0
    outer loop
      vertex 57.7 41.3 8.4
      vertex 57.7 42.5 2.4
      vertex 57.7 42.5 8.4
    endloop
  endfacet
  facet normal 1 0 0
    outer loop
      vertex 57.7 42.5 2.4
      vertex 57.7 41.3 8.4
      vertex 57.7 41.3 2.4
    endloop
  endfacet
  facet normal 0 0 1
    outer loop
      vertex 57.7 67.7 8.4
      vertex 3.5 66.5 8.4
      vertex 57.7 66.5 8.4
    endloop
  endfacet
  facet normal 0 0 1
    outer loop
      vertex 3.5 66.5 8.4
      vertex 2.3 67.7 8.4
      vertex 3.5 42.5 8.4
    endloop
  endfacet
  facet normal -0 0 1
    outer loop
      vertex 2.3 67.7 8.4
      vertex 3.5 66.5 8.4
      vertex 57.7 67.7 8.4
    endloop
  endfacet
  facet normal -0 0 1
    outer loop
      vertex 3.5 42.5 8.4
      vertex 57.7 41.3 8.4
      vertex 57.7 42.5 8.4
    endloop
  endfacet
  facet normal 0 0 1
    outer loop
      vertex 3.5 42.5 8.4
      vertex 2.3 41.3 8.4
      vertex 57.7 41.3 8.4
    endloop
  endfacet
  facet normal 0 0 1
    outer loop
      vertex 2.3 41.3 8.4
      vertex 3.5 42.5 8.4
      vertex 2.3 67.7 8.4
    endloop
  endfacet
  facet normal 0 0 1
    outer loop
      vertex 41.6692 60.276 2.4
      vertex 36.1771 61.0579 2.4
      vertex 41.756 60.1 2.4
    endloop
  endfacet
  facet normal 0 0 1
    outer loop
      vertex 41.865 49.0631 2.4
      vertex 36.8595 46.5583 2.4
      vertex 36.88 46.245 2.4
    endloop
  endfacet
  facet normal -0 0 1
    outer loop
      vertex 35.941 60.851 2.4
      vertex 41.756 60.1 2.4
      vertex 36.1771 61.0579 2.4
    endloop
  endfacet
  facet normal 0 0 1
    outer loop
      vertex 41.865 49.0631 2.4
      vertex 36.7982 46.8662 2.4
      vertex 36.8595 46.5583 2.4
    endloop
  endfacet
  facet normal 0 0 1
    outer loop
      vertex 41.756 60.1 2.4
      vertex 35.941 60.851 2.4
      vertex 41.865 59.9369 2.4
    endloop
  endfacet
  facet normal 0 0 1
    outer loop
      vertex 41.865 49.0631 2.4
      vertex 36.6973 47.1634 2.4
      vertex 36.7982 46.8662 2.4
    endloop
  endfacet
  facet normal -0 0 1
    outer loop
      vertex 35.68 60.6765 2.4
      vertex 41.865 59.9369 2.4
      vertex 35.941 60.851 2.4
    endloop
  endfacet
  facet normal 0 0 1
    outer loop
      vertex 41.865 49.0631 2.4
      vertex 36.5585 47.445 2.4
      vertex 36.6973 47.1634 2.4
    endloop
  endfacet
  facet normal 0 0 1
    outer loop
      vertex 41.865 59.9369 2.4
      vertex 35.68 60.6765 2.4
      vertex 41.9943 59.7893 2.4
    endloop
  endfacet
  facet normal 0 0 1
    outer loop
      vertex 41.865 49.0631 2.4
      vertex 36.384 47.706 2.4
      vertex 36.5585 47.445 2.4
    endloop
  endfacet
  facet normal 0 0 1
    outer loop
      vertex 33.51 58.75 2.4
      vertex 41.9943 59.7893 2.4
      vertex 35.68 60.6765 2.4
    endloop
  endfacet
  facet normal 0 0 1
    outer loop
      vertex 41.865 49.0631 2.4
      vertex 36.1771 47.9421 2.4
      vertex 36.384 47.706 2.4
    endloop
  endfacet
  facet normal 0 0 1
    outer loop
      vertex 41.9943 59.7893 2.4
      vertex 33.51 58.75 2.4
      vertex 41.9943 49.2107 2.4
    endloop
  endfacet
  facet normal 0 0 1
    outer loop
      vertex 41.865 49.0631 2.4
      vertex 35.941 48.149 2.4
      vertex 36.1771 47.9421 2.4
    endloop
  endfacet
  facet normal -0 0 1
    outer loop
      vertex 33.51 50.25 2.4
      vertex 41.9943 49.2107 2.4
      vertex 33.51 58.75 2.4
    endloop
  endfacet
  facet normal 0 0 1
    outer loop
      vertex 41.865 49.0631 2.4
      vertex 35.68 48.3235 2.4
      vertex 35.941 48.149 2.4
    endloop
  endfacet
  facet normal 0 0 1
    outer loop
      vertex 33.51 58.75 2.4
      vertex 35.68 60.6765 2.4
      vertex 35.3984 60.5377 2.4
    endloop
  endfacet
  facet normal 0 -0 1
    outer loop
      vertex 35.68 48.3235 2.4
      vertex 41.9943 49.2107 2.4
      vertex 33.51 50.25 2.4
    endloop
  endfacet
  facet normal 0 0 1
    outer loop
      vertex 33.51 58.75 2.4
      vertex 35.3984 60.5377 2.4
      vertex 35.1012 60.4368 2.4
    endloop
  endfacet
  facet normal 0 0 1
    outer loop
      vertex 41.9943 49.2107 2.4
      vertex 35.68 48.3235 2.4
      vertex 41.865 49.0631 2.4
    endloop
  endfacet
  facet normal 0 0 1
    outer loop
      vertex 33.51 58.75 2.4
      vertex 35.1012 60.4368 2.4
      vertex 34.7933 60.3755 2.4
    endloop
  endfacet
  facet normal 0 0 1
    outer loop
      vertex 35.68 48.3235 2.4
      vertex 33.51 50.25 2.4
      vertex 35.3984 48.4623 2.4
    endloop
  endfacet
  facet normal 0 0 1
    outer loop
      vertex 33.51 58.75 2.4
      vertex 34.7933 60.3755 2.4
      vertex 34.48 60.355 2.4
    endloop
  endfacet
  facet normal 0 0 1
    outer loop
      vertex 35.3984 48.4623 2.4
      vertex 33.51 50.25 2.4
      vertex 35.1012 48.5632 2.4
    endloop
  endfacet
  facet normal 0 0 1
    outer loop
      vertex 33.51 58.75 2.4
      vertex 34.48 60.355 2.4
      vertex 34.1667 60.3755 2.4
    endloop
  endfacet
  facet normal 0 0 1
    outer loop
      vertex 35.1012 48.5632 2.4
      vertex 33.51 50.25 2.4
      vertex 34.7933 48.6245 2.4
    endloop
  endfacet
  facet normal 0 0 1
    outer loop
      vertex 33.51 58.75 2.4
      vertex 34.1667 60.3755 2.4
      vertex 33.8588 60.4368 2.4
    endloop
  endfacet
  facet normal 0 0 1
    outer loop
      vertex 34.7933 48.6245 2.4
      vertex 33.51 50.25 2.4
      vertex 34.48 48.645 2.4
    endloop
  endfacet
  facet normal 0 0 1
    outer loop
      vertex 33.51 58.75 2.4
      vertex 33.8588 60.4368 2.4
      vertex 33.5616 60.5377 2.4
    endloop
  endfacet
  facet normal 0 0 1
    outer loop
      vertex 34.48 48.645 2.4
      vertex 33.51 50.25 2.4
      vertex 34.1667 48.6245 2.4
    endloop
  endfacet
  facet normal 0 0 1
    outer loop
      vertex 34.1667 48.6245 2.4
      vertex 33.51 50.25 2.4
      vertex 33.8588 48.5632 2.4
    endloop
  endfacet
  facet normal 0 0 1
    outer loop
      vertex 33.28 60.6765 2.4
      vertex 33.51 58.75 2.4
      vertex 33.5616 60.5377 2.4
    endloop
  endfacet
  facet normal 0 0 1
    outer loop
      vertex 33.019 60.851 2.4
      vertex 33.51 58.75 2.4
      vertex 33.28 60.6765 2.4
    endloop
  endfacet
  facet normal 0 0 1
    outer loop
      vertex 32.7829 61.0579 2.4
      vertex 33.51 58.75 2.4
      vertex 33.019 60.851 2.4
    endloop
  endfacet
  facet normal 0 0 1
    outer loop
      vertex 32.576 61.294 2.4
      vertex 33.51 58.75 2.4
      vertex 32.7829 61.0579 2.4
    endloop
  endfacet
  facet normal 0 0 1
    outer loop
      vertex 32.4015 61.555 2.4
      vertex 33.51 58.75 2.4
      vertex 32.576 61.294 2.4
    endloop
  endfacet
  facet normal 0 0 1
    outer loop
      vertex 8.61846 61.555 2.4
      vertex 32.4015 61.555 2.4
      vertex 32.2627 61.8366 2.4
    endloop
  endfacet
  facet normal -0 0 1
    outer loop
      vertex 8.94 62.755 2.4
      vertex 32.1005 62.4417 2.4
      vertex 32.08 62.755 2.4
    endloop
  endfacet
  facet normal 0 0 1
    outer loop
      vertex 8.91947 62.4417 2.4
      vertex 32.1005 62.4417 2.4
      vertex 8.94 62.755 2.4
    endloop
  endfacet
  facet normal 0 0 1
    outer loop
      vertex 32.1005 62.4417 2.4
      vertex 8.91947 62.4417 2.4
      vertex 32.1618 62.1338 2.4
    endloop
  endfacet
  facet normal 0 0 1
    outer loop
      vertex 8.85822 62.1338 2.4
      vertex 32.1618 62.1338 2.4
      vertex 8.91947 62.4417 2.4
    endloop
  endfacet
  facet normal 0 0 1
    outer loop
      vertex 32.1618 62.1338 2.4
      vertex 8.85822 62.1338 2.4
      vertex 32.2627 61.8366 2.4
    endloop
  endfacet
  facet normal 0 0 1
    outer loop
      vertex 8.75731 61.8366 2.4
      vertex 32.2627 61.8366 2.4
      vertex 8.85822 62.1338 2.4
    endloop
  endfacet
  facet normal 0 0 1
    outer loop
      vertex 8.61846 61.555 2.4
      vertex 32.2627 61.8366 2.4
      vertex 8.75731 61.8366 2.4
    endloop
  endfacet
  facet normal 0 0 1
    outer loop
      vertex 32.4015 61.555 2.4
      vertex 8.61846 61.555 2.4
      vertex 33.51 58.75 2.4
    endloop
  endfacet
  facet normal 0 0 1
    outer loop
      vertex 7.51 58.75 2.4
      vertex 8.61846 61.555 2.4
      vertex 8.44405 61.294 2.4
    endloop
  endfacet
  facet normal 0 0 1
    outer loop
      vertex 7.51 58.75 2.4
      vertex 8.44405 61.294 2.4
      vertex 8.23706 61.0579 2.4
    endloop
  endfacet
  facet normal 0 0 1
    outer loop
      vertex 7.51 58.75 2.4
      vertex 8.23706 61.0579 2.4
      vertex 8.00103 60.851 2.4
    endloop
  endfacet
  facet normal 0 0 1
    outer loop
      vertex 7.51 58.75 2.4
      vertex 8.00103 60.851 2.4
      vertex 7.74 60.6765 2.4
    endloop
  endfacet
  facet normal 0 0 1
    outer loop
      vertex 8.61846 61.555 2.4
      vertex 7.51 58.75 2.4
      vertex 33.51 58.75 2.4
    endloop
  endfacet
  facet normal -0 0 1
    outer loop
      vertex 7.16117 60.4368 2.4
      vertex 7.51 58.75 2.4
      vertex 7.45844 60.5377 2.4
    endloop
  endfacet
  facet normal -0 0 1
    outer loop
      vertex 7.45844 60.5377 2.4
      vertex 7.51 58.75 2.4
      vertex 7.74 60.6765 2.4
    endloop
  endfacet
  facet normal 0 0 1
    outer loop
      vertex 53.3815 59.65 2.4
      vertex 44.245 59.9369 2.4
      vertex 53.556 59.389 2.4
    endloop
  endfacet
  facet normal 0 0 1
    outer loop
      vertex 53.556 49.611 2.4
      vertex 44.5422 48.3458 2.4
      vertex 44.555 48.15 2.4
    endloop
  endfacet
  facet normal -0 0 1
    outer loop
      vertex 44.1157 59.7893 2.4
      vertex 53.556 59.389 2.4
      vertex 44.245 59.9369 2.4
    endloop
  endfacet
  facet normal 0 0 1
    outer loop
      vertex 53.556 49.611 2.4
      vertex 44.5039 48.5382 2.4
      vertex 44.5422 48.3458 2.4
    endloop
  endfacet
  facet normal 0 0 1
    outer loop
      vertex 53.556 59.389 2.4
      vertex 44.1157 59.7893 2.4
      vertex 53.7629 59.1529 2.4
    endloop
  endfacet
  facet normal 0 0 1
    outer loop
      vertex 53.556 49.611 2.4
      vertex 44.4408 48.724 2.4
      vertex 44.5039 48.5382 2.4
    endloop
  endfacet
  facet normal 0 0 1
    outer loop
      vertex 53.7629 59.1529 2.4
      vertex 44.1157 59.7893 2.4
      vertex 53.7629 49.8471 2.4
    endloop
  endfacet
  facet normal 0 0 1
    outer loop
      vertex 53.556 49.611 2.4
      vertex 44.354 48.9 2.4
      vertex 44.4408 48.724 2.4
    endloop
  endfacet
  facet normal 0 0 1
    outer loop
      vertex 44.1157 49.2107 2.4
      vertex 53.7629 49.8471 2.4
      vertex 44.1157 59.7893 2.4
    endloop
  endfacet
  facet normal 0 0 1
    outer loop
      vertex 53.556 49.611 2.4
      vertex 44.245 49.0631 2.4
      vertex 44.354 48.9 2.4
    endloop
  endfacet
  facet normal 0 0 1
    outer loop
      vertex 53.7629 49.8471 2.4
      vertex 44.1157 49.2107 2.4
      vertex 53.556 49.611 2.4
    endloop
  endfacet
  facet normal 0 0 1
    outer loop
      vertex 53.556 49.611 2.4
      vertex 44.1157 49.2107 2.4
      vertex 44.245 49.0631 2.4
    endloop
  endfacet
  facet normal -0 0 1
    outer loop
      vertex 43.9681 59.66 2.4
      vertex 44.1157 49.2107 2.4
      vertex 44.1157 59.7893 2.4
    endloop
  endfacet
  facet normal 0 0 1
    outer loop
      vertex 43.9681 59.66 2.4
      vertex 43.9681 49.34 2.4
      vertex 44.1157 49.2107 2.4
    endloop
  endfacet
  facet normal -0 0 1
    outer loop
      vertex 43.805 59.551 2.4
      vertex 43.9681 49.34 2.4
      vertex 43.9681 59.66 2.4
    endloop
  endfacet
  facet normal 0 0 1
    outer loop
      vertex 43.805 59.551 2.4
      vertex 43.805 49.449 2.4
      vertex 43.9681 49.34 2.4
    endloop
  endfacet
  facet normal -0 0 1
    outer loop
      vertex 43.629 59.4642 2.4
      vertex 43.805 49.449 2.4
      vertex 43.805 59.551 2.4
    endloop
  endfacet
  facet normal 0 0 1
    outer loop
      vertex 43.629 59.4642 2.4
      vertex 43.629 49.5358 2.4
      vertex 43.805 49.449 2.4
    endloop
  endfacet
  facet normal -0 0 1
    outer loop
      vertex 43.4432 59.4011 2.4
      vertex 43.629 49.5358 2.4
      vertex 43.629 59.4642 2.4
    endloop
  endfacet
  facet normal 0 0 1
    outer loop
      vertex 43.4432 59.4011 2.4
      vertex 43.4432 49.5989 2.4
      vertex 43.629 49.5358 2.4
    endloop
  endfacet
  facet normal -0 0 1
    outer loop
      vertex 43.2508 59.3628 2.4
      vertex 43.4432 49.5989 2.4
      vertex 43.4432 59.4011 2.4
    endloop
  endfacet
  facet normal 0 0 1
    outer loop
      vertex 43.2508 59.3628 2.4
      vertex 43.2508 49.6372 2.4
      vertex 43.4432 49.5989 2.4
    endloop
  endfacet
  facet normal -0 0 1
    outer loop
      vertex 43.055 59.35 2.4
      vertex 43.2508 49.6372 2.4
      vertex 43.2508 59.3628 2.4
    endloop
  endfacet
  facet normal 0 0 1
    outer loop
      vertex 43.055 59.35 2.4
      vertex 43.055 49.65 2.4
      vertex 43.2508 49.6372 2.4
    endloop
  endfacet
  facet normal 0 0 1
    outer loop
      vertex 42.8592 59.3628 2.4
      vertex 43.055 49.65 2.4
      vertex 43.055 59.35 2.4
    endloop
  endfacet
  facet normal 0 0 1
    outer loop
      vertex 42.8592 59.3628 2.4
      vertex 42.8592 49.6372 2.4
      vertex 43.055 49.65 2.4
    endloop
  endfacet
  facet normal 0 0 1
    outer loop
      vertex 42.6668 59.4011 2.4
      vertex 42.8592 49.6372 2.4
      vertex 42.8592 59.3628 2.4
    endloop
  endfacet
  facet normal 0 0 1
    outer loop
      vertex 42.6668 59.4011 2.4
      vertex 42.6668 49.5989 2.4
      vertex 42.8592 49.6372 2.4
    endloop
  endfacet
  facet normal 0 0 1
    outer loop
      vertex 42.481 59.4642 2.4
      vertex 42.6668 49.5989 2.4
      vertex 42.6668 59.4011 2.4
    endloop
  endfacet
  facet normal 0 0 1
    outer loop
      vertex 42.481 59.4642 2.4
      vertex 42.481 49.5358 2.4
      vertex 42.6668 49.5989 2.4
    endloop
  endfacet
  facet normal 0 0 1
    outer loop
      vertex 42.305 59.551 2.4
      vertex 42.481 49.5358 2.4
      vertex 42.481 59.4642 2.4
    endloop
  endfacet
  facet normal 0 0 1
    outer loop
      vertex 42.305 59.551 2.4
      vertex 42.305 49.449 2.4
      vertex 42.481 49.5358 2.4
    endloop
  endfacet
  facet normal 0 0 1
    outer loop
      vertex 42.1419 59.66 2.4
      vertex 42.305 49.449 2.4
      vertex 42.305 59.551 2.4
    endloop
  endfacet
  facet normal 0 0 1
    outer loop
      vertex 42.1419 59.66 2.4
      vertex 42.1419 49.34 2.4
      vertex 42.305 49.449 2.4
    endloop
  endfacet
  facet normal 0 0 1
    outer loop
      vertex 41.9943 59.7893 2.4
      vertex 42.1419 49.34 2.4
      vertex 42.1419 59.66 2.4
    endloop
  endfacet
  facet normal 0 0 1
    outer loop
      vertex 41.9943 59.7893 2.4
      vertex 41.9943 49.2107 2.4
      vertex 42.1419 49.34 2.4
    endloop
  endfacet
  facet normal -0 0 1
    outer loop
      vertex 36.384 61.294 2.4
      vertex 41.6061 60.4618 2.4
      vertex 36.5585 61.555 2.4
    endloop
  endfacet
  facet normal 0 0 1
    outer loop
      vertex 41.6061 60.4618 2.4
      vertex 36.384 61.294 2.4
      vertex 41.6692 60.276 2.4
    endloop
  endfacet
  facet normal -0 0 1
    outer loop
      vertex 36.5585 61.555 2.4
      vertex 41.5678 60.6542 2.4
      vertex 36.6973 61.8366 2.4
    endloop
  endfacet
  facet normal 0 0 1
    outer loop
      vertex 41.5678 60.6542 2.4
      vertex 36.5585 61.555 2.4
      vertex 41.6061 60.4618 2.4
    endloop
  endfacet
  facet normal 0 0 1
    outer loop
      vertex 41.555 60.85 2.4
      vertex 36.6973 61.8366 2.4
      vertex 41.5678 60.6542 2.4
    endloop
  endfacet
  facet normal -0 0 1
    outer loop
      vertex 36.1771 61.0579 2.4
      vertex 41.6692 60.276 2.4
      vertex 36.384 61.294 2.4
    endloop
  endfacet
  facet normal 0 0 1
    outer loop
      vertex 41.5678 61.0458 2.4
      vertex 36.6973 61.8366 2.4
      vertex 41.555 60.85 2.4
    endloop
  endfacet
  facet normal 0 0 1
    outer loop
      vertex 41.865 49.0631 2.4
      vertex 36.88 46.245 2.4
      vertex 41.756 48.9 2.4
    endloop
  endfacet
  facet normal -0 0 1
    outer loop
      vertex 36.6973 61.8366 2.4
      vertex 41.5678 61.0458 2.4
      vertex 36.7982 62.1338 2.4
    endloop
  endfacet
  facet normal 0 0 1
    outer loop
      vertex 41.756 48.9 2.4
      vertex 36.88 46.245 2.4
      vertex 41.6692 48.724 2.4
    endloop
  endfacet
  facet normal 0 0 1
    outer loop
      vertex 41.6061 61.2382 2.4
      vertex 36.7982 62.1338 2.4
      vertex 41.5678 61.0458 2.4
    endloop
  endfacet
  facet normal 0 0 1
    outer loop
      vertex 41.6692 48.724 2.4
      vertex 36.88 46.245 2.4
      vertex 41.6061 48.5382 2.4
    endloop
  endfacet
  facet normal 0 0 1
    outer loop
      vertex 57.3916 69.9743 2.4
      vertex 57.7 67.7 2.4
      vertex 57.7765 69.8978 2.4
    endloop
  endfacet
  facet normal 0 0 1
    outer loop
      vertex 57 70 2.4
      vertex 57.7 67.7 2.4
      vertex 57.3916 69.9743 2.4
    endloop
  endfacet
  facet normal -0 0 1
    outer loop
      vertex 3 70 2.4
      vertex 57.7 67.7 2.4
      vertex 57 70 2.4
    endloop
  endfacet
  facet normal 0 0 1
    outer loop
      vertex 2.3 67.7 2.4
      vertex 3 70 2.4
      vertex 2.60843 69.9743 2.4
    endloop
  endfacet
  facet normal 0 0 1
    outer loop
      vertex 3 70 2.4
      vertex 2.3 67.7 2.4
      vertex 57.7 67.7 2.4
    endloop
  endfacet
  facet normal -0 0 1
    outer loop
      vertex 1.85194 69.7716 2.4
      vertex 2.3 67.7 2.4
      vertex 2.22354 69.8978 2.4
    endloop
  endfacet
  facet normal -0 0 1
    outer loop
      vertex 2.22354 69.8978 2.4
      vertex 2.3 67.7 2.4
      vertex 2.60843 69.9743 2.4
    endloop
  endfacet
  facet normal -0 0 1
    outer loop
      vertex 57.8395 48.4633 2.4
      vertex 60 42 2.4
      vertex 57.8395 60.5367 2.4
    endloop
  endfacet
  facet normal 0 0 1
    outer loop
      vertex 60 42 2.4
      vertex 57.8395 48.4633 2.4
      vertex 57.86 48.15 2.4
    endloop
  endfacet
  facet normal -0 0 1
    outer loop
      vertex 57.7782 60.2288 2.4
      vertex 57.8395 48.4633 2.4
      vertex 57.8395 60.5367 2.4
    endloop
  endfacet
  facet normal 0 0 1
    outer loop
      vertex 57.7782 60.2288 2.4
      vertex 57.7782 48.7712 2.4
      vertex 57.8395 48.4633 2.4
    endloop
  endfacet
  facet normal -0 0 1
    outer loop
      vertex 57.6773 59.9316 2.4
      vertex 57.7782 48.7712 2.4
      vertex 57.7782 60.2288 2.4
    endloop
  endfacet
  facet normal 0 0 1
    outer loop
      vertex 57.6773 59.9316 2.4
      vertex 57.6773 49.0684 2.4
      vertex 57.7782 48.7712 2.4
    endloop
  endfacet
  facet normal -0 0 1
    outer loop
      vertex 57.5385 59.65 2.4
      vertex 57.6773 49.0684 2.4
      vertex 57.6773 59.9316 2.4
    endloop
  endfacet
  facet normal 0 0 1
    outer loop
      vertex 57.5385 59.65 2.4
      vertex 57.5385 49.35 2.4
      vertex 57.6773 49.0684 2.4
    endloop
  endfacet
  facet normal -0 0 1
    outer loop
      vertex 57.364 59.389 2.4
      vertex 57.5385 49.35 2.4
      vertex 57.5385 59.65 2.4
    endloop
  endfacet
  facet normal 0 0 1
    outer loop
      vertex 57.364 59.389 2.4
      vertex 57.364 49.611 2.4
      vertex 57.5385 49.35 2.4
    endloop
  endfacet
  facet normal -0 0 1
    outer loop
      vertex 57.1571 59.1529 2.4
      vertex 57.364 49.611 2.4
      vertex 57.364 59.389 2.4
    endloop
  endfacet
  facet normal 0 0 1
    outer loop
      vertex 57.1571 59.1529 2.4
      vertex 57.1571 49.8471 2.4
      vertex 57.364 49.611 2.4
    endloop
  endfacet
  facet normal -0 0 1
    outer loop
      vertex 56.921 58.946 2.4
      vertex 57.1571 49.8471 2.4
      vertex 57.1571 59.1529 2.4
    endloop
  endfacet
  facet normal 0 0 1
    outer loop
      vertex 56.921 58.946 2.4
      vertex 56.921 50.054 2.4
      vertex 57.1571 49.8471 2.4
    endloop
  endfacet
  facet normal -0 0 1
    outer loop
      vertex 56.66 58.7715 2.4
      vertex 56.921 50.054 2.4
      vertex 56.921 58.946 2.4
    endloop
  endfacet
  facet normal 0 0 1
    outer loop
      vertex 56.66 58.7715 2.4
      vertex 56.66 50.2285 2.4
      vertex 56.921 50.054 2.4
    endloop
  endfacet
  facet normal -0 0 1
    outer loop
      vertex 56.3784 58.6327 2.4
      vertex 56.66 50.2285 2.4
      vertex 56.66 58.7715 2.4
    endloop
  endfacet
  facet normal 0 0 1
    outer loop
      vertex 56.3784 58.6327 2.4
      vertex 56.3784 50.3673 2.4
      vertex 56.66 50.2285 2.4
    endloop
  endfacet
  facet normal -0 0 1
    outer loop
      vertex 56.0812 58.5318 2.4
      vertex 56.3784 50.3673 2.4
      vertex 56.3784 58.6327 2.4
    endloop
  endfacet
  facet normal 0 0 1
    outer loop
      vertex 56.0812 58.5318 2.4
      vertex 56.0812 50.4682 2.4
      vertex 56.3784 50.3673 2.4
    endloop
  endfacet
  facet normal -0 0 1
    outer loop
      vertex 55.7733 58.4705 2.4
      vertex 56.0812 50.4682 2.4
      vertex 56.0812 58.5318 2.4
    endloop
  endfacet
  facet normal 0 0 1
    outer loop
      vertex 55.7733 58.4705 2.4
      vertex 55.7733 50.5295 2.4
      vertex 56.0812 50.4682 2.4
    endloop
  endfacet
  facet normal -0 0 1
    outer loop
      vertex 55.46 58.45 2.4
      vertex 55.7733 50.5295 2.4
      vertex 55.7733 58.4705 2.4
    endloop
  endfacet
  facet normal 0 0 1
    outer loop
      vertex 55.46 58.45 2.4
      vertex 55.46 50.55 2.4
      vertex 55.7733 50.5295 2.4
    endloop
  endfacet
  facet normal 0 0 1
    outer loop
      vertex 55.1467 58.4705 2.4
      vertex 55.46 50.55 2.4
      vertex 55.46 58.45 2.4
    endloop
  endfacet
  facet normal 0 0 1
    outer loop
      vertex 55.1467 58.4705 2.4
      vertex 55.1467 50.5295 2.4
      vertex 55.46 50.55 2.4
    endloop
  endfacet
  facet normal 0 0 1
    outer loop
      vertex 54.8388 58.5318 2.4
      vertex 55.1467 50.5295 2.4
      vertex 55.1467 58.4705 2.4
    endloop
  endfacet
  facet normal 0 0 1
    outer loop
      vertex 54.8388 58.5318 2.4
      vertex 54.8388 50.4682 2.4
      vertex 55.1467 50.5295 2.4
    endloop
  endfacet
  facet normal 0 0 1
    outer loop
      vertex 54.5416 58.6327 2.4
      vertex 54.8388 50.4682 2.4
      vertex 54.8388 58.5318 2.4
    endloop
  endfacet
  facet normal 0 0 1
    outer loop
      vertex 54.5416 58.6327 2.4
      vertex 54.5416 50.3673 2.4
      vertex 54.8388 50.4682 2.4
    endloop
  endfacet
  facet normal 0 0 1
    outer loop
      vertex 54.26 58.7715 2.4
      vertex 54.5416 50.3673 2.4
      vertex 54.5416 58.6327 2.4
    endloop
  endfacet
  facet normal 0 0 1
    outer loop
      vertex 54.26 58.7715 2.4
      vertex 54.26 50.2285 2.4
      vertex 54.5416 50.3673 2.4
    endloop
  endfacet
  facet normal 0 0 1
    outer loop
      vertex 53.999 58.946 2.4
      vertex 54.26 50.2285 2.4
      vertex 54.26 58.7715 2.4
    endloop
  endfacet
  facet normal 0 0 1
    outer loop
      vertex 53.999 58.946 2.4
      vertex 53.999 50.054 2.4
      vertex 54.26 50.2285 2.4
    endloop
  endfacet
  facet normal 0 0 1
    outer loop
      vertex 53.7629 59.1529 2.4
      vertex 53.999 50.054 2.4
      vertex 53.999 58.946 2.4
    endloop
  endfacet
  facet normal 0 0 1
    outer loop
      vertex 53.7629 59.1529 2.4
      vertex 53.7629 49.8471 2.4
      vertex 53.999 50.054 2.4
    endloop
  endfacet
  facet normal 0 0 1
    outer loop
      vertex 53.2427 59.9316 2.4
      vertex 44.354 60.1 2.4
      vertex 53.3815 59.65 2.4
    endloop
  endfacet
  facet normal -0 0 1
    outer loop
      vertex 44.245 59.9369 2.4
      vertex 53.3815 59.65 2.4
      vertex 44.354 60.1 2.4
    endloop
  endfacet
  facet normal -0 0 1
    outer loop
      vertex 44.4408 60.276 2.4
      vertex 53.1418 60.2288 2.4
      vertex 44.5039 60.4618 2.4
    endloop
  endfacet
  facet normal 0 0 1
    outer loop
      vertex 53.1418 60.2288 2.4
      vertex 44.4408 60.276 2.4
      vertex 53.2427 59.9316 2.4
    endloop
  endfacet
  facet normal 0 0 1
    outer loop
      vertex 53.0805 60.5367 2.4
      vertex 44.5039 60.4618 2.4
      vertex 53.1418 60.2288 2.4
    endloop
  endfacet
  facet normal -0 0 1
    outer loop
      vertex 44.354 60.1 2.4
      vertex 53.2427 59.9316 2.4
      vertex 44.4408 60.276 2.4
    endloop
  endfacet
  facet normal 0 0 1
    outer loop
      vertex 44.5039 60.4618 2.4
      vertex 53.0805 60.5367 2.4
      vertex 44.5422 60.6542 2.4
    endloop
  endfacet
  facet normal 0 0 1
    outer loop
      vertex 53.556 49.611 2.4
      vertex 44.555 48.15 2.4
      vertex 53.3815 49.35 2.4
    endloop
  endfacet
  facet normal 0 0 1
    outer loop
      vertex 53.06 60.85 2.4
      vertex 44.5422 60.6542 2.4
      vertex 53.0805 60.5367 2.4
    endloop
  endfacet
  facet normal 0 0 1
    outer loop
      vertex 53.3815 49.35 2.4
      vertex 44.555 48.15 2.4
      vertex 53.2427 49.0684 2.4
    endloop
  endfacet
  facet normal 0 0 1
    outer loop
      vertex 44.5422 60.6542 2.4
      vertex 53.06 60.85 2.4
      vertex 44.555 60.85 2.4
    endloop
  endfacet
  facet normal 0 0 1
    outer loop
      vertex 53.2427 49.0684 2.4
      vertex 44.555 48.15 2.4
      vertex 53.1418 48.7712 2.4
    endloop
  endfacet
  facet normal 0 0 1
    outer loop
      vertex 57.7 67.7 2.4
      vertex 60 67 2.4
      vertex 59.9743 67.3916 2.4
    endloop
  endfacet
  facet normal 0 0 1
    outer loop
      vertex 57.8395 60.5367 2.4
      vertex 60 67 2.4
      vertex 57.86 60.85 2.4
    endloop
  endfacet
  facet normal -0 0 1
    outer loop
      vertex 57.7 67.7 2.4
      vertex 59.9743 67.3916 2.4
      vertex 59.8978 67.7765 2.4
    endloop
  endfacet
  facet normal 0 0 1
    outer loop
      vertex 60 67 2.4
      vertex 57.8395 60.5367 2.4
      vertex 60 42 2.4
    endloop
  endfacet
  facet normal 0 0 1
    outer loop
      vertex 57.7 67.7 2.4
      vertex 59.8978 67.7765 2.4
      vertex 59.7716 68.1481 2.4
    endloop
  endfacet
  facet normal -0 0 1
    outer loop
      vertex 57.8395 47.8367 2.4
      vertex 60 42 2.4
      vertex 57.86 48.15 2.4
    endloop
  endfacet
  facet normal 0 0 1
    outer loop
      vertex 57.7 67.7 2.4
      vertex 59.7716 68.1481 2.4
      vertex 59.5981 68.5 2.4
    endloop
  endfacet
  facet normal -0 0 1
    outer loop
      vertex 57.7782 47.5288 2.4
      vertex 60 42 2.4
      vertex 57.8395 47.8367 2.4
    endloop
  endfacet
  facet normal 0 0 1
    outer loop
      vertex 57.7 67.7 2.4
      vertex 59.5981 68.5 2.4
      vertex 59.3801 68.8263 2.4
    endloop
  endfacet
  facet normal -0 0 1
    outer loop
      vertex 57.6773 47.2316 2.4
      vertex 60 42 2.4
      vertex 57.7782 47.5288 2.4
    endloop
  endfacet
  facet normal 0 0 1
    outer loop
      vertex 57.7 67.7 2.4
      vertex 59.3801 68.8263 2.4
      vertex 59.1213 69.1213 2.4
    endloop
  endfacet
  facet normal -0 0 1
    outer loop
      vertex 57.5385 46.95 2.4
      vertex 60 42 2.4
      vertex 57.6773 47.2316 2.4
    endloop
  endfacet
  facet normal 0 0 1
    outer loop
      vertex 57.7 67.7 2.4
      vertex 59.1213 69.1213 2.4
      vertex 58.8263 69.3801 2.4
    endloop
  endfacet
  facet normal -0 0 1
    outer loop
      vertex 57.364 46.689 2.4
      vertex 60 42 2.4
      vertex 57.5385 46.95 2.4
    endloop
  endfacet
  facet normal 0 0 1
    outer loop
      vertex 57.7 67.7 2.4
      vertex 58.8263 69.3801 2.4
      vertex 58.5 69.5981 2.4
    endloop
  endfacet
  facet normal -0 -0 1
    outer loop
      vertex 57.7 42.5 2.4
      vertex 60 42 2.4
      vertex 57.364 46.689 2.4
    endloop
  endfacet
  facet normal 0 0 1
    outer loop
      vertex 57.7 67.7 2.4
      vertex 58.5 69.5981 2.4
      vertex 58.1481 69.7716 2.4
    endloop
  endfacet
  facet normal 0 0 1
    outer loop
      vertex 60 42 2.4
      vertex 57.7 41.3 2.4
      vertex 59.9743 41.6084 2.4
    endloop
  endfacet
  facet normal 0 0 1
    outer loop
      vertex 59.8978 41.2235 2.4
      vertex 57.7 41.3 2.4
      vertex 59.7716 40.8519 2.4
    endloop
  endfacet
  facet normal 0 0 1
    outer loop
      vertex 60 67 2.4
      vertex 57.8395 61.1633 2.4
      vertex 57.86 60.85 2.4
    endloop
  endfacet
  facet normal 0 0 1
    outer loop
      vertex 60 67 2.4
      vertex 57.7 66.5 2.4
      vertex 57.364 62.311 2.4
    endloop
  endfacet
  facet normal 0 0 1
    outer loop
      vertex 57.7 67.7 2.4
      vertex 58.1481 69.7716 2.4
      vertex 57.7765 69.8978 2.4
    endloop
  endfacet
  facet normal 0 0 1
    outer loop
      vertex 60 67 2.4
      vertex 57.7 67.7 2.4
      vertex 57.7 66.5 2.4
    endloop
  endfacet
  facet normal 0 0 1
    outer loop
      vertex 60 67 2.4
      vertex 57.7782 61.4712 2.4
      vertex 57.8395 61.1633 2.4
    endloop
  endfacet
  facet normal 0 0 1
    outer loop
      vertex 60 67 2.4
      vertex 57.6773 61.7684 2.4
      vertex 57.7782 61.4712 2.4
    endloop
  endfacet
  facet normal 0 0 1
    outer loop
      vertex 60 67 2.4
      vertex 57.5385 62.05 2.4
      vertex 57.6773 61.7684 2.4
    endloop
  endfacet
  facet normal 0 0 1
    outer loop
      vertex 60 67 2.4
      vertex 57.364 62.311 2.4
      vertex 57.5385 62.05 2.4
    endloop
  endfacet
  facet normal 0 0 1
    outer loop
      vertex 57.7 66.5 2.4
      vertex 57.1571 62.5471 2.4
      vertex 57.364 62.311 2.4
    endloop
  endfacet
  facet normal 0 0 1
    outer loop
      vertex 57.7 66.5 2.4
      vertex 56.921 62.754 2.4
      vertex 57.1571 62.5471 2.4
    endloop
  endfacet
  facet normal 0 0 1
    outer loop
      vertex 57.7 66.5 2.4
      vertex 56.66 62.9285 2.4
      vertex 56.921 62.754 2.4
    endloop
  endfacet
  facet normal 0 0 1
    outer loop
      vertex 57.7 66.5 2.4
      vertex 56.3784 63.0673 2.4
      vertex 56.66 62.9285 2.4
    endloop
  endfacet
  facet normal 0 0 1
    outer loop
      vertex 57.7 66.5 2.4
      vertex 56.0812 63.1682 2.4
      vertex 56.3784 63.0673 2.4
    endloop
  endfacet
  facet normal 0 0 1
    outer loop
      vertex 57.7 66.5 2.4
      vertex 55.7733 63.2295 2.4
      vertex 56.0812 63.1682 2.4
    endloop
  endfacet
  facet normal 0 0 1
    outer loop
      vertex 57.7 66.5 2.4
      vertex 55.46 63.25 2.4
      vertex 55.7733 63.2295 2.4
    endloop
  endfacet
  facet normal 0 0 1
    outer loop
      vertex 57.7 66.5 2.4
      vertex 55.1467 63.2295 2.4
      vertex 55.46 63.25 2.4
    endloop
  endfacet
  facet normal 0 0 1
    outer loop
      vertex 57.7 66.5 2.4
      vertex 54.8388 63.1682 2.4
      vertex 55.1467 63.2295 2.4
    endloop
  endfacet
  facet normal 0 0 1
    outer loop
      vertex 57.7 66.5 2.4
      vertex 54.5416 63.0673 2.4
      vertex 54.8388 63.1682 2.4
    endloop
  endfacet
  facet normal 0 0 1
    outer loop
      vertex 57.7 66.5 2.4
      vertex 54.26 62.9285 2.4
      vertex 54.5416 63.0673 2.4
    endloop
  endfacet
  facet normal 0 0 1
    outer loop
      vertex 43.629 62.2358 2.4
      vertex 54.26 62.9285 2.4
      vertex 57.7 66.5 2.4
    endloop
  endfacet
  facet normal 0 0 1
    outer loop
      vertex 54.26 62.9285 2.4
      vertex 43.629 62.2358 2.4
      vertex 53.999 62.754 2.4
    endloop
  endfacet
  facet normal 0 0 1
    outer loop
      vertex 53.1418 48.7712 2.4
      vertex 44.555 48.15 2.4
      vertex 53.0805 48.4633 2.4
    endloop
  endfacet
  facet normal -0 0 1
    outer loop
      vertex 44.5422 61.0458 2.4
      vertex 53.06 60.85 2.4
      vertex 53.0805 61.1633 2.4
    endloop
  endfacet
  facet normal -0 0 1
    outer loop
      vertex 44.5039 61.2382 2.4
      vertex 53.0805 61.1633 2.4
      vertex 53.1418 61.4712 2.4
    endloop
  endfacet
  facet normal 0 0 1
    outer loop
      vertex 44.4408 61.424 2.4
      vertex 53.1418 61.4712 2.4
      vertex 53.2427 61.7684 2.4
    endloop
  endfacet
  facet normal 0 0 1
    outer loop
      vertex 44.354 61.6 2.4
      vertex 53.2427 61.7684 2.4
      vertex 53.3815 62.05 2.4
    endloop
  endfacet
  facet normal 0 0 1
    outer loop
      vertex 44.245 61.7631 2.4
      vertex 53.3815 62.05 2.4
      vertex 53.556 62.311 2.4
    endloop
  endfacet
  facet normal 0 0 1
    outer loop
      vertex 44.1157 61.9107 2.4
      vertex 53.556 62.311 2.4
      vertex 53.7629 62.5471 2.4
    endloop
  endfacet
  facet normal 0 -0 1
    outer loop
      vertex 43.9681 62.04 2.4
      vertex 53.999 62.754 2.4
      vertex 43.805 62.149 2.4
    endloop
  endfacet
  facet normal 0 0 1
    outer loop
      vertex 53.06 60.85 2.4
      vertex 44.5422 61.0458 2.4
      vertex 44.555 60.85 2.4
    endloop
  endfacet
  facet normal 0 0 1
    outer loop
      vertex 53.0805 61.1633 2.4
      vertex 44.5039 61.2382 2.4
      vertex 44.5422 61.0458 2.4
    endloop
  endfacet
  facet normal 0 0 1
    outer loop
      vertex 53.1418 61.4712 2.4
      vertex 44.4408 61.424 2.4
      vertex 44.5039 61.2382 2.4
    endloop
  endfacet
  facet normal 0 0 1
    outer loop
      vertex 53.2427 61.7684 2.4
      vertex 44.354 61.6 2.4
      vertex 44.4408 61.424 2.4
    endloop
  endfacet
  facet normal 0 0 1
    outer loop
      vertex 53.3815 62.05 2.4
      vertex 44.245 61.7631 2.4
      vertex 44.354 61.6 2.4
    endloop
  endfacet
  facet normal 0 0 1
    outer loop
      vertex 53.556 62.311 2.4
      vertex 44.1157 61.9107 2.4
      vertex 44.245 61.7631 2.4
    endloop
  endfacet
  facet normal 0 0 1
    outer loop
      vertex 53.7629 62.5471 2.4
      vertex 43.9681 62.04 2.4
      vertex 44.1157 61.9107 2.4
    endloop
  endfacet
  facet normal 0 0 1
    outer loop
      vertex 53.999 62.754 2.4
      vertex 43.9681 62.04 2.4
      vertex 53.7629 62.5471 2.4
    endloop
  endfacet
  facet normal 0 0 1
    outer loop
      vertex 53.999 62.754 2.4
      vertex 43.629 62.2358 2.4
      vertex 43.805 62.149 2.4
    endloop
  endfacet
  facet normal 0 0 1
    outer loop
      vertex 57.7 66.5 2.4
      vertex 43.4432 62.2989 2.4
      vertex 43.629 62.2358 2.4
    endloop
  endfacet
  facet normal 0 0 1
    outer loop
      vertex 57.7 66.5 2.4
      vertex 43.2508 62.3372 2.4
      vertex 43.4432 62.2989 2.4
    endloop
  endfacet
  facet normal -0 0 1
    outer loop
      vertex 35.68 64.8335 2.4
      vertex 43.2508 62.3372 2.4
      vertex 57.7 66.5 2.4
    endloop
  endfacet
  facet normal 0 0 1
    outer loop
      vertex 43.2508 62.3372 2.4
      vertex 35.68 64.8335 2.4
      vertex 43.055 62.35 2.4
    endloop
  endfacet
  facet normal -0 -0 1
    outer loop
      vertex 35.941 64.659 2.4
      vertex 43.055 62.35 2.4
      vertex 35.68 64.8335 2.4
    endloop
  endfacet
  facet normal 0 0 1
    outer loop
      vertex 41.6061 48.5382 2.4
      vertex 36.88 46.245 2.4
      vertex 41.5678 48.3458 2.4
    endloop
  endfacet
  facet normal -0 0 1
    outer loop
      vertex 36.7982 62.1338 2.4
      vertex 41.6061 61.2382 2.4
      vertex 36.8595 62.4417 2.4
    endloop
  endfacet
  facet normal 0 0 1
    outer loop
      vertex 41.6692 61.424 2.4
      vertex 36.8595 62.4417 2.4
      vertex 41.6061 61.2382 2.4
    endloop
  endfacet
  facet normal -0 0 1
    outer loop
      vertex 36.8595 62.4417 2.4
      vertex 41.6692 61.424 2.4
      vertex 36.88 62.755 2.4
    endloop
  endfacet
  facet normal 0 0 1
    outer loop
      vertex 41.756 61.6 2.4
      vertex 36.88 62.755 2.4
      vertex 41.6692 61.424 2.4
    endloop
  endfacet
  facet normal 0 0 1
    outer loop
      vertex 36.8595 63.0683 2.4
      vertex 41.756 61.6 2.4
      vertex 41.865 61.7631 2.4
    endloop
  endfacet
  facet normal 0 0 1
    outer loop
      vertex 36.8595 63.0683 2.4
      vertex 41.865 61.7631 2.4
      vertex 41.9943 61.9107 2.4
    endloop
  endfacet
  facet normal 0 0 1
    outer loop
      vertex 36.7982 63.3762 2.4
      vertex 41.9943 61.9107 2.4
      vertex 42.1419 62.04 2.4
    endloop
  endfacet
  facet normal 0 0 1
    outer loop
      vertex 36.6973 63.6734 2.4
      vertex 42.1419 62.04 2.4
      vertex 42.305 62.149 2.4
    endloop
  endfacet
  facet normal 0 0 1
    outer loop
      vertex 36.5585 63.955 2.4
      vertex 42.305 62.149 2.4
      vertex 42.481 62.2358 2.4
    endloop
  endfacet
  facet normal 0 0 1
    outer loop
      vertex 36.384 64.216 2.4
      vertex 42.481 62.2358 2.4
      vertex 42.6668 62.2989 2.4
    endloop
  endfacet
  facet normal 0 0 1
    outer loop
      vertex 43.055 62.35 2.4
      vertex 35.941 64.659 2.4
      vertex 42.8592 62.3372 2.4
    endloop
  endfacet
  facet normal 0 0 1
    outer loop
      vertex 41.756 61.6 2.4
      vertex 36.8595 63.0683 2.4
      vertex 36.88 62.755 2.4
    endloop
  endfacet
  facet normal 0 0 1
    outer loop
      vertex 41.9943 61.9107 2.4
      vertex 36.7982 63.3762 2.4
      vertex 36.8595 63.0683 2.4
    endloop
  endfacet
  facet normal 0 0 1
    outer loop
      vertex 42.1419 62.04 2.4
      vertex 36.6973 63.6734 2.4
      vertex 36.7982 63.3762 2.4
    endloop
  endfacet
  facet normal 0 0 1
    outer loop
      vertex 42.305 62.149 2.4
      vertex 36.5585 63.955 2.4
      vertex 36.6973 63.6734 2.4
    endloop
  endfacet
  facet normal 0 0 1
    outer loop
      vertex 42.481 62.2358 2.4
      vertex 36.384 64.216 2.4
      vertex 36.5585 63.955 2.4
    endloop
  endfacet
  facet normal 0 0 1
    outer loop
      vertex 42.6668 62.2989 2.4
      vertex 36.1771 64.4521 2.4
      vertex 36.384 64.216 2.4
    endloop
  endfacet
  facet normal 0 0 1
    outer loop
      vertex 42.8592 62.3372 2.4
      vertex 36.1771 64.4521 2.4
      vertex 42.6668 62.2989 2.4
    endloop
  endfacet
  facet normal -0 -0 1
    outer loop
      vertex 36.1771 64.4521 2.4
      vertex 42.8592 62.3372 2.4
      vertex 35.941 64.659 2.4
    endloop
  endfacet
  facet normal 0 0 1
    outer loop
      vertex 57.7 66.5 2.4
      vertex 35.3984 64.9723 2.4
      vertex 35.68 64.8335 2.4
    endloop
  endfacet
  facet normal 0 0 1
    outer loop
      vertex 57.7 66.5 2.4
      vertex 35.1012 65.0732 2.4
      vertex 35.3984 64.9723 2.4
    endloop
  endfacet
  facet normal 0 0 1
    outer loop
      vertex 57.7 66.5 2.4
      vertex 34.7933 65.1345 2.4
      vertex 35.1012 65.0732 2.4
    endloop
  endfacet
  facet normal 0 0 1
    outer loop
      vertex 57.7 66.5 2.4
      vertex 34.48 65.155 2.4
      vertex 34.7933 65.1345 2.4
    endloop
  endfacet
  facet normal 0 0 1
    outer loop
      vertex 32.1005 63.0683 2.4
      vertex 8.94 62.755 2.4
      vertex 32.08 62.755 2.4
    endloop
  endfacet
  facet normal 0 0 1
    outer loop
      vertex 8.91947 63.0683 2.4
      vertex 32.1005 63.0683 2.4
      vertex 32.1618 63.3762 2.4
    endloop
  endfacet
  facet normal 0 0 1
    outer loop
      vertex 8.85822 63.3762 2.4
      vertex 32.1618 63.3762 2.4
      vertex 32.2627 63.6734 2.4
    endloop
  endfacet
  facet normal 0 0 1
    outer loop
      vertex 8.75731 63.6734 2.4
      vertex 32.2627 63.6734 2.4
      vertex 32.4015 63.955 2.4
    endloop
  endfacet
  facet normal 0 0 1
    outer loop
      vertex 8.61846 63.955 2.4
      vertex 32.4015 63.955 2.4
      vertex 32.576 64.216 2.4
    endloop
  endfacet
  facet normal 0 0 1
    outer loop
      vertex 8.44405 64.216 2.4
      vertex 32.576 64.216 2.4
      vertex 32.7829 64.4521 2.4
    endloop
  endfacet
  facet normal 0 0 1
    outer loop
      vertex 8.23706 64.4521 2.4
      vertex 32.7829 64.4521 2.4
      vertex 33.019 64.659 2.4
    endloop
  endfacet
  facet normal 0 0 1
    outer loop
      vertex 8.00103 64.659 2.4
      vertex 33.019 64.659 2.4
      vertex 33.28 64.8335 2.4
    endloop
  endfacet
  facet normal 0 0 1
    outer loop
      vertex 7.74 64.8335 2.4
      vertex 33.28 64.8335 2.4
      vertex 33.5616 64.9723 2.4
    endloop
  endfacet
  facet normal 0 0 1
    outer loop
      vertex 7.45844 64.9723 2.4
      vertex 33.5616 64.9723 2.4
      vertex 33.8588 65.0732 2.4
    endloop
  endfacet
  facet normal 0 0 1
    outer loop
      vertex 3.5 66.5 2.4
      vertex 33.8588 65.0732 2.4
      vertex 34.1667 65.1345 2.4
    endloop
  endfacet
  facet normal 0 0 1
    outer loop
      vertex 32.1005 63.0683 2.4
      vertex 8.91947 63.0683 2.4
      vertex 8.94 62.755 2.4
    endloop
  endfacet
  facet normal 0 0 1
    outer loop
      vertex 32.1618 63.3762 2.4
      vertex 8.85822 63.3762 2.4
      vertex 8.91947 63.0683 2.4
    endloop
  endfacet
  facet normal 0 0 1
    outer loop
      vertex 32.2627 63.6734 2.4
      vertex 8.75731 63.6734 2.4
      vertex 8.85822 63.3762 2.4
    endloop
  endfacet
  facet normal 0 0 1
    outer loop
      vertex 3.5 66.5 2.4
      vertex 34.1667 65.1345 2.4
      vertex 34.48 65.155 2.4
    endloop
  endfacet
  facet normal -0 0 1
    outer loop
      vertex 3.5 66.5 2.4
      vertex 34.48 65.155 2.4
      vertex 57.7 66.5 2.4
    endloop
  endfacet
  facet normal 0 0 1
    outer loop
      vertex 32.4015 63.955 2.4
      vertex 8.61846 63.955 2.4
      vertex 8.75731 63.6734 2.4
    endloop
  endfacet
  facet normal 0 0 1
    outer loop
      vertex 32.576 64.216 2.4
      vertex 8.44405 64.216 2.4
      vertex 8.61846 63.955 2.4
    endloop
  endfacet
  facet normal 0 0 1
    outer loop
      vertex 32.7829 64.4521 2.4
      vertex 8.23706 64.4521 2.4
      vertex 8.44405 64.216 2.4
    endloop
  endfacet
  facet normal 0 0 1
    outer loop
      vertex 33.019 64.659 2.4
      vertex 8.00103 64.659 2.4
      vertex 8.23706 64.4521 2.4
    endloop
  endfacet
  facet normal 0 0 1
    outer loop
      vertex 33.28 64.8335 2.4
      vertex 7.74 64.8335 2.4
      vertex 8.00103 64.659 2.4
    endloop
  endfacet
  facet normal 0 0 1
    outer loop
      vertex 33.5616 64.9723 2.4
      vertex 7.45844 64.9723 2.4
      vertex 7.74 64.8335 2.4
    endloop
  endfacet
  facet normal 0 0 1
    outer loop
      vertex 33.8588 65.0732 2.4
      vertex 3.5 66.5 2.4
      vertex 7.45844 64.9723 2.4
    endloop
  endfacet
  facet normal 0 0 1
    outer loop
      vertex 7.45844 64.9723 2.4
      vertex 3.5 66.5 2.4
      vertex 7.16117 65.0732 2.4
    endloop
  endfacet
  facet normal 0 0 1
    outer loop
      vertex 7.16117 65.0732 2.4
      vertex 3.5 66.5 2.4
      vertex 6.85326 65.1345 2.4
    endloop
  endfacet
  facet normal 0 0 1
    outer loop
      vertex 3.5 42.5 2.4
      vertex 4.16053 46.5583 2.4
      vertex 3.5 66.5 2.4
    endloop
  endfacet
  facet normal 0 0 1
    outer loop
      vertex 4.16053 63.0683 2.4
      vertex 3.5 66.5 2.4
      vertex 4.14 62.755 2.4
    endloop
  endfacet
  facet normal 0 0 1
    outer loop
      vertex 4.22178 63.3762 2.4
      vertex 3.5 66.5 2.4
      vertex 4.16053 63.0683 2.4
    endloop
  endfacet
  facet normal 0 0 1
    outer loop
      vertex 4.32269 63.6734 2.4
      vertex 3.5 66.5 2.4
      vertex 4.22178 63.3762 2.4
    endloop
  endfacet
  facet normal 0 0 1
    outer loop
      vertex 4.46154 63.955 2.4
      vertex 3.5 66.5 2.4
      vertex 4.32269 63.6734 2.4
    endloop
  endfacet
  facet normal 0 0 1
    outer loop
      vertex 4.63595 64.216 2.4
      vertex 3.5 66.5 2.4
      vertex 4.46154 63.955 2.4
    endloop
  endfacet
  facet normal 0 0 1
    outer loop
      vertex 4.84294 64.4521 2.4
      vertex 3.5 66.5 2.4
      vertex 4.63595 64.216 2.4
    endloop
  endfacet
  facet normal 0 0 1
    outer loop
      vertex 5.07897 64.659 2.4
      vertex 3.5 66.5 2.4
      vertex 4.84294 64.4521 2.4
    endloop
  endfacet
  facet normal 0 0 1
    outer loop
      vertex 5.34 64.8335 2.4
      vertex 3.5 66.5 2.4
      vertex 5.07897 64.659 2.4
    endloop
  endfacet
  facet normal 0 0 1
    outer loop
      vertex 5.62156 64.9723 2.4
      vertex 3.5 66.5 2.4
      vertex 5.34 64.8335 2.4
    endloop
  endfacet
  facet normal 0 0 1
    outer loop
      vertex 5.91883 65.0732 2.4
      vertex 3.5 66.5 2.4
      vertex 5.62156 64.9723 2.4
    endloop
  endfacet
  facet normal 0 0 1
    outer loop
      vertex 6.22674 65.1345 2.4
      vertex 3.5 66.5 2.4
      vertex 5.91883 65.0732 2.4
    endloop
  endfacet
  facet normal 0 0 1
    outer loop
      vertex 6.54 65.155 2.4
      vertex 3.5 66.5 2.4
      vertex 6.22674 65.1345 2.4
    endloop
  endfacet
  facet normal 0 0 1
    outer loop
      vertex 6.85326 65.1345 2.4
      vertex 3.5 66.5 2.4
      vertex 6.54 65.155 2.4
    endloop
  endfacet
  facet normal 0 0 1
    outer loop
      vertex 59.5981 40.5 2.4
      vertex 57.7 41.3 2.4
      vertex 59.3801 40.1737 2.4
    endloop
  endfacet
  facet normal 0 0 1
    outer loop
      vertex 59.1213 39.8787 2.4
      vertex 57.7 41.3 2.4
      vertex 58.8263 39.6199 2.4
    endloop
  endfacet
  facet normal 0 0 1
    outer loop
      vertex 59.3801 40.1737 2.4
      vertex 57.7 41.3 2.4
      vertex 59.1213 39.8787 2.4
    endloop
  endfacet
  facet normal 0 0 1
    outer loop
      vertex 58.8263 39.6199 2.4
      vertex 57.7 41.3 2.4
      vertex 58.5 39.4019 2.4
    endloop
  endfacet
  facet normal 0 0 1
    outer loop
      vertex 58.5 39.4019 2.4
      vertex 57.7 41.3 2.4
      vertex 58.1481 39.2284 2.4
    endloop
  endfacet
  facet normal 0 0 1
    outer loop
      vertex 59.7716 40.8519 2.4
      vertex 57.7 41.3 2.4
      vertex 59.5981 40.5 2.4
    endloop
  endfacet
  facet normal 0 0 1
    outer loop
      vertex 59.9743 41.6084 2.4
      vertex 57.7 41.3 2.4
      vertex 59.8978 41.2235 2.4
    endloop
  endfacet
  facet normal 0 0 1
    outer loop
      vertex 57.7 41.3 2.4
      vertex 60 42 2.4
      vertex 57.7 42.5 2.4
    endloop
  endfacet
  facet normal -0 0 1
    outer loop
      vertex 57.1571 46.4529 2.4
      vertex 57.7 42.5 2.4
      vertex 57.364 46.689 2.4
    endloop
  endfacet
  facet normal -0 0 1
    outer loop
      vertex 56.921 46.246 2.4
      vertex 57.7 42.5 2.4
      vertex 57.1571 46.4529 2.4
    endloop
  endfacet
  facet normal -0 0 1
    outer loop
      vertex 56.66 46.0715 2.4
      vertex 57.7 42.5 2.4
      vertex 56.921 46.246 2.4
    endloop
  endfacet
  facet normal -0 0 1
    outer loop
      vertex 56.3784 45.9327 2.4
      vertex 57.7 42.5 2.4
      vertex 56.66 46.0715 2.4
    endloop
  endfacet
  facet normal -0 0 1
    outer loop
      vertex 56.0812 45.8318 2.4
      vertex 57.7 42.5 2.4
      vertex 56.3784 45.9327 2.4
    endloop
  endfacet
  facet normal -0 0 1
    outer loop
      vertex 55.7733 45.7705 2.4
      vertex 57.7 42.5 2.4
      vertex 56.0812 45.8318 2.4
    endloop
  endfacet
  facet normal -0 0 1
    outer loop
      vertex 55.46 45.75 2.4
      vertex 57.7 42.5 2.4
      vertex 55.7733 45.7705 2.4
    endloop
  endfacet
  facet normal 0 0 1
    outer loop
      vertex 55.1467 45.7705 2.4
      vertex 57.7 42.5 2.4
      vertex 55.46 45.75 2.4
    endloop
  endfacet
  facet normal 0 0 1
    outer loop
      vertex 54.8388 45.8318 2.4
      vertex 57.7 42.5 2.4
      vertex 55.1467 45.7705 2.4
    endloop
  endfacet
  facet normal 0 0 1
    outer loop
      vertex 54.5416 45.9327 2.4
      vertex 57.7 42.5 2.4
      vertex 54.8388 45.8318 2.4
    endloop
  endfacet
  facet normal 0 0 1
    outer loop
      vertex 54.26 46.0715 2.4
      vertex 57.7 42.5 2.4
      vertex 54.5416 45.9327 2.4
    endloop
  endfacet
  facet normal 0 0 1
    outer loop
      vertex 43.629 46.7642 2.4
      vertex 54.26 46.0715 2.4
      vertex 53.999 46.246 2.4
    endloop
  endfacet
  facet normal 0 0 1
    outer loop
      vertex 43.9681 46.96 2.4
      vertex 53.999 46.246 2.4
      vertex 53.7629 46.4529 2.4
    endloop
  endfacet
  facet normal 0 0 1
    outer loop
      vertex 53.0805 48.4633 2.4
      vertex 44.555 48.15 2.4
      vertex 53.06 48.15 2.4
    endloop
  endfacet
  facet normal 0 0 1
    outer loop
      vertex 44.5422 47.9542 2.4
      vertex 53.06 48.15 2.4
      vertex 44.555 48.15 2.4
    endloop
  endfacet
  facet normal 0 0 1
    outer loop
      vertex 53.06 48.15 2.4
      vertex 44.5422 47.9542 2.4
      vertex 53.0805 47.8367 2.4
    endloop
  endfacet
  facet normal 0 0 1
    outer loop
      vertex 44.5039 47.7618 2.4
      vertex 53.0805 47.8367 2.4
      vertex 44.5422 47.9542 2.4
    endloop
  endfacet
  facet normal 0 0 1
    outer loop
      vertex 53.0805 47.8367 2.4
      vertex 44.5039 47.7618 2.4
      vertex 53.1418 47.5288 2.4
    endloop
  endfacet
  facet normal -0 0 1
    outer loop
      vertex 44.4408 47.576 2.4
      vertex 53.1418 47.5288 2.4
      vertex 44.5039 47.7618 2.4
    endloop
  endfacet
  facet normal 0 0 1
    outer loop
      vertex 53.1418 47.5288 2.4
      vertex 44.4408 47.576 2.4
      vertex 53.2427 47.2316 2.4
    endloop
  endfacet
  facet normal -0 0 1
    outer loop
      vertex 44.354 47.4 2.4
      vertex 53.2427 47.2316 2.4
      vertex 44.4408 47.576 2.4
    endloop
  endfacet
  facet normal 0 0 1
    outer loop
      vertex 53.2427 47.2316 2.4
      vertex 44.354 47.4 2.4
      vertex 53.3815 46.95 2.4
    endloop
  endfacet
  facet normal -0 0 1
    outer loop
      vertex 44.245 47.2369 2.4
      vertex 53.3815 46.95 2.4
      vertex 44.354 47.4 2.4
    endloop
  endfacet
  facet normal 0 0 1
    outer loop
      vertex 53.3815 46.95 2.4
      vertex 44.245 47.2369 2.4
      vertex 53.556 46.689 2.4
    endloop
  endfacet
  facet normal -0 0 1
    outer loop
      vertex 44.1157 47.0893 2.4
      vertex 53.556 46.689 2.4
      vertex 44.245 47.2369 2.4
    endloop
  endfacet
  facet normal 0 0 1
    outer loop
      vertex 53.556 46.689 2.4
      vertex 44.1157 47.0893 2.4
      vertex 53.7629 46.4529 2.4
    endloop
  endfacet
  facet normal -0 0 1
    outer loop
      vertex 43.9681 46.96 2.4
      vertex 53.7629 46.4529 2.4
      vertex 44.1157 47.0893 2.4
    endloop
  endfacet
  facet normal 0 0 1
    outer loop
      vertex 53.999 46.246 2.4
      vertex 43.9681 46.96 2.4
      vertex 43.805 46.851 2.4
    endloop
  endfacet
  facet normal -0 0 1
    outer loop
      vertex 43.629 46.7642 2.4
      vertex 53.999 46.246 2.4
      vertex 43.805 46.851 2.4
    endloop
  endfacet
  facet normal 0 0 1
    outer loop
      vertex 54.26 46.0715 2.4
      vertex 43.629 46.7642 2.4
      vertex 57.7 42.5 2.4
    endloop
  endfacet
  facet normal -0 0 1
    outer loop
      vertex 43.4432 46.7011 2.4
      vertex 57.7 42.5 2.4
      vertex 43.629 46.7642 2.4
    endloop
  endfacet
  facet normal -0 0 1
    outer loop
      vertex 43.2508 46.6628 2.4
      vertex 57.7 42.5 2.4
      vertex 43.4432 46.7011 2.4
    endloop
  endfacet
  facet normal 0 0 1
    outer loop
      vertex 35.68 44.1665 2.4
      vertex 43.2508 46.6628 2.4
      vertex 43.055 46.65 2.4
    endloop
  endfacet
  facet normal 0 0 1
    outer loop
      vertex 35.941 44.341 2.4
      vertex 43.055 46.65 2.4
      vertex 42.8592 46.6628 2.4
    endloop
  endfacet
  facet normal 0 0 1
    outer loop
      vertex 36.1771 44.5479 2.4
      vertex 42.8592 46.6628 2.4
      vertex 42.6668 46.7011 2.4
    endloop
  endfacet
  facet normal 0 0 1
    outer loop
      vertex 41.5678 48.3458 2.4
      vertex 36.88 46.245 2.4
      vertex 41.555 48.15 2.4
    endloop
  endfacet
  facet normal 0 0 1
    outer loop
      vertex 41.555 48.15 2.4
      vertex 36.88 46.245 2.4
      vertex 41.5678 47.9542 2.4
    endloop
  endfacet
  facet normal 0 0 1
    outer loop
      vertex 41.5678 47.9542 2.4
      vertex 36.88 46.245 2.4
      vertex 41.6061 47.7618 2.4
    endloop
  endfacet
  facet normal 0 0 1
    outer loop
      vertex 36.88 46.245 2.4
      vertex 41.6692 47.576 2.4
      vertex 41.6061 47.7618 2.4
    endloop
  endfacet
  facet normal 0 0 1
    outer loop
      vertex 36.88 46.245 2.4
      vertex 41.756 47.4 2.4
      vertex 41.6692 47.576 2.4
    endloop
  endfacet
  facet normal 0 0 1
    outer loop
      vertex 36.8595 45.9317 2.4
      vertex 41.756 47.4 2.4
      vertex 36.88 46.245 2.4
    endloop
  endfacet
  facet normal 0 0 1
    outer loop
      vertex 41.756 47.4 2.4
      vertex 36.8595 45.9317 2.4
      vertex 41.865 47.2369 2.4
    endloop
  endfacet
  facet normal 0 0 1
    outer loop
      vertex 41.865 47.2369 2.4
      vertex 36.8595 45.9317 2.4
      vertex 41.9943 47.0893 2.4
    endloop
  endfacet
  facet normal 0 0 1
    outer loop
      vertex 36.7982 45.6238 2.4
      vertex 41.9943 47.0893 2.4
      vertex 36.8595 45.9317 2.4
    endloop
  endfacet
  facet normal 0 0 1
    outer loop
      vertex 41.9943 47.0893 2.4
      vertex 36.7982 45.6238 2.4
      vertex 42.1419 46.96 2.4
    endloop
  endfacet
  facet normal 0 0 1
    outer loop
      vertex 36.6973 45.3266 2.4
      vertex 42.1419 46.96 2.4
      vertex 36.7982 45.6238 2.4
    endloop
  endfacet
  facet normal 0 0 1
    outer loop
      vertex 42.1419 46.96 2.4
      vertex 36.6973 45.3266 2.4
      vertex 42.305 46.851 2.4
    endloop
  endfacet
  facet normal 0 0 1
    outer loop
      vertex 36.5585 45.045 2.4
      vertex 42.305 46.851 2.4
      vertex 36.6973 45.3266 2.4
    endloop
  endfacet
  facet normal 0 0 1
    outer loop
      vertex 42.305 46.851 2.4
      vertex 36.5585 45.045 2.4
      vertex 42.481 46.7642 2.4
    endloop
  endfacet
  facet normal 0 0 1
    outer loop
      vertex 36.384 44.784 2.4
      vertex 42.481 46.7642 2.4
      vertex 36.5585 45.045 2.4
    endloop
  endfacet
  facet normal 0 0 1
    outer loop
      vertex 42.481 46.7642 2.4
      vertex 36.384 44.784 2.4
      vertex 42.6668 46.7011 2.4
    endloop
  endfacet
  facet normal 0 0 1
    outer loop
      vertex 36.1771 44.5479 2.4
      vertex 42.6668 46.7011 2.4
      vertex 36.384 44.784 2.4
    endloop
  endfacet
  facet normal 0 0 1
    outer loop
      vertex 42.8592 46.6628 2.4
      vertex 36.1771 44.5479 2.4
      vertex 35.941 44.341 2.4
    endloop
  endfacet
  facet normal 0 0 1
    outer loop
      vertex 43.055 46.65 2.4
      vertex 35.941 44.341 2.4
      vertex 35.68 44.1665 2.4
    endloop
  endfacet
  facet normal 0 0 1
    outer loop
      vertex 43.2508 46.6628 2.4
      vertex 35.68 44.1665 2.4
      vertex 57.7 42.5 2.4
    endloop
  endfacet
  facet normal -0 0 1
    outer loop
      vertex 35.3984 44.0277 2.4
      vertex 57.7 42.5 2.4
      vertex 35.68 44.1665 2.4
    endloop
  endfacet
  facet normal -0 0 1
    outer loop
      vertex 35.1012 43.9268 2.4
      vertex 57.7 42.5 2.4
      vertex 35.3984 44.0277 2.4
    endloop
  endfacet
  facet normal -0 0 1
    outer loop
      vertex 34.7933 43.8655 2.4
      vertex 57.7 42.5 2.4
      vertex 35.1012 43.9268 2.4
    endloop
  endfacet
  facet normal -0 0 1
    outer loop
      vertex 34.48 43.845 2.4
      vertex 57.7 42.5 2.4
      vertex 34.7933 43.8655 2.4
    endloop
  endfacet
  facet normal -0 0 1
    outer loop
      vertex 8.94 46.245 2.4
      vertex 32.1005 45.9317 2.4
      vertex 32.08 46.245 2.4
    endloop
  endfacet
  facet normal 0 0 1
    outer loop
      vertex 8.91947 45.9317 2.4
      vertex 32.1005 45.9317 2.4
      vertex 8.94 46.245 2.4
    endloop
  endfacet
  facet normal 0 0 1
    outer loop
      vertex 32.1005 45.9317 2.4
      vertex 8.91947 45.9317 2.4
      vertex 32.1618 45.6238 2.4
    endloop
  endfacet
  facet normal 0 0 1
    outer loop
      vertex 8.85822 45.6238 2.4
      vertex 32.1618 45.6238 2.4
      vertex 8.91947 45.9317 2.4
    endloop
  endfacet
  facet normal 0 0 1
    outer loop
      vertex 32.1618 45.6238 2.4
      vertex 8.85822 45.6238 2.4
      vertex 32.2627 45.3266 2.4
    endloop
  endfacet
  facet normal 0 0 1
    outer loop
      vertex 8.75731 45.3266 2.4
      vertex 32.2627 45.3266 2.4
      vertex 8.85822 45.6238 2.4
    endloop
  endfacet
  facet normal 0 0 1
    outer loop
      vertex 32.2627 45.3266 2.4
      vertex 8.75731 45.3266 2.4
      vertex 32.4015 45.045 2.4
    endloop
  endfacet
  facet normal 0 0 1
    outer loop
      vertex 8.61846 45.045 2.4
      vertex 32.4015 45.045 2.4
      vertex 8.75731 45.3266 2.4
    endloop
  endfacet
  facet normal 0 0 1
    outer loop
      vertex 32.4015 45.045 2.4
      vertex 8.61846 45.045 2.4
      vertex 32.576 44.784 2.4
    endloop
  endfacet
  facet normal 0 0 1
    outer loop
      vertex 8.44405 44.784 2.4
      vertex 32.576 44.784 2.4
      vertex 8.61846 45.045 2.4
    endloop
  endfacet
  facet normal 0 0 1
    outer loop
      vertex 32.576 44.784 2.4
      vertex 8.44405 44.784 2.4
      vertex 32.7829 44.5479 2.4
    endloop
  endfacet
  facet normal 0 0 1
    outer loop
      vertex 8.23706 44.5479 2.4
      vertex 32.7829 44.5479 2.4
      vertex 8.44405 44.784 2.4
    endloop
  endfacet
  facet normal 0 0 1
    outer loop
      vertex 32.7829 44.5479 2.4
      vertex 8.23706 44.5479 2.4
      vertex 33.019 44.341 2.4
    endloop
  endfacet
  facet normal 0 0 1
    outer loop
      vertex 8.00103 44.341 2.4
      vertex 33.019 44.341 2.4
      vertex 8.23706 44.5479 2.4
    endloop
  endfacet
  facet normal 0 0 1
    outer loop
      vertex 33.019 44.341 2.4
      vertex 8.00103 44.341 2.4
      vertex 33.28 44.1665 2.4
    endloop
  endfacet
  facet normal 0 0 1
    outer loop
      vertex 7.74 44.1665 2.4
      vertex 33.28 44.1665 2.4
      vertex 8.00103 44.341 2.4
    endloop
  endfacet
  facet normal 0 0 1
    outer loop
      vertex 33.28 44.1665 2.4
      vertex 7.74 44.1665 2.4
      vertex 33.5616 44.0277 2.4
    endloop
  endfacet
  facet normal 0 0 1
    outer loop
      vertex 7.45844 44.0277 2.4
      vertex 33.5616 44.0277 2.4
      vertex 7.74 44.1665 2.4
    endloop
  endfacet
  facet normal 0 0 1
    outer loop
      vertex 33.5616 44.0277 2.4
      vertex 7.45844 44.0277 2.4
      vertex 33.8588 43.9268 2.4
    endloop
  endfacet
  facet normal 0 0 1
    outer loop
      vertex 3.5 42.5 2.4
      vertex 33.8588 43.9268 2.4
      vertex 7.45844 44.0277 2.4
    endloop
  endfacet
  facet normal 0 0 1
    outer loop
      vertex 33.8588 43.9268 2.4
      vertex 3.5 42.5 2.4
      vertex 34.1667 43.8655 2.4
    endloop
  endfacet
  facet normal 0 0 1
    outer loop
      vertex 34.1667 43.8655 2.4
      vertex 3.5 42.5 2.4
      vertex 34.48 43.845 2.4
    endloop
  endfacet
  facet normal 0 0 1
    outer loop
      vertex 3.5 42.5 2.4
      vertex 7.45844 44.0277 2.4
      vertex 7.16117 43.9268 2.4
    endloop
  endfacet
  facet normal 0 0 1
    outer loop
      vertex 3.5 42.5 2.4
      vertex 7.16117 43.9268 2.4
      vertex 6.85326 43.8655 2.4
    endloop
  endfacet
  facet normal 0 0 1
    outer loop
      vertex 3.5 42.5 2.4
      vertex 6.85326 43.8655 2.4
      vertex 6.54 43.845 2.4
    endloop
  endfacet
  facet normal 0 0 1
    outer loop
      vertex 34.48 43.845 2.4
      vertex 3.5 42.5 2.4
      vertex 57.7 42.5 2.4
    endloop
  endfacet
  facet normal 0 0 1
    outer loop
      vertex 6.22674 43.8655 2.4
      vertex 3.5 42.5 2.4
      vertex 6.54 43.845 2.4
    endloop
  endfacet
  facet normal 0 0 1
    outer loop
      vertex 5.91883 43.9268 2.4
      vertex 3.5 42.5 2.4
      vertex 6.22674 43.8655 2.4
    endloop
  endfacet
  facet normal 0 0 1
    outer loop
      vertex 5.62156 44.0277 2.4
      vertex 3.5 42.5 2.4
      vertex 5.91883 43.9268 2.4
    endloop
  endfacet
  facet normal 0 0 1
    outer loop
      vertex 5.34 44.1665 2.4
      vertex 3.5 42.5 2.4
      vertex 5.62156 44.0277 2.4
    endloop
  endfacet
  facet normal 0 0 1
    outer loop
      vertex 5.07897 44.341 2.4
      vertex 3.5 42.5 2.4
      vertex 5.34 44.1665 2.4
    endloop
  endfacet
  facet normal 0 0 1
    outer loop
      vertex 4.84294 44.5479 2.4
      vertex 3.5 42.5 2.4
      vertex 5.07897 44.341 2.4
    endloop
  endfacet
  facet normal 0 0 1
    outer loop
      vertex 4.63595 44.784 2.4
      vertex 3.5 42.5 2.4
      vertex 4.84294 44.5479 2.4
    endloop
  endfacet
  facet normal 0 0 1
    outer loop
      vertex 4.46154 45.045 2.4
      vertex 3.5 42.5 2.4
      vertex 4.63595 44.784 2.4
    endloop
  endfacet
  facet normal 0 0 1
    outer loop
      vertex 4.32269 45.3266 2.4
      vertex 3.5 42.5 2.4
      vertex 4.46154 45.045 2.4
    endloop
  endfacet
  facet normal 0 0 1
    outer loop
      vertex 4.22178 45.6238 2.4
      vertex 3.5 42.5 2.4
      vertex 4.32269 45.3266 2.4
    endloop
  endfacet
  facet normal 0 0 1
    outer loop
      vertex 4.16053 45.9317 2.4
      vertex 3.5 42.5 2.4
      vertex 4.22178 45.6238 2.4
    endloop
  endfacet
  facet normal 0 0 1
    outer loop
      vertex 4.14 46.245 2.4
      vertex 3.5 42.5 2.4
      vertex 4.16053 45.9317 2.4
    endloop
  endfacet
  facet normal 0 0 1
    outer loop
      vertex 4.16053 46.5583 2.4
      vertex 3.5 42.5 2.4
      vertex 4.14 46.245 2.4
    endloop
  endfacet
  facet normal 0 0 1
    outer loop
      vertex 58.1481 39.2284 2.4
      vertex 57.7 41.3 2.4
      vertex 57.7765 39.1022 2.4
    endloop
  endfacet
  facet normal 0 0 1
    outer loop
      vertex 57.7 41.3 2.4
      vertex 57.3916 39.0257 2.4
      vertex 57.7765 39.1022 2.4
    endloop
  endfacet
  facet normal 0 0 1
    outer loop
      vertex 57.7 41.3 2.4
      vertex 57 39 2.4
      vertex 57.3916 39.0257 2.4
    endloop
  endfacet
  facet normal 0 0 1
    outer loop
      vertex 57.7 41.3 2.4
      vertex 3 39 2.4
      vertex 57 39 2.4
    endloop
  endfacet
  facet normal -0 0 1
    outer loop
      vertex 2.3 41.3 2.4
      vertex 3 39 2.4
      vertex 57.7 41.3 2.4
    endloop
  endfacet
  facet normal 0 0 1
    outer loop
      vertex 3 39 2.4
      vertex 2.3 41.3 2.4
      vertex 2.60843 39.0257 2.4
    endloop
  endfacet
  facet normal 0 0 1
    outer loop
      vertex 2.3 41.3 2.4
      vertex 2.22354 39.1022 2.4
      vertex 2.60843 39.0257 2.4
    endloop
  endfacet
  facet normal 0 0 1
    outer loop
      vertex 2.3 67.7 2.4
      vertex 0 67 2.4
      vertex 2.3 41.3 2.4
    endloop
  endfacet
  facet normal -0 0 1
    outer loop
      vertex 1.5 69.5981 2.4
      vertex 2.3 67.7 2.4
      vertex 1.85194 69.7716 2.4
    endloop
  endfacet
  facet normal -0 0 1
    outer loop
      vertex 0 42 2.4
      vertex 2.3 41.3 2.4
      vertex 0 67 2.4
    endloop
  endfacet
  facet normal -0 0 1
    outer loop
      vertex 1.17372 69.3801 2.4
      vertex 2.3 67.7 2.4
      vertex 1.5 69.5981 2.4
    endloop
  endfacet
  facet normal -0 -0 1
    outer loop
      vertex 0.0256653 41.6084 2.4
      vertex 2.3 41.3 2.4
      vertex 0 42 2.4
    endloop
  endfacet
  facet normal -0 0 1
    outer loop
      vertex 0.878677 69.1213 2.4
      vertex 2.3 67.7 2.4
      vertex 1.17372 69.3801 2.4
    endloop
  endfacet
  facet normal 0 0 1
    outer loop
      vertex 2.3 41.3 2.4
      vertex 1.85194 39.2284 2.4
      vertex 2.22354 39.1022 2.4
    endloop
  endfacet
  facet normal -0 0 1
    outer loop
      vertex 0.619934 68.8263 2.4
      vertex 2.3 67.7 2.4
      vertex 0.878677 69.1213 2.4
    endloop
  endfacet
  facet normal 0 0 1
    outer loop
      vertex 2.3 41.3 2.4
      vertex 1.5 39.4019 2.4
      vertex 1.85194 39.2284 2.4
    endloop
  endfacet
  facet normal -0 0 1
    outer loop
      vertex 0.401917 68.5 2.4
      vertex 2.3 67.7 2.4
      vertex 0.619934 68.8263 2.4
    endloop
  endfacet
  facet normal 0 0 1
    outer loop
      vertex 2.3 41.3 2.4
      vertex 1.17372 39.6199 2.4
      vertex 1.5 39.4019 2.4
    endloop
  endfacet
  facet normal -0 0 1
    outer loop
      vertex 0.228363 68.1481 2.4
      vertex 2.3 67.7 2.4
      vertex 0.401917 68.5 2.4
    endloop
  endfacet
  facet normal 0 0 1
    outer loop
      vertex 2.3 41.3 2.4
      vertex 0.878677 39.8787 2.4
      vertex 1.17372 39.6199 2.4
    endloop
  endfacet
  facet normal -0 0 1
    outer loop
      vertex 0.102219 67.7765 2.4
      vertex 2.3 67.7 2.4
      vertex 0.228363 68.1481 2.4
    endloop
  endfacet
  facet normal 0 0 1
    outer loop
      vertex 2.3 41.3 2.4
      vertex 0.619934 40.1737 2.4
      vertex 0.878677 39.8787 2.4
    endloop
  endfacet
  facet normal 0 0 1
    outer loop
      vertex 0.0256653 67.3916 2.4
      vertex 2.3 67.7 2.4
      vertex 0.102219 67.7765 2.4
    endloop
  endfacet
  facet normal 0 0 1
    outer loop
      vertex 2.3 41.3 2.4
      vertex 0.401917 40.5 2.4
      vertex 0.619934 40.1737 2.4
    endloop
  endfacet
  facet normal 0 0 1
    outer loop
      vertex 2.3 67.7 2.4
      vertex 0.0256653 67.3916 2.4
      vertex 0 67 2.4
    endloop
  endfacet
  facet normal 0 0 1
    outer loop
      vertex 2.3 41.3 2.4
      vertex 0.228363 40.8519 2.4
      vertex 0.401917 40.5 2.4
    endloop
  endfacet
  facet normal 0 0 1
    outer loop
      vertex 2.3 41.3 2.4
      vertex 0.102219 41.2235 2.4
      vertex 0.228363 40.8519 2.4
    endloop
  endfacet
  facet normal 0 0 1
    outer loop
      vertex 2.3 41.3 2.4
      vertex 0.0256653 41.6084 2.4
      vertex 0.102219 41.2235 2.4
    endloop
  endfacet
  facet normal 0 0 1
    outer loop
      vertex 33.8588 48.5632 2.4
      vertex 33.51 50.25 2.4
      vertex 33.5616 48.4623 2.4
    endloop
  endfacet
  facet normal 0 0 1
    outer loop
      vertex 33.51 50.25 2.4
      vertex 33.28 48.3235 2.4
      vertex 33.5616 48.4623 2.4
    endloop
  endfacet
  facet normal 0 0 1
    outer loop
      vertex 33.51 50.25 2.4
      vertex 33.019 48.149 2.4
      vertex 33.28 48.3235 2.4
    endloop
  endfacet
  facet normal 0 0 1
    outer loop
      vertex 33.51 50.25 2.4
      vertex 32.7829 47.9421 2.4
      vertex 33.019 48.149 2.4
    endloop
  endfacet
  facet normal 0 0 1
    outer loop
      vertex 33.51 50.25 2.4
      vertex 32.576 47.706 2.4
      vertex 32.7829 47.9421 2.4
    endloop
  endfacet
  facet normal 0 0 1
    outer loop
      vertex 33.51 50.25 2.4
      vertex 32.4015 47.445 2.4
      vertex 32.576 47.706 2.4
    endloop
  endfacet
  facet normal 0 0 1
    outer loop
      vertex 8.61846 47.445 2.4
      vertex 32.4015 47.445 2.4
      vertex 33.51 50.25 2.4
    endloop
  endfacet
  facet normal 0 0 1
    outer loop
      vertex 32.1005 46.5583 2.4
      vertex 8.94 46.245 2.4
      vertex 32.08 46.245 2.4
    endloop
  endfacet
  facet normal 0 0 1
    outer loop
      vertex 8.91947 46.5583 2.4
      vertex 32.1005 46.5583 2.4
      vertex 32.1618 46.8662 2.4
    endloop
  endfacet
  facet normal 0 0 1
    outer loop
      vertex 8.85822 46.8662 2.4
      vertex 32.1618 46.8662 2.4
      vertex 32.2627 47.1634 2.4
    endloop
  endfacet
  facet normal 0 0 1
    outer loop
      vertex 32.4015 47.445 2.4
      vertex 8.61846 47.445 2.4
      vertex 32.2627 47.1634 2.4
    endloop
  endfacet
  facet normal 0 0 1
    outer loop
      vertex 32.1005 46.5583 2.4
      vertex 8.91947 46.5583 2.4
      vertex 8.94 46.245 2.4
    endloop
  endfacet
  facet normal 0 0 1
    outer loop
      vertex 32.1618 46.8662 2.4
      vertex 8.85822 46.8662 2.4
      vertex 8.91947 46.5583 2.4
    endloop
  endfacet
  facet normal 0 0 1
    outer loop
      vertex 32.2627 47.1634 2.4
      vertex 8.75731 47.1634 2.4
      vertex 8.85822 46.8662 2.4
    endloop
  endfacet
  facet normal 0 0 1
    outer loop
      vertex 32.2627 47.1634 2.4
      vertex 8.61846 47.445 2.4
      vertex 8.75731 47.1634 2.4
    endloop
  endfacet
  facet normal -0 0 1
    outer loop
      vertex 7.51 50.25 2.4
      vertex 8.61846 47.445 2.4
      vertex 33.51 50.25 2.4
    endloop
  endfacet
  facet normal 0 0 1
    outer loop
      vertex 8.61846 47.445 2.4
      vertex 7.51 50.25 2.4
      vertex 8.44405 47.706 2.4
    endloop
  endfacet
  facet normal 0 0 1
    outer loop
      vertex 8.44405 47.706 2.4
      vertex 7.51 50.25 2.4
      vertex 8.23706 47.9421 2.4
    endloop
  endfacet
  facet normal 0 0 1
    outer loop
      vertex 8.23706 47.9421 2.4
      vertex 7.51 50.25 2.4
      vertex 8.00103 48.149 2.4
    endloop
  endfacet
  facet normal 0 0 1
    outer loop
      vertex 8.00103 48.149 2.4
      vertex 7.51 50.25 2.4
      vertex 7.74 48.3235 2.4
    endloop
  endfacet
  facet normal 0 0 1
    outer loop
      vertex 7.51 50.25 2.4
      vertex 7.45844 48.4623 2.4
      vertex 7.74 48.3235 2.4
    endloop
  endfacet
  facet normal -0 0 1
    outer loop
      vertex 6.85326 60.3755 2.4
      vertex 7.51 58.75 2.4
      vertex 7.16117 60.4368 2.4
    endloop
  endfacet
  facet normal -0 0 1
    outer loop
      vertex 6.54 60.355 2.4
      vertex 7.51 58.75 2.4
      vertex 6.85326 60.3755 2.4
    endloop
  endfacet
  facet normal 0 0 1
    outer loop
      vertex 7.51 50.25 2.4
      vertex 7.16117 48.5632 2.4
      vertex 7.45844 48.4623 2.4
    endloop
  endfacet
  facet normal 0 0 1
    outer loop
      vertex 6.22674 60.3755 2.4
      vertex 7.51 58.75 2.4
      vertex 6.54 60.355 2.4
    endloop
  endfacet
  facet normal 0 0 1
    outer loop
      vertex 7.51 50.25 2.4
      vertex 6.85326 48.6245 2.4
      vertex 7.16117 48.5632 2.4
    endloop
  endfacet
  facet normal 0 0 1
    outer loop
      vertex 5.91883 60.4368 2.4
      vertex 7.51 58.75 2.4
      vertex 6.22674 60.3755 2.4
    endloop
  endfacet
  facet normal 0 0 1
    outer loop
      vertex 7.51 50.25 2.4
      vertex 6.54 48.645 2.4
      vertex 6.85326 48.6245 2.4
    endloop
  endfacet
  facet normal 0 0 1
    outer loop
      vertex 5.62156 60.5377 2.4
      vertex 7.51 58.75 2.4
      vertex 5.91883 60.4368 2.4
    endloop
  endfacet
  facet normal 0 0 1
    outer loop
      vertex 7.51 50.25 2.4
      vertex 6.22674 48.6245 2.4
      vertex 6.54 48.645 2.4
    endloop
  endfacet
  facet normal 0 0 1
    outer loop
      vertex 5.34 60.6765 2.4
      vertex 7.51 58.75 2.4
      vertex 5.62156 60.5377 2.4
    endloop
  endfacet
  facet normal 0 0 1
    outer loop
      vertex 7.51 50.25 2.4
      vertex 5.91883 48.5632 2.4
      vertex 6.22674 48.6245 2.4
    endloop
  endfacet
  facet normal 0 0 1
    outer loop
      vertex 7.51 58.75 2.4
      vertex 5.34 60.6765 2.4
      vertex 7.51 50.25 2.4
    endloop
  endfacet
  facet normal 0 0 1
    outer loop
      vertex 7.51 50.25 2.4
      vertex 5.62156 48.4623 2.4
      vertex 5.91883 48.5632 2.4
    endloop
  endfacet
  facet normal 0 0 1
    outer loop
      vertex 5.34 48.3235 2.4
      vertex 7.51 50.25 2.4
      vertex 5.34 60.6765 2.4
    endloop
  endfacet
  facet normal 0 0 1
    outer loop
      vertex 7.51 50.25 2.4
      vertex 5.34 48.3235 2.4
      vertex 5.62156 48.4623 2.4
    endloop
  endfacet
  facet normal 0 0 1
    outer loop
      vertex 5.07897 60.851 2.4
      vertex 5.34 48.3235 2.4
      vertex 5.34 60.6765 2.4
    endloop
  endfacet
  facet normal 0 0 1
    outer loop
      vertex 5.07897 60.851 2.4
      vertex 5.07897 48.149 2.4
      vertex 5.34 48.3235 2.4
    endloop
  endfacet
  facet normal 0 0 1
    outer loop
      vertex 4.84294 61.0579 2.4
      vertex 5.07897 48.149 2.4
      vertex 5.07897 60.851 2.4
    endloop
  endfacet
  facet normal 0 0 1
    outer loop
      vertex 4.84294 61.0579 2.4
      vertex 4.84294 47.9421 2.4
      vertex 5.07897 48.149 2.4
    endloop
  endfacet
  facet normal 0 0 1
    outer loop
      vertex 4.63595 61.294 2.4
      vertex 4.84294 47.9421 2.4
      vertex 4.84294 61.0579 2.4
    endloop
  endfacet
  facet normal 0 0 1
    outer loop
      vertex 4.63595 61.294 2.4
      vertex 4.63595 47.706 2.4
      vertex 4.84294 47.9421 2.4
    endloop
  endfacet
  facet normal 0 0 1
    outer loop
      vertex 4.46154 61.555 2.4
      vertex 4.63595 47.706 2.4
      vertex 4.63595 61.294 2.4
    endloop
  endfacet
  facet normal 0 0 1
    outer loop
      vertex 4.46154 61.555 2.4
      vertex 4.46154 47.445 2.4
      vertex 4.63595 47.706 2.4
    endloop
  endfacet
  facet normal 0 0 1
    outer loop
      vertex 4.32269 61.8366 2.4
      vertex 4.46154 47.445 2.4
      vertex 4.46154 61.555 2.4
    endloop
  endfacet
  facet normal 0 0 1
    outer loop
      vertex 4.32269 61.8366 2.4
      vertex 4.32269 47.1634 2.4
      vertex 4.46154 47.445 2.4
    endloop
  endfacet
  facet normal 0 0 1
    outer loop
      vertex 4.22178 62.1338 2.4
      vertex 4.32269 47.1634 2.4
      vertex 4.32269 61.8366 2.4
    endloop
  endfacet
  facet normal 0 0 1
    outer loop
      vertex 4.22178 62.1338 2.4
      vertex 4.22178 46.8662 2.4
      vertex 4.32269 47.1634 2.4
    endloop
  endfacet
  facet normal 0 0 1
    outer loop
      vertex 4.16053 62.4417 2.4
      vertex 4.22178 46.8662 2.4
      vertex 4.22178 62.1338 2.4
    endloop
  endfacet
  facet normal 0 0 1
    outer loop
      vertex 4.16053 62.4417 2.4
      vertex 4.16053 46.5583 2.4
      vertex 4.22178 46.8662 2.4
    endloop
  endfacet
  facet normal 0 0 1
    outer loop
      vertex 3.5 66.5 2.4
      vertex 4.16053 62.4417 2.4
      vertex 4.14 62.755 2.4
    endloop
  endfacet
  facet normal 0 0 1
    outer loop
      vertex 4.16053 62.4417 2.4
      vertex 3.5 66.5 2.4
      vertex 4.16053 46.5583 2.4
    endloop
  endfacet
  facet normal -1 0 0
    outer loop
      vertex 2.3 41.3 2.4
      vertex 2.3 67.7 8.4
      vertex 2.3 67.7 2.4
    endloop
  endfacet
  facet normal -1 -0 0
    outer loop
      vertex 2.3 67.7 8.4
      vertex 2.3 41.3 2.4
      vertex 2.3 41.3 8.4
    endloop
  endfacet
  facet normal 0 1 -0
    outer loop
      vertex 33 42.5 3.15
      vertex 17 42.5 4.45
      vertex 33 42.5 4.45
    endloop
  endfacet
  facet normal 0 1 0
    outer loop
      vertex 17 42.5 4.45
      vertex 33 42.5 3.15
      vertex 17 42.5 3.15
    endloop
  endfacet
  facet normal 0 1 0
    outer loop
      vertex 33 42.5 4.45
      vertex 57.7 42.5 8.4
      vertex 39 42.5 4.45
    endloop
  endfacet
  facet normal 0 1 -0
    outer loop
      vertex 57.7 42.5 2.4
      vertex 39 42.5 4.45
      vertex 57.7 42.5 8.4
    endloop
  endfacet
  facet normal 0 1 0
    outer loop
      vertex 57.7 42.5 2.4
      vertex 33 42.5 3.15
      vertex 39 42.5 3.15
    endloop
  endfacet
  facet normal 0 1 0
    outer loop
      vertex 33 42.5 3.15
      vertex 3.5 42.5 2.4
      vertex 17 42.5 3.15
    endloop
  endfacet
  facet normal 0 1 0
    outer loop
      vertex 33 42.5 3.15
      vertex 57.7 42.5 2.4
      vertex 3.5 42.5 2.4
    endloop
  endfacet
  facet normal 0 1 0
    outer loop
      vertex 39 42.5 4.45
      vertex 57.7 42.5 2.4
      vertex 39 42.5 3.15
    endloop
  endfacet
  facet normal 0 1 0
    outer loop
      vertex 57.7 42.5 8.4
      vertex 33 42.5 4.45
      vertex 3.5 42.5 8.4
    endloop
  endfacet
  facet normal 0 1 -0
    outer loop
      vertex 17 42.5 4.45
      vertex 3.5 42.5 8.4
      vertex 33 42.5 4.45
    endloop
  endfacet
  facet normal 0 1 -0
    outer loop
      vertex 11 42.5 4.45
      vertex 3.5 42.5 8.4
      vertex 17 42.5 4.45
    endloop
  endfacet
  facet normal 0 1 0
    outer loop
      vertex 3.5 42.5 2.4
      vertex 11 42.5 4.45
      vertex 11 42.5 3.15
    endloop
  endfacet
  facet normal 0 1 0
    outer loop
      vertex 11 42.5 4.45
      vertex 3.5 42.5 2.4
      vertex 3.5 42.5 8.4
    endloop
  endfacet
  facet normal 0 1 0
    outer loop
      vertex 17 42.5 3.15
      vertex 3.5 42.5 2.4
      vertex 11 42.5 3.15
    endloop
  endfacet
  facet normal 0 -1 0
    outer loop
      vertex 17 41.3 3.15
      vertex 33 41.3 4.45
      vertex 17 41.3 4.45
    endloop
  endfacet
  facet normal 0 -1 -0
    outer loop
      vertex 33 41.3 4.45
      vertex 17 41.3 3.15
      vertex 33 41.3 3.15
    endloop
  endfacet
  facet normal 0 -1 0
    outer loop
      vertex 17 41.3 4.45
      vertex 2.3 41.3 8.4
      vertex 11 41.3 4.45
    endloop
  endfacet
  facet normal 0 -1 0
    outer loop
      vertex 2.3 41.3 2.4
      vertex 11 41.3 4.45
      vertex 2.3 41.3 8.4
    endloop
  endfacet
  facet normal 0 -1 0
    outer loop
      vertex 2.3 41.3 2.4
      vertex 17 41.3 3.15
      vertex 11 41.3 3.15
    endloop
  endfacet
  facet normal 0 -1 -0
    outer loop
      vertex 17 41.3 3.15
      vertex 2.3 41.3 2.4
      vertex 33 41.3 3.15
    endloop
  endfacet
  facet normal 0 -1 0
    outer loop
      vertex 57.7 41.3 2.4
      vertex 33 41.3 3.15
      vertex 2.3 41.3 2.4
    endloop
  endfacet
  facet normal 0 -1 -0
    outer loop
      vertex 11 41.3 4.45
      vertex 2.3 41.3 2.4
      vertex 11 41.3 3.15
    endloop
  endfacet
  facet normal 0 -1 0
    outer loop
      vertex 33 41.3 4.45
      vertex 2.3 41.3 8.4
      vertex 17 41.3 4.45
    endloop
  endfacet
  facet normal 0 -1 0
    outer loop
      vertex 2.3 41.3 8.4
      vertex 33 41.3 4.45
      vertex 57.7 41.3 8.4
    endloop
  endfacet
  facet normal 0 -1 0
    outer loop
      vertex 39 41.3 4.45
      vertex 57.7 41.3 8.4
      vertex 33 41.3 4.45
    endloop
  endfacet
  facet normal 0 -1 0
    outer loop
      vertex 57.7 41.3 2.4
      vertex 39 41.3 4.45
      vertex 39 41.3 3.15
    endloop
  endfacet
  facet normal 0 -1 0
    outer loop
      vertex 39 41.3 4.45
      vertex 57.7 41.3 2.4
      vertex 57.7 41.3 8.4
    endloop
  endfacet
  facet normal 0 -1 0
    outer loop
      vertex 33 41.3 3.15
      vertex 57.7 41.3 2.4
      vertex 39 41.3 3.15
    endloop
  endfacet
  facet normal 1 -0 0
    outer loop
      vertex 57.7 66.5 8.4
      vertex 57.7 67.7 2.4
      vertex 57.7 67.7 8.4
    endloop
  endfacet
  facet normal 1 0 0
    outer loop
      vertex 57.7 67.7 2.4
      vertex 57.7 66.5 8.4
      vertex 57.7 66.5 2.4
    endloop
  endfacet
  facet normal 0 1 -0
    outer loop
      vertex 33 67.7 3.15
      vertex 17 67.7 4.45
      vertex 33 67.7 4.45
    endloop
  endfacet
  facet normal 0 1 0
    outer loop
      vertex 17 67.7 4.45
      vertex 33 67.7 3.15
      vertex 17 67.7 3.15
    endloop
  endfacet
  facet normal 0 1 0
    outer loop
      vertex 33 67.7 4.45
      vertex 57.7 67.7 8.4
      vertex 39 67.7 4.45
    endloop
  endfacet
  facet normal 0 1 -0
    outer loop
      vertex 57.7 67.7 2.4
      vertex 39 67.7 4.45
      vertex 57.7 67.7 8.4
    endloop
  endfacet
  facet normal 0 1 0
    outer loop
      vertex 57.7 67.7 2.4
      vertex 33 67.7 3.15
      vertex 39 67.7 3.15
    endloop
  endfacet
  facet normal 0 1 0
    outer loop
      vertex 33 67.7 3.15
      vertex 2.3 67.7 2.4
      vertex 17 67.7 3.15
    endloop
  endfacet
  facet normal 0 1 0
    outer loop
      vertex 33 67.7 3.15
      vertex 57.7 67.7 2.4
      vertex 2.3 67.7 2.4
    endloop
  endfacet
  facet normal 0 1 0
    outer loop
      vertex 39 67.7 4.45
      vertex 57.7 67.7 2.4
      vertex 39 67.7 3.15
    endloop
  endfacet
  facet normal 0 1 0
    outer loop
      vertex 57.7 67.7 8.4
      vertex 33 67.7 4.45
      vertex 2.3 67.7 8.4
    endloop
  endfacet
  facet normal 0 1 -0
    outer loop
      vertex 17 67.7 4.45
      vertex 2.3 67.7 8.4
      vertex 33 67.7 4.45
    endloop
  endfacet
  facet normal 0 1 -0
    outer loop
      vertex 11 67.7 4.45
      vertex 2.3 67.7 8.4
      vertex 17 67.7 4.45
    endloop
  endfacet
  facet normal 0 1 0
    outer loop
      vertex 2.3 67.7 2.4
      vertex 11 67.7 4.45
      vertex 11 67.7 3.15
    endloop
  endfacet
  facet normal 0 1 0
    outer loop
      vertex 11 67.7 4.45
      vertex 2.3 67.7 2.4
      vertex 2.3 67.7 8.4
    endloop
  endfacet
  facet normal 0 1 0
    outer loop
      vertex 17 67.7 3.15
      vertex 2.3 67.7 2.4
      vertex 11 67.7 3.15
    endloop
  endfacet
  facet normal 0 -1 0
    outer loop
      vertex 17 66.5 3.15
      vertex 33 66.5 4.45
      vertex 17 66.5 4.45
    endloop
  endfacet
  facet normal 0 -1 -0
    outer loop
      vertex 33 66.5 4.45
      vertex 17 66.5 3.15
      vertex 33 66.5 3.15
    endloop
  endfacet
  facet normal 0 -1 0
    outer loop
      vertex 17 66.5 4.45
      vertex 3.5 66.5 8.4
      vertex 11 66.5 4.45
    endloop
  endfacet
  facet normal 0 -1 0
    outer loop
      vertex 3.5 66.5 2.4
      vertex 11 66.5 4.45
      vertex 3.5 66.5 8.4
    endloop
  endfacet
  facet normal 0 -1 0
    outer loop
      vertex 3.5 66.5 2.4
      vertex 17 66.5 3.15
      vertex 11 66.5 3.15
    endloop
  endfacet
  facet normal 0 -1 -0
    outer loop
      vertex 17 66.5 3.15
      vertex 3.5 66.5 2.4
      vertex 33 66.5 3.15
    endloop
  endfacet
  facet normal 0 -1 0
    outer loop
      vertex 57.7 66.5 2.4
      vertex 33 66.5 3.15
      vertex 3.5 66.5 2.4
    endloop
  endfacet
  facet normal 0 -1 -0
    outer loop
      vertex 11 66.5 4.45
      vertex 3.5 66.5 2.4
      vertex 11 66.5 3.15
    endloop
  endfacet
  facet normal 0 -1 0
    outer loop
      vertex 33 66.5 4.45
      vertex 3.5 66.5 8.4
      vertex 17 66.5 4.45
    endloop
  endfacet
  facet normal 0 -1 0
    outer loop
      vertex 3.5 66.5 8.4
      vertex 33 66.5 4.45
      vertex 57.7 66.5 8.4
    endloop
  endfacet
  facet normal 0 -1 0
    outer loop
      vertex 39 66.5 4.45
      vertex 57.7 66.5 8.4
      vertex 33 66.5 4.45
    endloop
  endfacet
  facet normal 0 -1 0
    outer loop
      vertex 57.7 66.5 2.4
      vertex 39 66.5 4.45
      vertex 39 66.5 3.15
    endloop
  endfacet
  facet normal 0 -1 0
    outer loop
      vertex 39 66.5 4.45
      vertex 57.7 66.5 2.4
      vertex 57.7 66.5 8.4
    endloop
  endfacet
  facet normal 0 -1 0
    outer loop
      vertex 33 66.5 3.15
      vertex 57.7 66.5 2.4
      vertex 39 66.5 3.15
    endloop
  endfacet
  facet normal 1 -0 0
    outer loop
      vertex 3.5 42.5 8.4
      vertex 3.5 66.5 2.4
      vertex 3.5 66.5 8.4
    endloop
  endfacet
  facet normal 1 0 0
    outer loop
      vertex 3.5 66.5 2.4
      vertex 3.5 42.5 8.4
      vertex 3.5 42.5 2.4
    endloop
  endfacet
  facet normal 0.980782 0.195105 0
    outer loop
      vertex 8.91947 46.5583 3.9
      vertex 8.85822 46.8662 2.4
      vertex 8.85822 46.8662 3.9
    endloop
  endfacet
  facet normal 0.980782 0.195105 0
    outer loop
      vertex 8.85822 46.8662 2.4
      vertex 8.91947 46.5583 3.9
      vertex 8.91947 46.5583 2.4
    endloop
  endfacet
  facet normal 0.99786 0.065388 0
    outer loop
      vertex 8.94 46.245 3.9
      vertex 8.91947 46.5583 2.4
      vertex 8.91947 46.5583 3.9
    endloop
  endfacet
  facet normal 0.99786 0.065388 0
    outer loop
      vertex 8.91947 46.5583 2.4
      vertex 8.94 46.245 3.9
      vertex 8.94 46.245 2.4
    endloop
  endfacet
  facet normal 0.946907 0.321509 0
    outer loop
      vertex 8.85822 46.8662 3.9
      vertex 8.75731 47.1634 2.4
      vertex 8.75731 47.1634 3.9
    endloop
  endfacet
  facet normal 0.946907 0.321509 0
    outer loop
      vertex 8.75731 47.1634 2.4
      vertex 8.85822 46.8662 3.9
      vertex 8.85822 46.8662 2.4
    endloop
  endfacet
  facet normal 0.321412 0.946939 -0
    outer loop
      vertex 7.45844 48.4623 2.4
      vertex 7.16117 48.5632 3.9
      vertex 7.45844 48.4623 3.9
    endloop
  endfacet
  facet normal 0.321412 0.946939 0
    outer loop
      vertex 7.16117 48.5632 3.9
      vertex 7.45844 48.4623 2.4
      vertex 7.16117 48.5632 2.4
    endloop
  endfacet
  facet normal -0.99786 -0.065388 0
    outer loop
      vertex 4.16053 45.9317 2.4
      vertex 4.14 46.245 3.9
      vertex 4.14 46.245 2.4
    endloop
  endfacet
  facet normal -0.99786 -0.065388 0
    outer loop
      vertex 4.14 46.245 3.9
      vertex 4.16053 45.9317 2.4
      vertex 4.16053 45.9317 3.9
    endloop
  endfacet
  facet normal 0.195252 0.980753 -0
    outer loop
      vertex 7.16117 48.5632 2.4
      vertex 6.85326 48.6245 3.9
      vertex 7.16117 48.5632 3.9
    endloop
  endfacet
  facet normal 0.195252 0.980753 0
    outer loop
      vertex 6.85326 48.6245 3.9
      vertex 7.16117 48.5632 2.4
      vertex 6.85326 48.6245 2.4
    endloop
  endfacet
  facet normal 0.831447 0.555604 0
    outer loop
      vertex 8.61846 47.445 3.9
      vertex 8.44405 47.706 2.4
      vertex 8.44405 47.706 3.9
    endloop
  endfacet
  facet normal 0.831447 0.555604 0
    outer loop
      vertex 8.44405 47.706 2.4
      vertex 8.61846 47.445 3.9
      vertex 8.61846 47.445 2.4
    endloop
  endfacet
  facet normal 0.659179 -0.751986 0
    outer loop
      vertex 8.00103 44.341 2.4
      vertex 8.23706 44.5479 3.9
      vertex 8.00103 44.341 3.9
    endloop
  endfacet
  facet normal 0.659179 -0.751986 0
    outer loop
      vertex 8.23706 44.5479 3.9
      vertex 8.00103 44.341 2.4
      vertex 8.23706 44.5479 2.4
    endloop
  endfacet
  facet normal -0.980782 0.195105 0
    outer loop
      vertex 4.16053 46.5583 2.4
      vertex 4.22178 46.8662 3.9
      vertex 4.22178 46.8662 2.4
    endloop
  endfacet
  facet normal -0.980782 0.195105 0
    outer loop
      vertex 4.22178 46.8662 3.9
      vertex 4.16053 46.5583 2.4
      vertex 4.16053 46.5583 3.9
    endloop
  endfacet
  facet normal -0.659179 -0.751986 0
    outer loop
      vertex 4.84294 44.5479 2.4
      vertex 5.07897 44.341 3.9
      vertex 4.84294 44.5479 3.9
    endloop
  endfacet
  facet normal -0.659179 -0.751986 -0
    outer loop
      vertex 5.07897 44.341 3.9
      vertex 4.84294 44.5479 2.4
      vertex 5.07897 44.341 2.4
    endloop
  endfacet
  facet normal -0.659179 0.751986 0
    outer loop
      vertex 5.07897 48.149 2.4
      vertex 4.84294 47.9421 3.9
      vertex 5.07897 48.149 3.9
    endloop
  endfacet
  facet normal -0.659179 0.751986 0
    outer loop
      vertex 4.84294 47.9421 3.9
      vertex 5.07897 48.149 2.4
      vertex 4.84294 47.9421 2.4
    endloop
  endfacet
  facet normal 0.751941 0.65923 0
    outer loop
      vertex 8.44405 47.706 3.9
      vertex 8.23706 47.9421 2.4
      vertex 8.23706 47.9421 3.9
    endloop
  endfacet
  facet normal 0.751941 0.65923 0
    outer loop
      vertex 8.23706 47.9421 2.4
      vertex 8.44405 47.706 3.9
      vertex 8.44405 47.706 2.4
    endloop
  endfacet
  facet normal -0.831447 -0.555604 0
    outer loop
      vertex 4.63595 44.784 2.4
      vertex 4.46154 45.045 3.9
      vertex 4.46154 45.045 2.4
    endloop
  endfacet
  facet normal -0.831447 -0.555604 0
    outer loop
      vertex 4.46154 45.045 3.9
      vertex 4.63595 44.784 2.4
      vertex 4.63595 44.784 3.9
    endloop
  endfacet
  facet normal 0.44216 -0.896936 0
    outer loop
      vertex 7.45844 44.0277 2.4
      vertex 7.74 44.1665 3.9
      vertex 7.45844 44.0277 3.9
    endloop
  endfacet
  facet normal 0.44216 -0.896936 0
    outer loop
      vertex 7.74 44.1665 3.9
      vertex 7.45844 44.0277 2.4
      vertex 7.74 44.1665 2.4
    endloop
  endfacet
  facet normal -0.555758 0.831344 0
    outer loop
      vertex 5.34 48.3235 2.4
      vertex 5.07897 48.149 3.9
      vertex 5.34 48.3235 3.9
    endloop
  endfacet
  facet normal -0.555758 0.831344 0
    outer loop
      vertex 5.07897 48.149 3.9
      vertex 5.34 48.3235 2.4
      vertex 5.07897 48.149 2.4
    endloop
  endfacet
  facet normal 0.555758 -0.831344 0
    outer loop
      vertex 7.74 44.1665 2.4
      vertex 8.00103 44.341 3.9
      vertex 7.74 44.1665 3.9
    endloop
  endfacet
  facet normal 0.555758 -0.831344 0
    outer loop
      vertex 8.00103 44.341 3.9
      vertex 7.74 44.1665 2.4
      vertex 8.00103 44.341 2.4
    endloop
  endfacet
  facet normal -0.751941 -0.65923 0
    outer loop
      vertex 4.84294 44.5479 2.4
      vertex 4.63595 44.784 3.9
      vertex 4.63595 44.784 2.4
    endloop
  endfacet
  facet normal -0.751941 -0.65923 0
    outer loop
      vertex 4.63595 44.784 3.9
      vertex 4.84294 44.5479 2.4
      vertex 4.84294 44.5479 3.9
    endloop
  endfacet
  facet normal -0.195252 0.980753 0
    outer loop
      vertex 6.22674 48.6245 2.4
      vertex 5.91883 48.5632 3.9
      vertex 6.22674 48.6245 3.9
    endloop
  endfacet
  facet normal -0.195252 0.980753 0
    outer loop
      vertex 5.91883 48.5632 3.9
      vertex 6.22674 48.6245 2.4
      vertex 5.91883 48.5632 2.4
    endloop
  endfacet
  facet normal -0.946907 -0.321509 0
    outer loop
      vertex 4.32269 45.3266 2.4
      vertex 4.22178 45.6238 3.9
      vertex 4.22178 45.6238 2.4
    endloop
  endfacet
  facet normal -0.946907 -0.321509 0
    outer loop
      vertex 4.22178 45.6238 3.9
      vertex 4.32269 45.3266 2.4
      vertex 4.32269 45.3266 3.9
    endloop
  endfacet
  facet normal 0.896898 0.442238 0
    outer loop
      vertex 8.75731 47.1634 3.9
      vertex 8.61846 47.445 2.4
      vertex 8.61846 47.445 3.9
    endloop
  endfacet
  facet normal 0.896898 0.442238 0
    outer loop
      vertex 8.61846 47.445 2.4
      vertex 8.75731 47.1634 3.9
      vertex 8.75731 47.1634 2.4
    endloop
  endfacet
  facet normal -0.44216 0.896936 0
    outer loop
      vertex 5.62156 48.4623 2.4
      vertex 5.34 48.3235 3.9
      vertex 5.62156 48.4623 3.9
    endloop
  endfacet
  facet normal -0.44216 0.896936 0
    outer loop
      vertex 5.34 48.3235 3.9
      vertex 5.62156 48.4623 2.4
      vertex 5.34 48.3235 2.4
    endloop
  endfacet
  facet normal 0.99786 -0.065388 0
    outer loop
      vertex 8.91947 45.9317 3.9
      vertex 8.94 46.245 2.4
      vertex 8.94 46.245 3.9
    endloop
  endfacet
  facet normal 0.99786 -0.065388 0
    outer loop
      vertex 8.94 46.245 2.4
      vertex 8.91947 45.9317 3.9
      vertex 8.91947 45.9317 2.4
    endloop
  endfacet
  facet normal 0.195252 -0.980753 0
    outer loop
      vertex 6.85326 43.8655 2.4
      vertex 7.16117 43.9268 3.9
      vertex 6.85326 43.8655 3.9
    endloop
  endfacet
  facet normal 0.195252 -0.980753 0
    outer loop
      vertex 7.16117 43.9268 3.9
      vertex 6.85326 43.8655 2.4
      vertex 7.16117 43.9268 2.4
    endloop
  endfacet
  facet normal 0.980782 -0.195105 0
    outer loop
      vertex 8.85822 45.6238 3.9
      vertex 8.91947 45.9317 2.4
      vertex 8.91947 45.9317 3.9
    endloop
  endfacet
  facet normal 0.980782 -0.195105 0
    outer loop
      vertex 8.91947 45.9317 2.4
      vertex 8.85822 45.6238 3.9
      vertex 8.85822 45.6238 2.4
    endloop
  endfacet
  facet normal -0.0653012 0.997866 0
    outer loop
      vertex 6.54 48.645 2.4
      vertex 6.22674 48.6245 3.9
      vertex 6.54 48.645 3.9
    endloop
  endfacet
  facet normal -0.0653012 0.997866 0
    outer loop
      vertex 6.22674 48.6245 3.9
      vertex 6.54 48.645 2.4
      vertex 6.22674 48.6245 2.4
    endloop
  endfacet
  facet normal -0.321412 -0.946939 0
    outer loop
      vertex 5.62156 44.0277 2.4
      vertex 5.91883 43.9268 3.9
      vertex 5.62156 44.0277 3.9
    endloop
  endfacet
  facet normal -0.321412 -0.946939 -0
    outer loop
      vertex 5.91883 43.9268 3.9
      vertex 5.62156 44.0277 2.4
      vertex 5.91883 43.9268 2.4
    endloop
  endfacet
  facet normal 0.555758 0.831344 -0
    outer loop
      vertex 8.00103 48.149 2.4
      vertex 7.74 48.3235 3.9
      vertex 8.00103 48.149 3.9
    endloop
  endfacet
  facet normal 0.555758 0.831344 0
    outer loop
      vertex 7.74 48.3235 3.9
      vertex 8.00103 48.149 2.4
      vertex 7.74 48.3235 2.4
    endloop
  endfacet
  facet normal -0.831447 0.555604 0
    outer loop
      vertex 4.46154 47.445 2.4
      vertex 4.63595 47.706 3.9
      vertex 4.63595 47.706 2.4
    endloop
  endfacet
  facet normal -0.831447 0.555604 0
    outer loop
      vertex 4.63595 47.706 3.9
      vertex 4.46154 47.445 2.4
      vertex 4.46154 47.445 3.9
    endloop
  endfacet
  facet normal -0.980782 -0.195105 0
    outer loop
      vertex 4.22178 45.6238 2.4
      vertex 4.16053 45.9317 3.9
      vertex 4.16053 45.9317 2.4
    endloop
  endfacet
  facet normal -0.980782 -0.195105 0
    outer loop
      vertex 4.16053 45.9317 3.9
      vertex 4.22178 45.6238 2.4
      vertex 4.22178 45.6238 3.9
    endloop
  endfacet
  facet normal -0.896898 0.442238 0
    outer loop
      vertex 4.32269 47.1634 2.4
      vertex 4.46154 47.445 3.9
      vertex 4.46154 47.445 2.4
    endloop
  endfacet
  facet normal -0.896898 0.442238 0
    outer loop
      vertex 4.46154 47.445 3.9
      vertex 4.32269 47.1634 2.4
      vertex 4.32269 47.1634 3.9
    endloop
  endfacet
  facet normal 0.659179 0.751986 -0
    outer loop
      vertex 8.23706 47.9421 2.4
      vertex 8.00103 48.149 3.9
      vertex 8.23706 47.9421 3.9
    endloop
  endfacet
  facet normal 0.659179 0.751986 0
    outer loop
      vertex 8.00103 48.149 3.9
      vertex 8.23706 47.9421 2.4
      vertex 8.00103 48.149 2.4
    endloop
  endfacet
  facet normal -0.321412 0.946939 0
    outer loop
      vertex 5.91883 48.5632 2.4
      vertex 5.62156 48.4623 3.9
      vertex 5.91883 48.5632 3.9
    endloop
  endfacet
  facet normal -0.321412 0.946939 0
    outer loop
      vertex 5.62156 48.4623 3.9
      vertex 5.91883 48.5632 2.4
      vertex 5.62156 48.4623 2.4
    endloop
  endfacet
  facet normal -0.946907 0.321509 0
    outer loop
      vertex 4.22178 46.8662 2.4
      vertex 4.32269 47.1634 3.9
      vertex 4.32269 47.1634 2.4
    endloop
  endfacet
  facet normal -0.946907 0.321509 0
    outer loop
      vertex 4.32269 47.1634 3.9
      vertex 4.22178 46.8662 2.4
      vertex 4.22178 46.8662 3.9
    endloop
  endfacet
  facet normal 0.0653012 -0.997866 0
    outer loop
      vertex 6.54 43.845 2.4
      vertex 6.85326 43.8655 3.9
      vertex 6.54 43.845 3.9
    endloop
  endfacet
  facet normal 0.0653012 -0.997866 0
    outer loop
      vertex 6.85326 43.8655 3.9
      vertex 6.54 43.845 2.4
      vertex 6.85326 43.8655 2.4
    endloop
  endfacet
  facet normal -0.44216 -0.896936 0
    outer loop
      vertex 5.34 44.1665 2.4
      vertex 5.62156 44.0277 3.9
      vertex 5.34 44.1665 3.9
    endloop
  endfacet
  facet normal -0.44216 -0.896936 -0
    outer loop
      vertex 5.62156 44.0277 3.9
      vertex 5.34 44.1665 2.4
      vertex 5.62156 44.0277 2.4
    endloop
  endfacet
  facet normal -0.751941 0.65923 0
    outer loop
      vertex 4.63595 47.706 2.4
      vertex 4.84294 47.9421 3.9
      vertex 4.84294 47.9421 2.4
    endloop
  endfacet
  facet normal -0.751941 0.65923 0
    outer loop
      vertex 4.84294 47.9421 3.9
      vertex 4.63595 47.706 2.4
      vertex 4.63595 47.706 3.9
    endloop
  endfacet
  facet normal 0.751941 -0.65923 0
    outer loop
      vertex 8.23706 44.5479 3.9
      vertex 8.44405 44.784 2.4
      vertex 8.44405 44.784 3.9
    endloop
  endfacet
  facet normal 0.751941 -0.65923 0
    outer loop
      vertex 8.44405 44.784 2.4
      vertex 8.23706 44.5479 3.9
      vertex 8.23706 44.5479 2.4
    endloop
  endfacet
  facet normal 0.946907 -0.321509 0
    outer loop
      vertex 8.75731 45.3266 3.9
      vertex 8.85822 45.6238 2.4
      vertex 8.85822 45.6238 3.9
    endloop
  endfacet
  facet normal 0.946907 -0.321509 0
    outer loop
      vertex 8.85822 45.6238 2.4
      vertex 8.75731 45.3266 3.9
      vertex 8.75731 45.3266 2.4
    endloop
  endfacet
  facet normal 0.44216 0.896936 -0
    outer loop
      vertex 7.74 48.3235 2.4
      vertex 7.45844 48.4623 3.9
      vertex 7.74 48.3235 3.9
    endloop
  endfacet
  facet normal 0.44216 0.896936 0
    outer loop
      vertex 7.45844 48.4623 3.9
      vertex 7.74 48.3235 2.4
      vertex 7.45844 48.4623 2.4
    endloop
  endfacet
  facet normal 0.896898 -0.442238 0
    outer loop
      vertex 8.61846 45.045 3.9
      vertex 8.75731 45.3266 2.4
      vertex 8.75731 45.3266 3.9
    endloop
  endfacet
  facet normal 0.896898 -0.442238 0
    outer loop
      vertex 8.75731 45.3266 2.4
      vertex 8.61846 45.045 3.9
      vertex 8.61846 45.045 2.4
    endloop
  endfacet
  facet normal 0 0 1
    outer loop
      vertex 7.34 46.245 3.9
      vertex 8.94 46.245 3.9
      vertex 8.91947 46.5583 3.9
    endloop
  endfacet
  facet normal 0 0 1
    outer loop
      vertex 7.33316 46.3494 3.9
      vertex 8.91947 46.5583 3.9
      vertex 8.85822 46.8662 3.9
    endloop
  endfacet
  facet normal 0 0 1
    outer loop
      vertex 8.94 46.245 3.9
      vertex 7.34 46.245 3.9
      vertex 8.91947 45.9317 3.9
    endloop
  endfacet
  facet normal 0 0 1
    outer loop
      vertex 7.31274 46.4521 3.9
      vertex 8.85822 46.8662 3.9
      vertex 8.75731 47.1634 3.9
    endloop
  endfacet
  facet normal -0 0 1
    outer loop
      vertex 7.33316 46.1406 3.9
      vertex 8.91947 45.9317 3.9
      vertex 7.34 46.245 3.9
    endloop
  endfacet
  facet normal 0 0 1
    outer loop
      vertex 7.2791 46.5511 3.9
      vertex 8.75731 47.1634 3.9
      vertex 8.61846 47.445 3.9
    endloop
  endfacet
  facet normal 0 0 1
    outer loop
      vertex 8.91947 45.9317 3.9
      vertex 7.33316 46.1406 3.9
      vertex 8.85822 45.6238 3.9
    endloop
  endfacet
  facet normal 0 0 1
    outer loop
      vertex 7.23282 46.645 3.9
      vertex 8.61846 47.445 3.9
      vertex 8.44405 47.706 3.9
    endloop
  endfacet
  facet normal -0 0 1
    outer loop
      vertex 7.31274 46.0379 3.9
      vertex 8.85822 45.6238 3.9
      vertex 7.33316 46.1406 3.9
    endloop
  endfacet
  facet normal 0 0 1
    outer loop
      vertex 7.17468 46.732 3.9
      vertex 8.44405 47.706 3.9
      vertex 8.23706 47.9421 3.9
    endloop
  endfacet
  facet normal 0 0 1
    outer loop
      vertex 8.85822 45.6238 3.9
      vertex 7.31274 46.0379 3.9
      vertex 8.75731 45.3266 3.9
    endloop
  endfacet
  facet normal 0 0 1
    outer loop
      vertex 7.10569 46.8107 3.9
      vertex 8.23706 47.9421 3.9
      vertex 8.00103 48.149 3.9
    endloop
  endfacet
  facet normal -0 0 1
    outer loop
      vertex 7.2791 45.9389 3.9
      vertex 8.75731 45.3266 3.9
      vertex 7.31274 46.0379 3.9
    endloop
  endfacet
  facet normal 0 0 1
    outer loop
      vertex 7.02701 46.8797 3.9
      vertex 8.00103 48.149 3.9
      vertex 7.74 48.3235 3.9
    endloop
  endfacet
  facet normal 0 0 1
    outer loop
      vertex 8.75731 45.3266 3.9
      vertex 7.2791 45.9389 3.9
      vertex 8.61846 45.045 3.9
    endloop
  endfacet
  facet normal 0 0 1
    outer loop
      vertex 6.94 46.9378 3.9
      vertex 7.74 48.3235 3.9
      vertex 7.45844 48.4623 3.9
    endloop
  endfacet
  facet normal -0 0 1
    outer loop
      vertex 7.23282 45.845 3.9
      vertex 8.61846 45.045 3.9
      vertex 7.2791 45.9389 3.9
    endloop
  endfacet
  facet normal 0 0 1
    outer loop
      vertex 8.61846 45.045 3.9
      vertex 7.23282 45.845 3.9
      vertex 8.44405 44.784 3.9
    endloop
  endfacet
  facet normal 0 0 1
    outer loop
      vertex 8.91947 46.5583 3.9
      vertex 7.33316 46.3494 3.9
      vertex 7.34 46.245 3.9
    endloop
  endfacet
  facet normal 0 0 1
    outer loop
      vertex 8.85822 46.8662 3.9
      vertex 7.31274 46.4521 3.9
      vertex 7.33316 46.3494 3.9
    endloop
  endfacet
  facet normal 0 0 1
    outer loop
      vertex 8.75731 47.1634 3.9
      vertex 7.2791 46.5511 3.9
      vertex 7.31274 46.4521 3.9
    endloop
  endfacet
  facet normal 0 0 1
    outer loop
      vertex 8.61846 47.445 3.9
      vertex 7.23282 46.645 3.9
      vertex 7.2791 46.5511 3.9
    endloop
  endfacet
  facet normal 0 0 1
    outer loop
      vertex 8.44405 47.706 3.9
      vertex 7.17468 46.732 3.9
      vertex 7.23282 46.645 3.9
    endloop
  endfacet
  facet normal 0 0 1
    outer loop
      vertex 6.84615 46.9841 3.9
      vertex 7.45844 48.4623 3.9
      vertex 7.16117 48.5632 3.9
    endloop
  endfacet
  facet normal 0 0 1
    outer loop
      vertex 8.23706 47.9421 3.9
      vertex 7.10569 46.8107 3.9
      vertex 7.17468 46.732 3.9
    endloop
  endfacet
  facet normal 0 0 1
    outer loop
      vertex 8.00103 48.149 3.9
      vertex 7.02701 46.8797 3.9
      vertex 7.10569 46.8107 3.9
    endloop
  endfacet
  facet normal 0 0 1
    outer loop
      vertex 7.74 48.3235 3.9
      vertex 6.94 46.9378 3.9
      vertex 7.02701 46.8797 3.9
    endloop
  endfacet
  facet normal 0 0 1
    outer loop
      vertex 6.74706 47.0177 3.9
      vertex 7.16117 48.5632 3.9
      vertex 6.85326 48.6245 3.9
    endloop
  endfacet
  facet normal 0 0 1
    outer loop
      vertex 7.45844 48.4623 3.9
      vertex 6.84615 46.9841 3.9
      vertex 6.94 46.9378 3.9
    endloop
  endfacet
  facet normal 0 0 1
    outer loop
      vertex 7.16117 48.5632 3.9
      vertex 6.74706 47.0177 3.9
      vertex 6.84615 46.9841 3.9
    endloop
  endfacet
  facet normal 0 0 1
    outer loop
      vertex 6.85326 48.6245 3.9
      vertex 6.64442 47.0382 3.9
      vertex 6.74706 47.0177 3.9
    endloop
  endfacet
  facet normal 0 0 1
    outer loop
      vertex 6.54 48.645 3.9
      vertex 6.64442 47.0382 3.9
      vertex 6.85326 48.6245 3.9
    endloop
  endfacet
  facet normal 0 0 1
    outer loop
      vertex 6.54 48.645 3.9
      vertex 6.54 47.045 3.9
      vertex 6.64442 47.0382 3.9
    endloop
  endfacet
  facet normal 0 0 1
    outer loop
      vertex 6.54 48.645 3.9
      vertex 6.43558 47.0382 3.9
      vertex 6.54 47.045 3.9
    endloop
  endfacet
  facet normal -0 0 1
    outer loop
      vertex 6.22674 48.6245 3.9
      vertex 6.43558 47.0382 3.9
      vertex 6.54 48.645 3.9
    endloop
  endfacet
  facet normal 0 0 1
    outer loop
      vertex 6.43558 47.0382 3.9
      vertex 6.22674 48.6245 3.9
      vertex 6.33294 47.0177 3.9
    endloop
  endfacet
  facet normal -0 0 1
    outer loop
      vertex 5.91883 48.5632 3.9
      vertex 6.33294 47.0177 3.9
      vertex 6.22674 48.6245 3.9
    endloop
  endfacet
  facet normal 0 0 1
    outer loop
      vertex 6.33294 47.0177 3.9
      vertex 5.91883 48.5632 3.9
      vertex 6.23385 46.9841 3.9
    endloop
  endfacet
  facet normal -0 0 1
    outer loop
      vertex 5.62156 48.4623 3.9
      vertex 6.23385 46.9841 3.9
      vertex 5.91883 48.5632 3.9
    endloop
  endfacet
  facet normal 0 0 1
    outer loop
      vertex 6.23385 46.9841 3.9
      vertex 5.62156 48.4623 3.9
      vertex 6.14 46.9378 3.9
    endloop
  endfacet
  facet normal -0 0 1
    outer loop
      vertex 5.34 48.3235 3.9
      vertex 6.14 46.9378 3.9
      vertex 5.62156 48.4623 3.9
    endloop
  endfacet
  facet normal 0 0 1
    outer loop
      vertex 6.14 46.9378 3.9
      vertex 5.34 48.3235 3.9
      vertex 6.05299 46.8797 3.9
    endloop
  endfacet
  facet normal -0 0 1
    outer loop
      vertex 5.07897 48.149 3.9
      vertex 6.05299 46.8797 3.9
      vertex 5.34 48.3235 3.9
    endloop
  endfacet
  facet normal 0 0 1
    outer loop
      vertex 6.05299 46.8797 3.9
      vertex 5.07897 48.149 3.9
      vertex 5.97431 46.8107 3.9
    endloop
  endfacet
  facet normal -0 0 1
    outer loop
      vertex 4.84294 47.9421 3.9
      vertex 5.97431 46.8107 3.9
      vertex 5.07897 48.149 3.9
    endloop
  endfacet
  facet normal 0 0 1
    outer loop
      vertex 5.97431 46.8107 3.9
      vertex 4.84294 47.9421 3.9
      vertex 5.90532 46.732 3.9
    endloop
  endfacet
  facet normal 0 0 1
    outer loop
      vertex 5.90532 46.732 3.9
      vertex 4.63595 47.706 3.9
      vertex 5.84718 46.645 3.9
    endloop
  endfacet
  facet normal -0 0 1
    outer loop
      vertex 4.63595 47.706 3.9
      vertex 5.90532 46.732 3.9
      vertex 4.84294 47.9421 3.9
    endloop
  endfacet
  facet normal -0 0 1
    outer loop
      vertex 7.17468 45.758 3.9
      vertex 8.44405 44.784 3.9
      vertex 7.23282 45.845 3.9
    endloop
  endfacet
  facet normal 0 0 1
    outer loop
      vertex 8.44405 44.784 3.9
      vertex 7.17468 45.758 3.9
      vertex 8.23706 44.5479 3.9
    endloop
  endfacet
  facet normal -0 0 1
    outer loop
      vertex 7.10569 45.6793 3.9
      vertex 8.23706 44.5479 3.9
      vertex 7.17468 45.758 3.9
    endloop
  endfacet
  facet normal 0 0 1
    outer loop
      vertex 8.23706 44.5479 3.9
      vertex 7.10569 45.6793 3.9
      vertex 8.00103 44.341 3.9
    endloop
  endfacet
  facet normal -0 0 1
    outer loop
      vertex 7.02701 45.6103 3.9
      vertex 8.00103 44.341 3.9
      vertex 7.10569 45.6793 3.9
    endloop
  endfacet
  facet normal 0 0 1
    outer loop
      vertex 8.00103 44.341 3.9
      vertex 7.02701 45.6103 3.9
      vertex 7.74 44.1665 3.9
    endloop
  endfacet
  facet normal -0 0 1
    outer loop
      vertex 6.94 45.5522 3.9
      vertex 7.74 44.1665 3.9
      vertex 7.02701 45.6103 3.9
    endloop
  endfacet
  facet normal 0 0 1
    outer loop
      vertex 7.74 44.1665 3.9
      vertex 6.94 45.5522 3.9
      vertex 7.45844 44.0277 3.9
    endloop
  endfacet
  facet normal -0 0 1
    outer loop
      vertex 6.84615 45.5059 3.9
      vertex 7.45844 44.0277 3.9
      vertex 6.94 45.5522 3.9
    endloop
  endfacet
  facet normal 0 0 1
    outer loop
      vertex 7.45844 44.0277 3.9
      vertex 6.84615 45.5059 3.9
      vertex 7.16117 43.9268 3.9
    endloop
  endfacet
  facet normal -0 0 1
    outer loop
      vertex 6.74706 45.4723 3.9
      vertex 7.16117 43.9268 3.9
      vertex 6.84615 45.5059 3.9
    endloop
  endfacet
  facet normal 0 0 1
    outer loop
      vertex 7.16117 43.9268 3.9
      vertex 6.74706 45.4723 3.9
      vertex 6.85326 43.8655 3.9
    endloop
  endfacet
  facet normal -0 0 1
    outer loop
      vertex 6.64442 45.4518 3.9
      vertex 6.85326 43.8655 3.9
      vertex 6.74706 45.4723 3.9
    endloop
  endfacet
  facet normal -0 0 1
    outer loop
      vertex 6.54 45.445 3.9
      vertex 6.85326 43.8655 3.9
      vertex 6.64442 45.4518 3.9
    endloop
  endfacet
  facet normal 0 0 1
    outer loop
      vertex 6.54 45.445 3.9
      vertex 6.54 43.845 3.9
      vertex 6.85326 43.8655 3.9
    endloop
  endfacet
  facet normal 0 0 1
    outer loop
      vertex 6.43558 45.4518 3.9
      vertex 6.54 43.845 3.9
      vertex 6.54 45.445 3.9
    endloop
  endfacet
  facet normal 0 0 1
    outer loop
      vertex 6.22674 43.8655 3.9
      vertex 6.43558 45.4518 3.9
      vertex 6.33294 45.4723 3.9
    endloop
  endfacet
  facet normal 0 0 1
    outer loop
      vertex 5.91883 43.9268 3.9
      vertex 6.33294 45.4723 3.9
      vertex 6.23385 45.5059 3.9
    endloop
  endfacet
  facet normal 0 0 1
    outer loop
      vertex 6.43558 45.4518 3.9
      vertex 6.22674 43.8655 3.9
      vertex 6.54 43.845 3.9
    endloop
  endfacet
  facet normal 0 0 1
    outer loop
      vertex 5.62156 44.0277 3.9
      vertex 6.23385 45.5059 3.9
      vertex 6.14 45.5522 3.9
    endloop
  endfacet
  facet normal 0 0 1
    outer loop
      vertex 5.34 44.1665 3.9
      vertex 6.14 45.5522 3.9
      vertex 6.05299 45.6103 3.9
    endloop
  endfacet
  facet normal 0 0 1
    outer loop
      vertex 5.07897 44.341 3.9
      vertex 6.05299 45.6103 3.9
      vertex 5.97431 45.6793 3.9
    endloop
  endfacet
  facet normal 0 0 1
    outer loop
      vertex 6.33294 45.4723 3.9
      vertex 5.91883 43.9268 3.9
      vertex 6.22674 43.8655 3.9
    endloop
  endfacet
  facet normal 0 0 1
    outer loop
      vertex 4.84294 44.5479 3.9
      vertex 5.97431 45.6793 3.9
      vertex 5.90532 45.758 3.9
    endloop
  endfacet
  facet normal 0 0 1
    outer loop
      vertex 4.63595 44.784 3.9
      vertex 5.90532 45.758 3.9
      vertex 5.84718 45.845 3.9
    endloop
  endfacet
  facet normal 0 0 1
    outer loop
      vertex 4.46154 45.045 3.9
      vertex 5.84718 45.845 3.9
      vertex 5.8009 45.9389 3.9
    endloop
  endfacet
  facet normal 0 0 1
    outer loop
      vertex 4.32269 45.3266 3.9
      vertex 5.8009 45.9389 3.9
      vertex 5.76726 46.0379 3.9
    endloop
  endfacet
  facet normal 0 0 1
    outer loop
      vertex 4.22178 45.6238 3.9
      vertex 5.76726 46.0379 3.9
      vertex 5.74684 46.1406 3.9
    endloop
  endfacet
  facet normal 0 0 1
    outer loop
      vertex 6.23385 45.5059 3.9
      vertex 5.62156 44.0277 3.9
      vertex 5.91883 43.9268 3.9
    endloop
  endfacet
  facet normal 0 0 1
    outer loop
      vertex 4.16053 45.9317 3.9
      vertex 5.74684 46.1406 3.9
      vertex 5.74 46.245 3.9
    endloop
  endfacet
  facet normal -0 0 1
    outer loop
      vertex 4.46154 47.445 3.9
      vertex 5.84718 46.645 3.9
      vertex 4.63595 47.706 3.9
    endloop
  endfacet
  facet normal 0 0 1
    outer loop
      vertex 5.84718 46.645 3.9
      vertex 4.46154 47.445 3.9
      vertex 5.8009 46.5511 3.9
    endloop
  endfacet
  facet normal 0 0 1
    outer loop
      vertex 6.14 45.5522 3.9
      vertex 5.34 44.1665 3.9
      vertex 5.62156 44.0277 3.9
    endloop
  endfacet
  facet normal -0 0 1
    outer loop
      vertex 4.32269 47.1634 3.9
      vertex 5.8009 46.5511 3.9
      vertex 4.46154 47.445 3.9
    endloop
  endfacet
  facet normal 0 0 1
    outer loop
      vertex 6.05299 45.6103 3.9
      vertex 5.07897 44.341 3.9
      vertex 5.34 44.1665 3.9
    endloop
  endfacet
  facet normal 0 0 1
    outer loop
      vertex 5.8009 46.5511 3.9
      vertex 4.32269 47.1634 3.9
      vertex 5.76726 46.4521 3.9
    endloop
  endfacet
  facet normal 0 0 1
    outer loop
      vertex 5.97431 45.6793 3.9
      vertex 4.84294 44.5479 3.9
      vertex 5.07897 44.341 3.9
    endloop
  endfacet
  facet normal -0 0 1
    outer loop
      vertex 4.22178 46.8662 3.9
      vertex 5.76726 46.4521 3.9
      vertex 4.32269 47.1634 3.9
    endloop
  endfacet
  facet normal 0 0 1
    outer loop
      vertex 5.90532 45.758 3.9
      vertex 4.63595 44.784 3.9
      vertex 4.84294 44.5479 3.9
    endloop
  endfacet
  facet normal 0 0 1
    outer loop
      vertex 5.76726 46.4521 3.9
      vertex 4.22178 46.8662 3.9
      vertex 5.74684 46.3494 3.9
    endloop
  endfacet
  facet normal 0 0 1
    outer loop
      vertex 5.84718 45.845 3.9
      vertex 4.46154 45.045 3.9
      vertex 4.63595 44.784 3.9
    endloop
  endfacet
  facet normal -0 0 1
    outer loop
      vertex 4.16053 46.5583 3.9
      vertex 5.74684 46.3494 3.9
      vertex 4.22178 46.8662 3.9
    endloop
  endfacet
  facet normal 0 0 1
    outer loop
      vertex 5.8009 45.9389 3.9
      vertex 4.32269 45.3266 3.9
      vertex 4.46154 45.045 3.9
    endloop
  endfacet
  facet normal 0 0 1
    outer loop
      vertex 5.74684 46.3494 3.9
      vertex 4.16053 46.5583 3.9
      vertex 5.74 46.245 3.9
    endloop
  endfacet
  facet normal 0 0 1
    outer loop
      vertex 5.76726 46.0379 3.9
      vertex 4.22178 45.6238 3.9
      vertex 4.32269 45.3266 3.9
    endloop
  endfacet
  facet normal 0 0 1
    outer loop
      vertex 4.14 46.245 3.9
      vertex 5.74 46.245 3.9
      vertex 4.16053 46.5583 3.9
    endloop
  endfacet
  facet normal 0 0 1
    outer loop
      vertex 5.74684 46.1406 3.9
      vertex 4.16053 45.9317 3.9
      vertex 4.22178 45.6238 3.9
    endloop
  endfacet
  facet normal 0 0 1
    outer loop
      vertex 5.74 46.245 3.9
      vertex 4.14 46.245 3.9
      vertex 4.16053 45.9317 3.9
    endloop
  endfacet
  facet normal -0.99786 0.065388 0
    outer loop
      vertex 4.14 46.245 2.4
      vertex 4.16053 46.5583 3.9
      vertex 4.16053 46.5583 2.4
    endloop
  endfacet
  facet normal -0.99786 0.065388 0
    outer loop
      vertex 4.16053 46.5583 3.9
      vertex 4.14 46.245 2.4
      vertex 4.14 46.245 3.9
    endloop
  endfacet
  facet normal -0.896898 -0.442238 0
    outer loop
      vertex 4.46154 45.045 2.4
      vertex 4.32269 45.3266 3.9
      vertex 4.32269 45.3266 2.4
    endloop
  endfacet
  facet normal -0.896898 -0.442238 0
    outer loop
      vertex 4.32269 45.3266 3.9
      vertex 4.46154 45.045 2.4
      vertex 4.46154 45.045 3.9
    endloop
  endfacet
  facet normal 0.0653012 0.997866 -0
    outer loop
      vertex 6.85326 48.6245 2.4
      vertex 6.54 48.645 3.9
      vertex 6.85326 48.6245 3.9
    endloop
  endfacet
  facet normal 0.0653012 0.997866 0
    outer loop
      vertex 6.54 48.645 3.9
      vertex 6.85326 48.6245 2.4
      vertex 6.54 48.645 2.4
    endloop
  endfacet
  facet normal 0.831447 -0.555604 0
    outer loop
      vertex 8.44405 44.784 3.9
      vertex 8.61846 45.045 2.4
      vertex 8.61846 45.045 3.9
    endloop
  endfacet
  facet normal 0.831447 -0.555604 0
    outer loop
      vertex 8.61846 45.045 2.4
      vertex 8.44405 44.784 3.9
      vertex 8.44405 44.784 2.4
    endloop
  endfacet
  facet normal -0.0653012 -0.997866 0
    outer loop
      vertex 6.22674 43.8655 2.4
      vertex 6.54 43.845 3.9
      vertex 6.22674 43.8655 3.9
    endloop
  endfacet
  facet normal -0.0653012 -0.997866 -0
    outer loop
      vertex 6.54 43.845 3.9
      vertex 6.22674 43.8655 2.4
      vertex 6.54 43.845 2.4
    endloop
  endfacet
  facet normal 0.321412 -0.946939 0
    outer loop
      vertex 7.16117 43.9268 2.4
      vertex 7.45844 44.0277 3.9
      vertex 7.16117 43.9268 3.9
    endloop
  endfacet
  facet normal 0.321412 -0.946939 0
    outer loop
      vertex 7.45844 44.0277 3.9
      vertex 7.16117 43.9268 2.4
      vertex 7.45844 44.0277 2.4
    endloop
  endfacet
  facet normal -0.195252 -0.980753 0
    outer loop
      vertex 5.91883 43.9268 2.4
      vertex 6.22674 43.8655 3.9
      vertex 5.91883 43.9268 3.9
    endloop
  endfacet
  facet normal -0.195252 -0.980753 -0
    outer loop
      vertex 6.22674 43.8655 3.9
      vertex 5.91883 43.9268 2.4
      vertex 6.22674 43.8655 2.4
    endloop
  endfacet
  facet normal -0.555758 -0.831344 0
    outer loop
      vertex 5.07897 44.341 2.4
      vertex 5.34 44.1665 3.9
      vertex 5.07897 44.341 3.9
    endloop
  endfacet
  facet normal -0.555758 -0.831344 -0
    outer loop
      vertex 5.34 44.1665 3.9
      vertex 5.07897 44.341 2.4
      vertex 5.34 44.1665 2.4
    endloop
  endfacet
  facet normal 0.980782 0.195105 0
    outer loop
      vertex 8.91947 63.0683 3.9
      vertex 8.85822 63.3762 2.4
      vertex 8.85822 63.3762 3.9
    endloop
  endfacet
  facet normal 0.980782 0.195105 0
    outer loop
      vertex 8.85822 63.3762 2.4
      vertex 8.91947 63.0683 3.9
      vertex 8.91947 63.0683 2.4
    endloop
  endfacet
  facet normal 0.99786 0.065388 0
    outer loop
      vertex 8.94 62.755 3.9
      vertex 8.91947 63.0683 2.4
      vertex 8.91947 63.0683 3.9
    endloop
  endfacet
  facet normal 0.99786 0.065388 0
    outer loop
      vertex 8.91947 63.0683 2.4
      vertex 8.94 62.755 3.9
      vertex 8.94 62.755 2.4
    endloop
  endfacet
  facet normal 0.946907 0.321509 0
    outer loop
      vertex 8.85822 63.3762 3.9
      vertex 8.75731 63.6734 2.4
      vertex 8.75731 63.6734 3.9
    endloop
  endfacet
  facet normal 0.946907 0.321509 0
    outer loop
      vertex 8.75731 63.6734 2.4
      vertex 8.85822 63.3762 3.9
      vertex 8.85822 63.3762 2.4
    endloop
  endfacet
  facet normal 0.321412 -0.946939 0
    outer loop
      vertex 7.16117 60.4368 2.4
      vertex 7.45844 60.5377 3.9
      vertex 7.16117 60.4368 3.9
    endloop
  endfacet
  facet normal 0.321412 -0.946939 0
    outer loop
      vertex 7.45844 60.5377 3.9
      vertex 7.16117 60.4368 2.4
      vertex 7.45844 60.5377 2.4
    endloop
  endfacet
  facet normal 0.659179 0.751986 -0
    outer loop
      vertex 8.23706 64.4521 2.4
      vertex 8.00103 64.659 3.9
      vertex 8.23706 64.4521 3.9
    endloop
  endfacet
  facet normal 0.659179 0.751986 0
    outer loop
      vertex 8.00103 64.659 3.9
      vertex 8.23706 64.4521 2.4
      vertex 8.00103 64.659 2.4
    endloop
  endfacet
  facet normal 0.0653012 0.997866 -0
    outer loop
      vertex 6.85326 65.1345 2.4
      vertex 6.54 65.155 3.9
      vertex 6.85326 65.1345 3.9
    endloop
  endfacet
  facet normal 0.0653012 0.997866 0
    outer loop
      vertex 6.54 65.155 3.9
      vertex 6.85326 65.1345 2.4
      vertex 6.54 65.155 2.4
    endloop
  endfacet
  facet normal -0.946907 -0.321509 0
    outer loop
      vertex 4.32269 61.8366 2.4
      vertex 4.22178 62.1338 3.9
      vertex 4.22178 62.1338 2.4
    endloop
  endfacet
  facet normal -0.946907 -0.321509 0
    outer loop
      vertex 4.22178 62.1338 3.9
      vertex 4.32269 61.8366 2.4
      vertex 4.32269 61.8366 3.9
    endloop
  endfacet
  facet normal -0.659179 -0.751986 0
    outer loop
      vertex 4.84294 61.0579 2.4
      vertex 5.07897 60.851 3.9
      vertex 4.84294 61.0579 3.9
    endloop
  endfacet
  facet normal -0.659179 -0.751986 -0
    outer loop
      vertex 5.07897 60.851 3.9
      vertex 4.84294 61.0579 2.4
      vertex 5.07897 60.851 2.4
    endloop
  endfacet
  facet normal -0.659179 0.751986 0
    outer loop
      vertex 5.07897 64.659 2.4
      vertex 4.84294 64.4521 3.9
      vertex 5.07897 64.659 3.9
    endloop
  endfacet
  facet normal -0.659179 0.751986 0
    outer loop
      vertex 4.84294 64.4521 3.9
      vertex 5.07897 64.659 2.4
      vertex 4.84294 64.4521 2.4
    endloop
  endfacet
  facet normal 0.896898 0.442238 0
    outer loop
      vertex 8.75731 63.6734 3.9
      vertex 8.61846 63.955 2.4
      vertex 8.61846 63.955 3.9
    endloop
  endfacet
  facet normal 0.896898 0.442238 0
    outer loop
      vertex 8.61846 63.955 2.4
      vertex 8.75731 63.6734 3.9
      vertex 8.75731 63.6734 2.4
    endloop
  endfacet
  facet normal -0.751941 -0.65923 0
    outer loop
      vertex 4.84294 61.0579 2.4
      vertex 4.63595 61.294 3.9
      vertex 4.63595 61.294 2.4
    endloop
  endfacet
  facet normal -0.751941 -0.65923 0
    outer loop
      vertex 4.63595 61.294 3.9
      vertex 4.84294 61.0579 2.4
      vertex 4.84294 61.0579 3.9
    endloop
  endfacet
  facet normal 0.980782 -0.195105 0
    outer loop
      vertex 8.85822 62.1338 3.9
      vertex 8.91947 62.4417 2.4
      vertex 8.91947 62.4417 3.9
    endloop
  endfacet
  facet normal 0.980782 -0.195105 0
    outer loop
      vertex 8.91947 62.4417 2.4
      vertex 8.85822 62.1338 3.9
      vertex 8.85822 62.1338 2.4
    endloop
  endfacet
  facet normal 0.321412 0.946939 -0
    outer loop
      vertex 7.45844 64.9723 2.4
      vertex 7.16117 65.0732 3.9
      vertex 7.45844 64.9723 3.9
    endloop
  endfacet
  facet normal 0.321412 0.946939 0
    outer loop
      vertex 7.16117 65.0732 3.9
      vertex 7.45844 64.9723 2.4
      vertex 7.16117 65.0732 2.4
    endloop
  endfacet
  facet normal -0.321412 0.946939 0
    outer loop
      vertex 5.91883 65.0732 2.4
      vertex 5.62156 64.9723 3.9
      vertex 5.91883 65.0732 3.9
    endloop
  endfacet
  facet normal -0.321412 0.946939 0
    outer loop
      vertex 5.62156 64.9723 3.9
      vertex 5.91883 65.0732 2.4
      vertex 5.62156 64.9723 2.4
    endloop
  endfacet
  facet normal 0.831447 -0.555604 0
    outer loop
      vertex 8.44405 61.294 3.9
      vertex 8.61846 61.555 2.4
      vertex 8.61846 61.555 3.9
    endloop
  endfacet
  facet normal 0.831447 -0.555604 0
    outer loop
      vertex 8.61846 61.555 2.4
      vertex 8.44405 61.294 3.9
      vertex 8.44405 61.294 2.4
    endloop
  endfacet
  facet normal -0.896898 -0.442238 0
    outer loop
      vertex 4.46154 61.555 2.4
      vertex 4.32269 61.8366 3.9
      vertex 4.32269 61.8366 2.4
    endloop
  endfacet
  facet normal -0.896898 -0.442238 0
    outer loop
      vertex 4.32269 61.8366 3.9
      vertex 4.46154 61.555 2.4
      vertex 4.46154 61.555 3.9
    endloop
  endfacet
  facet normal 0.0653012 -0.997866 0
    outer loop
      vertex 6.54 60.355 2.4
      vertex 6.85326 60.3755 3.9
      vertex 6.54 60.355 3.9
    endloop
  endfacet
  facet normal 0.0653012 -0.997866 0
    outer loop
      vertex 6.85326 60.3755 3.9
      vertex 6.54 60.355 2.4
      vertex 6.85326 60.3755 2.4
    endloop
  endfacet
  facet normal -0.44216 0.896936 0
    outer loop
      vertex 5.62156 64.9723 2.4
      vertex 5.34 64.8335 3.9
      vertex 5.62156 64.9723 3.9
    endloop
  endfacet
  facet normal -0.44216 0.896936 0
    outer loop
      vertex 5.34 64.8335 3.9
      vertex 5.62156 64.9723 2.4
      vertex 5.34 64.8335 2.4
    endloop
  endfacet
  facet normal 0.44216 0.896936 -0
    outer loop
      vertex 7.74 64.8335 2.4
      vertex 7.45844 64.9723 3.9
      vertex 7.74 64.8335 3.9
    endloop
  endfacet
  facet normal 0.44216 0.896936 0
    outer loop
      vertex 7.45844 64.9723 3.9
      vertex 7.74 64.8335 2.4
      vertex 7.45844 64.9723 2.4
    endloop
  endfacet
  facet normal 0.946907 -0.321509 0
    outer loop
      vertex 8.75731 61.8366 3.9
      vertex 8.85822 62.1338 2.4
      vertex 8.85822 62.1338 3.9
    endloop
  endfacet
  facet normal 0.946907 -0.321509 0
    outer loop
      vertex 8.85822 62.1338 2.4
      vertex 8.75731 61.8366 3.9
      vertex 8.75731 61.8366 2.4
    endloop
  endfacet
  facet normal 0.751941 0.65923 0
    outer loop
      vertex 8.44405 64.216 3.9
      vertex 8.23706 64.4521 2.4
      vertex 8.23706 64.4521 3.9
    endloop
  endfacet
  facet normal 0.751941 0.65923 0
    outer loop
      vertex 8.23706 64.4521 2.4
      vertex 8.44405 64.216 3.9
      vertex 8.44405 64.216 2.4
    endloop
  endfacet
  facet normal -0.980782 -0.195105 0
    outer loop
      vertex 4.22178 62.1338 2.4
      vertex 4.16053 62.4417 3.9
      vertex 4.16053 62.4417 2.4
    endloop
  endfacet
  facet normal -0.980782 -0.195105 0
    outer loop
      vertex 4.16053 62.4417 3.9
      vertex 4.22178 62.1338 2.4
      vertex 4.22178 62.1338 3.9
    endloop
  endfacet
  facet normal 0.555758 -0.831344 0
    outer loop
      vertex 7.74 60.6765 2.4
      vertex 8.00103 60.851 3.9
      vertex 7.74 60.6765 3.9
    endloop
  endfacet
  facet normal 0.555758 -0.831344 0
    outer loop
      vertex 8.00103 60.851 3.9
      vertex 7.74 60.6765 2.4
      vertex 8.00103 60.851 2.4
    endloop
  endfacet
  facet normal -0.321412 -0.946939 0
    outer loop
      vertex 5.62156 60.5377 2.4
      vertex 5.91883 60.4368 3.9
      vertex 5.62156 60.5377 3.9
    endloop
  endfacet
  facet normal -0.321412 -0.946939 -0
    outer loop
      vertex 5.91883 60.4368 3.9
      vertex 5.62156 60.5377 2.4
      vertex 5.91883 60.4368 2.4
    endloop
  endfacet
  facet normal 0.659179 -0.751986 0
    outer loop
      vertex 8.00103 60.851 2.4
      vertex 8.23706 61.0579 3.9
      vertex 8.00103 60.851 3.9
    endloop
  endfacet
  facet normal 0.659179 -0.751986 0
    outer loop
      vertex 8.23706 61.0579 3.9
      vertex 8.00103 60.851 2.4
      vertex 8.23706 61.0579 2.4
    endloop
  endfacet
  facet normal 0.751941 -0.65923 0
    outer loop
      vertex 8.23706 61.0579 3.9
      vertex 8.44405 61.294 2.4
      vertex 8.44405 61.294 3.9
    endloop
  endfacet
  facet normal 0.751941 -0.65923 0
    outer loop
      vertex 8.44405 61.294 2.4
      vertex 8.23706 61.0579 3.9
      vertex 8.23706 61.0579 2.4
    endloop
  endfacet
  facet normal 0.195252 0.980753 -0
    outer loop
      vertex 7.16117 65.0732 2.4
      vertex 6.85326 65.1345 3.9
      vertex 7.16117 65.0732 3.9
    endloop
  endfacet
  facet normal 0.195252 0.980753 0
    outer loop
      vertex 6.85326 65.1345 3.9
      vertex 7.16117 65.0732 2.4
      vertex 6.85326 65.1345 2.4
    endloop
  endfacet
  facet normal 0.896898 -0.442238 0
    outer loop
      vertex 8.61846 61.555 3.9
      vertex 8.75731 61.8366 2.4
      vertex 8.75731 61.8366 3.9
    endloop
  endfacet
  facet normal 0.896898 -0.442238 0
    outer loop
      vertex 8.75731 61.8366 2.4
      vertex 8.61846 61.555 3.9
      vertex 8.61846 61.555 2.4
    endloop
  endfacet
  facet normal 0.195252 -0.980753 0
    outer loop
      vertex 6.85326 60.3755 2.4
      vertex 7.16117 60.4368 3.9
      vertex 6.85326 60.3755 3.9
    endloop
  endfacet
  facet normal 0.195252 -0.980753 0
    outer loop
      vertex 7.16117 60.4368 3.9
      vertex 6.85326 60.3755 2.4
      vertex 7.16117 60.4368 2.4
    endloop
  endfacet
  facet normal 0.99786 -0.065388 0
    outer loop
      vertex 8.91947 62.4417 3.9
      vertex 8.94 62.755 2.4
      vertex 8.94 62.755 3.9
    endloop
  endfacet
  facet normal 0.99786 -0.065388 0
    outer loop
      vertex 8.94 62.755 2.4
      vertex 8.91947 62.4417 3.9
      vertex 8.91947 62.4417 2.4
    endloop
  endfacet
  facet normal -0.0653012 0.997866 0
    outer loop
      vertex 6.54 65.155 2.4
      vertex 6.22674 65.1345 3.9
      vertex 6.54 65.155 3.9
    endloop
  endfacet
  facet normal -0.0653012 0.997866 0
    outer loop
      vertex 6.22674 65.1345 3.9
      vertex 6.54 65.155 2.4
      vertex 6.22674 65.1345 2.4
    endloop
  endfacet
  facet normal -0.946907 0.321509 0
    outer loop
      vertex 4.22178 63.3762 2.4
      vertex 4.32269 63.6734 3.9
      vertex 4.32269 63.6734 2.4
    endloop
  endfacet
  facet normal -0.946907 0.321509 0
    outer loop
      vertex 4.32269 63.6734 3.9
      vertex 4.22178 63.3762 2.4
      vertex 4.22178 63.3762 3.9
    endloop
  endfacet
  facet normal 0.831447 0.555604 0
    outer loop
      vertex 8.61846 63.955 3.9
      vertex 8.44405 64.216 2.4
      vertex 8.44405 64.216 3.9
    endloop
  endfacet
  facet normal 0.831447 0.555604 0
    outer loop
      vertex 8.44405 64.216 2.4
      vertex 8.61846 63.955 3.9
      vertex 8.61846 63.955 2.4
    endloop
  endfacet
  facet normal 0.555758 0.831344 -0
    outer loop
      vertex 8.00103 64.659 2.4
      vertex 7.74 64.8335 3.9
      vertex 8.00103 64.659 3.9
    endloop
  endfacet
  facet normal 0.555758 0.831344 0
    outer loop
      vertex 7.74 64.8335 3.9
      vertex 8.00103 64.659 2.4
      vertex 7.74 64.8335 2.4
    endloop
  endfacet
  facet normal -0.555758 0.831344 0
    outer loop
      vertex 5.34 64.8335 2.4
      vertex 5.07897 64.659 3.9
      vertex 5.34 64.8335 3.9
    endloop
  endfacet
  facet normal -0.555758 0.831344 0
    outer loop
      vertex 5.07897 64.659 3.9
      vertex 5.34 64.8335 2.4
      vertex 5.07897 64.659 2.4
    endloop
  endfacet
  facet normal -0.751941 0.65923 0
    outer loop
      vertex 4.63595 64.216 2.4
      vertex 4.84294 64.4521 3.9
      vertex 4.84294 64.4521 2.4
    endloop
  endfacet
  facet normal -0.751941 0.65923 0
    outer loop
      vertex 4.84294 64.4521 3.9
      vertex 4.63595 64.216 2.4
      vertex 4.63595 64.216 3.9
    endloop
  endfacet
  facet normal -0.99786 -0.065388 0
    outer loop
      vertex 4.16053 62.4417 2.4
      vertex 4.14 62.755 3.9
      vertex 4.14 62.755 2.4
    endloop
  endfacet
  facet normal -0.99786 -0.065388 0
    outer loop
      vertex 4.14 62.755 3.9
      vertex 4.16053 62.4417 2.4
      vertex 4.16053 62.4417 3.9
    endloop
  endfacet
  facet normal -0.195252 0.980753 0
    outer loop
      vertex 6.22674 65.1345 2.4
      vertex 5.91883 65.0732 3.9
      vertex 6.22674 65.1345 3.9
    endloop
  endfacet
  facet normal -0.195252 0.980753 0
    outer loop
      vertex 5.91883 65.0732 3.9
      vertex 6.22674 65.1345 2.4
      vertex 5.91883 65.0732 2.4
    endloop
  endfacet
  facet normal -0.831447 -0.555604 0
    outer loop
      vertex 4.63595 61.294 2.4
      vertex 4.46154 61.555 3.9
      vertex 4.46154 61.555 2.4
    endloop
  endfacet
  facet normal -0.831447 -0.555604 0
    outer loop
      vertex 4.46154 61.555 3.9
      vertex 4.63595 61.294 2.4
      vertex 4.63595 61.294 3.9
    endloop
  endfacet
  facet normal -0.896898 0.442238 0
    outer loop
      vertex 4.32269 63.6734 2.4
      vertex 4.46154 63.955 3.9
      vertex 4.46154 63.955 2.4
    endloop
  endfacet
  facet normal -0.896898 0.442238 0
    outer loop
      vertex 4.46154 63.955 3.9
      vertex 4.32269 63.6734 2.4
      vertex 4.32269 63.6734 3.9
    endloop
  endfacet
  facet normal -0.99786 0.065388 0
    outer loop
      vertex 4.14 62.755 2.4
      vertex 4.16053 63.0683 3.9
      vertex 4.16053 63.0683 2.4
    endloop
  endfacet
  facet normal -0.99786 0.065388 0
    outer loop
      vertex 4.16053 63.0683 3.9
      vertex 4.14 62.755 2.4
      vertex 4.14 62.755 3.9
    endloop
  endfacet
  facet normal -0.831447 0.555604 0
    outer loop
      vertex 4.46154 63.955 2.4
      vertex 4.63595 64.216 3.9
      vertex 4.63595 64.216 2.4
    endloop
  endfacet
  facet normal -0.831447 0.555604 0
    outer loop
      vertex 4.63595 64.216 3.9
      vertex 4.46154 63.955 2.4
      vertex 4.46154 63.955 3.9
    endloop
  endfacet
  facet normal 0.44216 -0.896936 0
    outer loop
      vertex 7.45844 60.5377 2.4
      vertex 7.74 60.6765 3.9
      vertex 7.45844 60.5377 3.9
    endloop
  endfacet
  facet normal 0.44216 -0.896936 0
    outer loop
      vertex 7.74 60.6765 3.9
      vertex 7.45844 60.5377 2.4
      vertex 7.74 60.6765 2.4
    endloop
  endfacet
  facet normal -0.44216 -0.896936 0
    outer loop
      vertex 5.34 60.6765 2.4
      vertex 5.62156 60.5377 3.9
      vertex 5.34 60.6765 3.9
    endloop
  endfacet
  facet normal -0.44216 -0.896936 -0
    outer loop
      vertex 5.62156 60.5377 3.9
      vertex 5.34 60.6765 2.4
      vertex 5.62156 60.5377 2.4
    endloop
  endfacet
  facet normal -0.980782 0.195105 0
    outer loop
      vertex 4.16053 63.0683 2.4
      vertex 4.22178 63.3762 3.9
      vertex 4.22178 63.3762 2.4
    endloop
  endfacet
  facet normal -0.980782 0.195105 0
    outer loop
      vertex 4.22178 63.3762 3.9
      vertex 4.16053 63.0683 2.4
      vertex 4.16053 63.0683 3.9
    endloop
  endfacet
  facet normal -0.0653012 -0.997866 0
    outer loop
      vertex 6.22674 60.3755 2.4
      vertex 6.54 60.355 3.9
      vertex 6.22674 60.3755 3.9
    endloop
  endfacet
  facet normal -0.0653012 -0.997866 -0
    outer loop
      vertex 6.54 60.355 3.9
      vertex 6.22674 60.3755 2.4
      vertex 6.54 60.355 2.4
    endloop
  endfacet
  facet normal -0.195252 -0.980753 0
    outer loop
      vertex 5.91883 60.4368 2.4
      vertex 6.22674 60.3755 3.9
      vertex 5.91883 60.4368 3.9
    endloop
  endfacet
  facet normal -0.195252 -0.980753 -0
    outer loop
      vertex 6.22674 60.3755 3.9
      vertex 5.91883 60.4368 2.4
      vertex 6.22674 60.3755 2.4
    endloop
  endfacet
  facet normal -0.555758 -0.831344 0
    outer loop
      vertex 5.07897 60.851 2.4
      vertex 5.34 60.6765 3.9
      vertex 5.07897 60.851 3.9
    endloop
  endfacet
  facet normal -0.555758 -0.831344 -0
    outer loop
      vertex 5.34 60.6765 3.9
      vertex 5.07897 60.851 2.4
      vertex 5.34 60.6765 2.4
    endloop
  endfacet
  facet normal 0 0 1
    outer loop
      vertex 7.34 62.755 3.9
      vertex 8.94 62.755 3.9
      vertex 8.91947 63.0683 3.9
    endloop
  endfacet
  facet normal 0 0 1
    outer loop
      vertex 7.33316 62.8594 3.9
      vertex 8.91947 63.0683 3.9
      vertex 8.85822 63.3762 3.9
    endloop
  endfacet
  facet normal 0 0 1
    outer loop
      vertex 8.94 62.755 3.9
      vertex 7.34 62.755 3.9
      vertex 8.91947 62.4417 3.9
    endloop
  endfacet
  facet normal 0 0 1
    outer loop
      vertex 7.31274 62.9621 3.9
      vertex 8.85822 63.3762 3.9
      vertex 8.75731 63.6734 3.9
    endloop
  endfacet
  facet normal -0 0 1
    outer loop
      vertex 7.33316 62.6506 3.9
      vertex 8.91947 62.4417 3.9
      vertex 7.34 62.755 3.9
    endloop
  endfacet
  facet normal 0 0 1
    outer loop
      vertex 7.2791 63.0611 3.9
      vertex 8.75731 63.6734 3.9
      vertex 8.61846 63.955 3.9
    endloop
  endfacet
  facet normal 0 0 1
    outer loop
      vertex 8.91947 62.4417 3.9
      vertex 7.33316 62.6506 3.9
      vertex 8.85822 62.1338 3.9
    endloop
  endfacet
  facet normal 0 0 1
    outer loop
      vertex 7.23282 63.155 3.9
      vertex 8.61846 63.955 3.9
      vertex 8.44405 64.216 3.9
    endloop
  endfacet
  facet normal -0 0 1
    outer loop
      vertex 7.31274 62.5479 3.9
      vertex 8.85822 62.1338 3.9
      vertex 7.33316 62.6506 3.9
    endloop
  endfacet
  facet normal 0 0 1
    outer loop
      vertex 7.17468 63.242 3.9
      vertex 8.44405 64.216 3.9
      vertex 8.23706 64.4521 3.9
    endloop
  endfacet
  facet normal 0 0 1
    outer loop
      vertex 8.85822 62.1338 3.9
      vertex 7.31274 62.5479 3.9
      vertex 8.75731 61.8366 3.9
    endloop
  endfacet
  facet normal 0 0 1
    outer loop
      vertex 7.10569 63.3207 3.9
      vertex 8.23706 64.4521 3.9
      vertex 8.00103 64.659 3.9
    endloop
  endfacet
  facet normal -0 0 1
    outer loop
      vertex 7.2791 62.4489 3.9
      vertex 8.75731 61.8366 3.9
      vertex 7.31274 62.5479 3.9
    endloop
  endfacet
  facet normal 0 0 1
    outer loop
      vertex 7.02701 63.3897 3.9
      vertex 8.00103 64.659 3.9
      vertex 7.74 64.8335 3.9
    endloop
  endfacet
  facet normal 0 0 1
    outer loop
      vertex 8.75731 61.8366 3.9
      vertex 7.2791 62.4489 3.9
      vertex 8.61846 61.555 3.9
    endloop
  endfacet
  facet normal 0 0 1
    outer loop
      vertex 6.94 63.4478 3.9
      vertex 7.74 64.8335 3.9
      vertex 7.45844 64.9723 3.9
    endloop
  endfacet
  facet normal -0 0 1
    outer loop
      vertex 7.23282 62.355 3.9
      vertex 8.61846 61.555 3.9
      vertex 7.2791 62.4489 3.9
    endloop
  endfacet
  facet normal 0 0 1
    outer loop
      vertex 8.61846 61.555 3.9
      vertex 7.23282 62.355 3.9
      vertex 8.44405 61.294 3.9
    endloop
  endfacet
  facet normal 0 0 1
    outer loop
      vertex 8.91947 63.0683 3.9
      vertex 7.33316 62.8594 3.9
      vertex 7.34 62.755 3.9
    endloop
  endfacet
  facet normal 0 0 1
    outer loop
      vertex 8.85822 63.3762 3.9
      vertex 7.31274 62.9621 3.9
      vertex 7.33316 62.8594 3.9
    endloop
  endfacet
  facet normal 0 0 1
    outer loop
      vertex 8.75731 63.6734 3.9
      vertex 7.2791 63.0611 3.9
      vertex 7.31274 62.9621 3.9
    endloop
  endfacet
  facet normal 0 0 1
    outer loop
      vertex 8.61846 63.955 3.9
      vertex 7.23282 63.155 3.9
      vertex 7.2791 63.0611 3.9
    endloop
  endfacet
  facet normal 0 0 1
    outer loop
      vertex 8.44405 64.216 3.9
      vertex 7.17468 63.242 3.9
      vertex 7.23282 63.155 3.9
    endloop
  endfacet
  facet normal 0 0 1
    outer loop
      vertex 6.84615 63.4941 3.9
      vertex 7.45844 64.9723 3.9
      vertex 7.16117 65.0732 3.9
    endloop
  endfacet
  facet normal 0 0 1
    outer loop
      vertex 8.23706 64.4521 3.9
      vertex 7.10569 63.3207 3.9
      vertex 7.17468 63.242 3.9
    endloop
  endfacet
  facet normal 0 0 1
    outer loop
      vertex 8.00103 64.659 3.9
      vertex 7.02701 63.3897 3.9
      vertex 7.10569 63.3207 3.9
    endloop
  endfacet
  facet normal 0 0 1
    outer loop
      vertex 7.74 64.8335 3.9
      vertex 6.94 63.4478 3.9
      vertex 7.02701 63.3897 3.9
    endloop
  endfacet
  facet normal 0 0 1
    outer loop
      vertex 6.74706 63.5277 3.9
      vertex 7.16117 65.0732 3.9
      vertex 6.85326 65.1345 3.9
    endloop
  endfacet
  facet normal 0 0 1
    outer loop
      vertex 7.45844 64.9723 3.9
      vertex 6.84615 63.4941 3.9
      vertex 6.94 63.4478 3.9
    endloop
  endfacet
  facet normal 0 0 1
    outer loop
      vertex 7.16117 65.0732 3.9
      vertex 6.74706 63.5277 3.9
      vertex 6.84615 63.4941 3.9
    endloop
  endfacet
  facet normal 0 0 1
    outer loop
      vertex 6.85326 65.1345 3.9
      vertex 6.64442 63.5482 3.9
      vertex 6.74706 63.5277 3.9
    endloop
  endfacet
  facet normal 0 0 1
    outer loop
      vertex 6.54 65.155 3.9
      vertex 6.64442 63.5482 3.9
      vertex 6.85326 65.1345 3.9
    endloop
  endfacet
  facet normal 0 0 1
    outer loop
      vertex 6.54 65.155 3.9
      vertex 6.54 63.555 3.9
      vertex 6.64442 63.5482 3.9
    endloop
  endfacet
  facet normal 0 0 1
    outer loop
      vertex 6.54 65.155 3.9
      vertex 6.43558 63.5482 3.9
      vertex 6.54 63.555 3.9
    endloop
  endfacet
  facet normal -0 0 1
    outer loop
      vertex 6.22674 65.1345 3.9
      vertex 6.43558 63.5482 3.9
      vertex 6.54 65.155 3.9
    endloop
  endfacet
  facet normal 0 0 1
    outer loop
      vertex 6.43558 63.5482 3.9
      vertex 6.22674 65.1345 3.9
      vertex 6.33294 63.5277 3.9
    endloop
  endfacet
  facet normal -0 0 1
    outer loop
      vertex 5.91883 65.0732 3.9
      vertex 6.33294 63.5277 3.9
      vertex 6.22674 65.1345 3.9
    endloop
  endfacet
  facet normal 0 0 1
    outer loop
      vertex 6.33294 63.5277 3.9
      vertex 5.91883 65.0732 3.9
      vertex 6.23385 63.4941 3.9
    endloop
  endfacet
  facet normal -0 0 1
    outer loop
      vertex 5.62156 64.9723 3.9
      vertex 6.23385 63.4941 3.9
      vertex 5.91883 65.0732 3.9
    endloop
  endfacet
  facet normal 0 0 1
    outer loop
      vertex 6.23385 63.4941 3.9
      vertex 5.62156 64.9723 3.9
      vertex 6.14 63.4478 3.9
    endloop
  endfacet
  facet normal -0 0 1
    outer loop
      vertex 5.34 64.8335 3.9
      vertex 6.14 63.4478 3.9
      vertex 5.62156 64.9723 3.9
    endloop
  endfacet
  facet normal 0 0 1
    outer loop
      vertex 6.14 63.4478 3.9
      vertex 5.34 64.8335 3.9
      vertex 6.05299 63.3897 3.9
    endloop
  endfacet
  facet normal -0 0 1
    outer loop
      vertex 5.07897 64.659 3.9
      vertex 6.05299 63.3897 3.9
      vertex 5.34 64.8335 3.9
    endloop
  endfacet
  facet normal 0 0 1
    outer loop
      vertex 6.05299 63.3897 3.9
      vertex 5.07897 64.659 3.9
      vertex 5.97431 63.3207 3.9
    endloop
  endfacet
  facet normal -0 0 1
    outer loop
      vertex 4.84294 64.4521 3.9
      vertex 5.97431 63.3207 3.9
      vertex 5.07897 64.659 3.9
    endloop
  endfacet
  facet normal 0 0 1
    outer loop
      vertex 5.97431 63.3207 3.9
      vertex 4.84294 64.4521 3.9
      vertex 5.90532 63.242 3.9
    endloop
  endfacet
  facet normal 0 0 1
    outer loop
      vertex 5.90532 63.242 3.9
      vertex 4.63595 64.216 3.9
      vertex 5.84718 63.155 3.9
    endloop
  endfacet
  facet normal -0 0 1
    outer loop
      vertex 4.63595 64.216 3.9
      vertex 5.90532 63.242 3.9
      vertex 4.84294 64.4521 3.9
    endloop
  endfacet
  facet normal -0 0 1
    outer loop
      vertex 7.17468 62.268 3.9
      vertex 8.44405 61.294 3.9
      vertex 7.23282 62.355 3.9
    endloop
  endfacet
  facet normal 0 0 1
    outer loop
      vertex 8.44405 61.294 3.9
      vertex 7.17468 62.268 3.9
      vertex 8.23706 61.0579 3.9
    endloop
  endfacet
  facet normal -0 0 1
    outer loop
      vertex 7.10569 62.1893 3.9
      vertex 8.23706 61.0579 3.9
      vertex 7.17468 62.268 3.9
    endloop
  endfacet
  facet normal 0 0 1
    outer loop
      vertex 8.23706 61.0579 3.9
      vertex 7.10569 62.1893 3.9
      vertex 8.00103 60.851 3.9
    endloop
  endfacet
  facet normal -0 0 1
    outer loop
      vertex 7.02701 62.1203 3.9
      vertex 8.00103 60.851 3.9
      vertex 7.10569 62.1893 3.9
    endloop
  endfacet
  facet normal 0 0 1
    outer loop
      vertex 8.00103 60.851 3.9
      vertex 7.02701 62.1203 3.9
      vertex 7.74 60.6765 3.9
    endloop
  endfacet
  facet normal -0 0 1
    outer loop
      vertex 6.94 62.0622 3.9
      vertex 7.74 60.6765 3.9
      vertex 7.02701 62.1203 3.9
    endloop
  endfacet
  facet normal 0 0 1
    outer loop
      vertex 7.74 60.6765 3.9
      vertex 6.94 62.0622 3.9
      vertex 7.45844 60.5377 3.9
    endloop
  endfacet
  facet normal -0 0 1
    outer loop
      vertex 6.84615 62.0159 3.9
      vertex 7.45844 60.5377 3.9
      vertex 6.94 62.0622 3.9
    endloop
  endfacet
  facet normal 0 0 1
    outer loop
      vertex 7.45844 60.5377 3.9
      vertex 6.84615 62.0159 3.9
      vertex 7.16117 60.4368 3.9
    endloop
  endfacet
  facet normal -0 0 1
    outer loop
      vertex 6.74706 61.9823 3.9
      vertex 7.16117 60.4368 3.9
      vertex 6.84615 62.0159 3.9
    endloop
  endfacet
  facet normal 0 0 1
    outer loop
      vertex 7.16117 60.4368 3.9
      vertex 6.74706 61.9823 3.9
      vertex 6.85326 60.3755 3.9
    endloop
  endfacet
  facet normal -0 0 1
    outer loop
      vertex 6.64442 61.9618 3.9
      vertex 6.85326 60.3755 3.9
      vertex 6.74706 61.9823 3.9
    endloop
  endfacet
  facet normal -0 0 1
    outer loop
      vertex 6.54 61.955 3.9
      vertex 6.85326 60.3755 3.9
      vertex 6.64442 61.9618 3.9
    endloop
  endfacet
  facet normal 0 0 1
    outer loop
      vertex 6.54 61.955 3.9
      vertex 6.54 60.355 3.9
      vertex 6.85326 60.3755 3.9
    endloop
  endfacet
  facet normal 0 0 1
    outer loop
      vertex 6.43558 61.9618 3.9
      vertex 6.54 60.355 3.9
      vertex 6.54 61.955 3.9
    endloop
  endfacet
  facet normal 0 0 1
    outer loop
      vertex 6.22674 60.3755 3.9
      vertex 6.43558 61.9618 3.9
      vertex 6.33294 61.9823 3.9
    endloop
  endfacet
  facet normal 0 0 1
    outer loop
      vertex 5.91883 60.4368 3.9
      vertex 6.33294 61.9823 3.9
      vertex 6.23385 62.0159 3.9
    endloop
  endfacet
  facet normal 0 0 1
    outer loop
      vertex 6.43558 61.9618 3.9
      vertex 6.22674 60.3755 3.9
      vertex 6.54 60.355 3.9
    endloop
  endfacet
  facet normal 0 0 1
    outer loop
      vertex 5.62156 60.5377 3.9
      vertex 6.23385 62.0159 3.9
      vertex 6.14 62.0622 3.9
    endloop
  endfacet
  facet normal 0 0 1
    outer loop
      vertex 5.34 60.6765 3.9
      vertex 6.14 62.0622 3.9
      vertex 6.05299 62.1203 3.9
    endloop
  endfacet
  facet normal 0 0 1
    outer loop
      vertex 5.07897 60.851 3.9
      vertex 6.05299 62.1203 3.9
      vertex 5.97431 62.1893 3.9
    endloop
  endfacet
  facet normal 0 0 1
    outer loop
      vertex 6.33294 61.9823 3.9
      vertex 5.91883 60.4368 3.9
      vertex 6.22674 60.3755 3.9
    endloop
  endfacet
  facet normal 0 0 1
    outer loop
      vertex 4.84294 61.0579 3.9
      vertex 5.97431 62.1893 3.9
      vertex 5.90532 62.268 3.9
    endloop
  endfacet
  facet normal 0 0 1
    outer loop
      vertex 4.63595 61.294 3.9
      vertex 5.90532 62.268 3.9
      vertex 5.84718 62.355 3.9
    endloop
  endfacet
  facet normal 0 0 1
    outer loop
      vertex 4.46154 61.555 3.9
      vertex 5.84718 62.355 3.9
      vertex 5.8009 62.4489 3.9
    endloop
  endfacet
  facet normal 0 0 1
    outer loop
      vertex 4.32269 61.8366 3.9
      vertex 5.8009 62.4489 3.9
      vertex 5.76726 62.5479 3.9
    endloop
  endfacet
  facet normal 0 0 1
    outer loop
      vertex 4.22178 62.1338 3.9
      vertex 5.76726 62.5479 3.9
      vertex 5.74684 62.6506 3.9
    endloop
  endfacet
  facet normal 0 0 1
    outer loop
      vertex 6.23385 62.0159 3.9
      vertex 5.62156 60.5377 3.9
      vertex 5.91883 60.4368 3.9
    endloop
  endfacet
  facet normal 0 0 1
    outer loop
      vertex 4.16053 62.4417 3.9
      vertex 5.74684 62.6506 3.9
      vertex 5.74 62.755 3.9
    endloop
  endfacet
  facet normal -0 0 1
    outer loop
      vertex 4.46154 63.955 3.9
      vertex 5.84718 63.155 3.9
      vertex 4.63595 64.216 3.9
    endloop
  endfacet
  facet normal 0 0 1
    outer loop
      vertex 5.84718 63.155 3.9
      vertex 4.46154 63.955 3.9
      vertex 5.8009 63.0611 3.9
    endloop
  endfacet
  facet normal 0 0 1
    outer loop
      vertex 6.14 62.0622 3.9
      vertex 5.34 60.6765 3.9
      vertex 5.62156 60.5377 3.9
    endloop
  endfacet
  facet normal -0 0 1
    outer loop
      vertex 4.32269 63.6734 3.9
      vertex 5.8009 63.0611 3.9
      vertex 4.46154 63.955 3.9
    endloop
  endfacet
  facet normal 0 0 1
    outer loop
      vertex 6.05299 62.1203 3.9
      vertex 5.07897 60.851 3.9
      vertex 5.34 60.6765 3.9
    endloop
  endfacet
  facet normal 0 0 1
    outer loop
      vertex 5.8009 63.0611 3.9
      vertex 4.32269 63.6734 3.9
      vertex 5.76726 62.9621 3.9
    endloop
  endfacet
  facet normal 0 0 1
    outer loop
      vertex 5.97431 62.1893 3.9
      vertex 4.84294 61.0579 3.9
      vertex 5.07897 60.851 3.9
    endloop
  endfacet
  facet normal -0 0 1
    outer loop
      vertex 4.22178 63.3762 3.9
      vertex 5.76726 62.9621 3.9
      vertex 4.32269 63.6734 3.9
    endloop
  endfacet
  facet normal 0 0 1
    outer loop
      vertex 5.90532 62.268 3.9
      vertex 4.63595 61.294 3.9
      vertex 4.84294 61.0579 3.9
    endloop
  endfacet
  facet normal 0 0 1
    outer loop
      vertex 5.76726 62.9621 3.9
      vertex 4.22178 63.3762 3.9
      vertex 5.74684 62.8594 3.9
    endloop
  endfacet
  facet normal 0 0 1
    outer loop
      vertex 5.84718 62.355 3.9
      vertex 4.46154 61.555 3.9
      vertex 4.63595 61.294 3.9
    endloop
  endfacet
  facet normal -0 0 1
    outer loop
      vertex 4.16053 63.0683 3.9
      vertex 5.74684 62.8594 3.9
      vertex 4.22178 63.3762 3.9
    endloop
  endfacet
  facet normal 0 0 1
    outer loop
      vertex 5.8009 62.4489 3.9
      vertex 4.32269 61.8366 3.9
      vertex 4.46154 61.555 3.9
    endloop
  endfacet
  facet normal 0 0 1
    outer loop
      vertex 5.74684 62.8594 3.9
      vertex 4.16053 63.0683 3.9
      vertex 5.74 62.755 3.9
    endloop
  endfacet
  facet normal 0 0 1
    outer loop
      vertex 5.76726 62.5479 3.9
      vertex 4.22178 62.1338 3.9
      vertex 4.32269 61.8366 3.9
    endloop
  endfacet
  facet normal 0 0 1
    outer loop
      vertex 4.14 62.755 3.9
      vertex 5.74 62.755 3.9
      vertex 4.16053 63.0683 3.9
    endloop
  endfacet
  facet normal 0 0 1
    outer loop
      vertex 5.74684 62.6506 3.9
      vertex 4.16053 62.4417 3.9
      vertex 4.22178 62.1338 3.9
    endloop
  endfacet
  facet normal 0 0 1
    outer loop
      vertex 5.74 62.755 3.9
      vertex 4.14 62.755 3.9
      vertex 4.16053 62.4417 3.9
    endloop
  endfacet
  facet normal 0.44211 -0.896961 0
    outer loop
      vertex 35.3984 44.0277 2.4
      vertex 35.68 44.1665 3.9
      vertex 35.3984 44.0277 3.9
    endloop
  endfacet
  facet normal 0.44211 -0.896961 0
    outer loop
      vertex 35.68 44.1665 3.9
      vertex 35.3984 44.0277 2.4
      vertex 35.68 44.1665 2.4
    endloop
  endfacet
  facet normal 0.980752 0.195258 0
    outer loop
      vertex 36.8595 46.5583 3.9
      vertex 36.7982 46.8662 2.4
      vertex 36.7982 46.8662 3.9
    endloop
  endfacet
  facet normal 0.980752 0.195258 0
    outer loop
      vertex 36.7982 46.8662 2.4
      vertex 36.8595 46.5583 3.9
      vertex 36.8595 46.5583 2.4
    endloop
  endfacet
  facet normal 0.997866 0.0652929 0
    outer loop
      vertex 36.88 46.245 3.9
      vertex 36.8595 46.5583 2.4
      vertex 36.8595 46.5583 3.9
    endloop
  endfacet
  facet normal 0.997866 0.0652929 0
    outer loop
      vertex 36.8595 46.5583 2.4
      vertex 36.88 46.245 3.9
      vertex 36.88 46.245 2.4
    endloop
  endfacet
  facet normal 0.946916 0.32148 0
    outer loop
      vertex 36.7982 46.8662 3.9
      vertex 36.6973 47.1634 2.4
      vertex 36.6973 47.1634 3.9
    endloop
  endfacet
  facet normal 0.946916 0.32148 0
    outer loop
      vertex 36.6973 47.1634 2.4
      vertex 36.7982 46.8662 3.9
      vertex 36.7982 46.8662 2.4
    endloop
  endfacet
  facet normal 0.831315 0.555802 0
    outer loop
      vertex 36.5585 47.445 3.9
      vertex 36.384 47.706 2.4
      vertex 36.384 47.706 3.9
    endloop
  endfacet
  facet normal 0.831315 0.555802 0
    outer loop
      vertex 36.384 47.706 2.4
      vertex 36.5585 47.445 3.9
      vertex 36.5585 47.445 2.4
    endloop
  endfacet
  facet normal -0.997866 0.0652929 0
    outer loop
      vertex 32.08 46.245 2.4
      vertex 32.1005 46.5583 3.9
      vertex 32.1005 46.5583 2.4
    endloop
  endfacet
  facet normal -0.997866 0.0652929 0
    outer loop
      vertex 32.1005 46.5583 3.9
      vertex 32.08 46.245 2.4
      vertex 32.08 46.245 3.9
    endloop
  endfacet
  facet normal 0.980752 -0.195258 0
    outer loop
      vertex 36.7982 45.6238 3.9
      vertex 36.8595 45.9317 2.4
      vertex 36.8595 45.9317 3.9
    endloop
  endfacet
  facet normal 0.980752 -0.195258 0
    outer loop
      vertex 36.8595 45.9317 2.4
      vertex 36.7982 45.6238 3.9
      vertex 36.7982 45.6238 2.4
    endloop
  endfacet
  facet normal -0.896961 0.44211 0
    outer loop
      vertex 32.2627 47.1634 2.4
      vertex 32.4015 47.445 3.9
      vertex 32.4015 47.445 2.4
    endloop
  endfacet
  facet normal -0.896961 0.44211 0
    outer loop
      vertex 32.4015 47.445 3.9
      vertex 32.2627 47.1634 2.4
      vertex 32.2627 47.1634 3.9
    endloop
  endfacet
  facet normal 0.752083 0.659068 0
    outer loop
      vertex 36.384 47.706 3.9
      vertex 36.1771 47.9421 2.4
      vertex 36.1771 47.9421 3.9
    endloop
  endfacet
  facet normal 0.752083 0.659068 0
    outer loop
      vertex 36.1771 47.9421 2.4
      vertex 36.384 47.706 3.9
      vertex 36.384 47.706 2.4
    endloop
  endfacet
  facet normal 0.32148 0.946916 -0
    outer loop
      vertex 35.3984 48.4623 2.4
      vertex 35.1012 48.5632 3.9
      vertex 35.3984 48.4623 3.9
    endloop
  endfacet
  facet normal 0.32148 0.946916 0
    outer loop
      vertex 35.1012 48.5632 3.9
      vertex 35.3984 48.4623 2.4
      vertex 35.1012 48.5632 2.4
    endloop
  endfacet
  facet normal 0.946916 -0.32148 0
    outer loop
      vertex 36.6973 45.3266 3.9
      vertex 36.7982 45.6238 2.4
      vertex 36.7982 45.6238 3.9
    endloop
  endfacet
  facet normal 0.946916 -0.32148 0
    outer loop
      vertex 36.7982 45.6238 2.4
      vertex 36.6973 45.3266 3.9
      vertex 36.6973 45.3266 2.4
    endloop
  endfacet
  facet normal -0.0652929 -0.997866 0
    outer loop
      vertex 34.1667 43.8655 2.4
      vertex 34.48 43.845 3.9
      vertex 34.1667 43.8655 3.9
    endloop
  endfacet
  facet normal -0.0652929 -0.997866 -0
    outer loop
      vertex 34.48 43.845 3.9
      vertex 34.1667 43.8655 2.4
      vertex 34.48 43.845 2.4
    endloop
  endfacet
  facet normal -0.752083 0.659068 0
    outer loop
      vertex 32.576 47.706 2.4
      vertex 32.7829 47.9421 3.9
      vertex 32.7829 47.9421 2.4
    endloop
  endfacet
  facet normal -0.752083 0.659068 0
    outer loop
      vertex 32.7829 47.9421 3.9
      vertex 32.576 47.706 2.4
      vertex 32.576 47.706 3.9
    endloop
  endfacet
  facet normal 0.896961 0.44211 0
    outer loop
      vertex 36.6973 47.1634 3.9
      vertex 36.5585 47.445 2.4
      vertex 36.5585 47.445 3.9
    endloop
  endfacet
  facet normal 0.896961 0.44211 0
    outer loop
      vertex 36.5585 47.445 2.4
      vertex 36.6973 47.1634 3.9
      vertex 36.6973 47.1634 2.4
    endloop
  endfacet
  facet normal 0.555802 0.831315 -0
    outer loop
      vertex 35.941 48.149 2.4
      vertex 35.68 48.3235 3.9
      vertex 35.941 48.149 3.9
    endloop
  endfacet
  facet normal 0.555802 0.831315 0
    outer loop
      vertex 35.68 48.3235 3.9
      vertex 35.941 48.149 2.4
      vertex 35.68 48.3235 2.4
    endloop
  endfacet
  facet normal 0.0652929 -0.997866 0
    outer loop
      vertex 34.48 43.845 2.4
      vertex 34.7933 43.8655 3.9
      vertex 34.48 43.845 3.9
    endloop
  endfacet
  facet normal 0.0652929 -0.997866 0
    outer loop
      vertex 34.7933 43.8655 3.9
      vertex 34.48 43.845 2.4
      vertex 34.7933 43.8655 2.4
    endloop
  endfacet
  facet normal -0.555802 -0.831315 0
    outer loop
      vertex 33.019 44.341 2.4
      vertex 33.28 44.1665 3.9
      vertex 33.019 44.341 3.9
    endloop
  endfacet
  facet normal -0.555802 -0.831315 -0
    outer loop
      vertex 33.28 44.1665 3.9
      vertex 33.019 44.341 2.4
      vertex 33.28 44.1665 2.4
    endloop
  endfacet
  facet normal 0.32148 -0.946916 0
    outer loop
      vertex 35.1012 43.9268 2.4
      vertex 35.3984 44.0277 3.9
      vertex 35.1012 43.9268 3.9
    endloop
  endfacet
  facet normal 0.32148 -0.946916 0
    outer loop
      vertex 35.3984 44.0277 3.9
      vertex 35.1012 43.9268 2.4
      vertex 35.3984 44.0277 2.4
    endloop
  endfacet
  facet normal -0.752083 -0.659068 0
    outer loop
      vertex 32.7829 44.5479 2.4
      vertex 32.576 44.784 3.9
      vertex 32.576 44.784 2.4
    endloop
  endfacet
  facet normal -0.752083 -0.659068 0
    outer loop
      vertex 32.576 44.784 3.9
      vertex 32.7829 44.5479 2.4
      vertex 32.7829 44.5479 3.9
    endloop
  endfacet
  facet normal -0.659068 0.752083 0
    outer loop
      vertex 33.019 48.149 2.4
      vertex 32.7829 47.9421 3.9
      vertex 33.019 48.149 3.9
    endloop
  endfacet
  facet normal -0.659068 0.752083 0
    outer loop
      vertex 32.7829 47.9421 3.9
      vertex 33.019 48.149 2.4
      vertex 32.7829 47.9421 2.4
    endloop
  endfacet
  facet normal -0.32148 0.946916 0
    outer loop
      vertex 33.8588 48.5632 2.4
      vertex 33.5616 48.4623 3.9
      vertex 33.8588 48.5632 3.9
    endloop
  endfacet
  facet normal -0.32148 0.946916 0
    outer loop
      vertex 33.5616 48.4623 3.9
      vertex 33.8588 48.5632 2.4
      vertex 33.5616 48.4623 2.4
    endloop
  endfacet
  facet normal 0.831315 -0.555802 0
    outer loop
      vertex 36.384 44.784 3.9
      vertex 36.5585 45.045 2.4
      vertex 36.5585 45.045 3.9
    endloop
  endfacet
  facet normal 0.831315 -0.555802 0
    outer loop
      vertex 36.5585 45.045 2.4
      vertex 36.384 44.784 3.9
      vertex 36.384 44.784 2.4
    endloop
  endfacet
  facet normal -0.659068 -0.752083 0
    outer loop
      vertex 32.7829 44.5479 2.4
      vertex 33.019 44.341 3.9
      vertex 32.7829 44.5479 3.9
    endloop
  endfacet
  facet normal -0.659068 -0.752083 -0
    outer loop
      vertex 33.019 44.341 3.9
      vertex 32.7829 44.5479 2.4
      vertex 33.019 44.341 2.4
    endloop
  endfacet
  facet normal -0.980752 -0.195258 0
    outer loop
      vertex 32.1618 45.6238 2.4
      vertex 32.1005 45.9317 3.9
      vertex 32.1005 45.9317 2.4
    endloop
  endfacet
  facet normal -0.980752 -0.195258 0
    outer loop
      vertex 32.1005 45.9317 3.9
      vertex 32.1618 45.6238 2.4
      vertex 32.1618 45.6238 3.9
    endloop
  endfacet
  facet normal 0.195258 0.980752 -0
    outer loop
      vertex 35.1012 48.5632 2.4
      vertex 34.7933 48.6245 3.9
      vertex 35.1012 48.5632 3.9
    endloop
  endfacet
  facet normal 0.195258 0.980752 0
    outer loop
      vertex 34.7933 48.6245 3.9
      vertex 35.1012 48.5632 2.4
      vertex 34.7933 48.6245 2.4
    endloop
  endfacet
  facet normal -0.195258 -0.980752 0
    outer loop
      vertex 33.8588 43.9268 2.4
      vertex 34.1667 43.8655 3.9
      vertex 33.8588 43.9268 3.9
    endloop
  endfacet
  facet normal -0.195258 -0.980752 -0
    outer loop
      vertex 34.1667 43.8655 3.9
      vertex 33.8588 43.9268 2.4
      vertex 34.1667 43.8655 2.4
    endloop
  endfacet
  facet normal 0.44211 0.896961 -0
    outer loop
      vertex 35.68 48.3235 2.4
      vertex 35.3984 48.4623 3.9
      vertex 35.68 48.3235 3.9
    endloop
  endfacet
  facet normal 0.44211 0.896961 0
    outer loop
      vertex 35.3984 48.4623 3.9
      vertex 35.68 48.3235 2.4
      vertex 35.3984 48.4623 2.4
    endloop
  endfacet
  facet normal 0.555802 -0.831315 0
    outer loop
      vertex 35.68 44.1665 2.4
      vertex 35.941 44.341 3.9
      vertex 35.68 44.1665 3.9
    endloop
  endfacet
  facet normal 0.555802 -0.831315 0
    outer loop
      vertex 35.941 44.341 3.9
      vertex 35.68 44.1665 2.4
      vertex 35.941 44.341 2.4
    endloop
  endfacet
  facet normal 0.997866 -0.0652929 0
    outer loop
      vertex 36.8595 45.9317 3.9
      vertex 36.88 46.245 2.4
      vertex 36.88 46.245 3.9
    endloop
  endfacet
  facet normal 0.997866 -0.0652929 0
    outer loop
      vertex 36.88 46.245 2.4
      vertex 36.8595 45.9317 3.9
      vertex 36.8595 45.9317 2.4
    endloop
  endfacet
  facet normal 0.752083 -0.659068 0
    outer loop
      vertex 36.1771 44.5479 3.9
      vertex 36.384 44.784 2.4
      vertex 36.384 44.784 3.9
    endloop
  endfacet
  facet normal 0.752083 -0.659068 0
    outer loop
      vertex 36.384 44.784 2.4
      vertex 36.1771 44.5479 3.9
      vertex 36.1771 44.5479 2.4
    endloop
  endfacet
  facet normal 0.195258 -0.980752 0
    outer loop
      vertex 34.7933 43.8655 2.4
      vertex 35.1012 43.9268 3.9
      vertex 34.7933 43.8655 3.9
    endloop
  endfacet
  facet normal 0.195258 -0.980752 0
    outer loop
      vertex 35.1012 43.9268 3.9
      vertex 34.7933 43.8655 2.4
      vertex 35.1012 43.9268 2.4
    endloop
  endfacet
  facet normal -0.44211 0.896961 0
    outer loop
      vertex 33.5616 48.4623 2.4
      vertex 33.28 48.3235 3.9
      vertex 33.5616 48.4623 3.9
    endloop
  endfacet
  facet normal -0.44211 0.896961 0
    outer loop
      vertex 33.28 48.3235 3.9
      vertex 33.5616 48.4623 2.4
      vertex 33.28 48.3235 2.4
    endloop
  endfacet
  facet normal 0.0652929 0.997866 -0
    outer loop
      vertex 34.7933 48.6245 2.4
      vertex 34.48 48.645 3.9
      vertex 34.7933 48.6245 3.9
    endloop
  endfacet
  facet normal 0.0652929 0.997866 0
    outer loop
      vertex 34.48 48.645 3.9
      vertex 34.7933 48.6245 2.4
      vertex 34.48 48.645 2.4
    endloop
  endfacet
  facet normal -0.946916 0.32148 0
    outer loop
      vertex 32.1618 46.8662 2.4
      vertex 32.2627 47.1634 3.9
      vertex 32.2627 47.1634 2.4
    endloop
  endfacet
  facet normal -0.946916 0.32148 0
    outer loop
      vertex 32.2627 47.1634 3.9
      vertex 32.1618 46.8662 2.4
      vertex 32.1618 46.8662 3.9
    endloop
  endfacet
  facet normal -0.831315 0.555802 0
    outer loop
      vertex 32.4015 47.445 2.4
      vertex 32.576 47.706 3.9
      vertex 32.576 47.706 2.4
    endloop
  endfacet
  facet normal -0.831315 0.555802 0
    outer loop
      vertex 32.576 47.706 3.9
      vertex 32.4015 47.445 2.4
      vertex 32.4015 47.445 3.9
    endloop
  endfacet
  facet normal -0.980752 0.195258 0
    outer loop
      vertex 32.1005 46.5583 2.4
      vertex 32.1618 46.8662 3.9
      vertex 32.1618 46.8662 2.4
    endloop
  endfacet
  facet normal -0.980752 0.195258 0
    outer loop
      vertex 32.1618 46.8662 3.9
      vertex 32.1005 46.5583 2.4
      vertex 32.1005 46.5583 3.9
    endloop
  endfacet
  facet normal -0.0652929 0.997866 0
    outer loop
      vertex 34.48 48.645 2.4
      vertex 34.1667 48.6245 3.9
      vertex 34.48 48.645 3.9
    endloop
  endfacet
  facet normal -0.0652929 0.997866 0
    outer loop
      vertex 34.1667 48.6245 3.9
      vertex 34.48 48.645 2.4
      vertex 34.1667 48.6245 2.4
    endloop
  endfacet
  facet normal 0.896961 -0.44211 0
    outer loop
      vertex 36.5585 45.045 3.9
      vertex 36.6973 45.3266 2.4
      vertex 36.6973 45.3266 3.9
    endloop
  endfacet
  facet normal 0.896961 -0.44211 0
    outer loop
      vertex 36.6973 45.3266 2.4
      vertex 36.5585 45.045 3.9
      vertex 36.5585 45.045 2.4
    endloop
  endfacet
  facet normal -0.997866 -0.0652929 0
    outer loop
      vertex 32.1005 45.9317 2.4
      vertex 32.08 46.245 3.9
      vertex 32.08 46.245 2.4
    endloop
  endfacet
  facet normal -0.997866 -0.0652929 0
    outer loop
      vertex 32.08 46.245 3.9
      vertex 32.1005 45.9317 2.4
      vertex 32.1005 45.9317 3.9
    endloop
  endfacet
  facet normal -0.946916 -0.32148 0
    outer loop
      vertex 32.2627 45.3266 2.4
      vertex 32.1618 45.6238 3.9
      vertex 32.1618 45.6238 2.4
    endloop
  endfacet
  facet normal -0.946916 -0.32148 0
    outer loop
      vertex 32.1618 45.6238 3.9
      vertex 32.2627 45.3266 2.4
      vertex 32.2627 45.3266 3.9
    endloop
  endfacet
  facet normal 0.659068 -0.752083 0
    outer loop
      vertex 35.941 44.341 2.4
      vertex 36.1771 44.5479 3.9
      vertex 35.941 44.341 3.9
    endloop
  endfacet
  facet normal 0.659068 -0.752083 0
    outer loop
      vertex 36.1771 44.5479 3.9
      vertex 35.941 44.341 2.4
      vertex 36.1771 44.5479 2.4
    endloop
  endfacet
  facet normal -0.44211 -0.896961 0
    outer loop
      vertex 33.28 44.1665 2.4
      vertex 33.5616 44.0277 3.9
      vertex 33.28 44.1665 3.9
    endloop
  endfacet
  facet normal -0.44211 -0.896961 -0
    outer loop
      vertex 33.5616 44.0277 3.9
      vertex 33.28 44.1665 2.4
      vertex 33.5616 44.0277 2.4
    endloop
  endfacet
  facet normal 0.659068 0.752083 -0
    outer loop
      vertex 36.1771 47.9421 2.4
      vertex 35.941 48.149 3.9
      vertex 36.1771 47.9421 3.9
    endloop
  endfacet
  facet normal 0.659068 0.752083 0
    outer loop
      vertex 35.941 48.149 3.9
      vertex 36.1771 47.9421 2.4
      vertex 35.941 48.149 2.4
    endloop
  endfacet
  facet normal 0 0 1
    outer loop
      vertex 35.28 46.245 3.9
      vertex 36.88 46.245 3.9
      vertex 36.8595 46.5583 3.9
    endloop
  endfacet
  facet normal 0 0 1
    outer loop
      vertex 35.2732 46.3494 3.9
      vertex 36.8595 46.5583 3.9
      vertex 36.7982 46.8662 3.9
    endloop
  endfacet
  facet normal 0 0 1
    outer loop
      vertex 36.88 46.245 3.9
      vertex 35.28 46.245 3.9
      vertex 36.8595 45.9317 3.9
    endloop
  endfacet
  facet normal 0 0 1
    outer loop
      vertex 35.2527 46.4521 3.9
      vertex 36.7982 46.8662 3.9
      vertex 36.6973 47.1634 3.9
    endloop
  endfacet
  facet normal -0 0 1
    outer loop
      vertex 35.2732 46.1406 3.9
      vertex 36.8595 45.9317 3.9
      vertex 35.28 46.245 3.9
    endloop
  endfacet
  facet normal 0 0 1
    outer loop
      vertex 35.2191 46.5511 3.9
      vertex 36.6973 47.1634 3.9
      vertex 36.5585 47.445 3.9
    endloop
  endfacet
  facet normal 0 0 1
    outer loop
      vertex 36.8595 45.9317 3.9
      vertex 35.2732 46.1406 3.9
      vertex 36.7982 45.6238 3.9
    endloop
  endfacet
  facet normal 0 0 1
    outer loop
      vertex 35.1728 46.645 3.9
      vertex 36.5585 47.445 3.9
      vertex 36.384 47.706 3.9
    endloop
  endfacet
  facet normal -0 0 1
    outer loop
      vertex 35.2527 46.0379 3.9
      vertex 36.7982 45.6238 3.9
      vertex 35.2732 46.1406 3.9
    endloop
  endfacet
  facet normal 0 0 1
    outer loop
      vertex 35.1147 46.732 3.9
      vertex 36.384 47.706 3.9
      vertex 36.1771 47.9421 3.9
    endloop
  endfacet
  facet normal 0 0 1
    outer loop
      vertex 36.7982 45.6238 3.9
      vertex 35.2527 46.0379 3.9
      vertex 36.6973 45.3266 3.9
    endloop
  endfacet
  facet normal 0 0 1
    outer loop
      vertex 35.0457 46.8107 3.9
      vertex 36.1771 47.9421 3.9
      vertex 35.941 48.149 3.9
    endloop
  endfacet
  facet normal -0 0 1
    outer loop
      vertex 35.2191 45.9389 3.9
      vertex 36.6973 45.3266 3.9
      vertex 35.2527 46.0379 3.9
    endloop
  endfacet
  facet normal 0 0 1
    outer loop
      vertex 34.967 46.8797 3.9
      vertex 35.941 48.149 3.9
      vertex 35.68 48.3235 3.9
    endloop
  endfacet
  facet normal 0 0 1
    outer loop
      vertex 36.6973 45.3266 3.9
      vertex 35.2191 45.9389 3.9
      vertex 36.5585 45.045 3.9
    endloop
  endfacet
  facet normal 0 0 1
    outer loop
      vertex 34.88 46.9378 3.9
      vertex 35.68 48.3235 3.9
      vertex 35.3984 48.4623 3.9
    endloop
  endfacet
  facet normal -0 0 1
    outer loop
      vertex 35.1728 45.845 3.9
      vertex 36.5585 45.045 3.9
      vertex 35.2191 45.9389 3.9
    endloop
  endfacet
  facet normal 0 0 1
    outer loop
      vertex 36.5585 45.045 3.9
      vertex 35.1728 45.845 3.9
      vertex 36.384 44.784 3.9
    endloop
  endfacet
  facet normal 0 0 1
    outer loop
      vertex 36.8595 46.5583 3.9
      vertex 35.2732 46.3494 3.9
      vertex 35.28 46.245 3.9
    endloop
  endfacet
  facet normal 0 0 1
    outer loop
      vertex 36.7982 46.8662 3.9
      vertex 35.2527 46.4521 3.9
      vertex 35.2732 46.3494 3.9
    endloop
  endfacet
  facet normal 0 0 1
    outer loop
      vertex 36.6973 47.1634 3.9
      vertex 35.2191 46.5511 3.9
      vertex 35.2527 46.4521 3.9
    endloop
  endfacet
  facet normal 0 0 1
    outer loop
      vertex 36.5585 47.445 3.9
      vertex 35.1728 46.645 3.9
      vertex 35.2191 46.5511 3.9
    endloop
  endfacet
  facet normal 0 0 1
    outer loop
      vertex 36.384 47.706 3.9
      vertex 35.1147 46.732 3.9
      vertex 35.1728 46.645 3.9
    endloop
  endfacet
  facet normal 0 0 1
    outer loop
      vertex 34.7861 46.9841 3.9
      vertex 35.3984 48.4623 3.9
      vertex 35.1012 48.5632 3.9
    endloop
  endfacet
  facet normal 0 0 1
    outer loop
      vertex 36.1771 47.9421 3.9
      vertex 35.0457 46.8107 3.9
      vertex 35.1147 46.732 3.9
    endloop
  endfacet
  facet normal 0 0 1
    outer loop
      vertex 35.941 48.149 3.9
      vertex 34.967 46.8797 3.9
      vertex 35.0457 46.8107 3.9
    endloop
  endfacet
  facet normal 0 0 1
    outer loop
      vertex 35.68 48.3235 3.9
      vertex 34.88 46.9378 3.9
      vertex 34.967 46.8797 3.9
    endloop
  endfacet
  facet normal 0 0 1
    outer loop
      vertex 34.6871 47.0177 3.9
      vertex 35.1012 48.5632 3.9
      vertex 34.7933 48.6245 3.9
    endloop
  endfacet
  facet normal 0 0 1
    outer loop
      vertex 35.3984 48.4623 3.9
      vertex 34.7861 46.9841 3.9
      vertex 34.88 46.9378 3.9
    endloop
  endfacet
  facet normal 0 0 1
    outer loop
      vertex 35.1012 48.5632 3.9
      vertex 34.6871 47.0177 3.9
      vertex 34.7861 46.9841 3.9
    endloop
  endfacet
  facet normal 0 0 1
    outer loop
      vertex 34.7933 48.6245 3.9
      vertex 34.5844 47.0382 3.9
      vertex 34.6871 47.0177 3.9
    endloop
  endfacet
  facet normal 0 0 1
    outer loop
      vertex 34.48 48.645 3.9
      vertex 34.5844 47.0382 3.9
      vertex 34.7933 48.6245 3.9
    endloop
  endfacet
  facet normal 0 0 1
    outer loop
      vertex 34.48 48.645 3.9
      vertex 34.48 47.045 3.9
      vertex 34.5844 47.0382 3.9
    endloop
  endfacet
  facet normal 0 0 1
    outer loop
      vertex 34.48 48.645 3.9
      vertex 34.3756 47.0382 3.9
      vertex 34.48 47.045 3.9
    endloop
  endfacet
  facet normal -0 0 1
    outer loop
      vertex 34.1667 48.6245 3.9
      vertex 34.3756 47.0382 3.9
      vertex 34.48 48.645 3.9
    endloop
  endfacet
  facet normal 0 0 1
    outer loop
      vertex 34.3756 47.0382 3.9
      vertex 34.1667 48.6245 3.9
      vertex 34.2729 47.0177 3.9
    endloop
  endfacet
  facet normal -0 0 1
    outer loop
      vertex 33.8588 48.5632 3.9
      vertex 34.2729 47.0177 3.9
      vertex 34.1667 48.6245 3.9
    endloop
  endfacet
  facet normal 0 0 1
    outer loop
      vertex 34.2729 47.0177 3.9
      vertex 33.8588 48.5632 3.9
      vertex 34.1739 46.9841 3.9
    endloop
  endfacet
  facet normal -0 0 1
    outer loop
      vertex 33.5616 48.4623 3.9
      vertex 34.1739 46.9841 3.9
      vertex 33.8588 48.5632 3.9
    endloop
  endfacet
  facet normal 0 0 1
    outer loop
      vertex 34.1739 46.9841 3.9
      vertex 33.5616 48.4623 3.9
      vertex 34.08 46.9378 3.9
    endloop
  endfacet
  facet normal -0 0 1
    outer loop
      vertex 33.28 48.3235 3.9
      vertex 34.08 46.9378 3.9
      vertex 33.5616 48.4623 3.9
    endloop
  endfacet
  facet normal 0 0 1
    outer loop
      vertex 34.08 46.9378 3.9
      vertex 33.28 48.3235 3.9
      vertex 33.993 46.8797 3.9
    endloop
  endfacet
  facet normal -0 0 1
    outer loop
      vertex 33.019 48.149 3.9
      vertex 33.993 46.8797 3.9
      vertex 33.28 48.3235 3.9
    endloop
  endfacet
  facet normal 0 0 1
    outer loop
      vertex 33.993 46.8797 3.9
      vertex 33.019 48.149 3.9
      vertex 33.9143 46.8107 3.9
    endloop
  endfacet
  facet normal -0 0 1
    outer loop
      vertex 32.7829 47.9421 3.9
      vertex 33.9143 46.8107 3.9
      vertex 33.019 48.149 3.9
    endloop
  endfacet
  facet normal 0 0 1
    outer loop
      vertex 33.9143 46.8107 3.9
      vertex 32.7829 47.9421 3.9
      vertex 33.8453 46.732 3.9
    endloop
  endfacet
  facet normal 0 0 1
    outer loop
      vertex 33.8453 46.732 3.9
      vertex 32.576 47.706 3.9
      vertex 33.7872 46.645 3.9
    endloop
  endfacet
  facet normal -0 0 1
    outer loop
      vertex 32.576 47.706 3.9
      vertex 33.8453 46.732 3.9
      vertex 32.7829 47.9421 3.9
    endloop
  endfacet
  facet normal -0 0 1
    outer loop
      vertex 35.1147 45.758 3.9
      vertex 36.384 44.784 3.9
      vertex 35.1728 45.845 3.9
    endloop
  endfacet
  facet normal 0 0 1
    outer loop
      vertex 36.384 44.784 3.9
      vertex 35.1147 45.758 3.9
      vertex 36.1771 44.5479 3.9
    endloop
  endfacet
  facet normal -0 0 1
    outer loop
      vertex 35.0457 45.6793 3.9
      vertex 36.1771 44.5479 3.9
      vertex 35.1147 45.758 3.9
    endloop
  endfacet
  facet normal 0 0 1
    outer loop
      vertex 36.1771 44.5479 3.9
      vertex 35.0457 45.6793 3.9
      vertex 35.941 44.341 3.9
    endloop
  endfacet
  facet normal -0 0 1
    outer loop
      vertex 34.967 45.6103 3.9
      vertex 35.941 44.341 3.9
      vertex 35.0457 45.6793 3.9
    endloop
  endfacet
  facet normal 0 0 1
    outer loop
      vertex 35.941 44.341 3.9
      vertex 34.967 45.6103 3.9
      vertex 35.68 44.1665 3.9
    endloop
  endfacet
  facet normal -0 0 1
    outer loop
      vertex 34.88 45.5522 3.9
      vertex 35.68 44.1665 3.9
      vertex 34.967 45.6103 3.9
    endloop
  endfacet
  facet normal 0 0 1
    outer loop
      vertex 35.68 44.1665 3.9
      vertex 34.88 45.5522 3.9
      vertex 35.3984 44.0277 3.9
    endloop
  endfacet
  facet normal -0 0 1
    outer loop
      vertex 34.7861 45.5059 3.9
      vertex 35.3984 44.0277 3.9
      vertex 34.88 45.5522 3.9
    endloop
  endfacet
  facet normal 0 0 1
    outer loop
      vertex 35.3984 44.0277 3.9
      vertex 34.7861 45.5059 3.9
      vertex 35.1012 43.9268 3.9
    endloop
  endfacet
  facet normal -0 0 1
    outer loop
      vertex 34.6871 45.4723 3.9
      vertex 35.1012 43.9268 3.9
      vertex 34.7861 45.5059 3.9
    endloop
  endfacet
  facet normal 0 0 1
    outer loop
      vertex 35.1012 43.9268 3.9
      vertex 34.6871 45.4723 3.9
      vertex 34.7933 43.8655 3.9
    endloop
  endfacet
  facet normal -0 0 1
    outer loop
      vertex 34.5844 45.4518 3.9
      vertex 34.7933 43.8655 3.9
      vertex 34.6871 45.4723 3.9
    endloop
  endfacet
  facet normal -0 0 1
    outer loop
      vertex 34.48 45.445 3.9
      vertex 34.7933 43.8655 3.9
      vertex 34.5844 45.4518 3.9
    endloop
  endfacet
  facet normal 0 0 1
    outer loop
      vertex 34.48 45.445 3.9
      vertex 34.48 43.845 3.9
      vertex 34.7933 43.8655 3.9
    endloop
  endfacet
  facet normal 0 0 1
    outer loop
      vertex 34.3756 45.4518 3.9
      vertex 34.48 43.845 3.9
      vertex 34.48 45.445 3.9
    endloop
  endfacet
  facet normal 0 0 1
    outer loop
      vertex 34.1667 43.8655 3.9
      vertex 34.3756 45.4518 3.9
      vertex 34.2729 45.4723 3.9
    endloop
  endfacet
  facet normal 0 0 1
    outer loop
      vertex 33.8588 43.9268 3.9
      vertex 34.2729 45.4723 3.9
      vertex 34.1739 45.5059 3.9
    endloop
  endfacet
  facet normal 0 0 1
    outer loop
      vertex 34.3756 45.4518 3.9
      vertex 34.1667 43.8655 3.9
      vertex 34.48 43.845 3.9
    endloop
  endfacet
  facet normal 0 0 1
    outer loop
      vertex 33.5616 44.0277 3.9
      vertex 34.1739 45.5059 3.9
      vertex 34.08 45.5522 3.9
    endloop
  endfacet
  facet normal 0 0 1
    outer loop
      vertex 33.28 44.1665 3.9
      vertex 34.08 45.5522 3.9
      vertex 33.993 45.6103 3.9
    endloop
  endfacet
  facet normal 0 0 1
    outer loop
      vertex 33.019 44.341 3.9
      vertex 33.993 45.6103 3.9
      vertex 33.9143 45.6793 3.9
    endloop
  endfacet
  facet normal 0 0 1
    outer loop
      vertex 34.2729 45.4723 3.9
      vertex 33.8588 43.9268 3.9
      vertex 34.1667 43.8655 3.9
    endloop
  endfacet
  facet normal 0 0 1
    outer loop
      vertex 32.7829 44.5479 3.9
      vertex 33.9143 45.6793 3.9
      vertex 33.8453 45.758 3.9
    endloop
  endfacet
  facet normal 0 0 1
    outer loop
      vertex 32.576 44.784 3.9
      vertex 33.8453 45.758 3.9
      vertex 33.7872 45.845 3.9
    endloop
  endfacet
  facet normal 0 0 1
    outer loop
      vertex 32.4015 45.045 3.9
      vertex 33.7872 45.845 3.9
      vertex 33.7409 45.9389 3.9
    endloop
  endfacet
  facet normal 0 0 1
    outer loop
      vertex 32.2627 45.3266 3.9
      vertex 33.7409 45.9389 3.9
      vertex 33.7073 46.0379 3.9
    endloop
  endfacet
  facet normal 0 0 1
    outer loop
      vertex 32.1618 45.6238 3.9
      vertex 33.7073 46.0379 3.9
      vertex 33.6868 46.1406 3.9
    endloop
  endfacet
  facet normal 0 0 1
    outer loop
      vertex 34.1739 45.5059 3.9
      vertex 33.5616 44.0277 3.9
      vertex 33.8588 43.9268 3.9
    endloop
  endfacet
  facet normal 0 0 1
    outer loop
      vertex 32.1005 45.9317 3.9
      vertex 33.6868 46.1406 3.9
      vertex 33.68 46.245 3.9
    endloop
  endfacet
  facet normal -0 0 1
    outer loop
      vertex 32.4015 47.445 3.9
      vertex 33.7872 46.645 3.9
      vertex 32.576 47.706 3.9
    endloop
  endfacet
  facet normal 0 0 1
    outer loop
      vertex 33.7872 46.645 3.9
      vertex 32.4015 47.445 3.9
      vertex 33.7409 46.5511 3.9
    endloop
  endfacet
  facet normal 0 0 1
    outer loop
      vertex 34.08 45.5522 3.9
      vertex 33.28 44.1665 3.9
      vertex 33.5616 44.0277 3.9
    endloop
  endfacet
  facet normal -0 0 1
    outer loop
      vertex 32.2627 47.1634 3.9
      vertex 33.7409 46.5511 3.9
      vertex 32.4015 47.445 3.9
    endloop
  endfacet
  facet normal 0 0 1
    outer loop
      vertex 33.993 45.6103 3.9
      vertex 33.019 44.341 3.9
      vertex 33.28 44.1665 3.9
    endloop
  endfacet
  facet normal 0 0 1
    outer loop
      vertex 33.7409 46.5511 3.9
      vertex 32.2627 47.1634 3.9
      vertex 33.7073 46.4521 3.9
    endloop
  endfacet
  facet normal 0 0 1
    outer loop
      vertex 33.9143 45.6793 3.9
      vertex 32.7829 44.5479 3.9
      vertex 33.019 44.341 3.9
    endloop
  endfacet
  facet normal -0 0 1
    outer loop
      vertex 32.1618 46.8662 3.9
      vertex 33.7073 46.4521 3.9
      vertex 32.2627 47.1634 3.9
    endloop
  endfacet
  facet normal 0 0 1
    outer loop
      vertex 33.8453 45.758 3.9
      vertex 32.576 44.784 3.9
      vertex 32.7829 44.5479 3.9
    endloop
  endfacet
  facet normal 0 0 1
    outer loop
      vertex 33.7073 46.4521 3.9
      vertex 32.1618 46.8662 3.9
      vertex 33.6868 46.3494 3.9
    endloop
  endfacet
  facet normal 0 0 1
    outer loop
      vertex 33.7872 45.845 3.9
      vertex 32.4015 45.045 3.9
      vertex 32.576 44.784 3.9
    endloop
  endfacet
  facet normal -0 0 1
    outer loop
      vertex 32.1005 46.5583 3.9
      vertex 33.6868 46.3494 3.9
      vertex 32.1618 46.8662 3.9
    endloop
  endfacet
  facet normal 0 0 1
    outer loop
      vertex 33.7409 45.9389 3.9
      vertex 32.2627 45.3266 3.9
      vertex 32.4015 45.045 3.9
    endloop
  endfacet
  facet normal 0 0 1
    outer loop
      vertex 33.6868 46.3494 3.9
      vertex 32.1005 46.5583 3.9
      vertex 33.68 46.245 3.9
    endloop
  endfacet
  facet normal 0 0 1
    outer loop
      vertex 33.7073 46.0379 3.9
      vertex 32.1618 45.6238 3.9
      vertex 32.2627 45.3266 3.9
    endloop
  endfacet
  facet normal 0 0 1
    outer loop
      vertex 32.08 46.245 3.9
      vertex 33.68 46.245 3.9
      vertex 32.1005 46.5583 3.9
    endloop
  endfacet
  facet normal 0 0 1
    outer loop
      vertex 33.6868 46.1406 3.9
      vertex 32.1005 45.9317 3.9
      vertex 32.1618 45.6238 3.9
    endloop
  endfacet
  facet normal 0 0 1
    outer loop
      vertex 33.68 46.245 3.9
      vertex 32.08 46.245 3.9
      vertex 32.1005 45.9317 3.9
    endloop
  endfacet
  facet normal -0.831315 -0.555802 0
    outer loop
      vertex 32.576 44.784 2.4
      vertex 32.4015 45.045 3.9
      vertex 32.4015 45.045 2.4
    endloop
  endfacet
  facet normal -0.831315 -0.555802 0
    outer loop
      vertex 32.4015 45.045 3.9
      vertex 32.576 44.784 2.4
      vertex 32.576 44.784 3.9
    endloop
  endfacet
  facet normal -0.32148 -0.946916 0
    outer loop
      vertex 33.5616 44.0277 2.4
      vertex 33.8588 43.9268 3.9
      vertex 33.5616 44.0277 3.9
    endloop
  endfacet
  facet normal -0.32148 -0.946916 -0
    outer loop
      vertex 33.8588 43.9268 3.9
      vertex 33.5616 44.0277 2.4
      vertex 33.8588 43.9268 2.4
    endloop
  endfacet
  facet normal -0.896961 -0.44211 0
    outer loop
      vertex 32.4015 45.045 2.4
      vertex 32.2627 45.3266 3.9
      vertex 32.2627 45.3266 2.4
    endloop
  endfacet
  facet normal -0.896961 -0.44211 0
    outer loop
      vertex 32.2627 45.3266 3.9
      vertex 32.4015 45.045 2.4
      vertex 32.4015 45.045 3.9
    endloop
  endfacet
  facet normal -0.195258 0.980752 0
    outer loop
      vertex 34.1667 48.6245 2.4
      vertex 33.8588 48.5632 3.9
      vertex 34.1667 48.6245 3.9
    endloop
  endfacet
  facet normal -0.195258 0.980752 0
    outer loop
      vertex 33.8588 48.5632 3.9
      vertex 34.1667 48.6245 2.4
      vertex 33.8588 48.5632 2.4
    endloop
  endfacet
  facet normal -0.555802 0.831315 0
    outer loop
      vertex 33.28 48.3235 2.4
      vertex 33.019 48.149 3.9
      vertex 33.28 48.3235 3.9
    endloop
  endfacet
  facet normal -0.555802 0.831315 0
    outer loop
      vertex 33.019 48.149 3.9
      vertex 33.28 48.3235 2.4
      vertex 33.019 48.149 2.4
    endloop
  endfacet
  facet normal -0.32148 -0.946916 0
    outer loop
      vertex 33.5616 60.5377 2.4
      vertex 33.8588 60.4368 3.9
      vertex 33.5616 60.5377 3.9
    endloop
  endfacet
  facet normal -0.32148 -0.946916 -0
    outer loop
      vertex 33.8588 60.4368 3.9
      vertex 33.5616 60.5377 2.4
      vertex 33.8588 60.4368 2.4
    endloop
  endfacet
  facet normal 0.980752 0.195258 0
    outer loop
      vertex 36.8595 63.0683 3.9
      vertex 36.7982 63.3762 2.4
      vertex 36.7982 63.3762 3.9
    endloop
  endfacet
  facet normal 0.980752 0.195258 0
    outer loop
      vertex 36.7982 63.3762 2.4
      vertex 36.8595 63.0683 3.9
      vertex 36.8595 63.0683 2.4
    endloop
  endfacet
  facet normal 0.997866 0.0652929 0
    outer loop
      vertex 36.88 62.755 3.9
      vertex 36.8595 63.0683 2.4
      vertex 36.8595 63.0683 3.9
    endloop
  endfacet
  facet normal 0.997866 0.0652929 0
    outer loop
      vertex 36.8595 63.0683 2.4
      vertex 36.88 62.755 3.9
      vertex 36.88 62.755 2.4
    endloop
  endfacet
  facet normal 0.946916 0.32148 0
    outer loop
      vertex 36.7982 63.3762 3.9
      vertex 36.6973 63.6734 2.4
      vertex 36.6973 63.6734 3.9
    endloop
  endfacet
  facet normal 0.946916 0.32148 0
    outer loop
      vertex 36.6973 63.6734 2.4
      vertex 36.7982 63.3762 3.9
      vertex 36.7982 63.3762 2.4
    endloop
  endfacet
  facet normal 0.831315 -0.555802 0
    outer loop
      vertex 36.384 61.294 3.9
      vertex 36.5585 61.555 2.4
      vertex 36.5585 61.555 3.9
    endloop
  endfacet
  facet normal 0.831315 -0.555802 0
    outer loop
      vertex 36.5585 61.555 2.4
      vertex 36.384 61.294 3.9
      vertex 36.384 61.294 2.4
    endloop
  endfacet
  facet normal -0.831315 -0.555802 0
    outer loop
      vertex 32.576 61.294 2.4
      vertex 32.4015 61.555 3.9
      vertex 32.4015 61.555 2.4
    endloop
  endfacet
  facet normal -0.831315 -0.555802 0
    outer loop
      vertex 32.4015 61.555 3.9
      vertex 32.576 61.294 2.4
      vertex 32.576 61.294 3.9
    endloop
  endfacet
  facet normal 0.980752 -0.195258 0
    outer loop
      vertex 36.7982 62.1338 3.9
      vertex 36.8595 62.4417 2.4
      vertex 36.8595 62.4417 3.9
    endloop
  endfacet
  facet normal 0.980752 -0.195258 0
    outer loop
      vertex 36.8595 62.4417 2.4
      vertex 36.7982 62.1338 3.9
      vertex 36.7982 62.1338 2.4
    endloop
  endfacet
  facet normal -0.980752 0.195258 0
    outer loop
      vertex 32.1005 63.0683 2.4
      vertex 32.1618 63.3762 3.9
      vertex 32.1618 63.3762 2.4
    endloop
  endfacet
  facet normal -0.980752 0.195258 0
    outer loop
      vertex 32.1618 63.3762 3.9
      vertex 32.1005 63.0683 2.4
      vertex 32.1005 63.0683 3.9
    endloop
  endfacet
  facet normal 0.195258 0.980752 -0
    outer loop
      vertex 35.1012 65.0732 2.4
      vertex 34.7933 65.1345 3.9
      vertex 35.1012 65.0732 3.9
    endloop
  endfacet
  facet normal 0.195258 0.980752 0
    outer loop
      vertex 34.7933 65.1345 3.9
      vertex 35.1012 65.0732 2.4
      vertex 34.7933 65.1345 2.4
    endloop
  endfacet
  facet normal 0.946916 -0.32148 0
    outer loop
      vertex 36.6973 61.8366 3.9
      vertex 36.7982 62.1338 2.4
      vertex 36.7982 62.1338 3.9
    endloop
  endfacet
  facet normal 0.946916 -0.32148 0
    outer loop
      vertex 36.7982 62.1338 2.4
      vertex 36.6973 61.8366 3.9
      vertex 36.6973 61.8366 2.4
    endloop
  endfacet
  facet normal 0.0652929 0.997866 -0
    outer loop
      vertex 34.7933 65.1345 2.4
      vertex 34.48 65.155 3.9
      vertex 34.7933 65.1345 3.9
    endloop
  endfacet
  facet normal 0.0652929 0.997866 0
    outer loop
      vertex 34.48 65.155 3.9
      vertex 34.7933 65.1345 2.4
      vertex 34.48 65.155 2.4
    endloop
  endfacet
  facet normal -0.32148 0.946916 0
    outer loop
      vertex 33.8588 65.0732 2.4
      vertex 33.5616 64.9723 3.9
      vertex 33.8588 65.0732 3.9
    endloop
  endfacet
  facet normal -0.32148 0.946916 0
    outer loop
      vertex 33.5616 64.9723 3.9
      vertex 33.8588 65.0732 2.4
      vertex 33.5616 64.9723 2.4
    endloop
  endfacet
  facet normal 0.44211 -0.896961 0
    outer loop
      vertex 35.3984 60.5377 2.4
      vertex 35.68 60.6765 3.9
      vertex 35.3984 60.5377 3.9
    endloop
  endfacet
  facet normal 0.44211 -0.896961 0
    outer loop
      vertex 35.68 60.6765 3.9
      vertex 35.3984 60.5377 2.4
      vertex 35.68 60.6765 2.4
    endloop
  endfacet
  facet normal 0.32148 -0.946916 0
    outer loop
      vertex 35.1012 60.4368 2.4
      vertex 35.3984 60.5377 3.9
      vertex 35.1012 60.4368 3.9
    endloop
  endfacet
  facet normal 0.32148 -0.946916 0
    outer loop
      vertex 35.3984 60.5377 3.9
      vertex 35.1012 60.4368 2.4
      vertex 35.3984 60.5377 2.4
    endloop
  endfacet
  facet normal -0.659068 -0.752083 0
    outer loop
      vertex 32.7829 61.0579 2.4
      vertex 33.019 60.851 3.9
      vertex 32.7829 61.0579 3.9
    endloop
  endfacet
  facet normal -0.659068 -0.752083 -0
    outer loop
      vertex 33.019 60.851 3.9
      vertex 32.7829 61.0579 2.4
      vertex 33.019 60.851 2.4
    endloop
  endfacet
  facet normal -0.980752 -0.195258 0
    outer loop
      vertex 32.1618 62.1338 2.4
      vertex 32.1005 62.4417 3.9
      vertex 32.1005 62.4417 2.4
    endloop
  endfacet
  facet normal -0.980752 -0.195258 0
    outer loop
      vertex 32.1005 62.4417 3.9
      vertex 32.1618 62.1338 2.4
      vertex 32.1618 62.1338 3.9
    endloop
  endfacet
  facet normal -0.752083 -0.659068 0
    outer loop
      vertex 32.7829 61.0579 2.4
      vertex 32.576 61.294 3.9
      vertex 32.576 61.294 2.4
    endloop
  endfacet
  facet normal -0.752083 -0.659068 0
    outer loop
      vertex 32.576 61.294 3.9
      vertex 32.7829 61.0579 2.4
      vertex 32.7829 61.0579 3.9
    endloop
  endfacet
  facet normal -0.831315 0.555802 0
    outer loop
      vertex 32.4015 63.955 2.4
      vertex 32.576 64.216 3.9
      vertex 32.576 64.216 2.4
    endloop
  endfacet
  facet normal -0.831315 0.555802 0
    outer loop
      vertex 32.576 64.216 3.9
      vertex 32.4015 63.955 2.4
      vertex 32.4015 63.955 3.9
    endloop
  endfacet
  facet normal -0.44211 0.896961 0
    outer loop
      vertex 33.5616 64.9723 2.4
      vertex 33.28 64.8335 3.9
      vertex 33.5616 64.9723 3.9
    endloop
  endfacet
  facet normal -0.44211 0.896961 0
    outer loop
      vertex 33.28 64.8335 3.9
      vertex 33.5616 64.9723 2.4
      vertex 33.28 64.8335 2.4
    endloop
  endfacet
  facet normal -0.555802 0.831315 0
    outer loop
      vertex 33.28 64.8335 2.4
      vertex 33.019 64.659 3.9
      vertex 33.28 64.8335 3.9
    endloop
  endfacet
  facet normal -0.555802 0.831315 0
    outer loop
      vertex 33.019 64.659 3.9
      vertex 33.28 64.8335 2.4
      vertex 33.019 64.659 2.4
    endloop
  endfacet
  facet normal 0.659068 0.752083 -0
    outer loop
      vertex 36.1771 64.4521 2.4
      vertex 35.941 64.659 3.9
      vertex 36.1771 64.4521 3.9
    endloop
  endfacet
  facet normal 0.659068 0.752083 0
    outer loop
      vertex 35.941 64.659 3.9
      vertex 36.1771 64.4521 2.4
      vertex 35.941 64.659 2.4
    endloop
  endfacet
  facet normal 0.555802 -0.831315 0
    outer loop
      vertex 35.68 60.6765 2.4
      vertex 35.941 60.851 3.9
      vertex 35.68 60.6765 3.9
    endloop
  endfacet
  facet normal 0.555802 -0.831315 0
    outer loop
      vertex 35.941 60.851 3.9
      vertex 35.68 60.6765 2.4
      vertex 35.941 60.851 2.4
    endloop
  endfacet
  facet normal 0.997866 -0.0652929 0
    outer loop
      vertex 36.8595 62.4417 3.9
      vertex 36.88 62.755 2.4
      vertex 36.88 62.755 3.9
    endloop
  endfacet
  facet normal 0.997866 -0.0652929 0
    outer loop
      vertex 36.88 62.755 2.4
      vertex 36.8595 62.4417 3.9
      vertex 36.8595 62.4417 2.4
    endloop
  endfacet
  facet normal 0.44211 0.896961 -0
    outer loop
      vertex 35.68 64.8335 2.4
      vertex 35.3984 64.9723 3.9
      vertex 35.68 64.8335 3.9
    endloop
  endfacet
  facet normal 0.44211 0.896961 0
    outer loop
      vertex 35.3984 64.9723 3.9
      vertex 35.68 64.8335 2.4
      vertex 35.3984 64.9723 2.4
    endloop
  endfacet
  facet normal 0.752083 0.659068 0
    outer loop
      vertex 36.384 64.216 3.9
      vertex 36.1771 64.4521 2.4
      vertex 36.1771 64.4521 3.9
    endloop
  endfacet
  facet normal 0.752083 0.659068 0
    outer loop
      vertex 36.1771 64.4521 2.4
      vertex 36.384 64.216 3.9
      vertex 36.384 64.216 2.4
    endloop
  endfacet
  facet normal -0.946916 -0.32148 0
    outer loop
      vertex 32.2627 61.8366 2.4
      vertex 32.1618 62.1338 3.9
      vertex 32.1618 62.1338 2.4
    endloop
  endfacet
  facet normal -0.946916 -0.32148 0
    outer loop
      vertex 32.1618 62.1338 3.9
      vertex 32.2627 61.8366 2.4
      vertex 32.2627 61.8366 3.9
    endloop
  endfacet
  facet normal -0.0652929 0.997866 0
    outer loop
      vertex 34.48 65.155 2.4
      vertex 34.1667 65.1345 3.9
      vertex 34.48 65.155 3.9
    endloop
  endfacet
  facet normal -0.0652929 0.997866 0
    outer loop
      vertex 34.1667 65.1345 3.9
      vertex 34.48 65.155 2.4
      vertex 34.1667 65.1345 2.4
    endloop
  endfacet
  facet normal 0.659068 -0.752083 0
    outer loop
      vertex 35.941 60.851 2.4
      vertex 36.1771 61.0579 3.9
      vertex 35.941 60.851 3.9
    endloop
  endfacet
  facet normal 0.659068 -0.752083 0
    outer loop
      vertex 36.1771 61.0579 3.9
      vertex 35.941 60.851 2.4
      vertex 36.1771 61.0579 2.4
    endloop
  endfacet
  facet normal 0.0652929 -0.997866 0
    outer loop
      vertex 34.48 60.355 2.4
      vertex 34.7933 60.3755 3.9
      vertex 34.48 60.355 3.9
    endloop
  endfacet
  facet normal 0.0652929 -0.997866 0
    outer loop
      vertex 34.7933 60.3755 3.9
      vertex 34.48 60.355 2.4
      vertex 34.7933 60.3755 2.4
    endloop
  endfacet
  facet normal 0.195258 -0.980752 0
    outer loop
      vertex 34.7933 60.3755 2.4
      vertex 35.1012 60.4368 3.9
      vertex 34.7933 60.3755 3.9
    endloop
  endfacet
  facet normal 0.195258 -0.980752 0
    outer loop
      vertex 35.1012 60.4368 3.9
      vertex 34.7933 60.3755 2.4
      vertex 35.1012 60.4368 2.4
    endloop
  endfacet
  facet normal -0.0652929 -0.997866 0
    outer loop
      vertex 34.1667 60.3755 2.4
      vertex 34.48 60.355 3.9
      vertex 34.1667 60.3755 3.9
    endloop
  endfacet
  facet normal -0.0652929 -0.997866 -0
    outer loop
      vertex 34.48 60.355 3.9
      vertex 34.1667 60.3755 2.4
      vertex 34.48 60.355 2.4
    endloop
  endfacet
  facet normal -0.659068 0.752083 0
    outer loop
      vertex 33.019 64.659 2.4
      vertex 32.7829 64.4521 3.9
      vertex 33.019 64.659 3.9
    endloop
  endfacet
  facet normal -0.659068 0.752083 0
    outer loop
      vertex 32.7829 64.4521 3.9
      vertex 33.019 64.659 2.4
      vertex 32.7829 64.4521 2.4
    endloop
  endfacet
  facet normal 0.896961 0.44211 0
    outer loop
      vertex 36.6973 63.6734 3.9
      vertex 36.5585 63.955 2.4
      vertex 36.5585 63.955 3.9
    endloop
  endfacet
  facet normal 0.896961 0.44211 0
    outer loop
      vertex 36.5585 63.955 2.4
      vertex 36.6973 63.6734 3.9
      vertex 36.6973 63.6734 2.4
    endloop
  endfacet
  facet normal 0.831315 0.555802 0
    outer loop
      vertex 36.5585 63.955 3.9
      vertex 36.384 64.216 2.4
      vertex 36.384 64.216 3.9
    endloop
  endfacet
  facet normal 0.831315 0.555802 0
    outer loop
      vertex 36.384 64.216 2.4
      vertex 36.5585 63.955 3.9
      vertex 36.5585 63.955 2.4
    endloop
  endfacet
  facet normal 0.752083 -0.659068 0
    outer loop
      vertex 36.1771 61.0579 3.9
      vertex 36.384 61.294 2.4
      vertex 36.384 61.294 3.9
    endloop
  endfacet
  facet normal 0.752083 -0.659068 0
    outer loop
      vertex 36.384 61.294 2.4
      vertex 36.1771 61.0579 3.9
      vertex 36.1771 61.0579 2.4
    endloop
  endfacet
  facet normal -0.555802 -0.831315 0
    outer loop
      vertex 33.019 60.851 2.4
      vertex 33.28 60.6765 3.9
      vertex 33.019 60.851 3.9
    endloop
  endfacet
  facet normal -0.555802 -0.831315 -0
    outer loop
      vertex 33.28 60.6765 3.9
      vertex 33.019 60.851 2.4
      vertex 33.28 60.6765 2.4
    endloop
  endfacet
  facet normal -0.752083 0.659068 0
    outer loop
      vertex 32.576 64.216 2.4
      vertex 32.7829 64.4521 3.9
      vertex 32.7829 64.4521 2.4
    endloop
  endfacet
  facet normal -0.752083 0.659068 0
    outer loop
      vertex 32.7829 64.4521 3.9
      vertex 32.576 64.216 2.4
      vertex 32.576 64.216 3.9
    endloop
  endfacet
  facet normal -0.997866 -0.0652929 0
    outer loop
      vertex 32.1005 62.4417 2.4
      vertex 32.08 62.755 3.9
      vertex 32.08 62.755 2.4
    endloop
  endfacet
  facet normal -0.997866 -0.0652929 0
    outer loop
      vertex 32.08 62.755 3.9
      vertex 32.1005 62.4417 2.4
      vertex 32.1005 62.4417 3.9
    endloop
  endfacet
  facet normal 0.896961 -0.44211 0
    outer loop
      vertex 36.5585 61.555 3.9
      vertex 36.6973 61.8366 2.4
      vertex 36.6973 61.8366 3.9
    endloop
  endfacet
  facet normal 0.896961 -0.44211 0
    outer loop
      vertex 36.6973 61.8366 2.4
      vertex 36.5585 61.555 3.9
      vertex 36.5585 61.555 2.4
    endloop
  endfacet
  facet normal -0.946916 0.32148 0
    outer loop
      vertex 32.1618 63.3762 2.4
      vertex 32.2627 63.6734 3.9
      vertex 32.2627 63.6734 2.4
    endloop
  endfacet
  facet normal -0.946916 0.32148 0
    outer loop
      vertex 32.2627 63.6734 3.9
      vertex 32.1618 63.3762 2.4
      vertex 32.1618 63.3762 3.9
    endloop
  endfacet
  facet normal 0.555802 0.831315 -0
    outer loop
      vertex 35.941 64.659 2.4
      vertex 35.68 64.8335 3.9
      vertex 35.941 64.659 3.9
    endloop
  endfacet
  facet normal 0.555802 0.831315 0
    outer loop
      vertex 35.68 64.8335 3.9
      vertex 35.941 64.659 2.4
      vertex 35.68 64.8335 2.4
    endloop
  endfacet
  facet normal 0.32148 0.946916 -0
    outer loop
      vertex 35.3984 64.9723 2.4
      vertex 35.1012 65.0732 3.9
      vertex 35.3984 64.9723 3.9
    endloop
  endfacet
  facet normal 0.32148 0.946916 0
    outer loop
      vertex 35.1012 65.0732 3.9
      vertex 35.3984 64.9723 2.4
      vertex 35.1012 65.0732 2.4
    endloop
  endfacet
  facet normal -0.195258 0.980752 0
    outer loop
      vertex 34.1667 65.1345 2.4
      vertex 33.8588 65.0732 3.9
      vertex 34.1667 65.1345 3.9
    endloop
  endfacet
  facet normal -0.195258 0.980752 0
    outer loop
      vertex 33.8588 65.0732 3.9
      vertex 34.1667 65.1345 2.4
      vertex 33.8588 65.0732 2.4
    endloop
  endfacet
  facet normal -0.997866 0.0652929 0
    outer loop
      vertex 32.08 62.755 2.4
      vertex 32.1005 63.0683 3.9
      vertex 32.1005 63.0683 2.4
    endloop
  endfacet
  facet normal -0.997866 0.0652929 0
    outer loop
      vertex 32.1005 63.0683 3.9
      vertex 32.08 62.755 2.4
      vertex 32.08 62.755 3.9
    endloop
  endfacet
  facet normal -0.195258 -0.980752 0
    outer loop
      vertex 33.8588 60.4368 2.4
      vertex 34.1667 60.3755 3.9
      vertex 33.8588 60.4368 3.9
    endloop
  endfacet
  facet normal -0.195258 -0.980752 -0
    outer loop
      vertex 34.1667 60.3755 3.9
      vertex 33.8588 60.4368 2.4
      vertex 34.1667 60.3755 2.4
    endloop
  endfacet
  facet normal -0.896961 0.44211 0
    outer loop
      vertex 32.2627 63.6734 2.4
      vertex 32.4015 63.955 3.9
      vertex 32.4015 63.955 2.4
    endloop
  endfacet
  facet normal -0.896961 0.44211 0
    outer loop
      vertex 32.4015 63.955 3.9
      vertex 32.2627 63.6734 2.4
      vertex 32.2627 63.6734 3.9
    endloop
  endfacet
  facet normal -0.44211 -0.896961 0
    outer loop
      vertex 33.28 60.6765 2.4
      vertex 33.5616 60.5377 3.9
      vertex 33.28 60.6765 3.9
    endloop
  endfacet
  facet normal -0.44211 -0.896961 -0
    outer loop
      vertex 33.5616 60.5377 3.9
      vertex 33.28 60.6765 2.4
      vertex 33.5616 60.5377 2.4
    endloop
  endfacet
  facet normal -0.896961 -0.44211 0
    outer loop
      vertex 32.4015 61.555 2.4
      vertex 32.2627 61.8366 3.9
      vertex 32.2627 61.8366 2.4
    endloop
  endfacet
  facet normal -0.896961 -0.44211 0
    outer loop
      vertex 32.2627 61.8366 3.9
      vertex 32.4015 61.555 2.4
      vertex 32.4015 61.555 3.9
    endloop
  endfacet
  facet normal 0 0 1
    outer loop
      vertex 35.28 62.755 3.9
      vertex 36.88 62.755 3.9
      vertex 36.8595 63.0683 3.9
    endloop
  endfacet
  facet normal 0 0 1
    outer loop
      vertex 35.2732 62.8594 3.9
      vertex 36.8595 63.0683 3.9
      vertex 36.7982 63.3762 3.9
    endloop
  endfacet
  facet normal 0 0 1
    outer loop
      vertex 36.88 62.755 3.9
      vertex 35.28 62.755 3.9
      vertex 36.8595 62.4417 3.9
    endloop
  endfacet
  facet normal 0 0 1
    outer loop
      vertex 35.2527 62.9621 3.9
      vertex 36.7982 63.3762 3.9
      vertex 36.6973 63.6734 3.9
    endloop
  endfacet
  facet normal -0 0 1
    outer loop
      vertex 35.2732 62.6506 3.9
      vertex 36.8595 62.4417 3.9
      vertex 35.28 62.755 3.9
    endloop
  endfacet
  facet normal 0 0 1
    outer loop
      vertex 35.2191 63.0611 3.9
      vertex 36.6973 63.6734 3.9
      vertex 36.5585 63.955 3.9
    endloop
  endfacet
  facet normal 0 0 1
    outer loop
      vertex 36.8595 62.4417 3.9
      vertex 35.2732 62.6506 3.9
      vertex 36.7982 62.1338 3.9
    endloop
  endfacet
  facet normal 0 0 1
    outer loop
      vertex 35.1728 63.155 3.9
      vertex 36.5585 63.955 3.9
      vertex 36.384 64.216 3.9
    endloop
  endfacet
  facet normal -0 0 1
    outer loop
      vertex 35.2527 62.5479 3.9
      vertex 36.7982 62.1338 3.9
      vertex 35.2732 62.6506 3.9
    endloop
  endfacet
  facet normal 0 0 1
    outer loop
      vertex 35.1147 63.242 3.9
      vertex 36.384 64.216 3.9
      vertex 36.1771 64.4521 3.9
    endloop
  endfacet
  facet normal 0 0 1
    outer loop
      vertex 36.7982 62.1338 3.9
      vertex 35.2527 62.5479 3.9
      vertex 36.6973 61.8366 3.9
    endloop
  endfacet
  facet normal 0 0 1
    outer loop
      vertex 35.0457 63.3207 3.9
      vertex 36.1771 64.4521 3.9
      vertex 35.941 64.659 3.9
    endloop
  endfacet
  facet normal -0 0 1
    outer loop
      vertex 35.2191 62.4489 3.9
      vertex 36.6973 61.8366 3.9
      vertex 35.2527 62.5479 3.9
    endloop
  endfacet
  facet normal 0 0 1
    outer loop
      vertex 34.967 63.3897 3.9
      vertex 35.941 64.659 3.9
      vertex 35.68 64.8335 3.9
    endloop
  endfacet
  facet normal 0 0 1
    outer loop
      vertex 36.6973 61.8366 3.9
      vertex 35.2191 62.4489 3.9
      vertex 36.5585 61.555 3.9
    endloop
  endfacet
  facet normal 0 0 1
    outer loop
      vertex 34.88 63.4478 3.9
      vertex 35.68 64.8335 3.9
      vertex 35.3984 64.9723 3.9
    endloop
  endfacet
  facet normal -0 0 1
    outer loop
      vertex 35.1728 62.355 3.9
      vertex 36.5585 61.555 3.9
      vertex 35.2191 62.4489 3.9
    endloop
  endfacet
  facet normal 0 0 1
    outer loop
      vertex 36.5585 61.555 3.9
      vertex 35.1728 62.355 3.9
      vertex 36.384 61.294 3.9
    endloop
  endfacet
  facet normal 0 0 1
    outer loop
      vertex 36.8595 63.0683 3.9
      vertex 35.2732 62.8594 3.9
      vertex 35.28 62.755 3.9
    endloop
  endfacet
  facet normal 0 0 1
    outer loop
      vertex 36.7982 63.3762 3.9
      vertex 35.2527 62.9621 3.9
      vertex 35.2732 62.8594 3.9
    endloop
  endfacet
  facet normal 0 0 1
    outer loop
      vertex 36.6973 63.6734 3.9
      vertex 35.2191 63.0611 3.9
      vertex 35.2527 62.9621 3.9
    endloop
  endfacet
  facet normal 0 0 1
    outer loop
      vertex 36.5585 63.955 3.9
      vertex 35.1728 63.155 3.9
      vertex 35.2191 63.0611 3.9
    endloop
  endfacet
  facet normal 0 0 1
    outer loop
      vertex 36.384 64.216 3.9
      vertex 35.1147 63.242 3.9
      vertex 35.1728 63.155 3.9
    endloop
  endfacet
  facet normal 0 0 1
    outer loop
      vertex 34.7861 63.4941 3.9
      vertex 35.3984 64.9723 3.9
      vertex 35.1012 65.0732 3.9
    endloop
  endfacet
  facet normal 0 0 1
    outer loop
      vertex 36.1771 64.4521 3.9
      vertex 35.0457 63.3207 3.9
      vertex 35.1147 63.242 3.9
    endloop
  endfacet
  facet normal 0 0 1
    outer loop
      vertex 35.941 64.659 3.9
      vertex 34.967 63.3897 3.9
      vertex 35.0457 63.3207 3.9
    endloop
  endfacet
  facet normal 0 0 1
    outer loop
      vertex 35.68 64.8335 3.9
      vertex 34.88 63.4478 3.9
      vertex 34.967 63.3897 3.9
    endloop
  endfacet
  facet normal 0 0 1
    outer loop
      vertex 34.6871 63.5277 3.9
      vertex 35.1012 65.0732 3.9
      vertex 34.7933 65.1345 3.9
    endloop
  endfacet
  facet normal 0 0 1
    outer loop
      vertex 35.3984 64.9723 3.9
      vertex 34.7861 63.4941 3.9
      vertex 34.88 63.4478 3.9
    endloop
  endfacet
  facet normal 0 0 1
    outer loop
      vertex 35.1012 65.0732 3.9
      vertex 34.6871 63.5277 3.9
      vertex 34.7861 63.4941 3.9
    endloop
  endfacet
  facet normal 0 0 1
    outer loop
      vertex 34.7933 65.1345 3.9
      vertex 34.5844 63.5482 3.9
      vertex 34.6871 63.5277 3.9
    endloop
  endfacet
  facet normal 0 0 1
    outer loop
      vertex 34.48 65.155 3.9
      vertex 34.5844 63.5482 3.9
      vertex 34.7933 65.1345 3.9
    endloop
  endfacet
  facet normal 0 0 1
    outer loop
      vertex 34.48 65.155 3.9
      vertex 34.48 63.555 3.9
      vertex 34.5844 63.5482 3.9
    endloop
  endfacet
  facet normal 0 0 1
    outer loop
      vertex 34.48 65.155 3.9
      vertex 34.3756 63.5482 3.9
      vertex 34.48 63.555 3.9
    endloop
  endfacet
  facet normal -0 0 1
    outer loop
      vertex 34.1667 65.1345 3.9
      vertex 34.3756 63.5482 3.9
      vertex 34.48 65.155 3.9
    endloop
  endfacet
  facet normal 0 0 1
    outer loop
      vertex 34.3756 63.5482 3.9
      vertex 34.1667 65.1345 3.9
      vertex 34.2729 63.5277 3.9
    endloop
  endfacet
  facet normal -0 0 1
    outer loop
      vertex 33.8588 65.0732 3.9
      vertex 34.2729 63.5277 3.9
      vertex 34.1667 65.1345 3.9
    endloop
  endfacet
  facet normal 0 0 1
    outer loop
      vertex 34.2729 63.5277 3.9
      vertex 33.8588 65.0732 3.9
      vertex 34.1739 63.4941 3.9
    endloop
  endfacet
  facet normal -0 0 1
    outer loop
      vertex 33.5616 64.9723 3.9
      vertex 34.1739 63.4941 3.9
      vertex 33.8588 65.0732 3.9
    endloop
  endfacet
  facet normal 0 0 1
    outer loop
      vertex 34.1739 63.4941 3.9
      vertex 33.5616 64.9723 3.9
      vertex 34.08 63.4478 3.9
    endloop
  endfacet
  facet normal -0 0 1
    outer loop
      vertex 33.28 64.8335 3.9
      vertex 34.08 63.4478 3.9
      vertex 33.5616 64.9723 3.9
    endloop
  endfacet
  facet normal 0 0 1
    outer loop
      vertex 34.08 63.4478 3.9
      vertex 33.28 64.8335 3.9
      vertex 33.993 63.3897 3.9
    endloop
  endfacet
  facet normal -0 0 1
    outer loop
      vertex 33.019 64.659 3.9
      vertex 33.993 63.3897 3.9
      vertex 33.28 64.8335 3.9
    endloop
  endfacet
  facet normal 0 0 1
    outer loop
      vertex 33.993 63.3897 3.9
      vertex 33.019 64.659 3.9
      vertex 33.9143 63.3207 3.9
    endloop
  endfacet
  facet normal -0 0 1
    outer loop
      vertex 32.7829 64.4521 3.9
      vertex 33.9143 63.3207 3.9
      vertex 33.019 64.659 3.9
    endloop
  endfacet
  facet normal 0 0 1
    outer loop
      vertex 33.9143 63.3207 3.9
      vertex 32.7829 64.4521 3.9
      vertex 33.8453 63.242 3.9
    endloop
  endfacet
  facet normal 0 0 1
    outer loop
      vertex 33.8453 63.242 3.9
      vertex 32.576 64.216 3.9
      vertex 33.7872 63.155 3.9
    endloop
  endfacet
  facet normal -0 0 1
    outer loop
      vertex 32.576 64.216 3.9
      vertex 33.8453 63.242 3.9
      vertex 32.7829 64.4521 3.9
    endloop
  endfacet
  facet normal -0 0 1
    outer loop
      vertex 35.1147 62.268 3.9
      vertex 36.384 61.294 3.9
      vertex 35.1728 62.355 3.9
    endloop
  endfacet
  facet normal 0 0 1
    outer loop
      vertex 36.384 61.294 3.9
      vertex 35.1147 62.268 3.9
      vertex 36.1771 61.0579 3.9
    endloop
  endfacet
  facet normal -0 0 1
    outer loop
      vertex 35.0457 62.1893 3.9
      vertex 36.1771 61.0579 3.9
      vertex 35.1147 62.268 3.9
    endloop
  endfacet
  facet normal 0 0 1
    outer loop
      vertex 36.1771 61.0579 3.9
      vertex 35.0457 62.1893 3.9
      vertex 35.941 60.851 3.9
    endloop
  endfacet
  facet normal -0 0 1
    outer loop
      vertex 34.967 62.1203 3.9
      vertex 35.941 60.851 3.9
      vertex 35.0457 62.1893 3.9
    endloop
  endfacet
  facet normal 0 0 1
    outer loop
      vertex 35.941 60.851 3.9
      vertex 34.967 62.1203 3.9
      vertex 35.68 60.6765 3.9
    endloop
  endfacet
  facet normal -0 0 1
    outer loop
      vertex 34.88 62.0622 3.9
      vertex 35.68 60.6765 3.9
      vertex 34.967 62.1203 3.9
    endloop
  endfacet
  facet normal 0 0 1
    outer loop
      vertex 35.68 60.6765 3.9
      vertex 34.88 62.0622 3.9
      vertex 35.3984 60.5377 3.9
    endloop
  endfacet
  facet normal -0 0 1
    outer loop
      vertex 34.7861 62.0159 3.9
      vertex 35.3984 60.5377 3.9
      vertex 34.88 62.0622 3.9
    endloop
  endfacet
  facet normal 0 0 1
    outer loop
      vertex 35.3984 60.5377 3.9
      vertex 34.7861 62.0159 3.9
      vertex 35.1012 60.4368 3.9
    endloop
  endfacet
  facet normal -0 0 1
    outer loop
      vertex 34.6871 61.9823 3.9
      vertex 35.1012 60.4368 3.9
      vertex 34.7861 62.0159 3.9
    endloop
  endfacet
  facet normal 0 0 1
    outer loop
      vertex 35.1012 60.4368 3.9
      vertex 34.6871 61.9823 3.9
      vertex 34.7933 60.3755 3.9
    endloop
  endfacet
  facet normal -0 0 1
    outer loop
      vertex 34.5844 61.9618 3.9
      vertex 34.7933 60.3755 3.9
      vertex 34.6871 61.9823 3.9
    endloop
  endfacet
  facet normal -0 0 1
    outer loop
      vertex 34.48 61.955 3.9
      vertex 34.7933 60.3755 3.9
      vertex 34.5844 61.9618 3.9
    endloop
  endfacet
  facet normal 0 0 1
    outer loop
      vertex 34.48 61.955 3.9
      vertex 34.48 60.355 3.9
      vertex 34.7933 60.3755 3.9
    endloop
  endfacet
  facet normal 0 0 1
    outer loop
      vertex 34.3756 61.9618 3.9
      vertex 34.48 60.355 3.9
      vertex 34.48 61.955 3.9
    endloop
  endfacet
  facet normal 0 0 1
    outer loop
      vertex 34.1667 60.3755 3.9
      vertex 34.3756 61.9618 3.9
      vertex 34.2729 61.9823 3.9
    endloop
  endfacet
  facet normal 0 0 1
    outer loop
      vertex 33.8588 60.4368 3.9
      vertex 34.2729 61.9823 3.9
      vertex 34.1739 62.0159 3.9
    endloop
  endfacet
  facet normal 0 0 1
    outer loop
      vertex 34.3756 61.9618 3.9
      vertex 34.1667 60.3755 3.9
      vertex 34.48 60.355 3.9
    endloop
  endfacet
  facet normal 0 0 1
    outer loop
      vertex 33.5616 60.5377 3.9
      vertex 34.1739 62.0159 3.9
      vertex 34.08 62.0622 3.9
    endloop
  endfacet
  facet normal 0 0 1
    outer loop
      vertex 33.28 60.6765 3.9
      vertex 34.08 62.0622 3.9
      vertex 33.993 62.1203 3.9
    endloop
  endfacet
  facet normal 0 0 1
    outer loop
      vertex 33.019 60.851 3.9
      vertex 33.993 62.1203 3.9
      vertex 33.9143 62.1893 3.9
    endloop
  endfacet
  facet normal 0 0 1
    outer loop
      vertex 34.2729 61.9823 3.9
      vertex 33.8588 60.4368 3.9
      vertex 34.1667 60.3755 3.9
    endloop
  endfacet
  facet normal 0 0 1
    outer loop
      vertex 32.7829 61.0579 3.9
      vertex 33.9143 62.1893 3.9
      vertex 33.8453 62.268 3.9
    endloop
  endfacet
  facet normal 0 0 1
    outer loop
      vertex 32.576 61.294 3.9
      vertex 33.8453 62.268 3.9
      vertex 33.7872 62.355 3.9
    endloop
  endfacet
  facet normal 0 0 1
    outer loop
      vertex 32.4015 61.555 3.9
      vertex 33.7872 62.355 3.9
      vertex 33.7409 62.4489 3.9
    endloop
  endfacet
  facet normal 0 0 1
    outer loop
      vertex 32.2627 61.8366 3.9
      vertex 33.7409 62.4489 3.9
      vertex 33.7073 62.5479 3.9
    endloop
  endfacet
  facet normal 0 0 1
    outer loop
      vertex 32.1618 62.1338 3.9
      vertex 33.7073 62.5479 3.9
      vertex 33.6868 62.6506 3.9
    endloop
  endfacet
  facet normal 0 0 1
    outer loop
      vertex 34.1739 62.0159 3.9
      vertex 33.5616 60.5377 3.9
      vertex 33.8588 60.4368 3.9
    endloop
  endfacet
  facet normal 0 0 1
    outer loop
      vertex 32.1005 62.4417 3.9
      vertex 33.6868 62.6506 3.9
      vertex 33.68 62.755 3.9
    endloop
  endfacet
  facet normal -0 0 1
    outer loop
      vertex 32.4015 63.955 3.9
      vertex 33.7872 63.155 3.9
      vertex 32.576 64.216 3.9
    endloop
  endfacet
  facet normal 0 0 1
    outer loop
      vertex 33.7872 63.155 3.9
      vertex 32.4015 63.955 3.9
      vertex 33.7409 63.0611 3.9
    endloop
  endfacet
  facet normal 0 0 1
    outer loop
      vertex 34.08 62.0622 3.9
      vertex 33.28 60.6765 3.9
      vertex 33.5616 60.5377 3.9
    endloop
  endfacet
  facet normal -0 0 1
    outer loop
      vertex 32.2627 63.6734 3.9
      vertex 33.7409 63.0611 3.9
      vertex 32.4015 63.955 3.9
    endloop
  endfacet
  facet normal 0 0 1
    outer loop
      vertex 33.993 62.1203 3.9
      vertex 33.019 60.851 3.9
      vertex 33.28 60.6765 3.9
    endloop
  endfacet
  facet normal 0 0 1
    outer loop
      vertex 33.7409 63.0611 3.9
      vertex 32.2627 63.6734 3.9
      vertex 33.7073 62.9621 3.9
    endloop
  endfacet
  facet normal 0 0 1
    outer loop
      vertex 33.9143 62.1893 3.9
      vertex 32.7829 61.0579 3.9
      vertex 33.019 60.851 3.9
    endloop
  endfacet
  facet normal -0 0 1
    outer loop
      vertex 32.1618 63.3762 3.9
      vertex 33.7073 62.9621 3.9
      vertex 32.2627 63.6734 3.9
    endloop
  endfacet
  facet normal 0 0 1
    outer loop
      vertex 33.8453 62.268 3.9
      vertex 32.576 61.294 3.9
      vertex 32.7829 61.0579 3.9
    endloop
  endfacet
  facet normal 0 0 1
    outer loop
      vertex 33.7073 62.9621 3.9
      vertex 32.1618 63.3762 3.9
      vertex 33.6868 62.8594 3.9
    endloop
  endfacet
  facet normal 0 0 1
    outer loop
      vertex 33.7872 62.355 3.9
      vertex 32.4015 61.555 3.9
      vertex 32.576 61.294 3.9
    endloop
  endfacet
  facet normal -0 0 1
    outer loop
      vertex 32.1005 63.0683 3.9
      vertex 33.6868 62.8594 3.9
      vertex 32.1618 63.3762 3.9
    endloop
  endfacet
  facet normal 0 0 1
    outer loop
      vertex 33.7409 62.4489 3.9
      vertex 32.2627 61.8366 3.9
      vertex 32.4015 61.555 3.9
    endloop
  endfacet
  facet normal 0 0 1
    outer loop
      vertex 33.6868 62.8594 3.9
      vertex 32.1005 63.0683 3.9
      vertex 33.68 62.755 3.9
    endloop
  endfacet
  facet normal 0 0 1
    outer loop
      vertex 33.7073 62.5479 3.9
      vertex 32.1618 62.1338 3.9
      vertex 32.2627 61.8366 3.9
    endloop
  endfacet
  facet normal 0 0 1
    outer loop
      vertex 32.08 62.755 3.9
      vertex 33.68 62.755 3.9
      vertex 32.1005 63.0683 3.9
    endloop
  endfacet
  facet normal 0 0 1
    outer loop
      vertex 33.6868 62.6506 3.9
      vertex 32.1005 62.4417 3.9
      vertex 32.1618 62.1338 3.9
    endloop
  endfacet
  facet normal 0 0 1
    outer loop
      vertex 33.68 62.755 3.9
      vertex 32.08 62.755 3.9
      vertex 32.1005 62.4417 3.9
    endloop
  endfacet
  facet normal 0.980752 0.195258 0
    outer loop
      vertex 57.8395 48.4633 3.9
      vertex 57.7782 48.7712 2.4
      vertex 57.7782 48.7712 3.9
    endloop
  endfacet
  facet normal 0.980752 0.195258 0
    outer loop
      vertex 57.7782 48.7712 2.4
      vertex 57.8395 48.4633 3.9
      vertex 57.8395 48.4633 2.4
    endloop
  endfacet
  facet normal 0.997866 0.0652929 0
    outer loop
      vertex 57.86 48.15 3.9
      vertex 57.8395 48.4633 2.4
      vertex 57.8395 48.4633 3.9
    endloop
  endfacet
  facet normal 0.997866 0.0652929 0
    outer loop
      vertex 57.8395 48.4633 2.4
      vertex 57.86 48.15 3.9
      vertex 57.86 48.15 2.4
    endloop
  endfacet
  facet normal 0.195258 -0.980752 0
    outer loop
      vertex 55.7733 45.7705 2.4
      vertex 56.0812 45.8318 3.9
      vertex 55.7733 45.7705 3.9
    endloop
  endfacet
  facet normal 0.195258 -0.980752 0
    outer loop
      vertex 56.0812 45.8318 3.9
      vertex 55.7733 45.7705 2.4
      vertex 56.0812 45.8318 2.4
    endloop
  endfacet
  facet normal 0.831315 0.555802 0
    outer loop
      vertex 57.5385 49.35 3.9
      vertex 57.364 49.611 2.4
      vertex 57.364 49.611 3.9
    endloop
  endfacet
  facet normal 0.831315 0.555802 0
    outer loop
      vertex 57.364 49.611 2.4
      vertex 57.5385 49.35 3.9
      vertex 57.5385 49.35 2.4
    endloop
  endfacet
  facet normal -0.555802 -0.831315 0
    outer loop
      vertex 53.999 46.246 2.4
      vertex 54.26 46.0715 3.9
      vertex 53.999 46.246 3.9
    endloop
  endfacet
  facet normal -0.555802 -0.831315 -0
    outer loop
      vertex 54.26 46.0715 3.9
      vertex 53.999 46.246 2.4
      vertex 54.26 46.0715 2.4
    endloop
  endfacet
  facet normal -0.946916 0.32148 0
    outer loop
      vertex 53.1418 48.7712 2.4
      vertex 53.2427 49.0684 3.9
      vertex 53.2427 49.0684 2.4
    endloop
  endfacet
  facet normal -0.946916 0.32148 0
    outer loop
      vertex 53.2427 49.0684 3.9
      vertex 53.1418 48.7712 2.4
      vertex 53.1418 48.7712 3.9
    endloop
  endfacet
  facet normal -0.659068 0.752083 0
    outer loop
      vertex 53.999 50.054 2.4
      vertex 53.7629 49.8471 3.9
      vertex 53.999 50.054 3.9
    endloop
  endfacet
  facet normal -0.659068 0.752083 0
    outer loop
      vertex 53.7629 49.8471 3.9
      vertex 53.999 50.054 2.4
      vertex 53.7629 49.8471 2.4
    endloop
  endfacet
  facet normal -0.44211 0.896961 0
    outer loop
      vertex 54.5416 50.3673 2.4
      vertex 54.26 50.2285 3.9
      vertex 54.5416 50.3673 3.9
    endloop
  endfacet
  facet normal -0.44211 0.896961 0
    outer loop
      vertex 54.26 50.2285 3.9
      vertex 54.5416 50.3673 2.4
      vertex 54.26 50.2285 2.4
    endloop
  endfacet
  facet normal 0.752083 0.659068 0
    outer loop
      vertex 57.364 49.611 3.9
      vertex 57.1571 49.8471 2.4
      vertex 57.1571 49.8471 3.9
    endloop
  endfacet
  facet normal 0.752083 0.659068 0
    outer loop
      vertex 57.1571 49.8471 2.4
      vertex 57.364 49.611 3.9
      vertex 57.364 49.611 2.4
    endloop
  endfacet
  facet normal -0.831315 0.555802 0
    outer loop
      vertex 53.3815 49.35 2.4
      vertex 53.556 49.611 3.9
      vertex 53.556 49.611 2.4
    endloop
  endfacet
  facet normal -0.831315 0.555802 0
    outer loop
      vertex 53.556 49.611 3.9
      vertex 53.3815 49.35 2.4
      vertex 53.3815 49.35 3.9
    endloop
  endfacet
  facet normal 0.44211 -0.896961 0
    outer loop
      vertex 56.3784 45.9327 2.4
      vertex 56.66 46.0715 3.9
      vertex 56.3784 45.9327 3.9
    endloop
  endfacet
  facet normal 0.44211 -0.896961 0
    outer loop
      vertex 56.66 46.0715 3.9
      vertex 56.3784 45.9327 2.4
      vertex 56.66 46.0715 2.4
    endloop
  endfacet
  facet normal -0.32148 -0.946916 0
    outer loop
      vertex 54.5416 45.9327 2.4
      vertex 54.8388 45.8318 3.9
      vertex 54.5416 45.9327 3.9
    endloop
  endfacet
  facet normal -0.32148 -0.946916 -0
    outer loop
      vertex 54.8388 45.8318 3.9
      vertex 54.5416 45.9327 2.4
      vertex 54.8388 45.8318 2.4
    endloop
  endfacet
  facet normal -0.896961 0.44211 0
    outer loop
      vertex 53.2427 49.0684 2.4
      vertex 53.3815 49.35 3.9
      vertex 53.3815 49.35 2.4
    endloop
  endfacet
  facet normal -0.896961 0.44211 0
    outer loop
      vertex 53.3815 49.35 3.9
      vertex 53.2427 49.0684 2.4
      vertex 53.2427 49.0684 3.9
    endloop
  endfacet
  facet normal -0.32148 0.946916 0
    outer loop
      vertex 54.8388 50.4682 2.4
      vertex 54.5416 50.3673 3.9
      vertex 54.8388 50.4682 3.9
    endloop
  endfacet
  facet normal -0.32148 0.946916 0
    outer loop
      vertex 54.5416 50.3673 3.9
      vertex 54.8388 50.4682 2.4
      vertex 54.5416 50.3673 2.4
    endloop
  endfacet
  facet normal -0.752083 -0.659068 0
    outer loop
      vertex 53.7629 46.4529 2.4
      vertex 53.556 46.689 3.9
      vertex 53.556 46.689 2.4
    endloop
  endfacet
  facet normal -0.752083 -0.659068 0
    outer loop
      vertex 53.556 46.689 3.9
      vertex 53.7629 46.4529 2.4
      vertex 53.7629 46.4529 3.9
    endloop
  endfacet
  facet normal 0.946916 -0.32148 0
    outer loop
      vertex 57.6773 47.2316 3.9
      vertex 57.7782 47.5288 2.4
      vertex 57.7782 47.5288 3.9
    endloop
  endfacet
  facet normal 0.946916 -0.32148 0
    outer loop
      vertex 57.7782 47.5288 2.4
      vertex 57.6773 47.2316 3.9
      vertex 57.6773 47.2316 2.4
    endloop
  endfacet
  facet normal 0.0652929 -0.997866 0
    outer loop
      vertex 55.46 45.75 2.4
      vertex 55.7733 45.7705 3.9
      vertex 55.46 45.75 3.9
    endloop
  endfacet
  facet normal 0.0652929 -0.997866 0
    outer loop
      vertex 55.7733 45.7705 3.9
      vertex 55.46 45.75 2.4
      vertex 55.7733 45.7705 2.4
    endloop
  endfacet
  facet normal 0.555802 -0.831315 0
    outer loop
      vertex 56.66 46.0715 2.4
      vertex 56.921 46.246 3.9
      vertex 56.66 46.0715 3.9
    endloop
  endfacet
  facet normal 0.555802 -0.831315 0
    outer loop
      vertex 56.921 46.246 3.9
      vertex 56.66 46.0715 2.4
      vertex 56.921 46.246 2.4
    endloop
  endfacet
  facet normal 0.659068 -0.752083 0
    outer loop
      vertex 56.921 46.246 2.4
      vertex 57.1571 46.4529 3.9
      vertex 56.921 46.246 3.9
    endloop
  endfacet
  facet normal 0.659068 -0.752083 0
    outer loop
      vertex 57.1571 46.4529 3.9
      vertex 56.921 46.246 2.4
      vertex 57.1571 46.4529 2.4
    endloop
  endfacet
  facet normal 0.195258 0.980752 -0
    outer loop
      vertex 56.0812 50.4682 2.4
      vertex 55.7733 50.5295 3.9
      vertex 56.0812 50.4682 3.9
    endloop
  endfacet
  facet normal 0.195258 0.980752 0
    outer loop
      vertex 55.7733 50.5295 3.9
      vertex 56.0812 50.4682 2.4
      vertex 55.7733 50.5295 2.4
    endloop
  endfacet
  facet normal 0.32148 0.946916 -0
    outer loop
      vertex 56.3784 50.3673 2.4
      vertex 56.0812 50.4682 3.9
      vertex 56.3784 50.3673 3.9
    endloop
  endfacet
  facet normal 0.32148 0.946916 0
    outer loop
      vertex 56.0812 50.4682 3.9
      vertex 56.3784 50.3673 2.4
      vertex 56.0812 50.4682 2.4
    endloop
  endfacet
  facet normal -0.555802 0.831315 0
    outer loop
      vertex 54.26 50.2285 2.4
      vertex 53.999 50.054 3.9
      vertex 54.26 50.2285 3.9
    endloop
  endfacet
  facet normal -0.555802 0.831315 0
    outer loop
      vertex 53.999 50.054 3.9
      vertex 54.26 50.2285 2.4
      vertex 53.999 50.054 2.4
    endloop
  endfacet
  facet normal -0.980752 -0.195258 0
    outer loop
      vertex 53.1418 47.5288 2.4
      vertex 53.0805 47.8367 3.9
      vertex 53.0805 47.8367 2.4
    endloop
  endfacet
  facet normal -0.980752 -0.195258 0
    outer loop
      vertex 53.0805 47.8367 3.9
      vertex 53.1418 47.5288 2.4
      vertex 53.1418 47.5288 3.9
    endloop
  endfacet
  facet normal -0.0652929 -0.997866 0
    outer loop
      vertex 55.1467 45.7705 2.4
      vertex 55.46 45.75 3.9
      vertex 55.1467 45.7705 3.9
    endloop
  endfacet
  facet normal -0.0652929 -0.997866 -0
    outer loop
      vertex 55.46 45.75 3.9
      vertex 55.1467 45.7705 2.4
      vertex 55.46 45.75 2.4
    endloop
  endfacet
  facet normal 0.555802 0.831315 -0
    outer loop
      vertex 56.921 50.054 2.4
      vertex 56.66 50.2285 3.9
      vertex 56.921 50.054 3.9
    endloop
  endfacet
  facet normal 0.555802 0.831315 0
    outer loop
      vertex 56.66 50.2285 3.9
      vertex 56.921 50.054 2.4
      vertex 56.66 50.2285 2.4
    endloop
  endfacet
  facet normal -0.195258 -0.980752 0
    outer loop
      vertex 54.8388 45.8318 2.4
      vertex 55.1467 45.7705 3.9
      vertex 54.8388 45.8318 3.9
    endloop
  endfacet
  facet normal -0.195258 -0.980752 -0
    outer loop
      vertex 55.1467 45.7705 3.9
      vertex 54.8388 45.8318 2.4
      vertex 55.1467 45.7705 2.4
    endloop
  endfacet
  facet normal 0.0652929 0.997866 -0
    outer loop
      vertex 55.7733 50.5295 2.4
      vertex 55.46 50.55 3.9
      vertex 55.7733 50.5295 3.9
    endloop
  endfacet
  facet normal 0.0652929 0.997866 0
    outer loop
      vertex 55.46 50.55 3.9
      vertex 55.7733 50.5295 2.4
      vertex 55.46 50.55 2.4
    endloop
  endfacet
  facet normal 0.752083 -0.659068 0
    outer loop
      vertex 57.1571 46.4529 3.9
      vertex 57.364 46.689 2.4
      vertex 57.364 46.689 3.9
    endloop
  endfacet
  facet normal 0.752083 -0.659068 0
    outer loop
      vertex 57.364 46.689 2.4
      vertex 57.1571 46.4529 3.9
      vertex 57.1571 46.4529 2.4
    endloop
  endfacet
  facet normal 0.896961 -0.44211 0
    outer loop
      vertex 57.5385 46.95 3.9
      vertex 57.6773 47.2316 2.4
      vertex 57.6773 47.2316 3.9
    endloop
  endfacet
  facet normal 0.896961 -0.44211 0
    outer loop
      vertex 57.6773 47.2316 2.4
      vertex 57.5385 46.95 3.9
      vertex 57.5385 46.95 2.4
    endloop
  endfacet
  facet normal -0.195258 0.980752 0
    outer loop
      vertex 55.1467 50.5295 2.4
      vertex 54.8388 50.4682 3.9
      vertex 55.1467 50.5295 3.9
    endloop
  endfacet
  facet normal -0.195258 0.980752 0
    outer loop
      vertex 54.8388 50.4682 3.9
      vertex 55.1467 50.5295 2.4
      vertex 54.8388 50.4682 2.4
    endloop
  endfacet
  facet normal 0.44211 0.896961 -0
    outer loop
      vertex 56.66 50.2285 2.4
      vertex 56.3784 50.3673 3.9
      vertex 56.66 50.2285 3.9
    endloop
  endfacet
  facet normal 0.44211 0.896961 0
    outer loop
      vertex 56.3784 50.3673 3.9
      vertex 56.66 50.2285 2.4
      vertex 56.3784 50.3673 2.4
    endloop
  endfacet
  facet normal 0.659068 0.752083 -0
    outer loop
      vertex 57.1571 49.8471 2.4
      vertex 56.921 50.054 3.9
      vertex 57.1571 49.8471 3.9
    endloop
  endfacet
  facet normal 0.659068 0.752083 0
    outer loop
      vertex 56.921 50.054 3.9
      vertex 57.1571 49.8471 2.4
      vertex 56.921 50.054 2.4
    endloop
  endfacet
  facet normal -0.659068 -0.752083 0
    outer loop
      vertex 53.7629 46.4529 2.4
      vertex 53.999 46.246 3.9
      vertex 53.7629 46.4529 3.9
    endloop
  endfacet
  facet normal -0.659068 -0.752083 -0
    outer loop
      vertex 53.999 46.246 3.9
      vertex 53.7629 46.4529 2.4
      vertex 53.999 46.246 2.4
    endloop
  endfacet
  facet normal -0.752083 0.659068 0
    outer loop
      vertex 53.556 49.611 2.4
      vertex 53.7629 49.8471 3.9
      vertex 53.7629 49.8471 2.4
    endloop
  endfacet
  facet normal -0.752083 0.659068 0
    outer loop
      vertex 53.7629 49.8471 3.9
      vertex 53.556 49.611 2.4
      vertex 53.556 49.611 3.9
    endloop
  endfacet
  facet normal -0.997866 -0.0652929 0
    outer loop
      vertex 53.0805 47.8367 2.4
      vertex 53.06 48.15 3.9
      vertex 53.06 48.15 2.4
    endloop
  endfacet
  facet normal -0.997866 -0.0652929 0
    outer loop
      vertex 53.06 48.15 3.9
      vertex 53.0805 47.8367 2.4
      vertex 53.0805 47.8367 3.9
    endloop
  endfacet
  facet normal -0.0652929 0.997866 0
    outer loop
      vertex 55.46 50.55 2.4
      vertex 55.1467 50.5295 3.9
      vertex 55.46 50.55 3.9
    endloop
  endfacet
  facet normal -0.0652929 0.997866 0
    outer loop
      vertex 55.1467 50.5295 3.9
      vertex 55.46 50.55 2.4
      vertex 55.1467 50.5295 2.4
    endloop
  endfacet
  facet normal -0.946916 -0.32148 0
    outer loop
      vertex 53.2427 47.2316 2.4
      vertex 53.1418 47.5288 3.9
      vertex 53.1418 47.5288 2.4
    endloop
  endfacet
  facet normal -0.946916 -0.32148 0
    outer loop
      vertex 53.1418 47.5288 3.9
      vertex 53.2427 47.2316 2.4
      vertex 53.2427 47.2316 3.9
    endloop
  endfacet
  facet normal 0.980752 -0.195258 0
    outer loop
      vertex 57.7782 47.5288 3.9
      vertex 57.8395 47.8367 2.4
      vertex 57.8395 47.8367 3.9
    endloop
  endfacet
  facet normal 0.980752 -0.195258 0
    outer loop
      vertex 57.8395 47.8367 2.4
      vertex 57.7782 47.5288 3.9
      vertex 57.7782 47.5288 2.4
    endloop
  endfacet
  facet normal 0.831315 -0.555802 0
    outer loop
      vertex 57.364 46.689 3.9
      vertex 57.5385 46.95 2.4
      vertex 57.5385 46.95 3.9
    endloop
  endfacet
  facet normal 0.831315 -0.555802 0
    outer loop
      vertex 57.5385 46.95 2.4
      vertex 57.364 46.689 3.9
      vertex 57.364 46.689 2.4
    endloop
  endfacet
  facet normal 0.896961 0.44211 0
    outer loop
      vertex 57.6773 49.0684 3.9
      vertex 57.5385 49.35 2.4
      vertex 57.5385 49.35 3.9
    endloop
  endfacet
  facet normal 0.896961 0.44211 0
    outer loop
      vertex 57.5385 49.35 2.4
      vertex 57.6773 49.0684 3.9
      vertex 57.6773 49.0684 2.4
    endloop
  endfacet
  facet normal -0.896961 -0.44211 0
    outer loop
      vertex 53.3815 46.95 2.4
      vertex 53.2427 47.2316 3.9
      vertex 53.2427 47.2316 2.4
    endloop
  endfacet
  facet normal -0.896961 -0.44211 0
    outer loop
      vertex 53.2427 47.2316 3.9
      vertex 53.3815 46.95 2.4
      vertex 53.3815 46.95 3.9
    endloop
  endfacet
  facet normal 0.997866 -0.0652929 0
    outer loop
      vertex 57.8395 47.8367 3.9
      vertex 57.86 48.15 2.4
      vertex 57.86 48.15 3.9
    endloop
  endfacet
  facet normal 0.997866 -0.0652929 0
    outer loop
      vertex 57.86 48.15 2.4
      vertex 57.8395 47.8367 3.9
      vertex 57.8395 47.8367 2.4
    endloop
  endfacet
  facet normal 0.946916 0.32148 0
    outer loop
      vertex 57.7782 48.7712 3.9
      vertex 57.6773 49.0684 2.4
      vertex 57.6773 49.0684 3.9
    endloop
  endfacet
  facet normal 0.946916 0.32148 0
    outer loop
      vertex 57.6773 49.0684 2.4
      vertex 57.7782 48.7712 3.9
      vertex 57.7782 48.7712 2.4
    endloop
  endfacet
  facet normal 0 0 1
    outer loop
      vertex 56.26 48.15 3.9
      vertex 57.86 48.15 3.9
      vertex 57.8395 48.4633 3.9
    endloop
  endfacet
  facet normal 0 0 1
    outer loop
      vertex 56.2532 48.2544 3.9
      vertex 57.8395 48.4633 3.9
      vertex 57.7782 48.7712 3.9
    endloop
  endfacet
  facet normal 0 0 1
    outer loop
      vertex 57.86 48.15 3.9
      vertex 56.26 48.15 3.9
      vertex 57.8395 47.8367 3.9
    endloop
  endfacet
  facet normal 0 0 1
    outer loop
      vertex 56.2327 48.3571 3.9
      vertex 57.7782 48.7712 3.9
      vertex 57.6773 49.0684 3.9
    endloop
  endfacet
  facet normal -0 0 1
    outer loop
      vertex 56.2532 48.0456 3.9
      vertex 57.8395 47.8367 3.9
      vertex 56.26 48.15 3.9
    endloop
  endfacet
  facet normal 0 0 1
    outer loop
      vertex 56.1991 48.4561 3.9
      vertex 57.6773 49.0684 3.9
      vertex 57.5385 49.35 3.9
    endloop
  endfacet
  facet normal 0 0 1
    outer loop
      vertex 57.8395 47.8367 3.9
      vertex 56.2532 48.0456 3.9
      vertex 57.7782 47.5288 3.9
    endloop
  endfacet
  facet normal 0 0 1
    outer loop
      vertex 56.1528 48.55 3.9
      vertex 57.5385 49.35 3.9
      vertex 57.364 49.611 3.9
    endloop
  endfacet
  facet normal -0 0 1
    outer loop
      vertex 56.2327 47.9429 3.9
      vertex 57.7782 47.5288 3.9
      vertex 56.2532 48.0456 3.9
    endloop
  endfacet
  facet normal 0 0 1
    outer loop
      vertex 56.0947 48.637 3.9
      vertex 57.364 49.611 3.9
      vertex 57.1571 49.8471 3.9
    endloop
  endfacet
  facet normal 0 0 1
    outer loop
      vertex 57.7782 47.5288 3.9
      vertex 56.2327 47.9429 3.9
      vertex 57.6773 47.2316 3.9
    endloop
  endfacet
  facet normal 0 0 1
    outer loop
      vertex 56.0257 48.7157 3.9
      vertex 57.1571 49.8471 3.9
      vertex 56.921 50.054 3.9
    endloop
  endfacet
  facet normal -0 0 1
    outer loop
      vertex 56.1991 47.8439 3.9
      vertex 57.6773 47.2316 3.9
      vertex 56.2327 47.9429 3.9
    endloop
  endfacet
  facet normal 0 0 1
    outer loop
      vertex 55.947 48.7847 3.9
      vertex 56.921 50.054 3.9
      vertex 56.66 50.2285 3.9
    endloop
  endfacet
  facet normal 0 0 1
    outer loop
      vertex 57.6773 47.2316 3.9
      vertex 56.1991 47.8439 3.9
      vertex 57.5385 46.95 3.9
    endloop
  endfacet
  facet normal 0 0 1
    outer loop
      vertex 55.86 48.8428 3.9
      vertex 56.66 50.2285 3.9
      vertex 56.3784 50.3673 3.9
    endloop
  endfacet
  facet normal -0 0 1
    outer loop
      vertex 56.1528 47.75 3.9
      vertex 57.5385 46.95 3.9
      vertex 56.1991 47.8439 3.9
    endloop
  endfacet
  facet normal 0 0 1
    outer loop
      vertex 57.5385 46.95 3.9
      vertex 56.1528 47.75 3.9
      vertex 57.364 46.689 3.9
    endloop
  endfacet
  facet normal 0 0 1
    outer loop
      vertex 57.8395 48.4633 3.9
      vertex 56.2532 48.2544 3.9
      vertex 56.26 48.15 3.9
    endloop
  endfacet
  facet normal 0 0 1
    outer loop
      vertex 57.7782 48.7712 3.9
      vertex 56.2327 48.3571 3.9
      vertex 56.2532 48.2544 3.9
    endloop
  endfacet
  facet normal 0 0 1
    outer loop
      vertex 57.6773 49.0684 3.9
      vertex 56.1991 48.4561 3.9
      vertex 56.2327 48.3571 3.9
    endloop
  endfacet
  facet normal 0 0 1
    outer loop
      vertex 57.5385 49.35 3.9
      vertex 56.1528 48.55 3.9
      vertex 56.1991 48.4561 3.9
    endloop
  endfacet
  facet normal 0 0 1
    outer loop
      vertex 57.364 49.611 3.9
      vertex 56.0947 48.637 3.9
      vertex 56.1528 48.55 3.9
    endloop
  endfacet
  facet normal 0 0 1
    outer loop
      vertex 55.7661 48.8891 3.9
      vertex 56.3784 50.3673 3.9
      vertex 56.0812 50.4682 3.9
    endloop
  endfacet
  facet normal 0 0 1
    outer loop
      vertex 57.1571 49.8471 3.9
      vertex 56.0257 48.7157 3.9
      vertex 56.0947 48.637 3.9
    endloop
  endfacet
  facet normal 0 0 1
    outer loop
      vertex 56.921 50.054 3.9
      vertex 55.947 48.7847 3.9
      vertex 56.0257 48.7157 3.9
    endloop
  endfacet
  facet normal 0 0 1
    outer loop
      vertex 56.66 50.2285 3.9
      vertex 55.86 48.8428 3.9
      vertex 55.947 48.7847 3.9
    endloop
  endfacet
  facet normal 0 0 1
    outer loop
      vertex 55.6671 48.9227 3.9
      vertex 56.0812 50.4682 3.9
      vertex 55.7733 50.5295 3.9
    endloop
  endfacet
  facet normal 0 0 1
    outer loop
      vertex 56.3784 50.3673 3.9
      vertex 55.7661 48.8891 3.9
      vertex 55.86 48.8428 3.9
    endloop
  endfacet
  facet normal 0 0 1
    outer loop
      vertex 56.0812 50.4682 3.9
      vertex 55.6671 48.9227 3.9
      vertex 55.7661 48.8891 3.9
    endloop
  endfacet
  facet normal 0 0 1
    outer loop
      vertex 55.7733 50.5295 3.9
      vertex 55.5644 48.9432 3.9
      vertex 55.6671 48.9227 3.9
    endloop
  endfacet
  facet normal 0 0 1
    outer loop
      vertex 55.46 50.55 3.9
      vertex 55.5644 48.9432 3.9
      vertex 55.7733 50.5295 3.9
    endloop
  endfacet
  facet normal 0 0 1
    outer loop
      vertex 55.46 50.55 3.9
      vertex 55.46 48.95 3.9
      vertex 55.5644 48.9432 3.9
    endloop
  endfacet
  facet normal 0 0 1
    outer loop
      vertex 55.46 50.55 3.9
      vertex 55.3556 48.9432 3.9
      vertex 55.46 48.95 3.9
    endloop
  endfacet
  facet normal -0 0 1
    outer loop
      vertex 55.1467 50.5295 3.9
      vertex 55.3556 48.9432 3.9
      vertex 55.46 50.55 3.9
    endloop
  endfacet
  facet normal 0 0 1
    outer loop
      vertex 55.3556 48.9432 3.9
      vertex 55.1467 50.5295 3.9
      vertex 55.2529 48.9227 3.9
    endloop
  endfacet
  facet normal -0 0 1
    outer loop
      vertex 54.8388 50.4682 3.9
      vertex 55.2529 48.9227 3.9
      vertex 55.1467 50.5295 3.9
    endloop
  endfacet
  facet normal 0 0 1
    outer loop
      vertex 55.2529 48.9227 3.9
      vertex 54.8388 50.4682 3.9
      vertex 55.1539 48.8891 3.9
    endloop
  endfacet
  facet normal -0 0 1
    outer loop
      vertex 54.5416 50.3673 3.9
      vertex 55.1539 48.8891 3.9
      vertex 54.8388 50.4682 3.9
    endloop
  endfacet
  facet normal 0 0 1
    outer loop
      vertex 55.1539 48.8891 3.9
      vertex 54.5416 50.3673 3.9
      vertex 55.06 48.8428 3.9
    endloop
  endfacet
  facet normal -0 0 1
    outer loop
      vertex 54.26 50.2285 3.9
      vertex 55.06 48.8428 3.9
      vertex 54.5416 50.3673 3.9
    endloop
  endfacet
  facet normal 0 0 1
    outer loop
      vertex 55.06 48.8428 3.9
      vertex 54.26 50.2285 3.9
      vertex 54.973 48.7847 3.9
    endloop
  endfacet
  facet normal -0 0 1
    outer loop
      vertex 53.999 50.054 3.9
      vertex 54.973 48.7847 3.9
      vertex 54.26 50.2285 3.9
    endloop
  endfacet
  facet normal 0 0 1
    outer loop
      vertex 54.973 48.7847 3.9
      vertex 53.999 50.054 3.9
      vertex 54.8943 48.7157 3.9
    endloop
  endfacet
  facet normal -0 0 1
    outer loop
      vertex 53.7629 49.8471 3.9
      vertex 54.8943 48.7157 3.9
      vertex 53.999 50.054 3.9
    endloop
  endfacet
  facet normal 0 0 1
    outer loop
      vertex 54.8943 48.7157 3.9
      vertex 53.7629 49.8471 3.9
      vertex 54.8253 48.637 3.9
    endloop
  endfacet
  facet normal 0 0 1
    outer loop
      vertex 54.8253 48.637 3.9
      vertex 53.556 49.611 3.9
      vertex 54.7672 48.55 3.9
    endloop
  endfacet
  facet normal -0 0 1
    outer loop
      vertex 53.556 49.611 3.9
      vertex 54.8253 48.637 3.9
      vertex 53.7629 49.8471 3.9
    endloop
  endfacet
  facet normal -0 0 1
    outer loop
      vertex 56.0947 47.663 3.9
      vertex 57.364 46.689 3.9
      vertex 56.1528 47.75 3.9
    endloop
  endfacet
  facet normal 0 0 1
    outer loop
      vertex 57.364 46.689 3.9
      vertex 56.0947 47.663 3.9
      vertex 57.1571 46.4529 3.9
    endloop
  endfacet
  facet normal -0 0 1
    outer loop
      vertex 56.0257 47.5843 3.9
      vertex 57.1571 46.4529 3.9
      vertex 56.0947 47.663 3.9
    endloop
  endfacet
  facet normal 0 0 1
    outer loop
      vertex 57.1571 46.4529 3.9
      vertex 56.0257 47.5843 3.9
      vertex 56.921 46.246 3.9
    endloop
  endfacet
  facet normal -0 0 1
    outer loop
      vertex 55.947 47.5153 3.9
      vertex 56.921 46.246 3.9
      vertex 56.0257 47.5843 3.9
    endloop
  endfacet
  facet normal 0 0 1
    outer loop
      vertex 56.921 46.246 3.9
      vertex 55.947 47.5153 3.9
      vertex 56.66 46.0715 3.9
    endloop
  endfacet
  facet normal -0 0 1
    outer loop
      vertex 55.86 47.4572 3.9
      vertex 56.66 46.0715 3.9
      vertex 55.947 47.5153 3.9
    endloop
  endfacet
  facet normal 0 0 1
    outer loop
      vertex 56.66 46.0715 3.9
      vertex 55.86 47.4572 3.9
      vertex 56.3784 45.9327 3.9
    endloop
  endfacet
  facet normal -0 0 1
    outer loop
      vertex 55.7661 47.4109 3.9
      vertex 56.3784 45.9327 3.9
      vertex 55.86 47.4572 3.9
    endloop
  endfacet
  facet normal 0 0 1
    outer loop
      vertex 56.3784 45.9327 3.9
      vertex 55.7661 47.4109 3.9
      vertex 56.0812 45.8318 3.9
    endloop
  endfacet
  facet normal -0 0 1
    outer loop
      vertex 55.6671 47.3773 3.9
      vertex 56.0812 45.8318 3.9
      vertex 55.7661 47.4109 3.9
    endloop
  endfacet
  facet normal 0 0 1
    outer loop
      vertex 56.0812 45.8318 3.9
      vertex 55.6671 47.3773 3.9
      vertex 55.7733 45.7705 3.9
    endloop
  endfacet
  facet normal -0 0 1
    outer loop
      vertex 55.5644 47.3568 3.9
      vertex 55.7733 45.7705 3.9
      vertex 55.6671 47.3773 3.9
    endloop
  endfacet
  facet normal -0 0 1
    outer loop
      vertex 55.46 47.35 3.9
      vertex 55.7733 45.7705 3.9
      vertex 55.5644 47.3568 3.9
    endloop
  endfacet
  facet normal 0 0 1
    outer loop
      vertex 55.46 47.35 3.9
      vertex 55.46 45.75 3.9
      vertex 55.7733 45.7705 3.9
    endloop
  endfacet
  facet normal 0 0 1
    outer loop
      vertex 55.3556 47.3568 3.9
      vertex 55.46 45.75 3.9
      vertex 55.46 47.35 3.9
    endloop
  endfacet
  facet normal 0 0 1
    outer loop
      vertex 55.1467 45.7705 3.9
      vertex 55.3556 47.3568 3.9
      vertex 55.2529 47.3773 3.9
    endloop
  endfacet
  facet normal 0 0 1
    outer loop
      vertex 54.8388 45.8318 3.9
      vertex 55.2529 47.3773 3.9
      vertex 55.1539 47.4109 3.9
    endloop
  endfacet
  facet normal 0 0 1
    outer loop
      vertex 55.3556 47.3568 3.9
      vertex 55.1467 45.7705 3.9
      vertex 55.46 45.75 3.9
    endloop
  endfacet
  facet normal 0 0 1
    outer loop
      vertex 54.5416 45.9327 3.9
      vertex 55.1539 47.4109 3.9
      vertex 55.06 47.4572 3.9
    endloop
  endfacet
  facet normal 0 0 1
    outer loop
      vertex 54.26 46.0715 3.9
      vertex 55.06 47.4572 3.9
      vertex 54.973 47.5153 3.9
    endloop
  endfacet
  facet normal 0 0 1
    outer loop
      vertex 53.999 46.246 3.9
      vertex 54.973 47.5153 3.9
      vertex 54.8943 47.5843 3.9
    endloop
  endfacet
  facet normal 0 0 1
    outer loop
      vertex 55.2529 47.3773 3.9
      vertex 54.8388 45.8318 3.9
      vertex 55.1467 45.7705 3.9
    endloop
  endfacet
  facet normal 0 0 1
    outer loop
      vertex 53.7629 46.4529 3.9
      vertex 54.8943 47.5843 3.9
      vertex 54.8253 47.663 3.9
    endloop
  endfacet
  facet normal 0 0 1
    outer loop
      vertex 53.556 46.689 3.9
      vertex 54.8253 47.663 3.9
      vertex 54.7672 47.75 3.9
    endloop
  endfacet
  facet normal 0 0 1
    outer loop
      vertex 53.3815 46.95 3.9
      vertex 54.7672 47.75 3.9
      vertex 54.7209 47.8439 3.9
    endloop
  endfacet
  facet normal 0 0 1
    outer loop
      vertex 53.2427 47.2316 3.9
      vertex 54.7209 47.8439 3.9
      vertex 54.6873 47.9429 3.9
    endloop
  endfacet
  facet normal 0 0 1
    outer loop
      vertex 53.1418 47.5288 3.9
      vertex 54.6873 47.9429 3.9
      vertex 54.6668 48.0456 3.9
    endloop
  endfacet
  facet normal 0 0 1
    outer loop
      vertex 55.1539 47.4109 3.9
      vertex 54.5416 45.9327 3.9
      vertex 54.8388 45.8318 3.9
    endloop
  endfacet
  facet normal 0 0 1
    outer loop
      vertex 53.0805 47.8367 3.9
      vertex 54.6668 48.0456 3.9
      vertex 54.66 48.15 3.9
    endloop
  endfacet
  facet normal -0 0 1
    outer loop
      vertex 53.3815 49.35 3.9
      vertex 54.7672 48.55 3.9
      vertex 53.556 49.611 3.9
    endloop
  endfacet
  facet normal 0 0 1
    outer loop
      vertex 54.7672 48.55 3.9
      vertex 53.3815 49.35 3.9
      vertex 54.7209 48.4561 3.9
    endloop
  endfacet
  facet normal 0 0 1
    outer loop
      vertex 55.06 47.4572 3.9
      vertex 54.26 46.0715 3.9
      vertex 54.5416 45.9327 3.9
    endloop
  endfacet
  facet normal -0 0 1
    outer loop
      vertex 53.2427 49.0684 3.9
      vertex 54.7209 48.4561 3.9
      vertex 53.3815 49.35 3.9
    endloop
  endfacet
  facet normal 0 0 1
    outer loop
      vertex 54.973 47.5153 3.9
      vertex 53.999 46.246 3.9
      vertex 54.26 46.0715 3.9
    endloop
  endfacet
  facet normal 0 0 1
    outer loop
      vertex 54.7209 48.4561 3.9
      vertex 53.2427 49.0684 3.9
      vertex 54.6873 48.3571 3.9
    endloop
  endfacet
  facet normal 0 0 1
    outer loop
      vertex 54.8943 47.5843 3.9
      vertex 53.7629 46.4529 3.9
      vertex 53.999 46.246 3.9
    endloop
  endfacet
  facet normal -0 0 1
    outer loop
      vertex 53.1418 48.7712 3.9
      vertex 54.6873 48.3571 3.9
      vertex 53.2427 49.0684 3.9
    endloop
  endfacet
  facet normal 0 0 1
    outer loop
      vertex 54.8253 47.663 3.9
      vertex 53.556 46.689 3.9
      vertex 53.7629 46.4529 3.9
    endloop
  endfacet
  facet normal 0 0 1
    outer loop
      vertex 54.6873 48.3571 3.9
      vertex 53.1418 48.7712 3.9
      vertex 54.6668 48.2544 3.9
    endloop
  endfacet
  facet normal 0 0 1
    outer loop
      vertex 54.7672 47.75 3.9
      vertex 53.3815 46.95 3.9
      vertex 53.556 46.689 3.9
    endloop
  endfacet
  facet normal -0 0 1
    outer loop
      vertex 53.0805 48.4633 3.9
      vertex 54.6668 48.2544 3.9
      vertex 53.1418 48.7712 3.9
    endloop
  endfacet
  facet normal 0 0 1
    outer loop
      vertex 54.7209 47.8439 3.9
      vertex 53.2427 47.2316 3.9
      vertex 53.3815 46.95 3.9
    endloop
  endfacet
  facet normal 0 0 1
    outer loop
      vertex 54.6668 48.2544 3.9
      vertex 53.0805 48.4633 3.9
      vertex 54.66 48.15 3.9
    endloop
  endfacet
  facet normal 0 0 1
    outer loop
      vertex 54.6873 47.9429 3.9
      vertex 53.1418 47.5288 3.9
      vertex 53.2427 47.2316 3.9
    endloop
  endfacet
  facet normal 0 0 1
    outer loop
      vertex 53.06 48.15 3.9
      vertex 54.66 48.15 3.9
      vertex 53.0805 48.4633 3.9
    endloop
  endfacet
  facet normal 0 0 1
    outer loop
      vertex 54.6668 48.0456 3.9
      vertex 53.0805 47.8367 3.9
      vertex 53.1418 47.5288 3.9
    endloop
  endfacet
  facet normal 0 0 1
    outer loop
      vertex 54.66 48.15 3.9
      vertex 53.06 48.15 3.9
      vertex 53.0805 47.8367 3.9
    endloop
  endfacet
  facet normal -0.997866 0.0652929 0
    outer loop
      vertex 53.06 48.15 2.4
      vertex 53.0805 48.4633 3.9
      vertex 53.0805 48.4633 2.4
    endloop
  endfacet
  facet normal -0.997866 0.0652929 0
    outer loop
      vertex 53.0805 48.4633 3.9
      vertex 53.06 48.15 2.4
      vertex 53.06 48.15 3.9
    endloop
  endfacet
  facet normal -0.44211 -0.896961 0
    outer loop
      vertex 54.26 46.0715 2.4
      vertex 54.5416 45.9327 3.9
      vertex 54.26 46.0715 3.9
    endloop
  endfacet
  facet normal -0.44211 -0.896961 -0
    outer loop
      vertex 54.5416 45.9327 3.9
      vertex 54.26 46.0715 2.4
      vertex 54.5416 45.9327 2.4
    endloop
  endfacet
  facet normal 0.32148 -0.946916 0
    outer loop
      vertex 56.0812 45.8318 2.4
      vertex 56.3784 45.9327 3.9
      vertex 56.0812 45.8318 3.9
    endloop
  endfacet
  facet normal 0.32148 -0.946916 0
    outer loop
      vertex 56.3784 45.9327 3.9
      vertex 56.0812 45.8318 2.4
      vertex 56.3784 45.9327 2.4
    endloop
  endfacet
  facet normal -0.980752 0.195258 0
    outer loop
      vertex 53.0805 48.4633 2.4
      vertex 53.1418 48.7712 3.9
      vertex 53.1418 48.7712 2.4
    endloop
  endfacet
  facet normal -0.980752 0.195258 0
    outer loop
      vertex 53.1418 48.7712 3.9
      vertex 53.0805 48.4633 2.4
      vertex 53.0805 48.4633 3.9
    endloop
  endfacet
  facet normal -0.831315 -0.555802 0
    outer loop
      vertex 53.556 46.689 2.4
      vertex 53.3815 46.95 3.9
      vertex 53.3815 46.95 2.4
    endloop
  endfacet
  facet normal -0.831315 -0.555802 0
    outer loop
      vertex 53.3815 46.95 3.9
      vertex 53.556 46.689 2.4
      vertex 53.556 46.689 3.9
    endloop
  endfacet
  facet normal 0.980752 0.195258 0
    outer loop
      vertex 57.8395 61.1633 3.9
      vertex 57.7782 61.4712 2.4
      vertex 57.7782 61.4712 3.9
    endloop
  endfacet
  facet normal 0.980752 0.195258 0
    outer loop
      vertex 57.7782 61.4712 2.4
      vertex 57.8395 61.1633 3.9
      vertex 57.8395 61.1633 2.4
    endloop
  endfacet
  facet normal 0.997866 0.0652929 0
    outer loop
      vertex 57.86 60.85 3.9
      vertex 57.8395 61.1633 2.4
      vertex 57.8395 61.1633 3.9
    endloop
  endfacet
  facet normal 0.997866 0.0652929 0
    outer loop
      vertex 57.8395 61.1633 2.4
      vertex 57.86 60.85 3.9
      vertex 57.86 60.85 2.4
    endloop
  endfacet
  facet normal 0.831315 0.555802 0
    outer loop
      vertex 57.5385 62.05 3.9
      vertex 57.364 62.311 2.4
      vertex 57.364 62.311 3.9
    endloop
  endfacet
  facet normal 0.831315 0.555802 0
    outer loop
      vertex 57.364 62.311 2.4
      vertex 57.5385 62.05 3.9
      vertex 57.5385 62.05 2.4
    endloop
  endfacet
  facet normal 0.896961 0.44211 0
    outer loop
      vertex 57.6773 61.7684 3.9
      vertex 57.5385 62.05 2.4
      vertex 57.5385 62.05 3.9
    endloop
  endfacet
  facet normal 0.896961 0.44211 0
    outer loop
      vertex 57.5385 62.05 2.4
      vertex 57.6773 61.7684 3.9
      vertex 57.6773 61.7684 2.4
    endloop
  endfacet
  facet normal 0.831315 -0.555802 0
    outer loop
      vertex 57.364 59.389 3.9
      vertex 57.5385 59.65 2.4
      vertex 57.5385 59.65 3.9
    endloop
  endfacet
  facet normal 0.831315 -0.555802 0
    outer loop
      vertex 57.5385 59.65 2.4
      vertex 57.364 59.389 3.9
      vertex 57.364 59.389 2.4
    endloop
  endfacet
  facet normal 0.752083 0.659068 0
    outer loop
      vertex 57.364 62.311 3.9
      vertex 57.1571 62.5471 2.4
      vertex 57.1571 62.5471 3.9
    endloop
  endfacet
  facet normal 0.752083 0.659068 0
    outer loop
      vertex 57.1571 62.5471 2.4
      vertex 57.364 62.311 3.9
      vertex 57.364 62.311 2.4
    endloop
  endfacet
  facet normal 0.555802 -0.831315 0
    outer loop
      vertex 56.66 58.7715 2.4
      vertex 56.921 58.946 3.9
      vertex 56.66 58.7715 3.9
    endloop
  endfacet
  facet normal 0.555802 -0.831315 0
    outer loop
      vertex 56.921 58.946 3.9
      vertex 56.66 58.7715 2.4
      vertex 56.921 58.946 2.4
    endloop
  endfacet
  facet normal -0.946916 -0.32148 0
    outer loop
      vertex 53.2427 59.9316 2.4
      vertex 53.1418 60.2288 3.9
      vertex 53.1418 60.2288 2.4
    endloop
  endfacet
  facet normal -0.946916 -0.32148 0
    outer loop
      vertex 53.1418 60.2288 3.9
      vertex 53.2427 59.9316 2.4
      vertex 53.2427 59.9316 3.9
    endloop
  endfacet
  facet normal -0.0652929 0.997866 0
    outer loop
      vertex 55.46 63.25 2.4
      vertex 55.1467 63.2295 3.9
      vertex 55.46 63.25 3.9
    endloop
  endfacet
  facet normal -0.0652929 0.997866 0
    outer loop
      vertex 55.1467 63.2295 3.9
      vertex 55.46 63.25 2.4
      vertex 55.1467 63.2295 2.4
    endloop
  endfacet
  facet normal -0.946916 0.32148 0
    outer loop
      vertex 53.1418 61.4712 2.4
      vertex 53.2427 61.7684 3.9
      vertex 53.2427 61.7684 2.4
    endloop
  endfacet
  facet normal -0.946916 0.32148 0
    outer loop
      vertex 53.2427 61.7684 3.9
      vertex 53.1418 61.4712 2.4
      vertex 53.1418 61.4712 3.9
    endloop
  endfacet
  facet normal -0.659068 -0.752083 0
    outer loop
      vertex 53.7629 59.1529 2.4
      vertex 53.999 58.946 3.9
      vertex 53.7629 59.1529 3.9
    endloop
  endfacet
  facet normal -0.659068 -0.752083 -0
    outer loop
      vertex 53.999 58.946 3.9
      vertex 53.7629 59.1529 2.4
      vertex 53.999 58.946 2.4
    endloop
  endfacet
  facet normal 0.946916 -0.32148 0
    outer loop
      vertex 57.6773 59.9316 3.9
      vertex 57.7782 60.2288 2.4
      vertex 57.7782 60.2288 3.9
    endloop
  endfacet
  facet normal 0.946916 -0.32148 0
    outer loop
      vertex 57.7782 60.2288 2.4
      vertex 57.6773 59.9316 3.9
      vertex 57.6773 59.9316 2.4
    endloop
  endfacet
  facet normal -0.32148 -0.946916 0
    outer loop
      vertex 54.5416 58.6327 2.4
      vertex 54.8388 58.5318 3.9
      vertex 54.5416 58.6327 3.9
    endloop
  endfacet
  facet normal -0.32148 -0.946916 -0
    outer loop
      vertex 54.8388 58.5318 3.9
      vertex 54.5416 58.6327 2.4
      vertex 54.8388 58.5318 2.4
    endloop
  endfacet
  facet normal 0.980752 -0.195258 0
    outer loop
      vertex 57.7782 60.2288 3.9
      vertex 57.8395 60.5367 2.4
      vertex 57.8395 60.5367 3.9
    endloop
  endfacet
  facet normal 0.980752 -0.195258 0
    outer loop
      vertex 57.8395 60.5367 2.4
      vertex 57.7782 60.2288 3.9
      vertex 57.7782 60.2288 2.4
    endloop
  endfacet
  facet normal 0.896961 -0.44211 0
    outer loop
      vertex 57.5385 59.65 3.9
      vertex 57.6773 59.9316 2.4
      vertex 57.6773 59.9316 3.9
    endloop
  endfacet
  facet normal 0.896961 -0.44211 0
    outer loop
      vertex 57.6773 59.9316 2.4
      vertex 57.5385 59.65 3.9
      vertex 57.5385 59.65 2.4
    endloop
  endfacet
  facet normal 0 0 1
    outer loop
      vertex 56.26 60.85 3.9
      vertex 57.86 60.85 3.9
      vertex 57.8395 61.1633 3.9
    endloop
  endfacet
  facet normal 0 0 1
    outer loop
      vertex 56.2532 60.9544 3.9
      vertex 57.8395 61.1633 3.9
      vertex 57.7782 61.4712 3.9
    endloop
  endfacet
  facet normal 0 0 1
    outer loop
      vertex 57.86 60.85 3.9
      vertex 56.26 60.85 3.9
      vertex 57.8395 60.5367 3.9
    endloop
  endfacet
  facet normal 0 0 1
    outer loop
      vertex 56.2327 61.0571 3.9
      vertex 57.7782 61.4712 3.9
      vertex 57.6773 61.7684 3.9
    endloop
  endfacet
  facet normal -0 0 1
    outer loop
      vertex 56.2532 60.7456 3.9
      vertex 57.8395 60.5367 3.9
      vertex 56.26 60.85 3.9
    endloop
  endfacet
  facet normal 0 0 1
    outer loop
      vertex 56.1991 61.1561 3.9
      vertex 57.6773 61.7684 3.9
      vertex 57.5385 62.05 3.9
    endloop
  endfacet
  facet normal 0 0 1
    outer loop
      vertex 57.8395 60.5367 3.9
      vertex 56.2532 60.7456 3.9
      vertex 57.7782 60.2288 3.9
    endloop
  endfacet
  facet normal 0 0 1
    outer loop
      vertex 56.1528 61.25 3.9
      vertex 57.5385 62.05 3.9
      vertex 57.364 62.311 3.9
    endloop
  endfacet
  facet normal -0 0 1
    outer loop
      vertex 56.2327 60.6429 3.9
      vertex 57.7782 60.2288 3.9
      vertex 56.2532 60.7456 3.9
    endloop
  endfacet
  facet normal 0 0 1
    outer loop
      vertex 56.0947 61.337 3.9
      vertex 57.364 62.311 3.9
      vertex 57.1571 62.5471 3.9
    endloop
  endfacet
  facet normal 0 0 1
    outer loop
      vertex 57.7782 60.2288 3.9
      vertex 56.2327 60.6429 3.9
      vertex 57.6773 59.9316 3.9
    endloop
  endfacet
  facet normal 0 0 1
    outer loop
      vertex 56.0257 61.4157 3.9
      vertex 57.1571 62.5471 3.9
      vertex 56.921 62.754 3.9
    endloop
  endfacet
  facet normal -0 0 1
    outer loop
      vertex 56.1991 60.5439 3.9
      vertex 57.6773 59.9316 3.9
      vertex 56.2327 60.6429 3.9
    endloop
  endfacet
  facet normal 0 0 1
    outer loop
      vertex 55.947 61.4847 3.9
      vertex 56.921 62.754 3.9
      vertex 56.66 62.9285 3.9
    endloop
  endfacet
  facet normal 0 0 1
    outer loop
      vertex 57.6773 59.9316 3.9
      vertex 56.1991 60.5439 3.9
      vertex 57.5385 59.65 3.9
    endloop
  endfacet
  facet normal 0 0 1
    outer loop
      vertex 55.86 61.5428 3.9
      vertex 56.66 62.9285 3.9
      vertex 56.3784 63.0673 3.9
    endloop
  endfacet
  facet normal -0 0 1
    outer loop
      vertex 56.1528 60.45 3.9
      vertex 57.5385 59.65 3.9
      vertex 56.1991 60.5439 3.9
    endloop
  endfacet
  facet normal 0 0 1
    outer loop
      vertex 57.5385 59.65 3.9
      vertex 56.1528 60.45 3.9
      vertex 57.364 59.389 3.9
    endloop
  endfacet
  facet normal 0 0 1
    outer loop
      vertex 57.8395 61.1633 3.9
      vertex 56.2532 60.9544 3.9
      vertex 56.26 60.85 3.9
    endloop
  endfacet
  facet normal 0 0 1
    outer loop
      vertex 57.7782 61.4712 3.9
      vertex 56.2327 61.0571 3.9
      vertex 56.2532 60.9544 3.9
    endloop
  endfacet
  facet normal 0 0 1
    outer loop
      vertex 57.6773 61.7684 3.9
      vertex 56.1991 61.1561 3.9
      vertex 56.2327 61.0571 3.9
    endloop
  endfacet
  facet normal 0 0 1
    outer loop
      vertex 57.5385 62.05 3.9
      vertex 56.1528 61.25 3.9
      vertex 56.1991 61.1561 3.9
    endloop
  endfacet
  facet normal 0 0 1
    outer loop
      vertex 57.364 62.311 3.9
      vertex 56.0947 61.337 3.9
      vertex 56.1528 61.25 3.9
    endloop
  endfacet
  facet normal 0 0 1
    outer loop
      vertex 55.7661 61.5891 3.9
      vertex 56.3784 63.0673 3.9
      vertex 56.0812 63.1682 3.9
    endloop
  endfacet
  facet normal 0 0 1
    outer loop
      vertex 57.1571 62.5471 3.9
      vertex 56.0257 61.4157 3.9
      vertex 56.0947 61.337 3.9
    endloop
  endfacet
  facet normal 0 0 1
    outer loop
      vertex 56.921 62.754 3.9
      vertex 55.947 61.4847 3.9
      vertex 56.0257 61.4157 3.9
    endloop
  endfacet
  facet normal 0 0 1
    outer loop
      vertex 56.66 62.9285 3.9
      vertex 55.86 61.5428 3.9
      vertex 55.947 61.4847 3.9
    endloop
  endfacet
  facet normal 0 0 1
    outer loop
      vertex 55.6671 61.6227 3.9
      vertex 56.0812 63.1682 3.9
      vertex 55.7733 63.2295 3.9
    endloop
  endfacet
  facet normal 0 0 1
    outer loop
      vertex 56.3784 63.0673 3.9
      vertex 55.7661 61.5891 3.9
      vertex 55.86 61.5428 3.9
    endloop
  endfacet
  facet normal 0 0 1
    outer loop
      vertex 56.0812 63.1682 3.9
      vertex 55.6671 61.6227 3.9
      vertex 55.7661 61.5891 3.9
    endloop
  endfacet
  facet normal 0 0 1
    outer loop
      vertex 55.7733 63.2295 3.9
      vertex 55.5644 61.6432 3.9
      vertex 55.6671 61.6227 3.9
    endloop
  endfacet
  facet normal 0 0 1
    outer loop
      vertex 55.46 63.25 3.9
      vertex 55.5644 61.6432 3.9
      vertex 55.7733 63.2295 3.9
    endloop
  endfacet
  facet normal 0 0 1
    outer loop
      vertex 55.46 63.25 3.9
      vertex 55.46 61.65 3.9
      vertex 55.5644 61.6432 3.9
    endloop
  endfacet
  facet normal 0 0 1
    outer loop
      vertex 55.46 63.25 3.9
      vertex 55.3556 61.6432 3.9
      vertex 55.46 61.65 3.9
    endloop
  endfacet
  facet normal -0 0 1
    outer loop
      vertex 55.1467 63.2295 3.9
      vertex 55.3556 61.6432 3.9
      vertex 55.46 63.25 3.9
    endloop
  endfacet
  facet normal 0 0 1
    outer loop
      vertex 55.3556 61.6432 3.9
      vertex 55.1467 63.2295 3.9
      vertex 55.2529 61.6227 3.9
    endloop
  endfacet
  facet normal -0 0 1
    outer loop
      vertex 54.8388 63.1682 3.9
      vertex 55.2529 61.6227 3.9
      vertex 55.1467 63.2295 3.9
    endloop
  endfacet
  facet normal 0 0 1
    outer loop
      vertex 55.2529 61.6227 3.9
      vertex 54.8388 63.1682 3.9
      vertex 55.1539 61.5891 3.9
    endloop
  endfacet
  facet normal -0 0 1
    outer loop
      vertex 54.5416 63.0673 3.9
      vertex 55.1539 61.5891 3.9
      vertex 54.8388 63.1682 3.9
    endloop
  endfacet
  facet normal 0 0 1
    outer loop
      vertex 55.1539 61.5891 3.9
      vertex 54.5416 63.0673 3.9
      vertex 55.06 61.5428 3.9
    endloop
  endfacet
  facet normal -0 0 1
    outer loop
      vertex 54.26 62.9285 3.9
      vertex 55.06 61.5428 3.9
      vertex 54.5416 63.0673 3.9
    endloop
  endfacet
  facet normal 0 0 1
    outer loop
      vertex 55.06 61.5428 3.9
      vertex 54.26 62.9285 3.9
      vertex 54.973 61.4847 3.9
    endloop
  endfacet
  facet normal -0 0 1
    outer loop
      vertex 53.999 62.754 3.9
      vertex 54.973 61.4847 3.9
      vertex 54.26 62.9285 3.9
    endloop
  endfacet
  facet normal 0 0 1
    outer loop
      vertex 54.973 61.4847 3.9
      vertex 53.999 62.754 3.9
      vertex 54.8943 61.4157 3.9
    endloop
  endfacet
  facet normal -0 0 1
    outer loop
      vertex 53.7629 62.5471 3.9
      vertex 54.8943 61.4157 3.9
      vertex 53.999 62.754 3.9
    endloop
  endfacet
  facet normal 0 0 1
    outer loop
      vertex 54.8943 61.4157 3.9
      vertex 53.7629 62.5471 3.9
      vertex 54.8253 61.337 3.9
    endloop
  endfacet
  facet normal 0 0 1
    outer loop
      vertex 54.8253 61.337 3.9
      vertex 53.556 62.311 3.9
      vertex 54.7672 61.25 3.9
    endloop
  endfacet
  facet normal -0 0 1
    outer loop
      vertex 53.556 62.311 3.9
      vertex 54.8253 61.337 3.9
      vertex 53.7629 62.5471 3.9
    endloop
  endfacet
  facet normal -0 0 1
    outer loop
      vertex 56.0947 60.363 3.9
      vertex 57.364 59.389 3.9
      vertex 56.1528 60.45 3.9
    endloop
  endfacet
  facet normal 0 0 1
    outer loop
      vertex 57.364 59.389 3.9
      vertex 56.0947 60.363 3.9
      vertex 57.1571 59.1529 3.9
    endloop
  endfacet
  facet normal -0 0 1
    outer loop
      vertex 56.0257 60.2843 3.9
      vertex 57.1571 59.1529 3.9
      vertex 56.0947 60.363 3.9
    endloop
  endfacet
  facet normal 0 0 1
    outer loop
      vertex 57.1571 59.1529 3.9
      vertex 56.0257 60.2843 3.9
      vertex 56.921 58.946 3.9
    endloop
  endfacet
  facet normal -0 0 1
    outer loop
      vertex 55.947 60.2153 3.9
      vertex 56.921 58.946 3.9
      vertex 56.0257 60.2843 3.9
    endloop
  endfacet
  facet normal 0 0 1
    outer loop
      vertex 56.921 58.946 3.9
      vertex 55.947 60.2153 3.9
      vertex 56.66 58.7715 3.9
    endloop
  endfacet
  facet normal -0 0 1
    outer loop
      vertex 55.86 60.1572 3.9
      vertex 56.66 58.7715 3.9
      vertex 55.947 60.2153 3.9
    endloop
  endfacet
  facet normal 0 0 1
    outer loop
      vertex 56.66 58.7715 3.9
      vertex 55.86 60.1572 3.9
      vertex 56.3784 58.6327 3.9
    endloop
  endfacet
  facet normal -0 0 1
    outer loop
      vertex 55.7661 60.1109 3.9
      vertex 56.3784 58.6327 3.9
      vertex 55.86 60.1572 3.9
    endloop
  endfacet
  facet normal 0 0 1
    outer loop
      vertex 56.3784 58.6327 3.9
      vertex 55.7661 60.1109 3.9
      vertex 56.0812 58.5318 3.9
    endloop
  endfacet
  facet normal -0 0 1
    outer loop
      vertex 55.6671 60.0773 3.9
      vertex 56.0812 58.5318 3.9
      vertex 55.7661 60.1109 3.9
    endloop
  endfacet
  facet normal 0 0 1
    outer loop
      vertex 56.0812 58.5318 3.9
      vertex 55.6671 60.0773 3.9
      vertex 55.7733 58.4705 3.9
    endloop
  endfacet
  facet normal -0 0 1
    outer loop
      vertex 55.5644 60.0568 3.9
      vertex 55.7733 58.4705 3.9
      vertex 55.6671 60.0773 3.9
    endloop
  endfacet
  facet normal -0 0 1
    outer loop
      vertex 55.46 60.05 3.9
      vertex 55.7733 58.4705 3.9
      vertex 55.5644 60.0568 3.9
    endloop
  endfacet
  facet normal 0 0 1
    outer loop
      vertex 55.46 60.05 3.9
      vertex 55.46 58.45 3.9
      vertex 55.7733 58.4705 3.9
    endloop
  endfacet
  facet normal 0 0 1
    outer loop
      vertex 55.3556 60.0568 3.9
      vertex 55.46 58.45 3.9
      vertex 55.46 60.05 3.9
    endloop
  endfacet
  facet normal 0 0 1
    outer loop
      vertex 55.1467 58.4705 3.9
      vertex 55.3556 60.0568 3.9
      vertex 55.2529 60.0773 3.9
    endloop
  endfacet
  facet normal 0 0 1
    outer loop
      vertex 54.8388 58.5318 3.9
      vertex 55.2529 60.0773 3.9
      vertex 55.1539 60.1109 3.9
    endloop
  endfacet
  facet normal 0 0 1
    outer loop
      vertex 55.3556 60.0568 3.9
      vertex 55.1467 58.4705 3.9
      vertex 55.46 58.45 3.9
    endloop
  endfacet
  facet normal 0 0 1
    outer loop
      vertex 54.5416 58.6327 3.9
      vertex 55.1539 60.1109 3.9
      vertex 55.06 60.1572 3.9
    endloop
  endfacet
  facet normal 0 0 1
    outer loop
      vertex 54.26 58.7715 3.9
      vertex 55.06 60.1572 3.9
      vertex 54.973 60.2153 3.9
    endloop
  endfacet
  facet normal 0 0 1
    outer loop
      vertex 53.999 58.946 3.9
      vertex 54.973 60.2153 3.9
      vertex 54.8943 60.2843 3.9
    endloop
  endfacet
  facet normal 0 0 1
    outer loop
      vertex 55.2529 60.0773 3.9
      vertex 54.8388 58.5318 3.9
      vertex 55.1467 58.4705 3.9
    endloop
  endfacet
  facet normal 0 0 1
    outer loop
      vertex 53.7629 59.1529 3.9
      vertex 54.8943 60.2843 3.9
      vertex 54.8253 60.363 3.9
    endloop
  endfacet
  facet normal 0 0 1
    outer loop
      vertex 53.556 59.389 3.9
      vertex 54.8253 60.363 3.9
      vertex 54.7672 60.45 3.9
    endloop
  endfacet
  facet normal 0 0 1
    outer loop
      vertex 53.3815 59.65 3.9
      vertex 54.7672 60.45 3.9
      vertex 54.7209 60.5439 3.9
    endloop
  endfacet
  facet normal 0 0 1
    outer loop
      vertex 53.2427 59.9316 3.9
      vertex 54.7209 60.5439 3.9
      vertex 54.6873 60.6429 3.9
    endloop
  endfacet
  facet normal 0 0 1
    outer loop
      vertex 53.1418 60.2288 3.9
      vertex 54.6873 60.6429 3.9
      vertex 54.6668 60.7456 3.9
    endloop
  endfacet
  facet normal 0 0 1
    outer loop
      vertex 55.1539 60.1109 3.9
      vertex 54.5416 58.6327 3.9
      vertex 54.8388 58.5318 3.9
    endloop
  endfacet
  facet normal 0 0 1
    outer loop
      vertex 53.0805 60.5367 3.9
      vertex 54.6668 60.7456 3.9
      vertex 54.66 60.85 3.9
    endloop
  endfacet
  facet normal -0 0 1
    outer loop
      vertex 53.3815 62.05 3.9
      vertex 54.7672 61.25 3.9
      vertex 53.556 62.311 3.9
    endloop
  endfacet
  facet normal 0 0 1
    outer loop
      vertex 54.7672 61.25 3.9
      vertex 53.3815 62.05 3.9
      vertex 54.7209 61.1561 3.9
    endloop
  endfacet
  facet normal 0 0 1
    outer loop
      vertex 55.06 60.1572 3.9
      vertex 54.26 58.7715 3.9
      vertex 54.5416 58.6327 3.9
    endloop
  endfacet
  facet normal -0 0 1
    outer loop
      vertex 53.2427 61.7684 3.9
      vertex 54.7209 61.1561 3.9
      vertex 53.3815 62.05 3.9
    endloop
  endfacet
  facet normal 0 0 1
    outer loop
      vertex 54.973 60.2153 3.9
      vertex 53.999 58.946 3.9
      vertex 54.26 58.7715 3.9
    endloop
  endfacet
  facet normal 0 0 1
    outer loop
      vertex 54.7209 61.1561 3.9
      vertex 53.2427 61.7684 3.9
      vertex 54.6873 61.0571 3.9
    endloop
  endfacet
  facet normal 0 0 1
    outer loop
      vertex 54.8943 60.2843 3.9
      vertex 53.7629 59.1529 3.9
      vertex 53.999 58.946 3.9
    endloop
  endfacet
  facet normal -0 0 1
    outer loop
      vertex 53.1418 61.4712 3.9
      vertex 54.6873 61.0571 3.9
      vertex 53.2427 61.7684 3.9
    endloop
  endfacet
  facet normal 0 0 1
    outer loop
      vertex 54.8253 60.363 3.9
      vertex 53.556 59.389 3.9
      vertex 53.7629 59.1529 3.9
    endloop
  endfacet
  facet normal 0 0 1
    outer loop
      vertex 54.6873 61.0571 3.9
      vertex 53.1418 61.4712 3.9
      vertex 54.6668 60.9544 3.9
    endloop
  endfacet
  facet normal 0 0 1
    outer loop
      vertex 54.7672 60.45 3.9
      vertex 53.3815 59.65 3.9
      vertex 53.556 59.389 3.9
    endloop
  endfacet
  facet normal -0 0 1
    outer loop
      vertex 53.0805 61.1633 3.9
      vertex 54.6668 60.9544 3.9
      vertex 53.1418 61.4712 3.9
    endloop
  endfacet
  facet normal 0 0 1
    outer loop
      vertex 54.7209 60.5439 3.9
      vertex 53.2427 59.9316 3.9
      vertex 53.3815 59.65 3.9
    endloop
  endfacet
  facet normal 0 0 1
    outer loop
      vertex 54.6668 60.9544 3.9
      vertex 53.0805 61.1633 3.9
      vertex 54.66 60.85 3.9
    endloop
  endfacet
  facet normal 0 0 1
    outer loop
      vertex 54.6873 60.6429 3.9
      vertex 53.1418 60.2288 3.9
      vertex 53.2427 59.9316 3.9
    endloop
  endfacet
  facet normal 0 0 1
    outer loop
      vertex 53.06 60.85 3.9
      vertex 54.66 60.85 3.9
      vertex 53.0805 61.1633 3.9
    endloop
  endfacet
  facet normal 0 0 1
    outer loop
      vertex 54.6668 60.7456 3.9
      vertex 53.0805 60.5367 3.9
      vertex 53.1418 60.2288 3.9
    endloop
  endfacet
  facet normal 0 0 1
    outer loop
      vertex 54.66 60.85 3.9
      vertex 53.06 60.85 3.9
      vertex 53.0805 60.5367 3.9
    endloop
  endfacet
  facet normal -0.0652929 -0.997866 0
    outer loop
      vertex 55.1467 58.4705 2.4
      vertex 55.46 58.45 3.9
      vertex 55.1467 58.4705 3.9
    endloop
  endfacet
  facet normal -0.0652929 -0.997866 -0
    outer loop
      vertex 55.46 58.45 3.9
      vertex 55.1467 58.4705 2.4
      vertex 55.46 58.45 2.4
    endloop
  endfacet
  facet normal -0.896961 0.44211 0
    outer loop
      vertex 53.2427 61.7684 2.4
      vertex 53.3815 62.05 3.9
      vertex 53.3815 62.05 2.4
    endloop
  endfacet
  facet normal -0.896961 0.44211 0
    outer loop
      vertex 53.3815 62.05 3.9
      vertex 53.2427 61.7684 2.4
      vertex 53.2427 61.7684 3.9
    endloop
  endfacet
  facet normal -0.195258 -0.980752 0
    outer loop
      vertex 54.8388 58.5318 2.4
      vertex 55.1467 58.4705 3.9
      vertex 54.8388 58.5318 3.9
    endloop
  endfacet
  facet normal -0.195258 -0.980752 -0
    outer loop
      vertex 55.1467 58.4705 3.9
      vertex 54.8388 58.5318 2.4
      vertex 55.1467 58.4705 2.4
    endloop
  endfacet
  facet normal -0.752083 -0.659068 0
    outer loop
      vertex 53.7629 59.1529 2.4
      vertex 53.556 59.389 3.9
      vertex 53.556 59.389 2.4
    endloop
  endfacet
  facet normal -0.752083 -0.659068 0
    outer loop
      vertex 53.556 59.389 3.9
      vertex 53.7629 59.1529 2.4
      vertex 53.7629 59.1529 3.9
    endloop
  endfacet
  facet normal -0.659068 0.752083 0
    outer loop
      vertex 53.999 62.754 2.4
      vertex 53.7629 62.5471 3.9
      vertex 53.999 62.754 3.9
    endloop
  endfacet
  facet normal -0.659068 0.752083 0
    outer loop
      vertex 53.7629 62.5471 3.9
      vertex 53.999 62.754 2.4
      vertex 53.7629 62.5471 2.4
    endloop
  endfacet
  facet normal 0.44211 0.896961 -0
    outer loop
      vertex 56.66 62.9285 2.4
      vertex 56.3784 63.0673 3.9
      vertex 56.66 62.9285 3.9
    endloop
  endfacet
  facet normal 0.44211 0.896961 0
    outer loop
      vertex 56.3784 63.0673 3.9
      vertex 56.66 62.9285 2.4
      vertex 56.3784 63.0673 2.4
    endloop
  endfacet
  facet normal -0.980752 0.195258 0
    outer loop
      vertex 53.0805 61.1633 2.4
      vertex 53.1418 61.4712 3.9
      vertex 53.1418 61.4712 2.4
    endloop
  endfacet
  facet normal -0.980752 0.195258 0
    outer loop
      vertex 53.1418 61.4712 3.9
      vertex 53.0805 61.1633 2.4
      vertex 53.0805 61.1633 3.9
    endloop
  endfacet
  facet normal 0.32148 -0.946916 0
    outer loop
      vertex 56.0812 58.5318 2.4
      vertex 56.3784 58.6327 3.9
      vertex 56.0812 58.5318 3.9
    endloop
  endfacet
  facet normal 0.32148 -0.946916 0
    outer loop
      vertex 56.3784 58.6327 3.9
      vertex 56.0812 58.5318 2.4
      vertex 56.3784 58.6327 2.4
    endloop
  endfacet
  facet normal 0.44211 -0.896961 0
    outer loop
      vertex 56.3784 58.6327 2.4
      vertex 56.66 58.7715 3.9
      vertex 56.3784 58.6327 3.9
    endloop
  endfacet
  facet normal 0.44211 -0.896961 0
    outer loop
      vertex 56.66 58.7715 3.9
      vertex 56.3784 58.6327 2.4
      vertex 56.66 58.7715 2.4
    endloop
  endfacet
  facet normal 0.195258 -0.980752 0
    outer loop
      vertex 55.7733 58.4705 2.4
      vertex 56.0812 58.5318 3.9
      vertex 55.7733 58.4705 3.9
    endloop
  endfacet
  facet normal 0.195258 -0.980752 0
    outer loop
      vertex 56.0812 58.5318 3.9
      vertex 55.7733 58.4705 2.4
      vertex 56.0812 58.5318 2.4
    endloop
  endfacet
  facet normal 0.997866 -0.0652929 0
    outer loop
      vertex 57.8395 60.5367 3.9
      vertex 57.86 60.85 2.4
      vertex 57.86 60.85 3.9
    endloop
  endfacet
  facet normal 0.997866 -0.0652929 0
    outer loop
      vertex 57.86 60.85 2.4
      vertex 57.8395 60.5367 3.9
      vertex 57.8395 60.5367 2.4
    endloop
  endfacet
  facet normal 0.659068 0.752083 -0
    outer loop
      vertex 57.1571 62.5471 2.4
      vertex 56.921 62.754 3.9
      vertex 57.1571 62.5471 3.9
    endloop
  endfacet
  facet normal 0.659068 0.752083 0
    outer loop
      vertex 56.921 62.754 3.9
      vertex 57.1571 62.5471 2.4
      vertex 56.921 62.754 2.4
    endloop
  endfacet
  facet normal -0.997866 -0.0652929 0
    outer loop
      vertex 53.0805 60.5367 2.4
      vertex 53.06 60.85 3.9
      vertex 53.06 60.85 2.4
    endloop
  endfacet
  facet normal -0.997866 -0.0652929 0
    outer loop
      vertex 53.06 60.85 3.9
      vertex 53.0805 60.5367 2.4
      vertex 53.0805 60.5367 3.9
    endloop
  endfacet
  facet normal -0.32148 0.946916 0
    outer loop
      vertex 54.8388 63.1682 2.4
      vertex 54.5416 63.0673 3.9
      vertex 54.8388 63.1682 3.9
    endloop
  endfacet
  facet normal -0.32148 0.946916 0
    outer loop
      vertex 54.5416 63.0673 3.9
      vertex 54.8388 63.1682 2.4
      vertex 54.5416 63.0673 2.4
    endloop
  endfacet
  facet normal 0.0652929 -0.997866 0
    outer loop
      vertex 55.46 58.45 2.4
      vertex 55.7733 58.4705 3.9
      vertex 55.46 58.45 3.9
    endloop
  endfacet
  facet normal 0.0652929 -0.997866 0
    outer loop
      vertex 55.7733 58.4705 3.9
      vertex 55.46 58.45 2.4
      vertex 55.7733 58.4705 2.4
    endloop
  endfacet
  facet normal -0.980752 -0.195258 0
    outer loop
      vertex 53.1418 60.2288 2.4
      vertex 53.0805 60.5367 3.9
      vertex 53.0805 60.5367 2.4
    endloop
  endfacet
  facet normal -0.980752 -0.195258 0
    outer loop
      vertex 53.0805 60.5367 3.9
      vertex 53.1418 60.2288 2.4
      vertex 53.1418 60.2288 3.9
    endloop
  endfacet
  facet normal -0.44211 -0.896961 0
    outer loop
      vertex 54.26 58.7715 2.4
      vertex 54.5416 58.6327 3.9
      vertex 54.26 58.7715 3.9
    endloop
  endfacet
  facet normal -0.44211 -0.896961 -0
    outer loop
      vertex 54.5416 58.6327 3.9
      vertex 54.26 58.7715 2.4
      vertex 54.5416 58.6327 2.4
    endloop
  endfacet
  facet normal -0.44211 0.896961 0
    outer loop
      vertex 54.5416 63.0673 2.4
      vertex 54.26 62.9285 3.9
      vertex 54.5416 63.0673 3.9
    endloop
  endfacet
  facet normal -0.44211 0.896961 0
    outer loop
      vertex 54.26 62.9285 3.9
      vertex 54.5416 63.0673 2.4
      vertex 54.26 62.9285 2.4
    endloop
  endfacet
  facet normal 0.946916 0.32148 0
    outer loop
      vertex 57.7782 61.4712 3.9
      vertex 57.6773 61.7684 2.4
      vertex 57.6773 61.7684 3.9
    endloop
  endfacet
  facet normal 0.946916 0.32148 0
    outer loop
      vertex 57.6773 61.7684 2.4
      vertex 57.7782 61.4712 3.9
      vertex 57.7782 61.4712 2.4
    endloop
  endfacet
  facet normal 0.0652929 0.997866 -0
    outer loop
      vertex 55.7733 63.2295 2.4
      vertex 55.46 63.25 3.9
      vertex 55.7733 63.2295 3.9
    endloop
  endfacet
  facet normal 0.0652929 0.997866 0
    outer loop
      vertex 55.46 63.25 3.9
      vertex 55.7733 63.2295 2.4
      vertex 55.46 63.25 2.4
    endloop
  endfacet
  facet normal 0.555802 0.831315 -0
    outer loop
      vertex 56.921 62.754 2.4
      vertex 56.66 62.9285 3.9
      vertex 56.921 62.754 3.9
    endloop
  endfacet
  facet normal 0.555802 0.831315 0
    outer loop
      vertex 56.66 62.9285 3.9
      vertex 56.921 62.754 2.4
      vertex 56.66 62.9285 2.4
    endloop
  endfacet
  facet normal -0.195258 0.980752 0
    outer loop
      vertex 55.1467 63.2295 2.4
      vertex 54.8388 63.1682 3.9
      vertex 55.1467 63.2295 3.9
    endloop
  endfacet
  facet normal -0.195258 0.980752 0
    outer loop
      vertex 54.8388 63.1682 3.9
      vertex 55.1467 63.2295 2.4
      vertex 54.8388 63.1682 2.4
    endloop
  endfacet
  facet normal -0.997866 0.0652929 0
    outer loop
      vertex 53.06 60.85 2.4
      vertex 53.0805 61.1633 3.9
      vertex 53.0805 61.1633 2.4
    endloop
  endfacet
  facet normal -0.997866 0.0652929 0
    outer loop
      vertex 53.0805 61.1633 3.9
      vertex 53.06 60.85 2.4
      vertex 53.06 60.85 3.9
    endloop
  endfacet
  facet normal -0.555802 -0.831315 0
    outer loop
      vertex 53.999 58.946 2.4
      vertex 54.26 58.7715 3.9
      vertex 53.999 58.946 3.9
    endloop
  endfacet
  facet normal -0.555802 -0.831315 -0
    outer loop
      vertex 54.26 58.7715 3.9
      vertex 53.999 58.946 2.4
      vertex 54.26 58.7715 2.4
    endloop
  endfacet
  facet normal -0.896961 -0.44211 0
    outer loop
      vertex 53.3815 59.65 2.4
      vertex 53.2427 59.9316 3.9
      vertex 53.2427 59.9316 2.4
    endloop
  endfacet
  facet normal -0.896961 -0.44211 0
    outer loop
      vertex 53.2427 59.9316 3.9
      vertex 53.3815 59.65 2.4
      vertex 53.3815 59.65 3.9
    endloop
  endfacet
  facet normal -0.831315 0.555802 0
    outer loop
      vertex 53.3815 62.05 2.4
      vertex 53.556 62.311 3.9
      vertex 53.556 62.311 2.4
    endloop
  endfacet
  facet normal -0.831315 0.555802 0
    outer loop
      vertex 53.556 62.311 3.9
      vertex 53.3815 62.05 2.4
      vertex 53.3815 62.05 3.9
    endloop
  endfacet
  facet normal -0.752083 0.659068 0
    outer loop
      vertex 53.556 62.311 2.4
      vertex 53.7629 62.5471 3.9
      vertex 53.7629 62.5471 2.4
    endloop
  endfacet
  facet normal -0.752083 0.659068 0
    outer loop
      vertex 53.7629 62.5471 3.9
      vertex 53.556 62.311 2.4
      vertex 53.556 62.311 3.9
    endloop
  endfacet
  facet normal -0.555802 0.831315 0
    outer loop
      vertex 54.26 62.9285 2.4
      vertex 53.999 62.754 3.9
      vertex 54.26 62.9285 3.9
    endloop
  endfacet
  facet normal -0.555802 0.831315 0
    outer loop
      vertex 53.999 62.754 3.9
      vertex 54.26 62.9285 2.4
      vertex 53.999 62.754 2.4
    endloop
  endfacet
  facet normal 0.32148 0.946916 -0
    outer loop
      vertex 56.3784 63.0673 2.4
      vertex 56.0812 63.1682 3.9
      vertex 56.3784 63.0673 3.9
    endloop
  endfacet
  facet normal 0.32148 0.946916 0
    outer loop
      vertex 56.0812 63.1682 3.9
      vertex 56.3784 63.0673 2.4
      vertex 56.0812 63.1682 2.4
    endloop
  endfacet
  facet normal 0.659068 -0.752083 0
    outer loop
      vertex 56.921 58.946 2.4
      vertex 57.1571 59.1529 3.9
      vertex 56.921 58.946 3.9
    endloop
  endfacet
  facet normal 0.659068 -0.752083 0
    outer loop
      vertex 57.1571 59.1529 3.9
      vertex 56.921 58.946 2.4
      vertex 57.1571 59.1529 2.4
    endloop
  endfacet
  facet normal 0.752083 -0.659068 0
    outer loop
      vertex 57.1571 59.1529 3.9
      vertex 57.364 59.389 2.4
      vertex 57.364 59.389 3.9
    endloop
  endfacet
  facet normal 0.752083 -0.659068 0
    outer loop
      vertex 57.364 59.389 2.4
      vertex 57.1571 59.1529 3.9
      vertex 57.1571 59.1529 2.4
    endloop
  endfacet
  facet normal 0.195258 0.980752 -0
    outer loop
      vertex 56.0812 63.1682 2.4
      vertex 55.7733 63.2295 3.9
      vertex 56.0812 63.1682 3.9
    endloop
  endfacet
  facet normal 0.195258 0.980752 0
    outer loop
      vertex 55.7733 63.2295 3.9
      vertex 56.0812 63.1682 2.4
      vertex 55.7733 63.2295 2.4
    endloop
  endfacet
  facet normal -0.831315 -0.555802 0
    outer loop
      vertex 53.556 59.389 2.4
      vertex 53.3815 59.65 3.9
      vertex 53.3815 59.65 2.4
    endloop
  endfacet
  facet normal -0.831315 -0.555802 0
    outer loop
      vertex 53.3815 59.65 3.9
      vertex 53.556 59.389 2.4
      vertex 53.556 59.389 3.9
    endloop
  endfacet
  facet normal 0.442315 -0.89686 0
    outer loop
      vertex 43.629 46.7642 2.4
      vertex 43.805 46.851 3.9
      vertex 43.629 46.7642 3.9
    endloop
  endfacet
  facet normal 0.442315 -0.89686 0
    outer loop
      vertex 43.805 46.851 3.9
      vertex 43.629 46.7642 2.4
      vertex 43.805 46.851 2.4
    endloop
  endfacet
  facet normal 0.980757 0.195234 0
    outer loop
      vertex 44.5422 48.3458 3.9
      vertex 44.5039 48.5382 2.4
      vertex 44.5039 48.5382 3.9
    endloop
  endfacet
  facet normal 0.980757 0.195234 0
    outer loop
      vertex 44.5039 48.5382 2.4
      vertex 44.5422 48.3458 3.9
      vertex 44.5422 48.3458 2.4
    endloop
  endfacet
  facet normal 0.99787 0.0652336 0
    outer loop
      vertex 44.555 48.15 3.9
      vertex 44.5422 48.3458 2.4
      vertex 44.5422 48.3458 3.9
    endloop
  endfacet
  facet normal 0.99787 0.0652336 0
    outer loop
      vertex 44.5422 48.3458 2.4
      vertex 44.555 48.15 3.9
      vertex 44.555 48.15 2.4
    endloop
  endfacet
  facet normal 0.946885 0.321574 0
    outer loop
      vertex 44.5039 48.5382 3.9
      vertex 44.4408 48.724 2.4
      vertex 44.4408 48.724 3.9
    endloop
  endfacet
  facet normal 0.946885 0.321574 0
    outer loop
      vertex 44.4408 48.724 2.4
      vertex 44.5039 48.5382 3.9
      vertex 44.5039 48.5382 2.4
    endloop
  endfacet
  facet normal 0.752198 -0.658937 0
    outer loop
      vertex 44.1157 47.0893 3.9
      vertex 44.245 47.2369 2.4
      vertex 44.245 47.2369 3.9
    endloop
  endfacet
  facet normal 0.752198 -0.658937 0
    outer loop
      vertex 44.245 47.2369 2.4
      vertex 44.1157 47.0893 3.9
      vertex 44.1157 47.0893 2.4
    endloop
  endfacet
  facet normal -0.555641 0.831422 0
    outer loop
      vertex 42.305 49.449 2.4
      vertex 42.1419 49.34 3.9
      vertex 42.305 49.449 3.9
    endloop
  endfacet
  facet normal -0.555641 0.831422 0
    outer loop
      vertex 42.1419 49.34 3.9
      vertex 42.305 49.449 2.4
      vertex 42.1419 49.34 2.4
    endloop
  endfacet
  facet normal 0.321574 0.946885 -0
    outer loop
      vertex 43.629 49.5358 2.4
      vertex 43.4432 49.5989 3.9
      vertex 43.629 49.5358 3.9
    endloop
  endfacet
  facet normal 0.321574 0.946885 0
    outer loop
      vertex 43.4432 49.5989 3.9
      vertex 43.629 49.5358 2.4
      vertex 43.4432 49.5989 2.4
    endloop
  endfacet
  facet normal 0.555641 0.831422 -0
    outer loop
      vertex 43.9681 49.34 2.4
      vertex 43.805 49.449 3.9
      vertex 43.9681 49.34 3.9
    endloop
  endfacet
  facet normal 0.555641 0.831422 0
    outer loop
      vertex 43.805 49.449 3.9
      vertex 43.9681 49.34 2.4
      vertex 43.805 49.449 2.4
    endloop
  endfacet
  facet normal 0.321574 -0.946885 0
    outer loop
      vertex 43.4432 46.7011 2.4
      vertex 43.629 46.7642 3.9
      vertex 43.4432 46.7011 3.9
    endloop
  endfacet
  facet normal 0.321574 -0.946885 0
    outer loop
      vertex 43.629 46.7642 3.9
      vertex 43.4432 46.7011 2.4
      vertex 43.629 46.7642 2.4
    endloop
  endfacet
  facet normal 0.89686 0.442315 0
    outer loop
      vertex 44.4408 48.724 3.9
      vertex 44.354 48.9 2.4
      vertex 44.354 48.9 3.9
    endloop
  endfacet
  facet normal 0.89686 0.442315 0
    outer loop
      vertex 44.354 48.9 2.4
      vertex 44.4408 48.724 3.9
      vertex 44.4408 48.724 2.4
    endloop
  endfacet
  facet normal -0.195234 0.980757 0
    outer loop
      vertex 42.8592 49.6372 2.4
      vertex 42.6668 49.5989 3.9
      vertex 42.8592 49.6372 3.9
    endloop
  endfacet
  facet normal -0.195234 0.980757 0
    outer loop
      vertex 42.6668 49.5989 3.9
      vertex 42.8592 49.6372 2.4
      vertex 42.6668 49.5989 2.4
    endloop
  endfacet
  facet normal 0.946885 -0.321574 0
    outer loop
      vertex 44.4408 47.576 3.9
      vertex 44.5039 47.7618 2.4
      vertex 44.5039 47.7618 3.9
    endloop
  endfacet
  facet normal 0.946885 -0.321574 0
    outer loop
      vertex 44.5039 47.7618 2.4
      vertex 44.4408 47.576 3.9
      vertex 44.4408 47.576 2.4
    endloop
  endfacet
  facet normal -0.555641 -0.831422 0
    outer loop
      vertex 42.1419 46.96 2.4
      vertex 42.305 46.851 3.9
      vertex 42.1419 46.96 3.9
    endloop
  endfacet
  facet normal -0.555641 -0.831422 -0
    outer loop
      vertex 42.305 46.851 3.9
      vertex 42.1419 46.96 2.4
      vertex 42.305 46.851 2.4
    endloop
  endfacet
  facet normal -0.658937 0.752198 0
    outer loop
      vertex 42.1419 49.34 2.4
      vertex 41.9943 49.2107 3.9
      vertex 42.1419 49.34 3.9
    endloop
  endfacet
  facet normal -0.658937 0.752198 0
    outer loop
      vertex 41.9943 49.2107 3.9
      vertex 42.1419 49.34 2.4
      vertex 41.9943 49.2107 2.4
    endloop
  endfacet
  facet normal -0.980757 0.195234 0
    outer loop
      vertex 41.5678 48.3458 2.4
      vertex 41.6061 48.5382 3.9
      vertex 41.6061 48.5382 2.4
    endloop
  endfacet
  facet normal -0.980757 0.195234 0
    outer loop
      vertex 41.6061 48.5382 3.9
      vertex 41.5678 48.3458 2.4
      vertex 41.5678 48.3458 3.9
    endloop
  endfacet
  facet normal -0.321574 0.946885 0
    outer loop
      vertex 42.6668 49.5989 2.4
      vertex 42.481 49.5358 3.9
      vertex 42.6668 49.5989 3.9
    endloop
  endfacet
  facet normal -0.321574 0.946885 0
    outer loop
      vertex 42.481 49.5358 3.9
      vertex 42.6668 49.5989 2.4
      vertex 42.481 49.5358 2.4
    endloop
  endfacet
  facet normal 0.658937 -0.752198 0
    outer loop
      vertex 43.9681 46.96 2.4
      vertex 44.1157 47.0893 3.9
      vertex 43.9681 46.96 3.9
    endloop
  endfacet
  facet normal 0.658937 -0.752198 0
    outer loop
      vertex 44.1157 47.0893 3.9
      vertex 43.9681 46.96 2.4
      vertex 44.1157 47.0893 2.4
    endloop
  endfacet
  facet normal 0.831422 0.555641 0
    outer loop
      vertex 44.354 48.9 3.9
      vertex 44.245 49.0631 2.4
      vertex 44.245 49.0631 3.9
    endloop
  endfacet
  facet normal 0.831422 0.555641 0
    outer loop
      vertex 44.245 49.0631 2.4
      vertex 44.354 48.9 3.9
      vertex 44.354 48.9 2.4
    endloop
  endfacet
  facet normal 0.195234 -0.980757 0
    outer loop
      vertex 43.2508 46.6628 2.4
      vertex 43.4432 46.7011 3.9
      vertex 43.2508 46.6628 3.9
    endloop
  endfacet
  facet normal 0.195234 -0.980757 0
    outer loop
      vertex 43.4432 46.7011 3.9
      vertex 43.2508 46.6628 2.4
      vertex 43.4432 46.7011 2.4
    endloop
  endfacet
  facet normal -0.980757 -0.195234 0
    outer loop
      vertex 41.6061 47.7618 2.4
      vertex 41.5678 47.9542 3.9
      vertex 41.5678 47.9542 2.4
    endloop
  endfacet
  facet normal -0.980757 -0.195234 0
    outer loop
      vertex 41.5678 47.9542 3.9
      vertex 41.6061 47.7618 2.4
      vertex 41.6061 47.7618 3.9
    endloop
  endfacet
  facet normal 0.658937 0.752198 -0
    outer loop
      vertex 44.1157 49.2107 2.4
      vertex 43.9681 49.34 3.9
      vertex 44.1157 49.2107 3.9
    endloop
  endfacet
  facet normal 0.658937 0.752198 0
    outer loop
      vertex 43.9681 49.34 3.9
      vertex 44.1157 49.2107 2.4
      vertex 43.9681 49.34 2.4
    endloop
  endfacet
  facet normal 0.99787 -0.0652336 0
    outer loop
      vertex 44.5422 47.9542 3.9
      vertex 44.555 48.15 2.4
      vertex 44.555 48.15 3.9
    endloop
  endfacet
  facet normal 0.99787 -0.0652336 0
    outer loop
      vertex 44.555 48.15 2.4
      vertex 44.5422 47.9542 3.9
      vertex 44.5422 47.9542 2.4
    endloop
  endfacet
  facet normal 0.980757 -0.195234 0
    outer loop
      vertex 44.5039 47.7618 3.9
      vertex 44.5422 47.9542 2.4
      vertex 44.5422 47.9542 3.9
    endloop
  endfacet
  facet normal 0.980757 -0.195234 0
    outer loop
      vertex 44.5422 47.9542 2.4
      vertex 44.5039 47.7618 3.9
      vertex 44.5039 47.7618 2.4
    endloop
  endfacet
  facet normal 0.555641 -0.831422 0
    outer loop
      vertex 43.805 46.851 2.4
      vertex 43.9681 46.96 3.9
      vertex 43.805 46.851 3.9
    endloop
  endfacet
  facet normal 0.555641 -0.831422 0
    outer loop
      vertex 43.9681 46.96 3.9
      vertex 43.805 46.851 2.4
      vertex 43.9681 46.96 2.4
    endloop
  endfacet
  facet normal 0.195234 0.980757 -0
    outer loop
      vertex 43.4432 49.5989 2.4
      vertex 43.2508 49.6372 3.9
      vertex 43.4432 49.5989 3.9
    endloop
  endfacet
  facet normal 0.195234 0.980757 0
    outer loop
      vertex 43.2508 49.6372 3.9
      vertex 43.4432 49.5989 2.4
      vertex 43.2508 49.6372 2.4
    endloop
  endfacet
  facet normal 0.752198 0.658937 0
    outer loop
      vertex 44.245 49.0631 3.9
      vertex 44.1157 49.2107 2.4
      vertex 44.1157 49.2107 3.9
    endloop
  endfacet
  facet normal 0.752198 0.658937 0
    outer loop
      vertex 44.1157 49.2107 2.4
      vertex 44.245 49.0631 3.9
      vertex 44.245 49.0631 2.4
    endloop
  endfacet
  facet normal 0.0652336 0.99787 -0
    outer loop
      vertex 43.2508 49.6372 2.4
      vertex 43.055 49.65 3.9
      vertex 43.2508 49.6372 3.9
    endloop
  endfacet
  facet normal 0.0652336 0.99787 0
    outer loop
      vertex 43.055 49.65 3.9
      vertex 43.2508 49.6372 2.4
      vertex 43.055 49.65 2.4
    endloop
  endfacet
  facet normal -0.946885 0.321574 0
    outer loop
      vertex 41.6061 48.5382 2.4
      vertex 41.6692 48.724 3.9
      vertex 41.6692 48.724 2.4
    endloop
  endfacet
  facet normal -0.946885 0.321574 0
    outer loop
      vertex 41.6692 48.724 3.9
      vertex 41.6061 48.5382 2.4
      vertex 41.6061 48.5382 3.9
    endloop
  endfacet
  facet normal -0.0652336 -0.99787 0
    outer loop
      vertex 42.8592 46.6628 2.4
      vertex 43.055 46.65 3.9
      vertex 42.8592 46.6628 3.9
    endloop
  endfacet
  facet normal -0.0652336 -0.99787 -0
    outer loop
      vertex 43.055 46.65 3.9
      vertex 42.8592 46.6628 2.4
      vertex 43.055 46.65 2.4
    endloop
  endfacet
  facet normal 0.442315 0.89686 -0
    outer loop
      vertex 43.805 49.449 2.4
      vertex 43.629 49.5358 3.9
      vertex 43.805 49.449 3.9
    endloop
  endfacet
  facet normal 0.442315 0.89686 0
    outer loop
      vertex 43.629 49.5358 3.9
      vertex 43.805 49.449 2.4
      vertex 43.629 49.5358 2.4
    endloop
  endfacet
  facet normal -0.752198 0.658937 0
    outer loop
      vertex 41.865 49.0631 2.4
      vertex 41.9943 49.2107 3.9
      vertex 41.9943 49.2107 2.4
    endloop
  endfacet
  facet normal -0.752198 0.658937 0
    outer loop
      vertex 41.9943 49.2107 3.9
      vertex 41.865 49.0631 2.4
      vertex 41.865 49.0631 3.9
    endloop
  endfacet
  facet normal -0.99787 -0.0652336 0
    outer loop
      vertex 41.5678 47.9542 2.4
      vertex 41.555 48.15 3.9
      vertex 41.555 48.15 2.4
    endloop
  endfacet
  facet normal -0.99787 -0.0652336 0
    outer loop
      vertex 41.555 48.15 3.9
      vertex 41.5678 47.9542 2.4
      vertex 41.5678 47.9542 3.9
    endloop
  endfacet
  facet normal -0.658937 -0.752198 0
    outer loop
      vertex 41.9943 47.0893 2.4
      vertex 42.1419 46.96 3.9
      vertex 41.9943 47.0893 3.9
    endloop
  endfacet
  facet normal -0.658937 -0.752198 -0
    outer loop
      vertex 42.1419 46.96 3.9
      vertex 41.9943 47.0893 2.4
      vertex 42.1419 46.96 2.4
    endloop
  endfacet
  facet normal 0.831422 -0.555641 0
    outer loop
      vertex 44.245 47.2369 3.9
      vertex 44.354 47.4 2.4
      vertex 44.354 47.4 3.9
    endloop
  endfacet
  facet normal 0.831422 -0.555641 0
    outer loop
      vertex 44.354 47.4 2.4
      vertex 44.245 47.2369 3.9
      vertex 44.245 47.2369 2.4
    endloop
  endfacet
  facet normal -0.752198 -0.658937 0
    outer loop
      vertex 41.9943 47.0893 2.4
      vertex 41.865 47.2369 3.9
      vertex 41.865 47.2369 2.4
    endloop
  endfacet
  facet normal -0.752198 -0.658937 0
    outer loop
      vertex 41.865 47.2369 3.9
      vertex 41.9943 47.0893 2.4
      vertex 41.9943 47.0893 3.9
    endloop
  endfacet
  facet normal -0.99787 0.0652336 0
    outer loop
      vertex 41.555 48.15 2.4
      vertex 41.5678 48.3458 3.9
      vertex 41.5678 48.3458 2.4
    endloop
  endfacet
  facet normal -0.99787 0.0652336 0
    outer loop
      vertex 41.5678 48.3458 3.9
      vertex 41.555 48.15 2.4
      vertex 41.555 48.15 3.9
    endloop
  endfacet
  facet normal -0.195234 -0.980757 0
    outer loop
      vertex 42.6668 46.7011 2.4
      vertex 42.8592 46.6628 3.9
      vertex 42.6668 46.7011 3.9
    endloop
  endfacet
  facet normal -0.195234 -0.980757 -0
    outer loop
      vertex 42.8592 46.6628 3.9
      vertex 42.6668 46.7011 2.4
      vertex 42.8592 46.6628 2.4
    endloop
  endfacet
  facet normal 0.0652336 -0.99787 0
    outer loop
      vertex 43.055 46.65 2.4
      vertex 43.2508 46.6628 3.9
      vertex 43.055 46.65 3.9
    endloop
  endfacet
  facet normal 0.0652336 -0.99787 0
    outer loop
      vertex 43.2508 46.6628 3.9
      vertex 43.055 46.65 2.4
      vertex 43.2508 46.6628 2.4
    endloop
  endfacet
  facet normal -0.946885 -0.321574 0
    outer loop
      vertex 41.6692 47.576 2.4
      vertex 41.6061 47.7618 3.9
      vertex 41.6061 47.7618 2.4
    endloop
  endfacet
  facet normal -0.946885 -0.321574 0
    outer loop
      vertex 41.6061 47.7618 3.9
      vertex 41.6692 47.576 2.4
      vertex 41.6692 47.576 3.9
    endloop
  endfacet
  facet normal -0.442315 0.89686 0
    outer loop
      vertex 42.481 49.5358 2.4
      vertex 42.305 49.449 3.9
      vertex 42.481 49.5358 3.9
    endloop
  endfacet
  facet normal -0.442315 0.89686 0
    outer loop
      vertex 42.305 49.449 3.9
      vertex 42.481 49.5358 2.4
      vertex 42.305 49.449 2.4
    endloop
  endfacet
  facet normal -0.321574 -0.946885 0
    outer loop
      vertex 42.481 46.7642 2.4
      vertex 42.6668 46.7011 3.9
      vertex 42.481 46.7642 3.9
    endloop
  endfacet
  facet normal -0.321574 -0.946885 -0
    outer loop
      vertex 42.6668 46.7011 3.9
      vertex 42.481 46.7642 2.4
      vertex 42.6668 46.7011 2.4
    endloop
  endfacet
  facet normal -0.831422 -0.555641 0
    outer loop
      vertex 41.865 47.2369 2.4
      vertex 41.756 47.4 3.9
      vertex 41.756 47.4 2.4
    endloop
  endfacet
  facet normal -0.831422 -0.555641 0
    outer loop
      vertex 41.756 47.4 3.9
      vertex 41.865 47.2369 2.4
      vertex 41.865 47.2369 3.9
    endloop
  endfacet
  facet normal -0.0652336 0.99787 0
    outer loop
      vertex 43.055 49.65 2.4
      vertex 42.8592 49.6372 3.9
      vertex 43.055 49.65 3.9
    endloop
  endfacet
  facet normal -0.0652336 0.99787 0
    outer loop
      vertex 42.8592 49.6372 3.9
      vertex 43.055 49.65 2.4
      vertex 42.8592 49.6372 2.4
    endloop
  endfacet
  facet normal -0.442315 -0.89686 0
    outer loop
      vertex 42.305 46.851 2.4
      vertex 42.481 46.7642 3.9
      vertex 42.305 46.851 3.9
    endloop
  endfacet
  facet normal -0.442315 -0.89686 -0
    outer loop
      vertex 42.481 46.7642 3.9
      vertex 42.305 46.851 2.4
      vertex 42.481 46.7642 2.4
    endloop
  endfacet
  facet normal 0.89686 -0.442315 0
    outer loop
      vertex 44.354 47.4 3.9
      vertex 44.4408 47.576 2.4
      vertex 44.4408 47.576 3.9
    endloop
  endfacet
  facet normal 0.89686 -0.442315 0
    outer loop
      vertex 44.4408 47.576 2.4
      vertex 44.354 47.4 3.9
      vertex 44.354 47.4 2.4
    endloop
  endfacet
  facet normal -0.89686 -0.442315 0
    outer loop
      vertex 41.756 47.4 2.4
      vertex 41.6692 47.576 3.9
      vertex 41.6692 47.576 2.4
    endloop
  endfacet
  facet normal -0.89686 -0.442315 0
    outer loop
      vertex 41.6692 47.576 3.9
      vertex 41.756 47.4 2.4
      vertex 41.756 47.4 3.9
    endloop
  endfacet
  facet normal -0.89686 0.442315 0
    outer loop
      vertex 41.6692 48.724 2.4
      vertex 41.756 48.9 3.9
      vertex 41.756 48.9 2.4
    endloop
  endfacet
  facet normal -0.89686 0.442315 0
    outer loop
      vertex 41.756 48.9 3.9
      vertex 41.6692 48.724 2.4
      vertex 41.6692 48.724 3.9
    endloop
  endfacet
  facet normal -0.831422 0.555641 0
    outer loop
      vertex 41.756 48.9 2.4
      vertex 41.865 49.0631 3.9
      vertex 41.865 49.0631 2.4
    endloop
  endfacet
  facet normal -0.831422 0.555641 0
    outer loop
      vertex 41.865 49.0631 3.9
      vertex 41.756 48.9 2.4
      vertex 41.756 48.9 3.9
    endloop
  endfacet
  facet normal 0 0 1
    outer loop
      vertex 44.5422 48.3458 3.9
      vertex 44.5422 47.9542 3.9
      vertex 44.555 48.15 3.9
    endloop
  endfacet
  facet normal 0 0 1
    outer loop
      vertex 44.5039 48.5382 3.9
      vertex 44.5422 47.9542 3.9
      vertex 44.5422 48.3458 3.9
    endloop
  endfacet
  facet normal 0 0 1
    outer loop
      vertex 44.5039 48.5382 3.9
      vertex 44.5039 47.7618 3.9
      vertex 44.5422 47.9542 3.9
    endloop
  endfacet
  facet normal 0 0 1
    outer loop
      vertex 44.4408 48.724 3.9
      vertex 44.5039 47.7618 3.9
      vertex 44.5039 48.5382 3.9
    endloop
  endfacet
  facet normal 0 0 1
    outer loop
      vertex 44.4408 48.724 3.9
      vertex 44.4408 47.576 3.9
      vertex 44.5039 47.7618 3.9
    endloop
  endfacet
  facet normal 0 0 1
    outer loop
      vertex 44.354 48.9 3.9
      vertex 44.4408 47.576 3.9
      vertex 44.4408 48.724 3.9
    endloop
  endfacet
  facet normal 0 0 1
    outer loop
      vertex 44.354 48.9 3.9
      vertex 44.354 47.4 3.9
      vertex 44.4408 47.576 3.9
    endloop
  endfacet
  facet normal 0 0 1
    outer loop
      vertex 44.245 49.0631 3.9
      vertex 44.354 47.4 3.9
      vertex 44.354 48.9 3.9
    endloop
  endfacet
  facet normal 0 0 1
    outer loop
      vertex 44.245 49.0631 3.9
      vertex 44.245 47.2369 3.9
      vertex 44.354 47.4 3.9
    endloop
  endfacet
  facet normal 0 0 1
    outer loop
      vertex 44.1157 49.2107 3.9
      vertex 44.245 47.2369 3.9
      vertex 44.245 49.0631 3.9
    endloop
  endfacet
  facet normal 0 0 1
    outer loop
      vertex 44.1157 49.2107 3.9
      vertex 44.1157 47.0893 3.9
      vertex 44.245 47.2369 3.9
    endloop
  endfacet
  facet normal 0 0 1
    outer loop
      vertex 43.9681 49.34 3.9
      vertex 44.1157 47.0893 3.9
      vertex 44.1157 49.2107 3.9
    endloop
  endfacet
  facet normal 0 0 1
    outer loop
      vertex 43.9681 49.34 3.9
      vertex 43.9681 46.96 3.9
      vertex 44.1157 47.0893 3.9
    endloop
  endfacet
  facet normal 0 0 1
    outer loop
      vertex 43.805 49.449 3.9
      vertex 43.9681 46.96 3.9
      vertex 43.9681 49.34 3.9
    endloop
  endfacet
  facet normal 0 0 1
    outer loop
      vertex 43.805 49.449 3.9
      vertex 43.805 46.851 3.9
      vertex 43.9681 46.96 3.9
    endloop
  endfacet
  facet normal 0 0 1
    outer loop
      vertex 43.629 49.5358 3.9
      vertex 43.805 46.851 3.9
      vertex 43.805 49.449 3.9
    endloop
  endfacet
  facet normal 0 0 1
    outer loop
      vertex 43.629 49.5358 3.9
      vertex 43.629 46.7642 3.9
      vertex 43.805 46.851 3.9
    endloop
  endfacet
  facet normal 0 0 1
    outer loop
      vertex 43.4432 49.5989 3.9
      vertex 43.629 46.7642 3.9
      vertex 43.629 49.5358 3.9
    endloop
  endfacet
  facet normal 0 0 1
    outer loop
      vertex 43.4432 49.5989 3.9
      vertex 43.4432 46.7011 3.9
      vertex 43.629 46.7642 3.9
    endloop
  endfacet
  facet normal 0 0 1
    outer loop
      vertex 43.2508 49.6372 3.9
      vertex 43.4432 46.7011 3.9
      vertex 43.4432 49.5989 3.9
    endloop
  endfacet
  facet normal 0 0 1
    outer loop
      vertex 43.2508 49.6372 3.9
      vertex 43.2508 46.6628 3.9
      vertex 43.4432 46.7011 3.9
    endloop
  endfacet
  facet normal 0 0 1
    outer loop
      vertex 43.055 49.65 3.9
      vertex 43.2508 46.6628 3.9
      vertex 43.2508 49.6372 3.9
    endloop
  endfacet
  facet normal 0 0 1
    outer loop
      vertex 43.055 49.65 3.9
      vertex 43.055 46.65 3.9
      vertex 43.2508 46.6628 3.9
    endloop
  endfacet
  facet normal -0 0 1
    outer loop
      vertex 42.8592 49.6372 3.9
      vertex 43.055 46.65 3.9
      vertex 43.055 49.65 3.9
    endloop
  endfacet
  facet normal 0 0 1
    outer loop
      vertex 42.8592 49.6372 3.9
      vertex 42.8592 46.6628 3.9
      vertex 43.055 46.65 3.9
    endloop
  endfacet
  facet normal -0 0 1
    outer loop
      vertex 42.6668 49.5989 3.9
      vertex 42.8592 46.6628 3.9
      vertex 42.8592 49.6372 3.9
    endloop
  endfacet
  facet normal 0 0 1
    outer loop
      vertex 42.6668 49.5989 3.9
      vertex 42.6668 46.7011 3.9
      vertex 42.8592 46.6628 3.9
    endloop
  endfacet
  facet normal -0 0 1
    outer loop
      vertex 42.481 49.5358 3.9
      vertex 42.6668 46.7011 3.9
      vertex 42.6668 49.5989 3.9
    endloop
  endfacet
  facet normal 0 0 1
    outer loop
      vertex 42.481 49.5358 3.9
      vertex 42.481 46.7642 3.9
      vertex 42.6668 46.7011 3.9
    endloop
  endfacet
  facet normal -0 0 1
    outer loop
      vertex 42.305 49.449 3.9
      vertex 42.481 46.7642 3.9
      vertex 42.481 49.5358 3.9
    endloop
  endfacet
  facet normal 0 0 1
    outer loop
      vertex 42.305 49.449 3.9
      vertex 42.305 46.851 3.9
      vertex 42.481 46.7642 3.9
    endloop
  endfacet
  facet normal -0 0 1
    outer loop
      vertex 42.1419 49.34 3.9
      vertex 42.305 46.851 3.9
      vertex 42.305 49.449 3.9
    endloop
  endfacet
  facet normal 0 0 1
    outer loop
      vertex 42.1419 49.34 3.9
      vertex 42.1419 46.96 3.9
      vertex 42.305 46.851 3.9
    endloop
  endfacet
  facet normal -0 0 1
    outer loop
      vertex 41.9943 49.2107 3.9
      vertex 42.1419 46.96 3.9
      vertex 42.1419 49.34 3.9
    endloop
  endfacet
  facet normal 0 0 1
    outer loop
      vertex 41.9943 49.2107 3.9
      vertex 41.9943 47.0893 3.9
      vertex 42.1419 46.96 3.9
    endloop
  endfacet
  facet normal -0 0 1
    outer loop
      vertex 41.865 49.0631 3.9
      vertex 41.9943 47.0893 3.9
      vertex 41.9943 49.2107 3.9
    endloop
  endfacet
  facet normal 0 0 1
    outer loop
      vertex 41.865 49.0631 3.9
      vertex 41.865 47.2369 3.9
      vertex 41.9943 47.0893 3.9
    endloop
  endfacet
  facet normal -0 0 1
    outer loop
      vertex 41.756 48.9 3.9
      vertex 41.865 47.2369 3.9
      vertex 41.865 49.0631 3.9
    endloop
  endfacet
  facet normal 0 0 1
    outer loop
      vertex 41.756 48.9 3.9
      vertex 41.756 47.4 3.9
      vertex 41.865 47.2369 3.9
    endloop
  endfacet
  facet normal -0 0 1
    outer loop
      vertex 41.6692 48.724 3.9
      vertex 41.756 47.4 3.9
      vertex 41.756 48.9 3.9
    endloop
  endfacet
  facet normal 0 0 1
    outer loop
      vertex 41.6692 48.724 3.9
      vertex 41.6692 47.576 3.9
      vertex 41.756 47.4 3.9
    endloop
  endfacet
  facet normal -0 0 1
    outer loop
      vertex 41.6061 48.5382 3.9
      vertex 41.6692 47.576 3.9
      vertex 41.6692 48.724 3.9
    endloop
  endfacet
  facet normal 0 0 1
    outer loop
      vertex 41.6061 48.5382 3.9
      vertex 41.6061 47.7618 3.9
      vertex 41.6692 47.576 3.9
    endloop
  endfacet
  facet normal -0 0 1
    outer loop
      vertex 41.5678 48.3458 3.9
      vertex 41.6061 47.7618 3.9
      vertex 41.6061 48.5382 3.9
    endloop
  endfacet
  facet normal 0 0 1
    outer loop
      vertex 41.5678 48.3458 3.9
      vertex 41.5678 47.9542 3.9
      vertex 41.6061 47.7618 3.9
    endloop
  endfacet
  facet normal 0 -0 1
    outer loop
      vertex 41.5678 47.9542 3.9
      vertex 41.5678 48.3458 3.9
      vertex 41.555 48.15 3.9
    endloop
  endfacet
  facet normal 0.442315 -0.89686 0
    outer loop
      vertex 43.629 59.4642 2.4
      vertex 43.805 59.551 3.9
      vertex 43.629 59.4642 3.9
    endloop
  endfacet
  facet normal 0.442315 -0.89686 0
    outer loop
      vertex 43.805 59.551 3.9
      vertex 43.629 59.4642 2.4
      vertex 43.805 59.551 2.4
    endloop
  endfacet
  facet normal 0.980757 0.195234 0
    outer loop
      vertex 44.5422 61.0458 3.9
      vertex 44.5039 61.2382 2.4
      vertex 44.5039 61.2382 3.9
    endloop
  endfacet
  facet normal 0.980757 0.195234 0
    outer loop
      vertex 44.5039 61.2382 2.4
      vertex 44.5422 61.0458 3.9
      vertex 44.5422 61.0458 2.4
    endloop
  endfacet
  facet normal 0.99787 0.0652336 0
    outer loop
      vertex 44.555 60.85 3.9
      vertex 44.5422 61.0458 2.4
      vertex 44.5422 61.0458 3.9
    endloop
  endfacet
  facet normal 0.99787 0.0652336 0
    outer loop
      vertex 44.5422 61.0458 2.4
      vertex 44.555 60.85 3.9
      vertex 44.555 60.85 2.4
    endloop
  endfacet
  facet normal 0.946885 0.321574 0
    outer loop
      vertex 44.5039 61.2382 3.9
      vertex 44.4408 61.424 2.4
      vertex 44.4408 61.424 3.9
    endloop
  endfacet
  facet normal 0.946885 0.321574 0
    outer loop
      vertex 44.4408 61.424 2.4
      vertex 44.5039 61.2382 3.9
      vertex 44.5039 61.2382 2.4
    endloop
  endfacet
  facet normal 0.752198 -0.658937 0
    outer loop
      vertex 44.1157 59.7893 3.9
      vertex 44.245 59.9369 2.4
      vertex 44.245 59.9369 3.9
    endloop
  endfacet
  facet normal 0.752198 -0.658937 0
    outer loop
      vertex 44.245 59.9369 2.4
      vertex 44.1157 59.7893 3.9
      vertex 44.1157 59.7893 2.4
    endloop
  endfacet
  facet normal -0.555641 0.831422 0
    outer loop
      vertex 42.305 62.149 2.4
      vertex 42.1419 62.04 3.9
      vertex 42.305 62.149 3.9
    endloop
  endfacet
  facet normal -0.555641 0.831422 0
    outer loop
      vertex 42.1419 62.04 3.9
      vertex 42.305 62.149 2.4
      vertex 42.1419 62.04 2.4
    endloop
  endfacet
  facet normal 0.321574 0.946885 -0
    outer loop
      vertex 43.629 62.2358 2.4
      vertex 43.4432 62.2989 3.9
      vertex 43.629 62.2358 3.9
    endloop
  endfacet
  facet normal 0.321574 0.946885 0
    outer loop
      vertex 43.4432 62.2989 3.9
      vertex 43.629 62.2358 2.4
      vertex 43.4432 62.2989 2.4
    endloop
  endfacet
  facet normal 0.555641 0.831422 -0
    outer loop
      vertex 43.9681 62.04 2.4
      vertex 43.805 62.149 3.9
      vertex 43.9681 62.04 3.9
    endloop
  endfacet
  facet normal 0.555641 0.831422 0
    outer loop
      vertex 43.805 62.149 3.9
      vertex 43.9681 62.04 2.4
      vertex 43.805 62.149 2.4
    endloop
  endfacet
  facet normal 0.321574 -0.946885 0
    outer loop
      vertex 43.4432 59.4011 2.4
      vertex 43.629 59.4642 3.9
      vertex 43.4432 59.4011 3.9
    endloop
  endfacet
  facet normal 0.321574 -0.946885 0
    outer loop
      vertex 43.629 59.4642 3.9
      vertex 43.4432 59.4011 2.4
      vertex 43.629 59.4642 2.4
    endloop
  endfacet
  facet normal 0.89686 0.442315 0
    outer loop
      vertex 44.4408 61.424 3.9
      vertex 44.354 61.6 2.4
      vertex 44.354 61.6 3.9
    endloop
  endfacet
  facet normal 0.89686 0.442315 0
    outer loop
      vertex 44.354 61.6 2.4
      vertex 44.4408 61.424 3.9
      vertex 44.4408 61.424 2.4
    endloop
  endfacet
  facet normal -0.195234 0.980757 0
    outer loop
      vertex 42.8592 62.3372 2.4
      vertex 42.6668 62.2989 3.9
      vertex 42.8592 62.3372 3.9
    endloop
  endfacet
  facet normal -0.195234 0.980757 0
    outer loop
      vertex 42.6668 62.2989 3.9
      vertex 42.8592 62.3372 2.4
      vertex 42.6668 62.2989 2.4
    endloop
  endfacet
  facet normal 0.946885 -0.321574 0
    outer loop
      vertex 44.4408 60.276 3.9
      vertex 44.5039 60.4618 2.4
      vertex 44.5039 60.4618 3.9
    endloop
  endfacet
  facet normal 0.946885 -0.321574 0
    outer loop
      vertex 44.5039 60.4618 2.4
      vertex 44.4408 60.276 3.9
      vertex 44.4408 60.276 2.4
    endloop
  endfacet
  facet normal -0.555641 -0.831422 0
    outer loop
      vertex 42.1419 59.66 2.4
      vertex 42.305 59.551 3.9
      vertex 42.1419 59.66 3.9
    endloop
  endfacet
  facet normal -0.555641 -0.831422 -0
    outer loop
      vertex 42.305 59.551 3.9
      vertex 42.1419 59.66 2.4
      vertex 42.305 59.551 2.4
    endloop
  endfacet
  facet normal -0.658937 0.752198 0
    outer loop
      vertex 42.1419 62.04 2.4
      vertex 41.9943 61.9107 3.9
      vertex 42.1419 62.04 3.9
    endloop
  endfacet
  facet normal -0.658937 0.752198 0
    outer loop
      vertex 41.9943 61.9107 3.9
      vertex 42.1419 62.04 2.4
      vertex 41.9943 61.9107 2.4
    endloop
  endfacet
  facet normal -0.980757 0.195234 0
    outer loop
      vertex 41.5678 61.0458 2.4
      vertex 41.6061 61.2382 3.9
      vertex 41.6061 61.2382 2.4
    endloop
  endfacet
  facet normal -0.980757 0.195234 0
    outer loop
      vertex 41.6061 61.2382 3.9
      vertex 41.5678 61.0458 2.4
      vertex 41.5678 61.0458 3.9
    endloop
  endfacet
  facet normal -0.321574 0.946885 0
    outer loop
      vertex 42.6668 62.2989 2.4
      vertex 42.481 62.2358 3.9
      vertex 42.6668 62.2989 3.9
    endloop
  endfacet
  facet normal -0.321574 0.946885 0
    outer loop
      vertex 42.481 62.2358 3.9
      vertex 42.6668 62.2989 2.4
      vertex 42.481 62.2358 2.4
    endloop
  endfacet
  facet normal 0.658937 -0.752198 0
    outer loop
      vertex 43.9681 59.66 2.4
      vertex 44.1157 59.7893 3.9
      vertex 43.9681 59.66 3.9
    endloop
  endfacet
  facet normal 0.658937 -0.752198 0
    outer loop
      vertex 44.1157 59.7893 3.9
      vertex 43.9681 59.66 2.4
      vertex 44.1157 59.7893 2.4
    endloop
  endfacet
  facet normal 0.831422 0.555641 0
    outer loop
      vertex 44.354 61.6 3.9
      vertex 44.245 61.7631 2.4
      vertex 44.245 61.7631 3.9
    endloop
  endfacet
  facet normal 0.831422 0.555641 0
    outer loop
      vertex 44.245 61.7631 2.4
      vertex 44.354 61.6 3.9
      vertex 44.354 61.6 2.4
    endloop
  endfacet
  facet normal 0.195234 -0.980757 0
    outer loop
      vertex 43.2508 59.3628 2.4
      vertex 43.4432 59.4011 3.9
      vertex 43.2508 59.3628 3.9
    endloop
  endfacet
  facet normal 0.195234 -0.980757 0
    outer loop
      vertex 43.4432 59.4011 3.9
      vertex 43.2508 59.3628 2.4
      vertex 43.4432 59.4011 2.4
    endloop
  endfacet
  facet normal -0.980757 -0.195234 0
    outer loop
      vertex 41.6061 60.4618 2.4
      vertex 41.5678 60.6542 3.9
      vertex 41.5678 60.6542 2.4
    endloop
  endfacet
  facet normal -0.980757 -0.195234 0
    outer loop
      vertex 41.5678 60.6542 3.9
      vertex 41.6061 60.4618 2.4
      vertex 41.6061 60.4618 3.9
    endloop
  endfacet
  facet normal 0.658937 0.752198 -0
    outer loop
      vertex 44.1157 61.9107 2.4
      vertex 43.9681 62.04 3.9
      vertex 44.1157 61.9107 3.9
    endloop
  endfacet
  facet normal 0.658937 0.752198 0
    outer loop
      vertex 43.9681 62.04 3.9
      vertex 44.1157 61.9107 2.4
      vertex 43.9681 62.04 2.4
    endloop
  endfacet
  facet normal 0.99787 -0.0652336 0
    outer loop
      vertex 44.5422 60.6542 3.9
      vertex 44.555 60.85 2.4
      vertex 44.555 60.85 3.9
    endloop
  endfacet
  facet normal 0.99787 -0.0652336 0
    outer loop
      vertex 44.555 60.85 2.4
      vertex 44.5422 60.6542 3.9
      vertex 44.5422 60.6542 2.4
    endloop
  endfacet
  facet normal 0.980757 -0.195234 0
    outer loop
      vertex 44.5039 60.4618 3.9
      vertex 44.5422 60.6542 2.4
      vertex 44.5422 60.6542 3.9
    endloop
  endfacet
  facet normal 0.980757 -0.195234 0
    outer loop
      vertex 44.5422 60.6542 2.4
      vertex 44.5039 60.4618 3.9
      vertex 44.5039 60.4618 2.4
    endloop
  endfacet
  facet normal 0.555641 -0.831422 0
    outer loop
      vertex 43.805 59.551 2.4
      vertex 43.9681 59.66 3.9
      vertex 43.805 59.551 3.9
    endloop
  endfacet
  facet normal 0.555641 -0.831422 0
    outer loop
      vertex 43.9681 59.66 3.9
      vertex 43.805 59.551 2.4
      vertex 43.9681 59.66 2.4
    endloop
  endfacet
  facet normal 0.195234 0.980757 -0
    outer loop
      vertex 43.4432 62.2989 2.4
      vertex 43.2508 62.3372 3.9
      vertex 43.4432 62.2989 3.9
    endloop
  endfacet
  facet normal 0.195234 0.980757 0
    outer loop
      vertex 43.2508 62.3372 3.9
      vertex 43.4432 62.2989 2.4
      vertex 43.2508 62.3372 2.4
    endloop
  endfacet
  facet normal 0.752198 0.658937 0
    outer loop
      vertex 44.245 61.7631 3.9
      vertex 44.1157 61.9107 2.4
      vertex 44.1157 61.9107 3.9
    endloop
  endfacet
  facet normal 0.752198 0.658937 0
    outer loop
      vertex 44.1157 61.9107 2.4
      vertex 44.245 61.7631 3.9
      vertex 44.245 61.7631 2.4
    endloop
  endfacet
  facet normal 0.0652336 0.99787 -0
    outer loop
      vertex 43.2508 62.3372 2.4
      vertex 43.055 62.35 3.9
      vertex 43.2508 62.3372 3.9
    endloop
  endfacet
  facet normal 0.0652336 0.99787 0
    outer loop
      vertex 43.055 62.35 3.9
      vertex 43.2508 62.3372 2.4
      vertex 43.055 62.35 2.4
    endloop
  endfacet
  facet normal -0.946885 0.321574 0
    outer loop
      vertex 41.6061 61.2382 2.4
      vertex 41.6692 61.424 3.9
      vertex 41.6692 61.424 2.4
    endloop
  endfacet
  facet normal -0.946885 0.321574 0
    outer loop
      vertex 41.6692 61.424 3.9
      vertex 41.6061 61.2382 2.4
      vertex 41.6061 61.2382 3.9
    endloop
  endfacet
  facet normal -0.0652336 -0.99787 0
    outer loop
      vertex 42.8592 59.3628 2.4
      vertex 43.055 59.35 3.9
      vertex 42.8592 59.3628 3.9
    endloop
  endfacet
  facet normal -0.0652336 -0.99787 -0
    outer loop
      vertex 43.055 59.35 3.9
      vertex 42.8592 59.3628 2.4
      vertex 43.055 59.35 2.4
    endloop
  endfacet
  facet normal 0.442315 0.89686 -0
    outer loop
      vertex 43.805 62.149 2.4
      vertex 43.629 62.2358 3.9
      vertex 43.805 62.149 3.9
    endloop
  endfacet
  facet normal 0.442315 0.89686 0
    outer loop
      vertex 43.629 62.2358 3.9
      vertex 43.805 62.149 2.4
      vertex 43.629 62.2358 2.4
    endloop
  endfacet
  facet normal -0.99787 -0.0652336 0
    outer loop
      vertex 41.5678 60.6542 2.4
      vertex 41.555 60.85 3.9
      vertex 41.555 60.85 2.4
    endloop
  endfacet
  facet normal -0.99787 -0.0652336 0
    outer loop
      vertex 41.555 60.85 3.9
      vertex 41.5678 60.6542 2.4
      vertex 41.5678 60.6542 3.9
    endloop
  endfacet
  facet normal -0.658937 -0.752198 0
    outer loop
      vertex 41.9943 59.7893 2.4
      vertex 42.1419 59.66 3.9
      vertex 41.9943 59.7893 3.9
    endloop
  endfacet
  facet normal -0.658937 -0.752198 -0
    outer loop
      vertex 42.1419 59.66 3.9
      vertex 41.9943 59.7893 2.4
      vertex 42.1419 59.66 2.4
    endloop
  endfacet
  facet normal 0.831422 -0.555641 0
    outer loop
      vertex 44.245 59.9369 3.9
      vertex 44.354 60.1 2.4
      vertex 44.354 60.1 3.9
    endloop
  endfacet
  facet normal 0.831422 -0.555641 0
    outer loop
      vertex 44.354 60.1 2.4
      vertex 44.245 59.9369 3.9
      vertex 44.245 59.9369 2.4
    endloop
  endfacet
  facet normal -0.752198 -0.658937 0
    outer loop
      vertex 41.9943 59.7893 2.4
      vertex 41.865 59.9369 3.9
      vertex 41.865 59.9369 2.4
    endloop
  endfacet
  facet normal -0.752198 -0.658937 0
    outer loop
      vertex 41.865 59.9369 3.9
      vertex 41.9943 59.7893 2.4
      vertex 41.9943 59.7893 3.9
    endloop
  endfacet
  facet normal -0.99787 0.0652336 0
    outer loop
      vertex 41.555 60.85 2.4
      vertex 41.5678 61.0458 3.9
      vertex 41.5678 61.0458 2.4
    endloop
  endfacet
  facet normal -0.99787 0.0652336 0
    outer loop
      vertex 41.5678 61.0458 3.9
      vertex 41.555 60.85 2.4
      vertex 41.555 60.85 3.9
    endloop
  endfacet
  facet normal -0.195234 -0.980757 0
    outer loop
      vertex 42.6668 59.4011 2.4
      vertex 42.8592 59.3628 3.9
      vertex 42.6668 59.4011 3.9
    endloop
  endfacet
  facet normal -0.195234 -0.980757 -0
    outer loop
      vertex 42.8592 59.3628 3.9
      vertex 42.6668 59.4011 2.4
      vertex 42.8592 59.3628 2.4
    endloop
  endfacet
  facet normal 0.0652336 -0.99787 0
    outer loop
      vertex 43.055 59.35 2.4
      vertex 43.2508 59.3628 3.9
      vertex 43.055 59.35 3.9
    endloop
  endfacet
  facet normal 0.0652336 -0.99787 0
    outer loop
      vertex 43.2508 59.3628 3.9
      vertex 43.055 59.35 2.4
      vertex 43.2508 59.3628 2.4
    endloop
  endfacet
  facet normal -0.946885 -0.321574 0
    outer loop
      vertex 41.6692 60.276 2.4
      vertex 41.6061 60.4618 3.9
      vertex 41.6061 60.4618 2.4
    endloop
  endfacet
  facet normal -0.946885 -0.321574 0
    outer loop
      vertex 41.6061 60.4618 3.9
      vertex 41.6692 60.276 2.4
      vertex 41.6692 60.276 3.9
    endloop
  endfacet
  facet normal -0.442315 0.89686 0
    outer loop
      vertex 42.481 62.2358 2.4
      vertex 42.305 62.149 3.9
      vertex 42.481 62.2358 3.9
    endloop
  endfacet
  facet normal -0.442315 0.89686 0
    outer loop
      vertex 42.305 62.149 3.9
      vertex 42.481 62.2358 2.4
      vertex 42.305 62.149 2.4
    endloop
  endfacet
  facet normal -0.321574 -0.946885 0
    outer loop
      vertex 42.481 59.4642 2.4
      vertex 42.6668 59.4011 3.9
      vertex 42.481 59.4642 3.9
    endloop
  endfacet
  facet normal -0.321574 -0.946885 -0
    outer loop
      vertex 42.6668 59.4011 3.9
      vertex 42.481 59.4642 2.4
      vertex 42.6668 59.4011 2.4
    endloop
  endfacet
  facet normal -0.752198 0.658937 0
    outer loop
      vertex 41.865 61.7631 2.4
      vertex 41.9943 61.9107 3.9
      vertex 41.9943 61.9107 2.4
    endloop
  endfacet
  facet normal -0.752198 0.658937 0
    outer loop
      vertex 41.9943 61.9107 3.9
      vertex 41.865 61.7631 2.4
      vertex 41.865 61.7631 3.9
    endloop
  endfacet
  facet normal -0.831422 -0.555641 0
    outer loop
      vertex 41.865 59.9369 2.4
      vertex 41.756 60.1 3.9
      vertex 41.756 60.1 2.4
    endloop
  endfacet
  facet normal -0.831422 -0.555641 0
    outer loop
      vertex 41.756 60.1 3.9
      vertex 41.865 59.9369 2.4
      vertex 41.865 59.9369 3.9
    endloop
  endfacet
  facet normal -0.0652336 0.99787 0
    outer loop
      vertex 43.055 62.35 2.4
      vertex 42.8592 62.3372 3.9
      vertex 43.055 62.35 3.9
    endloop
  endfacet
  facet normal -0.0652336 0.99787 0
    outer loop
      vertex 42.8592 62.3372 3.9
      vertex 43.055 62.35 2.4
      vertex 42.8592 62.3372 2.4
    endloop
  endfacet
  facet normal -0.442315 -0.89686 0
    outer loop
      vertex 42.305 59.551 2.4
      vertex 42.481 59.4642 3.9
      vertex 42.305 59.551 3.9
    endloop
  endfacet
  facet normal -0.442315 -0.89686 -0
    outer loop
      vertex 42.481 59.4642 3.9
      vertex 42.305 59.551 2.4
      vertex 42.481 59.4642 2.4
    endloop
  endfacet
  facet normal 0.89686 -0.442315 0
    outer loop
      vertex 44.354 60.1 3.9
      vertex 44.4408 60.276 2.4
      vertex 44.4408 60.276 3.9
    endloop
  endfacet
  facet normal 0.89686 -0.442315 0
    outer loop
      vertex 44.4408 60.276 2.4
      vertex 44.354 60.1 3.9
      vertex 44.354 60.1 2.4
    endloop
  endfacet
  facet normal -0.89686 -0.442315 0
    outer loop
      vertex 41.756 60.1 2.4
      vertex 41.6692 60.276 3.9
      vertex 41.6692 60.276 2.4
    endloop
  endfacet
  facet normal -0.89686 -0.442315 0
    outer loop
      vertex 41.6692 60.276 3.9
      vertex 41.756 60.1 2.4
      vertex 41.756 60.1 3.9
    endloop
  endfacet
  facet normal -0.89686 0.442315 0
    outer loop
      vertex 41.6692 61.424 2.4
      vertex 41.756 61.6 3.9
      vertex 41.756 61.6 2.4
    endloop
  endfacet
  facet normal -0.89686 0.442315 0
    outer loop
      vertex 41.756 61.6 3.9
      vertex 41.6692 61.424 2.4
      vertex 41.6692 61.424 3.9
    endloop
  endfacet
  facet normal -0.831422 0.555641 0
    outer loop
      vertex 41.756 61.6 2.4
      vertex 41.865 61.7631 3.9
      vertex 41.865 61.7631 2.4
    endloop
  endfacet
  facet normal -0.831422 0.555641 0
    outer loop
      vertex 41.865 61.7631 3.9
      vertex 41.756 61.6 2.4
      vertex 41.756 61.6 3.9
    endloop
  endfacet
  facet normal 0 0 1
    outer loop
      vertex 44.5422 61.0458 3.9
      vertex 44.5422 60.6542 3.9
      vertex 44.555 60.85 3.9
    endloop
  endfacet
  facet normal 0 0 1
    outer loop
      vertex 44.5039 61.2382 3.9
      vertex 44.5422 60.6542 3.9
      vertex 44.5422 61.0458 3.9
    endloop
  endfacet
  facet normal 0 0 1
    outer loop
      vertex 44.5039 61.2382 3.9
      vertex 44.5039 60.4618 3.9
      vertex 44.5422 60.6542 3.9
    endloop
  endfacet
  facet normal 0 0 1
    outer loop
      vertex 44.4408 61.424 3.9
      vertex 44.5039 60.4618 3.9
      vertex 44.5039 61.2382 3.9
    endloop
  endfacet
  facet normal 0 0 1
    outer loop
      vertex 44.4408 61.424 3.9
      vertex 44.4408 60.276 3.9
      vertex 44.5039 60.4618 3.9
    endloop
  endfacet
  facet normal 0 0 1
    outer loop
      vertex 44.354 61.6 3.9
      vertex 44.4408 60.276 3.9
      vertex 44.4408 61.424 3.9
    endloop
  endfacet
  facet normal 0 0 1
    outer loop
      vertex 44.354 61.6 3.9
      vertex 44.354 60.1 3.9
      vertex 44.4408 60.276 3.9
    endloop
  endfacet
  facet normal 0 0 1
    outer loop
      vertex 44.245 61.7631 3.9
      vertex 44.354 60.1 3.9
      vertex 44.354 61.6 3.9
    endloop
  endfacet
  facet normal 0 0 1
    outer loop
      vertex 44.245 61.7631 3.9
      vertex 44.245 59.9369 3.9
      vertex 44.354 60.1 3.9
    endloop
  endfacet
  facet normal 0 0 1
    outer loop
      vertex 44.1157 61.9107 3.9
      vertex 44.245 59.9369 3.9
      vertex 44.245 61.7631 3.9
    endloop
  endfacet
  facet normal 0 0 1
    outer loop
      vertex 44.1157 61.9107 3.9
      vertex 44.1157 59.7893 3.9
      vertex 44.245 59.9369 3.9
    endloop
  endfacet
  facet normal 0 0 1
    outer loop
      vertex 43.9681 62.04 3.9
      vertex 44.1157 59.7893 3.9
      vertex 44.1157 61.9107 3.9
    endloop
  endfacet
  facet normal 0 0 1
    outer loop
      vertex 43.9681 62.04 3.9
      vertex 43.9681 59.66 3.9
      vertex 44.1157 59.7893 3.9
    endloop
  endfacet
  facet normal 0 0 1
    outer loop
      vertex 43.805 62.149 3.9
      vertex 43.9681 59.66 3.9
      vertex 43.9681 62.04 3.9
    endloop
  endfacet
  facet normal 0 0 1
    outer loop
      vertex 43.805 62.149 3.9
      vertex 43.805 59.551 3.9
      vertex 43.9681 59.66 3.9
    endloop
  endfacet
  facet normal 0 0 1
    outer loop
      vertex 43.629 62.2358 3.9
      vertex 43.805 59.551 3.9
      vertex 43.805 62.149 3.9
    endloop
  endfacet
  facet normal 0 0 1
    outer loop
      vertex 43.629 62.2358 3.9
      vertex 43.629 59.4642 3.9
      vertex 43.805 59.551 3.9
    endloop
  endfacet
  facet normal 0 0 1
    outer loop
      vertex 43.4432 62.2989 3.9
      vertex 43.629 59.4642 3.9
      vertex 43.629 62.2358 3.9
    endloop
  endfacet
  facet normal 0 0 1
    outer loop
      vertex 43.4432 62.2989 3.9
      vertex 43.4432 59.4011 3.9
      vertex 43.629 59.4642 3.9
    endloop
  endfacet
  facet normal 0 0 1
    outer loop
      vertex 43.2508 62.3372 3.9
      vertex 43.4432 59.4011 3.9
      vertex 43.4432 62.2989 3.9
    endloop
  endfacet
  facet normal 0 0 1
    outer loop
      vertex 43.2508 62.3372 3.9
      vertex 43.2508 59.3628 3.9
      vertex 43.4432 59.4011 3.9
    endloop
  endfacet
  facet normal 0 0 1
    outer loop
      vertex 43.055 62.35 3.9
      vertex 43.2508 59.3628 3.9
      vertex 43.2508 62.3372 3.9
    endloop
  endfacet
  facet normal 0 0 1
    outer loop
      vertex 43.055 62.35 3.9
      vertex 43.055 59.35 3.9
      vertex 43.2508 59.3628 3.9
    endloop
  endfacet
  facet normal -0 0 1
    outer loop
      vertex 42.8592 62.3372 3.9
      vertex 43.055 59.35 3.9
      vertex 43.055 62.35 3.9
    endloop
  endfacet
  facet normal 0 0 1
    outer loop
      vertex 42.8592 62.3372 3.9
      vertex 42.8592 59.3628 3.9
      vertex 43.055 59.35 3.9
    endloop
  endfacet
  facet normal -0 0 1
    outer loop
      vertex 42.6668 62.2989 3.9
      vertex 42.8592 59.3628 3.9
      vertex 42.8592 62.3372 3.9
    endloop
  endfacet
  facet normal 0 0 1
    outer loop
      vertex 42.6668 62.2989 3.9
      vertex 42.6668 59.4011 3.9
      vertex 42.8592 59.3628 3.9
    endloop
  endfacet
  facet normal -0 0 1
    outer loop
      vertex 42.481 62.2358 3.9
      vertex 42.6668 59.4011 3.9
      vertex 42.6668 62.2989 3.9
    endloop
  endfacet
  facet normal 0 0 1
    outer loop
      vertex 42.481 62.2358 3.9
      vertex 42.481 59.4642 3.9
      vertex 42.6668 59.4011 3.9
    endloop
  endfacet
  facet normal -0 0 1
    outer loop
      vertex 42.305 62.149 3.9
      vertex 42.481 59.4642 3.9
      vertex 42.481 62.2358 3.9
    endloop
  endfacet
  facet normal 0 0 1
    outer loop
      vertex 42.305 62.149 3.9
      vertex 42.305 59.551 3.9
      vertex 42.481 59.4642 3.9
    endloop
  endfacet
  facet normal -0 0 1
    outer loop
      vertex 42.1419 62.04 3.9
      vertex 42.305 59.551 3.9
      vertex 42.305 62.149 3.9
    endloop
  endfacet
  facet normal 0 0 1
    outer loop
      vertex 42.1419 62.04 3.9
      vertex 42.1419 59.66 3.9
      vertex 42.305 59.551 3.9
    endloop
  endfacet
  facet normal -0 0 1
    outer loop
      vertex 41.9943 61.9107 3.9
      vertex 42.1419 59.66 3.9
      vertex 42.1419 62.04 3.9
    endloop
  endfacet
  facet normal 0 0 1
    outer loop
      vertex 41.9943 61.9107 3.9
      vertex 41.9943 59.7893 3.9
      vertex 42.1419 59.66 3.9
    endloop
  endfacet
  facet normal -0 0 1
    outer loop
      vertex 41.865 61.7631 3.9
      vertex 41.9943 59.7893 3.9
      vertex 41.9943 61.9107 3.9
    endloop
  endfacet
  facet normal 0 0 1
    outer loop
      vertex 41.865 61.7631 3.9
      vertex 41.865 59.9369 3.9
      vertex 41.9943 59.7893 3.9
    endloop
  endfacet
  facet normal -0 0 1
    outer loop
      vertex 41.756 61.6 3.9
      vertex 41.865 59.9369 3.9
      vertex 41.865 61.7631 3.9
    endloop
  endfacet
  facet normal 0 0 1
    outer loop
      vertex 41.756 61.6 3.9
      vertex 41.756 60.1 3.9
      vertex 41.865 59.9369 3.9
    endloop
  endfacet
  facet normal -0 0 1
    outer loop
      vertex 41.6692 61.424 3.9
      vertex 41.756 60.1 3.9
      vertex 41.756 61.6 3.9
    endloop
  endfacet
  facet normal 0 0 1
    outer loop
      vertex 41.6692 61.424 3.9
      vertex 41.6692 60.276 3.9
      vertex 41.756 60.1 3.9
    endloop
  endfacet
  facet normal -0 0 1
    outer loop
      vertex 41.6061 61.2382 3.9
      vertex 41.6692 60.276 3.9
      vertex 41.6692 61.424 3.9
    endloop
  endfacet
  facet normal 0 0 1
    outer loop
      vertex 41.6061 61.2382 3.9
      vertex 41.6061 60.4618 3.9
      vertex 41.6692 60.276 3.9
    endloop
  endfacet
  facet normal -0 0 1
    outer loop
      vertex 41.5678 61.0458 3.9
      vertex 41.6061 60.4618 3.9
      vertex 41.6061 61.2382 3.9
    endloop
  endfacet
  facet normal 0 0 1
    outer loop
      vertex 41.5678 61.0458 3.9
      vertex 41.5678 60.6542 3.9
      vertex 41.6061 60.4618 3.9
    endloop
  endfacet
  facet normal 0 -0 1
    outer loop
      vertex 41.5678 60.6542 3.9
      vertex 41.5678 61.0458 3.9
      vertex 41.555 60.85 3.9
    endloop
  endfacet
  facet normal 0.321574 -0.946885 0
    outer loop
      vertex 57.7765 39.1022 0
      vertex 58.1481 39.2284 2.4
      vertex 57.7765 39.1022 2.4
    endloop
  endfacet
  facet normal 0.321574 -0.946885 0
    outer loop
      vertex 58.1481 39.2284 2.4
      vertex 57.7765 39.1022 0
      vertex 58.1481 39.2284 0
    endloop
  endfacet
  facet normal 0 -1 0
    outer loop
      vertex 3 39 0
      vertex 57 39 2.4
      vertex 3 39 2.4
    endloop
  endfacet
  facet normal 0 -1 -0
    outer loop
      vertex 57 39 2.4
      vertex 3 39 0
      vertex 57 39 0
    endloop
  endfacet
  facet normal 0.19494 -0.980815 0
    outer loop
      vertex 57.3916 39.0257 0
      vertex 57.7765 39.1022 2.4
      vertex 57.3916 39.0257 2.4
    endloop
  endfacet
  facet normal 0.19494 -0.980815 0
    outer loop
      vertex 57.7765 39.1022 2.4
      vertex 57.3916 39.0257 0
      vertex 57.7765 39.1022 0
    endloop
  endfacet
  facet normal 0.751724 0.659478 0
    outer loop
      vertex 59.3801 68.8263 2.4
      vertex 59.1213 69.1213 0
      vertex 59.1213 69.1213 2.4
    endloop
  endfacet
  facet normal 0.751724 0.659478 0
    outer loop
      vertex 59.1213 69.1213 0
      vertex 59.3801 68.8263 2.4
      vertex 59.3801 68.8263 0
    endloop
  endfacet
  facet normal 0.0654873 0.997853 -0
    outer loop
      vertex 57.3916 69.9743 0
      vertex 57 70 2.4
      vertex 57.3916 69.9743 2.4
    endloop
  endfacet
  facet normal 0.0654873 0.997853 0
    outer loop
      vertex 57 70 2.4
      vertex 57.3916 69.9743 0
      vertex 57 70 0
    endloop
  endfacet
  facet normal 0.0654873 -0.997853 0
    outer loop
      vertex 57 39 0
      vertex 57.3916 39.0257 2.4
      vertex 57 39 2.4
    endloop
  endfacet
  facet normal 0.0654873 -0.997853 0
    outer loop
      vertex 57.3916 39.0257 2.4
      vertex 57 39 0
      vertex 57.3916 39.0257 0
    endloop
  endfacet
  facet normal -0.896856 -0.442322 0
    outer loop
      vertex 0.401917 40.5 0
      vertex 0.228363 40.8519 2.4
      vertex 0.228363 40.8519 0
    endloop
  endfacet
  facet normal -0.896856 -0.442322 0
    outer loop
      vertex 0.228363 40.8519 2.4
      vertex 0.401917 40.5 0
      vertex 0.401917 40.5 2.4
    endloop
  endfacet
  facet normal -0.0654923 -0.997853 0
    outer loop
      vertex 2.60843 39.0257 0
      vertex 3 39 2.4
      vertex 2.60843 39.0257 2.4
    endloop
  endfacet
  facet normal -0.0654923 -0.997853 -0
    outer loop
      vertex 3 39 2.4
      vertex 2.60843 39.0257 0
      vertex 3 39 0
    endloop
  endfacet
  facet normal -0.321574 -0.946885 0
    outer loop
      vertex 1.85194 39.2284 0
      vertex 2.22354 39.1022 2.4
      vertex 1.85194 39.2284 2.4
    endloop
  endfacet
  facet normal -0.321574 -0.946885 -0
    outer loop
      vertex 2.22354 39.1022 2.4
      vertex 1.85194 39.2284 0
      vertex 2.22354 39.1022 0
    endloop
  endfacet
  facet normal -0.659424 0.751771 0
    outer loop
      vertex 1.17372 69.3801 0
      vertex 0.878677 69.1213 2.4
      vertex 1.17372 69.3801 2.4
    endloop
  endfacet
  facet normal -0.659424 0.751771 0
    outer loop
      vertex 0.878677 69.1213 2.4
      vertex 1.17372 69.3801 0
      vertex 0.878677 69.1213 0
    endloop
  endfacet
  facet normal -0.896856 0.442322 0
    outer loop
      vertex 0.228363 68.1481 0
      vertex 0.401917 68.5 2.4
      vertex 0.401917 68.5 0
    endloop
  endfacet
  facet normal -0.896856 0.442322 0
    outer loop
      vertex 0.401917 68.5 2.4
      vertex 0.228363 68.1481 0
      vertex 0.228363 68.1481 2.4
    endloop
  endfacet
  facet normal -0.555547 0.831485 0
    outer loop
      vertex 1.5 69.5981 0
      vertex 1.17372 69.3801 2.4
      vertex 1.5 69.5981 2.4
    endloop
  endfacet
  facet normal -0.555547 0.831485 0
    outer loop
      vertex 1.17372 69.3801 2.4
      vertex 1.5 69.5981 0
      vertex 1.17372 69.3801 0
    endloop
  endfacet
  facet normal -0.442171 0.896931 0
    outer loop
      vertex 1.85194 69.7716 0
      vertex 1.5 69.5981 2.4
      vertex 1.85194 69.7716 2.4
    endloop
  endfacet
  facet normal -0.442171 0.896931 0
    outer loop
      vertex 1.5 69.5981 2.4
      vertex 1.85194 69.7716 0
      vertex 1.5 69.5981 0
    endloop
  endfacet
  facet normal 1 -0 0
    outer loop
      vertex 60 42 2.4
      vertex 60 67 0
      vertex 60 67 2.4
    endloop
  endfacet
  facet normal 1 0 0
    outer loop
      vertex 60 67 0
      vertex 60 42 2.4
      vertex 60 42 0
    endloop
  endfacet
  facet normal -1 0 0
    outer loop
      vertex 0 42 0
      vertex 0 67 2.4
      vertex 0 67 0
    endloop
  endfacet
  facet normal -1 -0 0
    outer loop
      vertex 0 67 2.4
      vertex 0 42 0
      vertex 0 42 2.4
    endloop
  endfacet
  facet normal -0.0654923 0.997853 0
    outer loop
      vertex 3 70 0
      vertex 2.60843 69.9743 2.4
      vertex 3 70 2.4
    endloop
  endfacet
  facet normal -0.0654923 0.997853 0
    outer loop
      vertex 2.60843 69.9743 2.4
      vertex 3 70 0
      vertex 2.60843 69.9743 0
    endloop
  endfacet
  facet normal 0.321574 0.946885 -0
    outer loop
      vertex 58.1481 69.7716 0
      vertex 57.7765 69.8978 2.4
      vertex 58.1481 69.7716 2.4
    endloop
  endfacet
  facet normal 0.321574 0.946885 0
    outer loop
      vertex 57.7765 69.8978 2.4
      vertex 58.1481 69.7716 0
      vertex 57.7765 69.8978 0
    endloop
  endfacet
  facet normal -0.946928 0.321446 0
    outer loop
      vertex 0.102219 67.7765 0
      vertex 0.228363 68.1481 2.4
      vertex 0.228363 68.1481 0
    endloop
  endfacet
  facet normal -0.946928 0.321446 0
    outer loop
      vertex 0.228363 68.1481 2.4
      vertex 0.102219 67.7765 0
      vertex 0.102219 67.7765 2.4
    endloop
  endfacet
  facet normal -0.194945 -0.980814 0
    outer loop
      vertex 2.22354 39.1022 0
      vertex 2.60843 39.0257 2.4
      vertex 2.22354 39.1022 2.4
    endloop
  endfacet
  facet normal -0.194945 -0.980814 -0
    outer loop
      vertex 2.60843 39.0257 2.4
      vertex 2.22354 39.1022 0
      vertex 2.60843 39.0257 0
    endloop
  endfacet
  facet normal -0.751796 0.659396 0
    outer loop
      vertex 0.619934 68.8263 0
      vertex 0.878677 69.1213 2.4
      vertex 0.878677 69.1213 0
    endloop
  endfacet
  facet normal -0.751796 0.659396 0
    outer loop
      vertex 0.878677 69.1213 2.4
      vertex 0.619934 68.8263 0
      vertex 0.619934 68.8263 2.4
    endloop
  endfacet
  facet normal 0.980815 -0.19494 0
    outer loop
      vertex 59.8978 41.2235 2.4
      vertex 59.9743 41.6084 0
      vertex 59.9743 41.6084 2.4
    endloop
  endfacet
  facet normal 0.980815 -0.19494 0
    outer loop
      vertex 59.9743 41.6084 0
      vertex 59.8978 41.2235 2.4
      vertex 59.8978 41.2235 0
    endloop
  endfacet
  facet normal -0.442171 -0.896931 0
    outer loop
      vertex 1.5 39.4019 0
      vertex 1.85194 39.2284 2.4
      vertex 1.5 39.4019 2.4
    endloop
  endfacet
  facet normal -0.442171 -0.896931 -0
    outer loop
      vertex 1.85194 39.2284 2.4
      vertex 1.5 39.4019 0
      vertex 1.85194 39.2284 0
    endloop
  endfacet
  facet normal 0 1 -0
    outer loop
      vertex 57 70 0
      vertex 3 70 2.4
      vertex 57 70 2.4
    endloop
  endfacet
  facet normal 0 1 0
    outer loop
      vertex 3 70 2.4
      vertex 57 70 0
      vertex 3 70 0
    endloop
  endfacet
  facet normal 0.831501 0.555523 0
    outer loop
      vertex 59.5981 68.5 2.4
      vertex 59.3801 68.8263 0
      vertex 59.3801 68.8263 2.4
    endloop
  endfacet
  facet normal 0.831501 0.555523 0
    outer loop
      vertex 59.3801 68.8263 0
      vertex 59.5981 68.5 2.4
      vertex 59.5981 68.5 0
    endloop
  endfacet
  facet normal -0.321574 0.946885 0
    outer loop
      vertex 2.22354 69.8978 0
      vertex 1.85194 69.7716 2.4
      vertex 2.22354 69.8978 2.4
    endloop
  endfacet
  facet normal -0.321574 0.946885 0
    outer loop
      vertex 1.85194 69.7716 2.4
      vertex 2.22354 69.8978 0
      vertex 1.85194 69.7716 0
    endloop
  endfacet
  facet normal -0.831481 0.555553 0
    outer loop
      vertex 0.401917 68.5 0
      vertex 0.619934 68.8263 2.4
      vertex 0.619934 68.8263 0
    endloop
  endfacet
  facet normal -0.831481 0.555553 0
    outer loop
      vertex 0.619934 68.8263 2.4
      vertex 0.401917 68.5 0
      vertex 0.401917 68.5 2.4
    endloop
  endfacet
  facet normal -0.997859 0.0653993 0
    outer loop
      vertex 0 67 0
      vertex 0.0256653 67.3916 2.4
      vertex 0.0256653 67.3916 0
    endloop
  endfacet
  facet normal -0.997859 0.0653993 0
    outer loop
      vertex 0.0256653 67.3916 2.4
      vertex 0 67 0
      vertex 0 67 2.4
    endloop
  endfacet
  facet normal -0.555547 -0.831485 0
    outer loop
      vertex 1.17372 39.6199 0
      vertex 1.5 39.4019 2.4
      vertex 1.17372 39.6199 2.4
    endloop
  endfacet
  facet normal -0.555547 -0.831485 -0
    outer loop
      vertex 1.5 39.4019 2.4
      vertex 1.17372 39.6199 0
      vertex 1.5 39.4019 0
    endloop
  endfacet
  facet normal -0.194945 0.980814 0
    outer loop
      vertex 2.60843 69.9743 0
      vertex 2.22354 69.8978 2.4
      vertex 2.60843 69.9743 2.4
    endloop
  endfacet
  facet normal -0.194945 0.980814 0
    outer loop
      vertex 2.22354 69.8978 2.4
      vertex 2.60843 69.9743 0
      vertex 2.22354 69.8978 0
    endloop
  endfacet
  facet normal 0.896911 -0.442211 0
    outer loop
      vertex 59.5981 40.5 2.4
      vertex 59.7716 40.8519 0
      vertex 59.7716 40.8519 2.4
    endloop
  endfacet
  facet normal 0.896911 -0.442211 0
    outer loop
      vertex 59.7716 40.8519 0
      vertex 59.5981 40.5 2.4
      vertex 59.5981 40.5 0
    endloop
  endfacet
  facet normal 0.659478 -0.751724 0
    outer loop
      vertex 58.8263 39.6199 0
      vertex 59.1213 39.8787 2.4
      vertex 58.8263 39.6199 2.4
    endloop
  endfacet
  facet normal 0.659478 -0.751724 0
    outer loop
      vertex 59.1213 39.8787 2.4
      vertex 58.8263 39.6199 0
      vertex 59.1213 39.8787 0
    endloop
  endfacet
  facet normal 0.555523 0.831501 -0
    outer loop
      vertex 58.8263 69.3801 0
      vertex 58.5 69.5981 2.4
      vertex 58.8263 69.3801 2.4
    endloop
  endfacet
  facet normal 0.555523 0.831501 0
    outer loop
      vertex 58.5 69.5981 2.4
      vertex 58.8263 69.3801 0
      vertex 58.5 69.5981 0
    endloop
  endfacet
  facet normal 0.442211 0.896911 -0
    outer loop
      vertex 58.5 69.5981 0
      vertex 58.1481 69.7716 2.4
      vertex 58.5 69.5981 2.4
    endloop
  endfacet
  facet normal 0.442211 0.896911 0
    outer loop
      vertex 58.1481 69.7716 2.4
      vertex 58.5 69.5981 0
      vertex 58.1481 69.7716 0
    endloop
  endfacet
  facet normal 0.946885 0.321574 0
    outer loop
      vertex 59.8978 67.7765 2.4
      vertex 59.7716 68.1481 0
      vertex 59.7716 68.1481 2.4
    endloop
  endfacet
  facet normal 0.946885 0.321574 0
    outer loop
      vertex 59.7716 68.1481 0
      vertex 59.8978 67.7765 2.4
      vertex 59.8978 67.7765 0
    endloop
  endfacet
  facet normal 0.19494 0.980815 -0
    outer loop
      vertex 57.7765 69.8978 0
      vertex 57.3916 69.9743 2.4
      vertex 57.7765 69.8978 2.4
    endloop
  endfacet
  facet normal 0.19494 0.980815 0
    outer loop
      vertex 57.3916 69.9743 2.4
      vertex 57.7765 69.8978 0
      vertex 57.3916 69.9743 0
    endloop
  endfacet
  facet normal 0.997853 0.0654873 0
    outer loop
      vertex 60 67 2.4
      vertex 59.9743 67.3916 0
      vertex 59.9743 67.3916 2.4
    endloop
  endfacet
  facet normal 0.997853 0.0654873 0
    outer loop
      vertex 59.9743 67.3916 0
      vertex 60 67 2.4
      vertex 60 67 0
    endloop
  endfacet
  facet normal 0.831501 -0.555523 0
    outer loop
      vertex 59.3801 40.1737 2.4
      vertex 59.5981 40.5 0
      vertex 59.5981 40.5 2.4
    endloop
  endfacet
  facet normal 0.831501 -0.555523 0
    outer loop
      vertex 59.5981 40.5 0
      vertex 59.3801 40.1737 2.4
      vertex 59.3801 40.1737 0
    endloop
  endfacet
  facet normal 0.751724 -0.659478 0
    outer loop
      vertex 59.1213 39.8787 2.4
      vertex 59.3801 40.1737 0
      vertex 59.3801 40.1737 2.4
    endloop
  endfacet
  facet normal 0.751724 -0.659478 0
    outer loop
      vertex 59.3801 40.1737 0
      vertex 59.1213 39.8787 2.4
      vertex 59.1213 39.8787 0
    endloop
  endfacet
  facet normal -0.997859 -0.0653993 0
    outer loop
      vertex 0.0256653 41.6084 0
      vertex 0 42 2.4
      vertex 0 42 0
    endloop
  endfacet
  facet normal -0.997859 -0.0653993 0
    outer loop
      vertex 0 42 2.4
      vertex 0.0256653 41.6084 0
      vertex 0.0256653 41.6084 2.4
    endloop
  endfacet
  facet normal -0.980789 0.195072 0
    outer loop
      vertex 0.0256653 67.3916 0
      vertex 0.102219 67.7765 2.4
      vertex 0.102219 67.7765 0
    endloop
  endfacet
  facet normal -0.980789 0.195072 0
    outer loop
      vertex 0.102219 67.7765 2.4
      vertex 0.0256653 67.3916 0
      vertex 0.0256653 67.3916 2.4
    endloop
  endfacet
  facet normal 0.946885 -0.321574 0
    outer loop
      vertex 59.7716 40.8519 2.4
      vertex 59.8978 41.2235 0
      vertex 59.8978 41.2235 2.4
    endloop
  endfacet
  facet normal 0.946885 -0.321574 0
    outer loop
      vertex 59.8978 41.2235 0
      vertex 59.7716 40.8519 2.4
      vertex 59.7716 40.8519 0
    endloop
  endfacet
  facet normal -0.659424 -0.751771 0
    outer loop
      vertex 0.878677 39.8787 0
      vertex 1.17372 39.6199 2.4
      vertex 0.878677 39.8787 2.4
    endloop
  endfacet
  facet normal -0.659424 -0.751771 -0
    outer loop
      vertex 1.17372 39.6199 2.4
      vertex 0.878677 39.8787 0
      vertex 1.17372 39.6199 0
    endloop
  endfacet
  facet normal 0.659478 0.751724 -0
    outer loop
      vertex 59.1213 69.1213 0
      vertex 58.8263 69.3801 2.4
      vertex 59.1213 69.1213 2.4
    endloop
  endfacet
  facet normal 0.659478 0.751724 0
    outer loop
      vertex 58.8263 69.3801 2.4
      vertex 59.1213 69.1213 0
      vertex 58.8263 69.3801 0
    endloop
  endfacet
  facet normal 0.896911 0.442211 0
    outer loop
      vertex 59.7716 68.1481 2.4
      vertex 59.5981 68.5 0
      vertex 59.5981 68.5 2.4
    endloop
  endfacet
  facet normal 0.896911 0.442211 0
    outer loop
      vertex 59.5981 68.5 0
      vertex 59.7716 68.1481 2.4
      vertex 59.7716 68.1481 0
    endloop
  endfacet
  facet normal 0.980815 0.19494 0
    outer loop
      vertex 59.9743 67.3916 2.4
      vertex 59.8978 67.7765 0
      vertex 59.8978 67.7765 2.4
    endloop
  endfacet
  facet normal 0.980815 0.19494 0
    outer loop
      vertex 59.8978 67.7765 0
      vertex 59.9743 67.3916 2.4
      vertex 59.9743 67.3916 0
    endloop
  endfacet
  facet normal -0.980789 -0.195072 0
    outer loop
      vertex 0.102219 41.2235 0
      vertex 0.0256653 41.6084 2.4
      vertex 0.0256653 41.6084 0
    endloop
  endfacet
  facet normal -0.980789 -0.195072 0
    outer loop
      vertex 0.0256653 41.6084 2.4
      vertex 0.102219 41.2235 0
      vertex 0.102219 41.2235 2.4
    endloop
  endfacet
  facet normal -0.946928 -0.321446 0
    outer loop
      vertex 0.228363 40.8519 0
      vertex 0.102219 41.2235 2.4
      vertex 0.102219 41.2235 0
    endloop
  endfacet
  facet normal -0.946928 -0.321446 0
    outer loop
      vertex 0.102219 41.2235 2.4
      vertex 0.228363 40.8519 0
      vertex 0.228363 40.8519 2.4
    endloop
  endfacet
  facet normal -0.831481 -0.555553 0
    outer loop
      vertex 0.619934 40.1737 0
      vertex 0.401917 40.5 2.4
      vertex 0.401917 40.5 0
    endloop
  endfacet
  facet normal -0.831481 -0.555553 0
    outer loop
      vertex 0.401917 40.5 2.4
      vertex 0.619934 40.1737 0
      vertex 0.619934 40.1737 2.4
    endloop
  endfacet
  facet normal -0.751796 -0.659396 0
    outer loop
      vertex 0.878677 39.8787 0
      vertex 0.619934 40.1737 2.4
      vertex 0.619934 40.1737 0
    endloop
  endfacet
  facet normal -0.751796 -0.659396 0
    outer loop
      vertex 0.619934 40.1737 2.4
      vertex 0.878677 39.8787 0
      vertex 0.878677 39.8787 2.4
    endloop
  endfacet
  facet normal 0 0 -1
    outer loop
      vertex 57 39 0
      vertex 60 42 0
      vertex 59.9743 41.6084 0
    endloop
  endfacet
  facet normal 0 0 -1
    outer loop
      vertex 60 42 0
      vertex 33.51 50.25 0
      vertex 60 67 0
    endloop
  endfacet
  facet normal 0 0 -1
    outer loop
      vertex 57 39 0
      vertex 59.9743 41.6084 0
      vertex 59.8978 41.2235 0
    endloop
  endfacet
  facet normal 0 0 -1
    outer loop
      vertex 33.51 58.75 0
      vertex 60 67 0
      vertex 33.51 50.25 0
    endloop
  endfacet
  facet normal 0 0 -1
    outer loop
      vertex 57 39 0
      vertex 59.8978 41.2235 0
      vertex 59.7716 40.8519 0
    endloop
  endfacet
  facet normal 0 -0 -1
    outer loop
      vertex 57 70 0
      vertex 60 67 0
      vertex 33.51 58.75 0
    endloop
  endfacet
  facet normal 0 0 -1
    outer loop
      vertex 57 39 0
      vertex 59.7716 40.8519 0
      vertex 59.5981 40.5 0
    endloop
  endfacet
  facet normal -0 0 -1
    outer loop
      vertex 60 42 0
      vertex 57 39 0
      vertex 33.51 50.25 0
    endloop
  endfacet
  facet normal 0 0 -1
    outer loop
      vertex 57 39 0
      vertex 59.5981 40.5 0
      vertex 59.3801 40.1737 0
    endloop
  endfacet
  facet normal 0 0 -1
    outer loop
      vertex 60 67 0
      vertex 57 70 0
      vertex 59.9743 67.3916 0
    endloop
  endfacet
  facet normal 0 0 -1
    outer loop
      vertex 57 39 0
      vertex 59.3801 40.1737 0
      vertex 59.1213 39.8787 0
    endloop
  endfacet
  facet normal 0 0 -1
    outer loop
      vertex 59.9743 67.3916 0
      vertex 57 70 0
      vertex 59.8978 67.7765 0
    endloop
  endfacet
  facet normal 0 0 -1
    outer loop
      vertex 57 39 0
      vertex 59.1213 39.8787 0
      vertex 58.8263 39.6199 0
    endloop
  endfacet
  facet normal 0 0 -1
    outer loop
      vertex 59.5981 68.5 0
      vertex 57 70 0
      vertex 59.3801 68.8263 0
    endloop
  endfacet
  facet normal 0 0 -1
    outer loop
      vertex 57 39 0
      vertex 58.8263 39.6199 0
      vertex 58.5 39.4019 0
    endloop
  endfacet
  facet normal 0 0 -1
    outer loop
      vertex 59.3801 68.8263 0
      vertex 57 70 0
      vertex 59.1213 69.1213 0
    endloop
  endfacet
  facet normal 0 0 -1
    outer loop
      vertex 57 39 0
      vertex 58.5 39.4019 0
      vertex 58.1481 39.2284 0
    endloop
  endfacet
  facet normal 0 0 -1
    outer loop
      vertex 59.1213 69.1213 0
      vertex 57 70 0
      vertex 58.8263 69.3801 0
    endloop
  endfacet
  facet normal 0 0 -1
    outer loop
      vertex 57 39 0
      vertex 58.1481 39.2284 0
      vertex 57.7765 39.1022 0
    endloop
  endfacet
  facet normal 0 0 -1
    outer loop
      vertex 58.8263 69.3801 0
      vertex 57 70 0
      vertex 58.5 69.5981 0
    endloop
  endfacet
  facet normal 0 0 -1
    outer loop
      vertex 57 39 0
      vertex 57.7765 39.1022 0
      vertex 57.3916 39.0257 0
    endloop
  endfacet
  facet normal 0 0 -1
    outer loop
      vertex 58.5 69.5981 0
      vertex 57 70 0
      vertex 58.1481 69.7716 0
    endloop
  endfacet
  facet normal 0 0 -1
    outer loop
      vertex 58.1481 69.7716 0
      vertex 57 70 0
      vertex 57.7765 69.8978 0
    endloop
  endfacet
  facet normal 0 0 -1
    outer loop
      vertex 57.7765 69.8978 0
      vertex 57 70 0
      vertex 57.3916 69.9743 0
    endloop
  endfacet
  facet normal 0 0 -1
    outer loop
      vertex 59.7716 68.1481 0
      vertex 57 70 0
      vertex 59.5981 68.5 0
    endloop
  endfacet
  facet normal 0 0 -1
    outer loop
      vertex 3 39 0
      vertex 33.51 50.25 0
      vertex 57 39 0
    endloop
  endfacet
  facet normal 0 0 -1
    outer loop
      vertex 0 42 0
      vertex 7.51 50.25 0
      vertex 3 39 0
    endloop
  endfacet
  facet normal -0 0 -1
    outer loop
      vertex 33.51 50.25 0
      vertex 3 39 0
      vertex 7.51 50.25 0
    endloop
  endfacet
  facet normal 0 0 -1
    outer loop
      vertex 59.8978 67.7765 0
      vertex 57 70 0
      vertex 59.7716 68.1481 0
    endloop
  endfacet
  facet normal 0 0 -1
    outer loop
      vertex 3 70 0
      vertex 33.51 58.75 0
      vertex 7.51 58.75 0
    endloop
  endfacet
  facet normal 0 0 -1
    outer loop
      vertex 33.51 58.75 0
      vertex 3 70 0
      vertex 57 70 0
    endloop
  endfacet
  facet normal -0 0 -1
    outer loop
      vertex 7.51 50.25 0
      vertex 0 42 0
      vertex 7.51 58.75 0
    endloop
  endfacet
  facet normal 0 0 -1
    outer loop
      vertex 0 42 0
      vertex 3 39 0
      vertex 2.60843 39.0257 0
    endloop
  endfacet
  facet normal 0 0 -1
    outer loop
      vertex 0 67 0
      vertex 7.51 58.75 0
      vertex 0 42 0
    endloop
  endfacet
  facet normal 0 0 -1
    outer loop
      vertex 0 42 0
      vertex 2.60843 39.0257 0
      vertex 2.22354 39.1022 0
    endloop
  endfacet
  facet normal 0 0 -1
    outer loop
      vertex 7.51 58.75 0
      vertex 0 67 0
      vertex 3 70 0
    endloop
  endfacet
  facet normal 0 0 -1
    outer loop
      vertex 0 42 0
      vertex 2.22354 39.1022 0
      vertex 1.85194 39.2284 0
    endloop
  endfacet
  facet normal 0 0 -1
    outer loop
      vertex 3 70 0
      vertex 0 67 0
      vertex 2.60843 69.9743 0
    endloop
  endfacet
  facet normal 0 0 -1
    outer loop
      vertex 0 42 0
      vertex 1.85194 39.2284 0
      vertex 1.5 39.4019 0
    endloop
  endfacet
  facet normal 0 0 -1
    outer loop
      vertex 2.60843 69.9743 0
      vertex 0 67 0
      vertex 2.22354 69.8978 0
    endloop
  endfacet
  facet normal 0 0 -1
    outer loop
      vertex 0 42 0
      vertex 1.5 39.4019 0
      vertex 1.17372 39.6199 0
    endloop
  endfacet
  facet normal 0 0 -1
    outer loop
      vertex 2.22354 69.8978 0
      vertex 0 67 0
      vertex 1.85194 69.7716 0
    endloop
  endfacet
  facet normal 0 0 -1
    outer loop
      vertex 0 42 0
      vertex 1.17372 39.6199 0
      vertex 0.878677 39.8787 0
    endloop
  endfacet
  facet normal 0 0 -1
    outer loop
      vertex 1.85194 69.7716 0
      vertex 0 67 0
      vertex 1.5 69.5981 0
    endloop
  endfacet
  facet normal 0 0 -1
    outer loop
      vertex 0 42 0
      vertex 0.878677 39.8787 0
      vertex 0.619934 40.1737 0
    endloop
  endfacet
  facet normal 0 0 -1
    outer loop
      vertex 1.5 69.5981 0
      vertex 0 67 0
      vertex 1.17372 69.3801 0
    endloop
  endfacet
  facet normal 0 0 -1
    outer loop
      vertex 0 42 0
      vertex 0.619934 40.1737 0
      vertex 0.401917 40.5 0
    endloop
  endfacet
  facet normal 0 0 -1
    outer loop
      vertex 1.17372 69.3801 0
      vertex 0 67 0
      vertex 0.878677 69.1213 0
    endloop
  endfacet
  facet normal 0 0 -1
    outer loop
      vertex 0 42 0
      vertex 0.401917 40.5 0
      vertex 0.228363 40.8519 0
    endloop
  endfacet
  facet normal 0 0 -1
    outer loop
      vertex 0.878677 69.1213 0
      vertex 0 67 0
      vertex 0.619934 68.8263 0
    endloop
  endfacet
  facet normal 0 0 -1
    outer loop
      vertex 0 42 0
      vertex 0.228363 40.8519 0
      vertex 0.102219 41.2235 0
    endloop
  endfacet
  facet normal 0 0 -1
    outer loop
      vertex 0.619934 68.8263 0
      vertex 0 67 0
      vertex 0.401917 68.5 0
    endloop
  endfacet
  facet normal 0 0 -1
    outer loop
      vertex 0 42 0
      vertex 0.102219 41.2235 0
      vertex 0.0256653 41.6084 0
    endloop
  endfacet
  facet normal 0 0 -1
    outer loop
      vertex 0.401917 68.5 0
      vertex 0 67 0
      vertex 0.228363 68.1481 0
    endloop
  endfacet
  facet normal 0 0 -1
    outer loop
      vertex 0.228363 68.1481 0
      vertex 0 67 0
      vertex 0.102219 67.7765 0
    endloop
  endfacet
  facet normal 0 0 -1
    outer loop
      vertex 0.102219 67.7765 0
      vertex 0 67 0
      vertex 0.0256653 67.3916 0
    endloop
  endfacet
  facet normal 0.997853 -0.0654873 0
    outer loop
      vertex 59.9743 41.6084 2.4
      vertex 60 42 0
      vertex 60 42 2.4
    endloop
  endfacet
  facet normal 0.997853 -0.0654873 0
    outer loop
      vertex 60 42 0
      vertex 59.9743 41.6084 2.4
      vertex 59.9743 41.6084 0
    endloop
  endfacet
  facet normal 0.442211 -0.896911 0
    outer loop
      vertex 58.1481 39.2284 0
      vertex 58.5 39.4019 2.4
      vertex 58.1481 39.2284 2.4
    endloop
  endfacet
  facet normal 0.442211 -0.896911 0
    outer loop
      vertex 58.5 39.4019 2.4
      vertex 58.1481 39.2284 0
      vertex 58.5 39.4019 0
    endloop
  endfacet
  facet normal 0.555523 -0.831501 0
    outer loop
      vertex 58.5 39.4019 0
      vertex 58.8263 39.6199 2.4
      vertex 58.5 39.4019 2.4
    endloop
  endfacet
  facet normal 0.555523 -0.831501 0
    outer loop
      vertex 58.8263 39.6199 2.4
      vertex 58.5 39.4019 0
      vertex 58.8263 39.6199 0
    endloop
  endfacet
  facet normal -1 0 0
    outer loop
      vertex 17 41.3 3.15
      vertex 17 42.5 4.45
      vertex 17 42.5 3.15
    endloop
  endfacet
  facet normal -1 -0 0
    outer loop
      vertex 17 42.5 4.45
      vertex 17 41.3 3.15
      vertex 17 41.3 4.45
    endloop
  endfacet
  facet normal 0 0 -1
    outer loop
      vertex 11 41.3 4.45
      vertex 17 42.5 4.45
      vertex 17 41.3 4.45
    endloop
  endfacet
  facet normal -0 0 -1
    outer loop
      vertex 17 42.5 4.45
      vertex 11 41.3 4.45
      vertex 11 42.5 4.45
    endloop
  endfacet
  facet normal -0 0 1
    outer loop
      vertex 11 42.5 3.15
      vertex 17 41.3 3.15
      vertex 17 42.5 3.15
    endloop
  endfacet
  facet normal 0 0 1
    outer loop
      vertex 17 41.3 3.15
      vertex 11 42.5 3.15
      vertex 11 41.3 3.15
    endloop
  endfacet
  facet normal 1 -0 0
    outer loop
      vertex 11 41.3 4.45
      vertex 11 42.5 3.15
      vertex 11 42.5 4.45
    endloop
  endfacet
  facet normal 1 0 0
    outer loop
      vertex 11 42.5 3.15
      vertex 11 41.3 4.45
      vertex 11 41.3 3.15
    endloop
  endfacet
  facet normal -1 0 0
    outer loop
      vertex 17 66.5 3.15
      vertex 17 67.7 4.45
      vertex 17 67.7 3.15
    endloop
  endfacet
  facet normal -1 -0 0
    outer loop
      vertex 17 67.7 4.45
      vertex 17 66.5 3.15
      vertex 17 66.5 4.45
    endloop
  endfacet
  facet normal 0 0 -1
    outer loop
      vertex 11 66.5 4.45
      vertex 17 67.7 4.45
      vertex 17 66.5 4.45
    endloop
  endfacet
  facet normal -0 0 -1
    outer loop
      vertex 17 67.7 4.45
      vertex 11 66.5 4.45
      vertex 11 67.7 4.45
    endloop
  endfacet
  facet normal -0 0 1
    outer loop
      vertex 11 67.7 3.15
      vertex 17 66.5 3.15
      vertex 17 67.7 3.15
    endloop
  endfacet
  facet normal 0 0 1
    outer loop
      vertex 17 66.5 3.15
      vertex 11 67.7 3.15
      vertex 11 66.5 3.15
    endloop
  endfacet
  facet normal 1 -0 0
    outer loop
      vertex 11 66.5 4.45
      vertex 11 67.7 3.15
      vertex 11 67.7 4.45
    endloop
  endfacet
  facet normal 1 0 0
    outer loop
      vertex 11 67.7 3.15
      vertex 11 66.5 4.45
      vertex 11 66.5 3.15
    endloop
  endfacet
  facet normal -1 0 0
    outer loop
      vertex 39 41.3 3.15
      vertex 39 42.5 4.45
      vertex 39 42.5 3.15
    endloop
  endfacet
  facet normal -1 -0 0
    outer loop
      vertex 39 42.5 4.45
      vertex 39 41.3 3.15
      vertex 39 41.3 4.45
    endloop
  endfacet
  facet normal 0 0 -1
    outer loop
      vertex 33 41.3 4.45
      vertex 39 42.5 4.45
      vertex 39 41.3 4.45
    endloop
  endfacet
  facet normal -0 0 -1
    outer loop
      vertex 39 42.5 4.45
      vertex 33 41.3 4.45
      vertex 33 42.5 4.45
    endloop
  endfacet
  facet normal -0 0 1
    outer loop
      vertex 33 42.5 3.15
      vertex 39 41.3 3.15
      vertex 39 42.5 3.15
    endloop
  endfacet
  facet normal 0 0 1
    outer loop
      vertex 39 41.3 3.15
      vertex 33 42.5 3.15
      vertex 33 41.3 3.15
    endloop
  endfacet
  facet normal 1 -0 0
    outer loop
      vertex 33 41.3 4.45
      vertex 33 42.5 3.15
      vertex 33 42.5 4.45
    endloop
  endfacet
  facet normal 1 0 0
    outer loop
      vertex 33 42.5 3.15
      vertex 33 41.3 4.45
      vertex 33 41.3 3.15
    endloop
  endfacet
  facet normal -1 0 0
    outer loop
      vertex 39 66.5 3.15
      vertex 39 67.7 4.45
      vertex 39 67.7 3.15
    endloop
  endfacet
  facet normal -1 -0 0
    outer loop
      vertex 39 67.7 4.45
      vertex 39 66.5 3.15
      vertex 39 66.5 4.45
    endloop
  endfacet
  facet normal 0 0 -1
    outer loop
      vertex 33 66.5 4.45
      vertex 39 67.7 4.45
      vertex 39 66.5 4.45
    endloop
  endfacet
  facet normal -0 0 -1
    outer loop
      vertex 39 67.7 4.45
      vertex 33 66.5 4.45
      vertex 33 67.7 4.45
    endloop
  endfacet
  facet normal -0 0 1
    outer loop
      vertex 33 67.7 3.15
      vertex 39 66.5 3.15
      vertex 39 67.7 3.15
    endloop
  endfacet
  facet normal 0 0 1
    outer loop
      vertex 39 66.5 3.15
      vertex 33 67.7 3.15
      vertex 33 66.5 3.15
    endloop
  endfacet
  facet normal 1 -0 0
    outer loop
      vertex 33 66.5 4.45
      vertex 33 67.7 3.15
      vertex 33 67.7 4.45
    endloop
  endfacet
  facet normal 1 0 0
    outer loop
      vertex 33 67.7 3.15
      vertex 33 66.5 4.45
      vertex 33 66.5 3.15
    endloop
  endfacet
  facet normal 0.064984 0.997886 -0
    outer loop
      vertex 6.54 45.445 1.2
      vertex 6.43558 45.4518 3.9
      vertex 6.54 45.445 3.9
    endloop
  endfacet
  facet normal 0.064984 0.997886 0
    outer loop
      vertex 6.43558 45.4518 3.9
      vertex 6.54 45.445 1.2
      vertex 6.43558 45.4518 1.2
    endloop
  endfacet
  facet normal 0.195859 0.980632 -0
    outer loop
      vertex 6.43558 45.4518 1.2
      vertex 6.33294 45.4723 3.9
      vertex 6.43558 45.4518 3.9
    endloop
  endfacet
  facet normal 0.195859 0.980632 0
    outer loop
      vertex 6.33294 45.4723 3.9
      vertex 6.43558 45.4518 1.2
      vertex 6.33294 45.4723 1.2
    endloop
  endfacet
  facet normal -0.9808 -0.195014 0
    outer loop
      vertex 7.33316 46.3494 1.2
      vertex 7.31274 46.4521 3.9
      vertex 7.31274 46.4521 1.2
    endloop
  endfacet
  facet normal -0.9808 -0.195014 0
    outer loop
      vertex 7.31274 46.4521 3.9
      vertex 7.33316 46.3494 1.2
      vertex 7.33316 46.3494 3.9
    endloop
  endfacet
  facet normal -0.997861 -0.0653771 0
    outer loop
      vertex 7.34 46.245 1.2
      vertex 7.33316 46.3494 3.9
      vertex 7.33316 46.3494 1.2
    endloop
  endfacet
  facet normal -0.997861 -0.0653771 0
    outer loop
      vertex 7.33316 46.3494 3.9
      vertex 7.34 46.245 1.2
      vertex 7.34 46.245 3.9
    endloop
  endfacet
  facet normal -0.946831 -0.321731 0
    outer loop
      vertex 7.31274 46.4521 1.2
      vertex 7.2791 46.5511 3.9
      vertex 7.2791 46.5511 1.2
    endloop
  endfacet
  facet normal -0.946831 -0.321731 0
    outer loop
      vertex 7.2791 46.5511 3.9
      vertex 7.31274 46.4521 1.2
      vertex 7.31274 46.4521 3.9
    endloop
  endfacet
  facet normal -0.831432 -0.555626 0
    outer loop
      vertex 7.23282 46.645 1.2
      vertex 7.17468 46.732 3.9
      vertex 7.17468 46.732 1.2
    endloop
  endfacet
  facet normal -0.831432 -0.555626 0
    outer loop
      vertex 7.17468 46.732 3.9
      vertex 7.23282 46.645 1.2
      vertex 7.23282 46.645 3.9
    endloop
  endfacet
  facet normal 0.946831 0.321731 0
    outer loop
      vertex 5.8009 45.9389 3.9
      vertex 5.76726 46.0379 1.2
      vertex 5.76726 46.0379 3.9
    endloop
  endfacet
  facet normal 0.946831 0.321731 0
    outer loop
      vertex 5.76726 46.0379 1.2
      vertex 5.8009 45.9389 3.9
      vertex 5.8009 45.9389 1.2
    endloop
  endfacet
  facet normal -0.896973 0.442086 0
    outer loop
      vertex 7.23282 45.845 1.2
      vertex 7.2791 45.9389 3.9
      vertex 7.2791 45.9389 1.2
    endloop
  endfacet
  facet normal -0.896973 0.442086 0
    outer loop
      vertex 7.2791 45.9389 3.9
      vertex 7.23282 45.845 1.2
      vertex 7.23282 45.845 3.9
    endloop
  endfacet
  facet normal -0.9808 0.195014 0
    outer loop
      vertex 7.31274 46.0379 1.2
      vertex 7.33316 46.1406 3.9
      vertex 7.33316 46.1406 1.2
    endloop
  endfacet
  facet normal -0.9808 0.195014 0
    outer loop
      vertex 7.33316 46.1406 3.9
      vertex 7.31274 46.0379 1.2
      vertex 7.31274 46.0379 3.9
    endloop
  endfacet
  facet normal -0.195859 0.980632 0
    outer loop
      vertex 6.74706 45.4723 1.2
      vertex 6.64442 45.4518 3.9
      vertex 6.74706 45.4723 3.9
    endloop
  endfacet
  facet normal -0.195859 0.980632 0
    outer loop
      vertex 6.64442 45.4518 3.9
      vertex 6.74706 45.4723 1.2
      vertex 6.64442 45.4518 1.2
    endloop
  endfacet
  facet normal 0.321126 0.947036 -0
    outer loop
      vertex 6.33294 45.4723 1.2
      vertex 6.23385 45.5059 3.9
      vertex 6.33294 45.4723 3.9
    endloop
  endfacet
  facet normal 0.321126 0.947036 0
    outer loop
      vertex 6.23385 45.5059 3.9
      vertex 6.33294 45.4723 1.2
      vertex 6.23385 45.5059 1.2
    endloop
  endfacet
  facet normal 0.946831 -0.321731 0
    outer loop
      vertex 5.76726 46.4521 3.9
      vertex 5.8009 46.5511 1.2
      vertex 5.8009 46.5511 3.9
    endloop
  endfacet
  facet normal 0.946831 -0.321731 0
    outer loop
      vertex 5.8009 46.5511 1.2
      vertex 5.76726 46.4521 3.9
      vertex 5.76726 46.4521 1.2
    endloop
  endfacet
  facet normal -0.321126 -0.947036 0
    outer loop
      vertex 6.74706 47.0177 1.2
      vertex 6.84615 46.9841 3.9
      vertex 6.74706 47.0177 3.9
    endloop
  endfacet
  facet normal -0.321126 -0.947036 -0
    outer loop
      vertex 6.84615 46.9841 3.9
      vertex 6.74706 47.0177 1.2
      vertex 6.84615 46.9841 1.2
    endloop
  endfacet
  facet normal -0.946831 0.321731 0
    outer loop
      vertex 7.2791 45.9389 1.2
      vertex 7.31274 46.0379 3.9
      vertex 7.31274 46.0379 1.2
    endloop
  endfacet
  facet normal -0.946831 0.321731 0
    outer loop
      vertex 7.31274 46.0379 3.9
      vertex 7.2791 45.9389 1.2
      vertex 7.2791 45.9389 3.9
    endloop
  endfacet
  facet normal -0.442429 0.896803 0
    outer loop
      vertex 6.94 45.5522 1.2
      vertex 6.84615 45.5059 3.9
      vertex 6.94 45.5522 3.9
    endloop
  endfacet
  facet normal -0.442429 0.896803 0
    outer loop
      vertex 6.84615 45.5059 3.9
      vertex 6.94 45.5522 1.2
      vertex 6.84615 45.5059 1.2
    endloop
  endfacet
  facet normal 0.659343 -0.751842 0
    outer loop
      vertex 5.97431 46.8107 1.2
      vertex 6.05299 46.8797 3.9
      vertex 5.97431 46.8107 3.9
    endloop
  endfacet
  facet normal 0.659343 -0.751842 0
    outer loop
      vertex 6.05299 46.8797 3.9
      vertex 5.97431 46.8107 1.2
      vertex 6.05299 46.8797 1.2
    endloop
  endfacet
  facet normal -0.896973 -0.442086 0
    outer loop
      vertex 7.2791 46.5511 1.2
      vertex 7.23282 46.645 3.9
      vertex 7.23282 46.645 1.2
    endloop
  endfacet
  facet normal -0.896973 -0.442086 0
    outer loop
      vertex 7.23282 46.645 3.9
      vertex 7.2791 46.5511 1.2
      vertex 7.2791 46.5511 3.9
    endloop
  endfacet
  facet normal -0.831432 0.555626 0
    outer loop
      vertex 7.17468 45.758 1.2
      vertex 7.23282 45.845 3.9
      vertex 7.23282 45.845 1.2
    endloop
  endfacet
  facet normal -0.831432 0.555626 0
    outer loop
      vertex 7.23282 45.845 3.9
      vertex 7.17468 45.758 1.2
      vertex 7.17468 45.758 3.9
    endloop
  endfacet
  facet normal 0.195859 -0.980632 0
    outer loop
      vertex 6.33294 47.0177 1.2
      vertex 6.43558 47.0382 3.9
      vertex 6.33294 47.0177 3.9
    endloop
  endfacet
  facet normal 0.195859 -0.980632 0
    outer loop
      vertex 6.43558 47.0382 3.9
      vertex 6.33294 47.0177 1.2
      vertex 6.43558 47.0382 1.2
    endloop
  endfacet
  facet normal 0.9808 -0.195014 0
    outer loop
      vertex 5.74684 46.3494 3.9
      vertex 5.76726 46.4521 1.2
      vertex 5.76726 46.4521 3.9
    endloop
  endfacet
  facet normal 0.9808 -0.195014 0
    outer loop
      vertex 5.76726 46.4521 1.2
      vertex 5.74684 46.3494 3.9
      vertex 5.74684 46.3494 1.2
    endloop
  endfacet
  facet normal 0.896973 -0.442086 0
    outer loop
      vertex 5.8009 46.5511 3.9
      vertex 5.84718 46.645 1.2
      vertex 5.84718 46.645 3.9
    endloop
  endfacet
  facet normal 0.896973 -0.442086 0
    outer loop
      vertex 5.84718 46.645 1.2
      vertex 5.8009 46.5511 3.9
      vertex 5.8009 46.5511 1.2
    endloop
  endfacet
  facet normal 0.896973 0.442086 0
    outer loop
      vertex 5.84718 45.845 3.9
      vertex 5.8009 45.9389 1.2
      vertex 5.8009 45.9389 3.9
    endloop
  endfacet
  facet normal 0.896973 0.442086 0
    outer loop
      vertex 5.8009 45.9389 1.2
      vertex 5.84718 45.845 3.9
      vertex 5.84718 45.845 1.2
    endloop
  endfacet
  facet normal -0.064984 0.997886 0
    outer loop
      vertex 6.64442 45.4518 1.2
      vertex 6.54 45.445 3.9
      vertex 6.64442 45.4518 3.9
    endloop
  endfacet
  facet normal -0.064984 0.997886 0
    outer loop
      vertex 6.54 45.445 3.9
      vertex 6.64442 45.4518 1.2
      vertex 6.54 45.445 1.2
    endloop
  endfacet
  facet normal -0.442429 -0.896803 0
    outer loop
      vertex 6.84615 46.9841 1.2
      vertex 6.94 46.9378 3.9
      vertex 6.84615 46.9841 3.9
    endloop
  endfacet
  facet normal -0.442429 -0.896803 -0
    outer loop
      vertex 6.94 46.9378 3.9
      vertex 6.84615 46.9841 1.2
      vertex 6.94 46.9378 1.2
    endloop
  endfacet
  facet normal 0.659343 0.751842 -0
    outer loop
      vertex 6.05299 45.6103 1.2
      vertex 5.97431 45.6793 3.9
      vertex 6.05299 45.6103 3.9
    endloop
  endfacet
  facet normal 0.659343 0.751842 0
    outer loop
      vertex 5.97431 45.6793 3.9
      vertex 6.05299 45.6103 1.2
      vertex 5.97431 45.6793 1.2
    endloop
  endfacet
  facet normal 0.555318 -0.831638 0
    outer loop
      vertex 6.05299 46.8797 1.2
      vertex 6.14 46.9378 3.9
      vertex 6.05299 46.8797 3.9
    endloop
  endfacet
  facet normal 0.555318 -0.831638 0
    outer loop
      vertex 6.14 46.9378 3.9
      vertex 6.05299 46.8797 1.2
      vertex 6.14 46.9378 1.2
    endloop
  endfacet
  facet normal 0.442429 -0.896803 0
    outer loop
      vertex 6.14 46.9378 1.2
      vertex 6.23385 46.9841 3.9
      vertex 6.14 46.9378 3.9
    endloop
  endfacet
  facet normal 0.442429 -0.896803 0
    outer loop
      vertex 6.23385 46.9841 3.9
      vertex 6.14 46.9378 1.2
      vertex 6.23385 46.9841 1.2
    endloop
  endfacet
  facet normal 0.442429 0.896803 -0
    outer loop
      vertex 6.23385 45.5059 1.2
      vertex 6.14 45.5522 3.9
      vertex 6.23385 45.5059 3.9
    endloop
  endfacet
  facet normal 0.442429 0.896803 0
    outer loop
      vertex 6.14 45.5522 3.9
      vertex 6.23385 45.5059 1.2
      vertex 6.14 45.5522 1.2
    endloop
  endfacet
  facet normal -0.195859 -0.980632 0
    outer loop
      vertex 6.64442 47.0382 1.2
      vertex 6.74706 47.0177 3.9
      vertex 6.64442 47.0382 3.9
    endloop
  endfacet
  facet normal -0.195859 -0.980632 -0
    outer loop
      vertex 6.74706 47.0177 3.9
      vertex 6.64442 47.0382 1.2
      vertex 6.74706 47.0177 1.2
    endloop
  endfacet
  facet normal 0.751973 -0.659194 0
    outer loop
      vertex 5.90532 46.732 3.9
      vertex 5.97431 46.8107 1.2
      vertex 5.97431 46.8107 3.9
    endloop
  endfacet
  facet normal 0.751973 -0.659194 0
    outer loop
      vertex 5.97431 46.8107 1.2
      vertex 5.90532 46.732 3.9
      vertex 5.90532 46.732 1.2
    endloop
  endfacet
  facet normal -0.997861 0.0653771 0
    outer loop
      vertex 7.33316 46.1406 1.2
      vertex 7.34 46.245 3.9
      vertex 7.34 46.245 1.2
    endloop
  endfacet
  facet normal -0.997861 0.0653771 0
    outer loop
      vertex 7.34 46.245 3.9
      vertex 7.33316 46.1406 1.2
      vertex 7.33316 46.1406 3.9
    endloop
  endfacet
  facet normal -0.555318 0.831638 0
    outer loop
      vertex 7.02701 45.6103 1.2
      vertex 6.94 45.5522 3.9
      vertex 7.02701 45.6103 3.9
    endloop
  endfacet
  facet normal -0.555318 0.831638 0
    outer loop
      vertex 6.94 45.5522 3.9
      vertex 7.02701 45.6103 1.2
      vertex 6.94 45.5522 1.2
    endloop
  endfacet
  facet normal -0.751973 0.659194 0
    outer loop
      vertex 7.10569 45.6793 1.2
      vertex 7.17468 45.758 3.9
      vertex 7.17468 45.758 1.2
    endloop
  endfacet
  facet normal -0.751973 0.659194 0
    outer loop
      vertex 7.17468 45.758 3.9
      vertex 7.10569 45.6793 1.2
      vertex 7.10569 45.6793 3.9
    endloop
  endfacet
  facet normal 0 0 1
    outer loop
      vertex 7.33316 46.3494 1.2
      vertex 7.33316 46.1406 1.2
      vertex 7.34 46.245 1.2
    endloop
  endfacet
  facet normal 0 0 1
    outer loop
      vertex 7.31274 46.4521 1.2
      vertex 7.33316 46.1406 1.2
      vertex 7.33316 46.3494 1.2
    endloop
  endfacet
  facet normal 0 0 1
    outer loop
      vertex 7.31274 46.4521 1.2
      vertex 7.31274 46.0379 1.2
      vertex 7.33316 46.1406 1.2
    endloop
  endfacet
  facet normal 0 0 1
    outer loop
      vertex 7.2791 46.5511 1.2
      vertex 7.31274 46.0379 1.2
      vertex 7.31274 46.4521 1.2
    endloop
  endfacet
  facet normal 0 0 1
    outer loop
      vertex 7.2791 46.5511 1.2
      vertex 7.2791 45.9389 1.2
      vertex 7.31274 46.0379 1.2
    endloop
  endfacet
  facet normal 0 0 1
    outer loop
      vertex 7.23282 46.645 1.2
      vertex 7.2791 45.9389 1.2
      vertex 7.2791 46.5511 1.2
    endloop
  endfacet
  facet normal 0 0 1
    outer loop
      vertex 7.23282 46.645 1.2
      vertex 7.23282 45.845 1.2
      vertex 7.2791 45.9389 1.2
    endloop
  endfacet
  facet normal 0 0 1
    outer loop
      vertex 7.17468 46.732 1.2
      vertex 7.23282 45.845 1.2
      vertex 7.23282 46.645 1.2
    endloop
  endfacet
  facet normal 0 0 1
    outer loop
      vertex 7.17468 46.732 1.2
      vertex 7.17468 45.758 1.2
      vertex 7.23282 45.845 1.2
    endloop
  endfacet
  facet normal 0 0 1
    outer loop
      vertex 7.10569 46.8107 1.2
      vertex 7.17468 45.758 1.2
      vertex 7.17468 46.732 1.2
    endloop
  endfacet
  facet normal 0 0 1
    outer loop
      vertex 7.10569 46.8107 1.2
      vertex 7.10569 45.6793 1.2
      vertex 7.17468 45.758 1.2
    endloop
  endfacet
  facet normal 0 0 1
    outer loop
      vertex 7.02701 46.8797 1.2
      vertex 7.10569 45.6793 1.2
      vertex 7.10569 46.8107 1.2
    endloop
  endfacet
  facet normal 0 0 1
    outer loop
      vertex 7.02701 46.8797 1.2
      vertex 7.02701 45.6103 1.2
      vertex 7.10569 45.6793 1.2
    endloop
  endfacet
  facet normal 0 0 1
    outer loop
      vertex 6.94 46.9378 1.2
      vertex 7.02701 45.6103 1.2
      vertex 7.02701 46.8797 1.2
    endloop
  endfacet
  facet normal 0 0 1
    outer loop
      vertex 6.94 46.9378 1.2
      vertex 6.94 45.5522 1.2
      vertex 7.02701 45.6103 1.2
    endloop
  endfacet
  facet normal 0 0 1
    outer loop
      vertex 6.84615 46.9841 1.2
      vertex 6.94 45.5522 1.2
      vertex 6.94 46.9378 1.2
    endloop
  endfacet
  facet normal 0 0 1
    outer loop
      vertex 6.84615 46.9841 1.2
      vertex 6.84615 45.5059 1.2
      vertex 6.94 45.5522 1.2
    endloop
  endfacet
  facet normal 0 0 1
    outer loop
      vertex 6.74706 47.0177 1.2
      vertex 6.84615 45.5059 1.2
      vertex 6.84615 46.9841 1.2
    endloop
  endfacet
  facet normal 0 0 1
    outer loop
      vertex 6.74706 47.0177 1.2
      vertex 6.74706 45.4723 1.2
      vertex 6.84615 45.5059 1.2
    endloop
  endfacet
  facet normal 0 0 1
    outer loop
      vertex 6.64442 47.0382 1.2
      vertex 6.74706 45.4723 1.2
      vertex 6.74706 47.0177 1.2
    endloop
  endfacet
  facet normal 0 0 1
    outer loop
      vertex 6.64442 47.0382 1.2
      vertex 6.64442 45.4518 1.2
      vertex 6.74706 45.4723 1.2
    endloop
  endfacet
  facet normal 0 0 1
    outer loop
      vertex 6.54 47.045 1.2
      vertex 6.64442 45.4518 1.2
      vertex 6.64442 47.0382 1.2
    endloop
  endfacet
  facet normal 0 0 1
    outer loop
      vertex 6.54 47.045 1.2
      vertex 6.54 45.445 1.2
      vertex 6.64442 45.4518 1.2
    endloop
  endfacet
  facet normal -0 0 1
    outer loop
      vertex 6.43558 47.0382 1.2
      vertex 6.54 45.445 1.2
      vertex 6.54 47.045 1.2
    endloop
  endfacet
  facet normal 0 0 1
    outer loop
      vertex 6.43558 47.0382 1.2
      vertex 6.43558 45.4518 1.2
      vertex 6.54 45.445 1.2
    endloop
  endfacet
  facet normal -0 0 1
    outer loop
      vertex 6.33294 47.0177 1.2
      vertex 6.43558 45.4518 1.2
      vertex 6.43558 47.0382 1.2
    endloop
  endfacet
  facet normal 0 0 1
    outer loop
      vertex 6.33294 47.0177 1.2
      vertex 6.33294 45.4723 1.2
      vertex 6.43558 45.4518 1.2
    endloop
  endfacet
  facet normal -0 0 1
    outer loop
      vertex 6.23385 46.9841 1.2
      vertex 6.33294 45.4723 1.2
      vertex 6.33294 47.0177 1.2
    endloop
  endfacet
  facet normal 0 0 1
    outer loop
      vertex 6.23385 46.9841 1.2
      vertex 6.23385 45.5059 1.2
      vertex 6.33294 45.4723 1.2
    endloop
  endfacet
  facet normal -0 0 1
    outer loop
      vertex 6.14 46.9378 1.2
      vertex 6.23385 45.5059 1.2
      vertex 6.23385 46.9841 1.2
    endloop
  endfacet
  facet normal 0 0 1
    outer loop
      vertex 6.14 46.9378 1.2
      vertex 6.14 45.5522 1.2
      vertex 6.23385 45.5059 1.2
    endloop
  endfacet
  facet normal -0 0 1
    outer loop
      vertex 6.05299 46.8797 1.2
      vertex 6.14 45.5522 1.2
      vertex 6.14 46.9378 1.2
    endloop
  endfacet
  facet normal 0 0 1
    outer loop
      vertex 6.05299 46.8797 1.2
      vertex 6.05299 45.6103 1.2
      vertex 6.14 45.5522 1.2
    endloop
  endfacet
  facet normal -0 0 1
    outer loop
      vertex 5.97431 46.8107 1.2
      vertex 6.05299 45.6103 1.2
      vertex 6.05299 46.8797 1.2
    endloop
  endfacet
  facet normal 0 0 1
    outer loop
      vertex 5.97431 46.8107 1.2
      vertex 5.97431 45.6793 1.2
      vertex 6.05299 45.6103 1.2
    endloop
  endfacet
  facet normal -0 0 1
    outer loop
      vertex 5.90532 46.732 1.2
      vertex 5.97431 45.6793 1.2
      vertex 5.97431 46.8107 1.2
    endloop
  endfacet
  facet normal 0 0 1
    outer loop
      vertex 5.90532 46.732 1.2
      vertex 5.90532 45.758 1.2
      vertex 5.97431 45.6793 1.2
    endloop
  endfacet
  facet normal -0 0 1
    outer loop
      vertex 5.84718 46.645 1.2
      vertex 5.90532 45.758 1.2
      vertex 5.90532 46.732 1.2
    endloop
  endfacet
  facet normal 0 0 1
    outer loop
      vertex 5.84718 46.645 1.2
      vertex 5.84718 45.845 1.2
      vertex 5.90532 45.758 1.2
    endloop
  endfacet
  facet normal -0 0 1
    outer loop
      vertex 5.8009 46.5511 1.2
      vertex 5.84718 45.845 1.2
      vertex 5.84718 46.645 1.2
    endloop
  endfacet
  facet normal 0 0 1
    outer loop
      vertex 5.8009 46.5511 1.2
      vertex 5.8009 45.9389 1.2
      vertex 5.84718 45.845 1.2
    endloop
  endfacet
  facet normal -0 0 1
    outer loop
      vertex 5.76726 46.4521 1.2
      vertex 5.8009 45.9389 1.2
      vertex 5.8009 46.5511 1.2
    endloop
  endfacet
  facet normal 0 0 1
    outer loop
      vertex 5.76726 46.4521 1.2
      vertex 5.76726 46.0379 1.2
      vertex 5.8009 45.9389 1.2
    endloop
  endfacet
  facet normal -0 0 1
    outer loop
      vertex 5.74684 46.3494 1.2
      vertex 5.76726 46.0379 1.2
      vertex 5.76726 46.4521 1.2
    endloop
  endfacet
  facet normal 0 0 1
    outer loop
      vertex 5.74684 46.3494 1.2
      vertex 5.74684 46.1406 1.2
      vertex 5.76726 46.0379 1.2
    endloop
  endfacet
  facet normal 0 -0 1
    outer loop
      vertex 5.74684 46.1406 1.2
      vertex 5.74684 46.3494 1.2
      vertex 5.74 46.245 1.2
    endloop
  endfacet
  facet normal 0.997861 0.0653771 0
    outer loop
      vertex 5.74684 46.1406 3.9
      vertex 5.74 46.245 1.2
      vertex 5.74 46.245 3.9
    endloop
  endfacet
  facet normal 0.997861 0.0653771 0
    outer loop
      vertex 5.74 46.245 1.2
      vertex 5.74684 46.1406 3.9
      vertex 5.74684 46.1406 1.2
    endloop
  endfacet
  facet normal -0.321126 0.947036 0
    outer loop
      vertex 6.84615 45.5059 1.2
      vertex 6.74706 45.4723 3.9
      vertex 6.84615 45.5059 3.9
    endloop
  endfacet
  facet normal -0.321126 0.947036 0
    outer loop
      vertex 6.74706 45.4723 3.9
      vertex 6.84615 45.5059 1.2
      vertex 6.74706 45.4723 1.2
    endloop
  endfacet
  facet normal -0.659343 -0.751842 0
    outer loop
      vertex 7.02701 46.8797 1.2
      vertex 7.10569 46.8107 3.9
      vertex 7.02701 46.8797 3.9
    endloop
  endfacet
  facet normal -0.659343 -0.751842 -0
    outer loop
      vertex 7.10569 46.8107 3.9
      vertex 7.02701 46.8797 1.2
      vertex 7.10569 46.8107 1.2
    endloop
  endfacet
  facet normal 0.555318 0.831638 -0
    outer loop
      vertex 6.14 45.5522 1.2
      vertex 6.05299 45.6103 3.9
      vertex 6.14 45.5522 3.9
    endloop
  endfacet
  facet normal 0.555318 0.831638 0
    outer loop
      vertex 6.05299 45.6103 3.9
      vertex 6.14 45.5522 1.2
      vertex 6.05299 45.6103 1.2
    endloop
  endfacet
  facet normal 0.064984 -0.997886 0
    outer loop
      vertex 6.43558 47.0382 1.2
      vertex 6.54 47.045 3.9
      vertex 6.43558 47.0382 3.9
    endloop
  endfacet
  facet normal 0.064984 -0.997886 0
    outer loop
      vertex 6.54 47.045 3.9
      vertex 6.43558 47.0382 1.2
      vertex 6.54 47.045 1.2
    endloop
  endfacet
  facet normal -0.555318 -0.831638 0
    outer loop
      vertex 6.94 46.9378 1.2
      vertex 7.02701 46.8797 3.9
      vertex 6.94 46.9378 3.9
    endloop
  endfacet
  facet normal -0.555318 -0.831638 -0
    outer loop
      vertex 7.02701 46.8797 3.9
      vertex 6.94 46.9378 1.2
      vertex 7.02701 46.8797 1.2
    endloop
  endfacet
  facet normal 0.321126 -0.947036 0
    outer loop
      vertex 6.23385 46.9841 1.2
      vertex 6.33294 47.0177 3.9
      vertex 6.23385 46.9841 3.9
    endloop
  endfacet
  facet normal 0.321126 -0.947036 0
    outer loop
      vertex 6.33294 47.0177 3.9
      vertex 6.23385 46.9841 1.2
      vertex 6.33294 47.0177 1.2
    endloop
  endfacet
  facet normal 0.9808 0.195014 0
    outer loop
      vertex 5.76726 46.0379 3.9
      vertex 5.74684 46.1406 1.2
      vertex 5.74684 46.1406 3.9
    endloop
  endfacet
  facet normal 0.9808 0.195014 0
    outer loop
      vertex 5.74684 46.1406 1.2
      vertex 5.76726 46.0379 3.9
      vertex 5.76726 46.0379 1.2
    endloop
  endfacet
  facet normal -0.064984 -0.997886 0
    outer loop
      vertex 6.54 47.045 1.2
      vertex 6.64442 47.0382 3.9
      vertex 6.54 47.045 3.9
    endloop
  endfacet
  facet normal -0.064984 -0.997886 -0
    outer loop
      vertex 6.64442 47.0382 3.9
      vertex 6.54 47.045 1.2
      vertex 6.64442 47.0382 1.2
    endloop
  endfacet
  facet normal -0.659343 0.751842 0
    outer loop
      vertex 7.10569 45.6793 1.2
      vertex 7.02701 45.6103 3.9
      vertex 7.10569 45.6793 3.9
    endloop
  endfacet
  facet normal -0.659343 0.751842 0
    outer loop
      vertex 7.02701 45.6103 3.9
      vertex 7.10569 45.6793 1.2
      vertex 7.02701 45.6103 1.2
    endloop
  endfacet
  facet normal -0.751973 -0.659194 0
    outer loop
      vertex 7.17468 46.732 1.2
      vertex 7.10569 46.8107 3.9
      vertex 7.10569 46.8107 1.2
    endloop
  endfacet
  facet normal -0.751973 -0.659194 0
    outer loop
      vertex 7.10569 46.8107 3.9
      vertex 7.17468 46.732 1.2
      vertex 7.17468 46.732 3.9
    endloop
  endfacet
  facet normal 0.831432 -0.555626 0
    outer loop
      vertex 5.84718 46.645 3.9
      vertex 5.90532 46.732 1.2
      vertex 5.90532 46.732 3.9
    endloop
  endfacet
  facet normal 0.831432 -0.555626 0
    outer loop
      vertex 5.90532 46.732 1.2
      vertex 5.84718 46.645 3.9
      vertex 5.84718 46.645 1.2
    endloop
  endfacet
  facet normal 0.997861 -0.0653771 0
    outer loop
      vertex 5.74 46.245 3.9
      vertex 5.74684 46.3494 1.2
      vertex 5.74684 46.3494 3.9
    endloop
  endfacet
  facet normal 0.997861 -0.0653771 0
    outer loop
      vertex 5.74684 46.3494 1.2
      vertex 5.74 46.245 3.9
      vertex 5.74 46.245 1.2
    endloop
  endfacet
  facet normal 0.751973 0.659194 0
    outer loop
      vertex 5.97431 45.6793 3.9
      vertex 5.90532 45.758 1.2
      vertex 5.90532 45.758 3.9
    endloop
  endfacet
  facet normal 0.751973 0.659194 0
    outer loop
      vertex 5.90532 45.758 1.2
      vertex 5.97431 45.6793 3.9
      vertex 5.97431 45.6793 1.2
    endloop
  endfacet
  facet normal 0.831432 0.555626 0
    outer loop
      vertex 5.90532 45.758 3.9
      vertex 5.84718 45.845 1.2
      vertex 5.84718 45.845 3.9
    endloop
  endfacet
  facet normal 0.831432 0.555626 0
    outer loop
      vertex 5.84718 45.845 1.2
      vertex 5.90532 45.758 3.9
      vertex 5.90532 45.758 1.2
    endloop
  endfacet
  facet normal -0.9808 -0.195014 0
    outer loop
      vertex 7.33316 62.8594 1.2
      vertex 7.31274 62.9621 3.9
      vertex 7.31274 62.9621 1.2
    endloop
  endfacet
  facet normal -0.9808 -0.195014 0
    outer loop
      vertex 7.31274 62.9621 3.9
      vertex 7.33316 62.8594 1.2
      vertex 7.33316 62.8594 3.9
    endloop
  endfacet
  facet normal -0.997861 -0.0653771 0
    outer loop
      vertex 7.34 62.755 1.2
      vertex 7.33316 62.8594 3.9
      vertex 7.33316 62.8594 1.2
    endloop
  endfacet
  facet normal -0.997861 -0.0653771 0
    outer loop
      vertex 7.33316 62.8594 3.9
      vertex 7.34 62.755 1.2
      vertex 7.34 62.755 3.9
    endloop
  endfacet
  facet normal -0.946831 -0.321731 0
    outer loop
      vertex 7.31274 62.9621 1.2
      vertex 7.2791 63.0611 3.9
      vertex 7.2791 63.0611 1.2
    endloop
  endfacet
  facet normal -0.946831 -0.321731 0
    outer loop
      vertex 7.2791 63.0611 3.9
      vertex 7.31274 62.9621 1.2
      vertex 7.31274 62.9621 3.9
    endloop
  endfacet
  facet normal -0.321126 -0.947036 0
    outer loop
      vertex 6.74706 63.5277 1.2
      vertex 6.84615 63.4941 3.9
      vertex 6.74706 63.5277 3.9
    endloop
  endfacet
  facet normal -0.321126 -0.947036 -0
    outer loop
      vertex 6.84615 63.4941 3.9
      vertex 6.74706 63.5277 1.2
      vertex 6.84615 63.4941 1.2
    endloop
  endfacet
  facet normal 0.946831 0.321731 0
    outer loop
      vertex 5.8009 62.4489 3.9
      vertex 5.76726 62.5479 1.2
      vertex 5.76726 62.5479 3.9
    endloop
  endfacet
  facet normal 0.946831 0.321731 0
    outer loop
      vertex 5.76726 62.5479 1.2
      vertex 5.8009 62.4489 3.9
      vertex 5.8009 62.4489 1.2
    endloop
  endfacet
  facet normal -0.195859 0.980632 0
    outer loop
      vertex 6.74706 61.9823 1.2
      vertex 6.64442 61.9618 3.9
      vertex 6.74706 61.9823 3.9
    endloop
  endfacet
  facet normal -0.195859 0.980632 0
    outer loop
      vertex 6.64442 61.9618 3.9
      vertex 6.74706 61.9823 1.2
      vertex 6.64442 61.9618 1.2
    endloop
  endfacet
  facet normal -0.064984 -0.997886 0
    outer loop
      vertex 6.54 63.555 1.2
      vertex 6.64442 63.5482 3.9
      vertex 6.54 63.555 3.9
    endloop
  endfacet
  facet normal -0.064984 -0.997886 -0
    outer loop
      vertex 6.64442 63.5482 3.9
      vertex 6.54 63.555 1.2
      vertex 6.64442 63.5482 1.2
    endloop
  endfacet
  facet normal -0.896973 -0.442086 0
    outer loop
      vertex 7.2791 63.0611 1.2
      vertex 7.23282 63.155 3.9
      vertex 7.23282 63.155 1.2
    endloop
  endfacet
  facet normal -0.896973 -0.442086 0
    outer loop
      vertex 7.23282 63.155 3.9
      vertex 7.2791 63.0611 1.2
      vertex 7.2791 63.0611 3.9
    endloop
  endfacet
  facet normal 0.195859 -0.980632 0
    outer loop
      vertex 6.33294 63.5277 1.2
      vertex 6.43558 63.5482 3.9
      vertex 6.33294 63.5277 3.9
    endloop
  endfacet
  facet normal 0.195859 -0.980632 0
    outer loop
      vertex 6.43558 63.5482 3.9
      vertex 6.33294 63.5277 1.2
      vertex 6.43558 63.5482 1.2
    endloop
  endfacet
  facet normal -0.442429 0.896803 0
    outer loop
      vertex 6.94 62.0622 1.2
      vertex 6.84615 62.0159 3.9
      vertex 6.94 62.0622 3.9
    endloop
  endfacet
  facet normal -0.442429 0.896803 0
    outer loop
      vertex 6.84615 62.0159 3.9
      vertex 6.94 62.0622 1.2
      vertex 6.84615 62.0159 1.2
    endloop
  endfacet
  facet normal -0.946831 0.321731 0
    outer loop
      vertex 7.2791 62.4489 1.2
      vertex 7.31274 62.5479 3.9
      vertex 7.31274 62.5479 1.2
    endloop
  endfacet
  facet normal -0.946831 0.321731 0
    outer loop
      vertex 7.31274 62.5479 3.9
      vertex 7.2791 62.4489 1.2
      vertex 7.2791 62.4489 3.9
    endloop
  endfacet
  facet normal 0.9808 0.195014 0
    outer loop
      vertex 5.76726 62.5479 3.9
      vertex 5.74684 62.6506 1.2
      vertex 5.74684 62.6506 3.9
    endloop
  endfacet
  facet normal 0.9808 0.195014 0
    outer loop
      vertex 5.74684 62.6506 1.2
      vertex 5.76726 62.5479 3.9
      vertex 5.76726 62.5479 1.2
    endloop
  endfacet
  facet normal -0.555318 0.831638 0
    outer loop
      vertex 7.02701 62.1203 1.2
      vertex 6.94 62.0622 3.9
      vertex 7.02701 62.1203 3.9
    endloop
  endfacet
  facet normal -0.555318 0.831638 0
    outer loop
      vertex 6.94 62.0622 3.9
      vertex 7.02701 62.1203 1.2
      vertex 6.94 62.0622 1.2
    endloop
  endfacet
  facet normal 0.321126 -0.947036 0
    outer loop
      vertex 6.23385 63.4941 1.2
      vertex 6.33294 63.5277 3.9
      vertex 6.23385 63.4941 3.9
    endloop
  endfacet
  facet normal 0.321126 -0.947036 0
    outer loop
      vertex 6.33294 63.5277 3.9
      vertex 6.23385 63.4941 1.2
      vertex 6.33294 63.5277 1.2
    endloop
  endfacet
  facet normal -0.555318 -0.831638 0
    outer loop
      vertex 6.94 63.4478 1.2
      vertex 7.02701 63.3897 3.9
      vertex 6.94 63.4478 3.9
    endloop
  endfacet
  facet normal -0.555318 -0.831638 -0
    outer loop
      vertex 7.02701 63.3897 3.9
      vertex 6.94 63.4478 1.2
      vertex 7.02701 63.3897 1.2
    endloop
  endfacet
  facet normal 0.195859 0.980632 -0
    outer loop
      vertex 6.43558 61.9618 1.2
      vertex 6.33294 61.9823 3.9
      vertex 6.43558 61.9618 3.9
    endloop
  endfacet
  facet normal 0.195859 0.980632 0
    outer loop
      vertex 6.33294 61.9823 3.9
      vertex 6.43558 61.9618 1.2
      vertex 6.33294 61.9823 1.2
    endloop
  endfacet
  facet normal -0.321126 0.947036 0
    outer loop
      vertex 6.84615 62.0159 1.2
      vertex 6.74706 61.9823 3.9
      vertex 6.84615 62.0159 3.9
    endloop
  endfacet
  facet normal -0.321126 0.947036 0
    outer loop
      vertex 6.74706 61.9823 3.9
      vertex 6.84615 62.0159 1.2
      vertex 6.74706 61.9823 1.2
    endloop
  endfacet
  facet normal 0.896973 0.442086 0
    outer loop
      vertex 5.84718 62.355 3.9
      vertex 5.8009 62.4489 1.2
      vertex 5.8009 62.4489 3.9
    endloop
  endfacet
  facet normal 0.896973 0.442086 0
    outer loop
      vertex 5.8009 62.4489 1.2
      vertex 5.84718 62.355 3.9
      vertex 5.84718 62.355 1.2
    endloop
  endfacet
  facet normal 0.831432 -0.555626 0
    outer loop
      vertex 5.84718 63.155 3.9
      vertex 5.90532 63.242 1.2
      vertex 5.90532 63.242 3.9
    endloop
  endfacet
  facet normal 0.831432 -0.555626 0
    outer loop
      vertex 5.90532 63.242 1.2
      vertex 5.84718 63.155 3.9
      vertex 5.84718 63.155 1.2
    endloop
  endfacet
  facet normal -0.831432 -0.555626 0
    outer loop
      vertex 7.23282 63.155 1.2
      vertex 7.17468 63.242 3.9
      vertex 7.17468 63.242 1.2
    endloop
  endfacet
  facet normal -0.831432 -0.555626 0
    outer loop
      vertex 7.17468 63.242 3.9
      vertex 7.23282 63.155 1.2
      vertex 7.23282 63.155 3.9
    endloop
  endfacet
  facet normal -0.751973 -0.659194 0
    outer loop
      vertex 7.17468 63.242 1.2
      vertex 7.10569 63.3207 3.9
      vertex 7.10569 63.3207 1.2
    endloop
  endfacet
  facet normal -0.751973 -0.659194 0
    outer loop
      vertex 7.10569 63.3207 3.9
      vertex 7.17468 63.242 1.2
      vertex 7.17468 63.242 3.9
    endloop
  endfacet
  facet normal -0.659343 -0.751842 0
    outer loop
      vertex 7.02701 63.3897 1.2
      vertex 7.10569 63.3207 3.9
      vertex 7.02701 63.3897 3.9
    endloop
  endfacet
  facet normal -0.659343 -0.751842 -0
    outer loop
      vertex 7.10569 63.3207 3.9
      vertex 7.02701 63.3897 1.2
      vertex 7.10569 63.3207 1.2
    endloop
  endfacet
  facet normal 0.442429 -0.896803 0
    outer loop
      vertex 6.14 63.4478 1.2
      vertex 6.23385 63.4941 3.9
      vertex 6.14 63.4478 3.9
    endloop
  endfacet
  facet normal 0.442429 -0.896803 0
    outer loop
      vertex 6.23385 63.4941 3.9
      vertex 6.14 63.4478 1.2
      vertex 6.23385 63.4941 1.2
    endloop
  endfacet
  facet normal -0.9808 0.195014 0
    outer loop
      vertex 7.31274 62.5479 1.2
      vertex 7.33316 62.6506 3.9
      vertex 7.33316 62.6506 1.2
    endloop
  endfacet
  facet normal -0.9808 0.195014 0
    outer loop
      vertex 7.33316 62.6506 3.9
      vertex 7.31274 62.5479 1.2
      vertex 7.31274 62.5479 3.9
    endloop
  endfacet
  facet normal -0.997861 0.0653771 0
    outer loop
      vertex 7.33316 62.6506 1.2
      vertex 7.34 62.755 3.9
      vertex 7.34 62.755 1.2
    endloop
  endfacet
  facet normal -0.997861 0.0653771 0
    outer loop
      vertex 7.34 62.755 3.9
      vertex 7.33316 62.6506 1.2
      vertex 7.33316 62.6506 3.9
    endloop
  endfacet
  facet normal 0.751973 -0.659194 0
    outer loop
      vertex 5.90532 63.242 3.9
      vertex 5.97431 63.3207 1.2
      vertex 5.97431 63.3207 3.9
    endloop
  endfacet
  facet normal 0.751973 -0.659194 0
    outer loop
      vertex 5.97431 63.3207 1.2
      vertex 5.90532 63.242 3.9
      vertex 5.90532 63.242 1.2
    endloop
  endfacet
  facet normal 0.321126 0.947036 -0
    outer loop
      vertex 6.33294 61.9823 1.2
      vertex 6.23385 62.0159 3.9
      vertex 6.33294 61.9823 3.9
    endloop
  endfacet
  facet normal 0.321126 0.947036 0
    outer loop
      vertex 6.23385 62.0159 3.9
      vertex 6.33294 61.9823 1.2
      vertex 6.23385 62.0159 1.2
    endloop
  endfacet
  facet normal -0.442429 -0.896803 0
    outer loop
      vertex 6.84615 63.4941 1.2
      vertex 6.94 63.4478 3.9
      vertex 6.84615 63.4941 3.9
    endloop
  endfacet
  facet normal -0.442429 -0.896803 -0
    outer loop
      vertex 6.94 63.4478 3.9
      vertex 6.84615 63.4941 1.2
      vertex 6.94 63.4478 1.2
    endloop
  endfacet
  facet normal -0.831432 0.555626 0
    outer loop
      vertex 7.17468 62.268 1.2
      vertex 7.23282 62.355 3.9
      vertex 7.23282 62.355 1.2
    endloop
  endfacet
  facet normal -0.831432 0.555626 0
    outer loop
      vertex 7.23282 62.355 3.9
      vertex 7.17468 62.268 1.2
      vertex 7.17468 62.268 3.9
    endloop
  endfacet
  facet normal 0.064984 0.997886 -0
    outer loop
      vertex 6.54 61.955 1.2
      vertex 6.43558 61.9618 3.9
      vertex 6.54 61.955 3.9
    endloop
  endfacet
  facet normal 0.064984 0.997886 0
    outer loop
      vertex 6.43558 61.9618 3.9
      vertex 6.54 61.955 1.2
      vertex 6.43558 61.9618 1.2
    endloop
  endfacet
  facet normal 0.946831 -0.321731 0
    outer loop
      vertex 5.76726 62.9621 3.9
      vertex 5.8009 63.0611 1.2
      vertex 5.8009 63.0611 3.9
    endloop
  endfacet
  facet normal 0.946831 -0.321731 0
    outer loop
      vertex 5.8009 63.0611 1.2
      vertex 5.76726 62.9621 3.9
      vertex 5.76726 62.9621 1.2
    endloop
  endfacet
  facet normal 0.064984 -0.997886 0
    outer loop
      vertex 6.43558 63.5482 1.2
      vertex 6.54 63.555 3.9
      vertex 6.43558 63.5482 3.9
    endloop
  endfacet
  facet normal 0.064984 -0.997886 0
    outer loop
      vertex 6.54 63.555 3.9
      vertex 6.43558 63.5482 1.2
      vertex 6.54 63.555 1.2
    endloop
  endfacet
  facet normal -0.896973 0.442086 0
    outer loop
      vertex 7.23282 62.355 1.2
      vertex 7.2791 62.4489 3.9
      vertex 7.2791 62.4489 1.2
    endloop
  endfacet
  facet normal -0.896973 0.442086 0
    outer loop
      vertex 7.2791 62.4489 3.9
      vertex 7.23282 62.355 1.2
      vertex 7.23282 62.355 3.9
    endloop
  endfacet
  facet normal -0.751973 0.659194 0
    outer loop
      vertex 7.10569 62.1893 1.2
      vertex 7.17468 62.268 3.9
      vertex 7.17468 62.268 1.2
    endloop
  endfacet
  facet normal -0.751973 0.659194 0
    outer loop
      vertex 7.17468 62.268 3.9
      vertex 7.10569 62.1893 1.2
      vertex 7.10569 62.1893 3.9
    endloop
  endfacet
  facet normal -0.195859 -0.980632 0
    outer loop
      vertex 6.64442 63.5482 1.2
      vertex 6.74706 63.5277 3.9
      vertex 6.64442 63.5482 3.9
    endloop
  endfacet
  facet normal -0.195859 -0.980632 -0
    outer loop
      vertex 6.74706 63.5277 3.9
      vertex 6.64442 63.5482 1.2
      vertex 6.74706 63.5277 1.2
    endloop
  endfacet
  facet normal 0.659343 -0.751842 0
    outer loop
      vertex 5.97431 63.3207 1.2
      vertex 6.05299 63.3897 3.9
      vertex 5.97431 63.3207 3.9
    endloop
  endfacet
  facet normal 0.659343 -0.751842 0
    outer loop
      vertex 6.05299 63.3897 3.9
      vertex 5.97431 63.3207 1.2
      vertex 6.05299 63.3897 1.2
    endloop
  endfacet
  facet normal 0.555318 -0.831638 0
    outer loop
      vertex 6.05299 63.3897 1.2
      vertex 6.14 63.4478 3.9
      vertex 6.05299 63.3897 3.9
    endloop
  endfacet
  facet normal 0.555318 -0.831638 0
    outer loop
      vertex 6.14 63.4478 3.9
      vertex 6.05299 63.3897 1.2
      vertex 6.14 63.4478 1.2
    endloop
  endfacet
  facet normal 0.896973 -0.442086 0
    outer loop
      vertex 5.8009 63.0611 3.9
      vertex 5.84718 63.155 1.2
      vertex 5.84718 63.155 3.9
    endloop
  endfacet
  facet normal 0.896973 -0.442086 0
    outer loop
      vertex 5.84718 63.155 1.2
      vertex 5.8009 63.0611 3.9
      vertex 5.8009 63.0611 1.2
    endloop
  endfacet
  facet normal 0.997861 -0.0653771 0
    outer loop
      vertex 5.74 62.755 3.9
      vertex 5.74684 62.8594 1.2
      vertex 5.74684 62.8594 3.9
    endloop
  endfacet
  facet normal 0.997861 -0.0653771 0
    outer loop
      vertex 5.74684 62.8594 1.2
      vertex 5.74 62.755 3.9
      vertex 5.74 62.755 1.2
    endloop
  endfacet
  facet normal 0.659343 0.751842 -0
    outer loop
      vertex 6.05299 62.1203 1.2
      vertex 5.97431 62.1893 3.9
      vertex 6.05299 62.1203 3.9
    endloop
  endfacet
  facet normal 0.659343 0.751842 0
    outer loop
      vertex 5.97431 62.1893 3.9
      vertex 6.05299 62.1203 1.2
      vertex 5.97431 62.1893 1.2
    endloop
  endfacet
  facet normal -0.064984 0.997886 0
    outer loop
      vertex 6.64442 61.9618 1.2
      vertex 6.54 61.955 3.9
      vertex 6.64442 61.9618 3.9
    endloop
  endfacet
  facet normal -0.064984 0.997886 0
    outer loop
      vertex 6.54 61.955 3.9
      vertex 6.64442 61.9618 1.2
      vertex 6.54 61.955 1.2
    endloop
  endfacet
  facet normal 0.751973 0.659194 0
    outer loop
      vertex 5.97431 62.1893 3.9
      vertex 5.90532 62.268 1.2
      vertex 5.90532 62.268 3.9
    endloop
  endfacet
  facet normal 0.751973 0.659194 0
    outer loop
      vertex 5.90532 62.268 1.2
      vertex 5.97431 62.1893 3.9
      vertex 5.97431 62.1893 1.2
    endloop
  endfacet
  facet normal 0.9808 -0.195014 0
    outer loop
      vertex 5.74684 62.8594 3.9
      vertex 5.76726 62.9621 1.2
      vertex 5.76726 62.9621 3.9
    endloop
  endfacet
  facet normal 0.9808 -0.195014 0
    outer loop
      vertex 5.76726 62.9621 1.2
      vertex 5.74684 62.8594 3.9
      vertex 5.74684 62.8594 1.2
    endloop
  endfacet
  facet normal 0 0 1
    outer loop
      vertex 7.33316 62.8594 1.2
      vertex 7.33316 62.6506 1.2
      vertex 7.34 62.755 1.2
    endloop
  endfacet
  facet normal 0 0 1
    outer loop
      vertex 7.31274 62.9621 1.2
      vertex 7.33316 62.6506 1.2
      vertex 7.33316 62.8594 1.2
    endloop
  endfacet
  facet normal 0 0 1
    outer loop
      vertex 7.31274 62.9621 1.2
      vertex 7.31274 62.5479 1.2
      vertex 7.33316 62.6506 1.2
    endloop
  endfacet
  facet normal 0 0 1
    outer loop
      vertex 7.2791 63.0611 1.2
      vertex 7.31274 62.5479 1.2
      vertex 7.31274 62.9621 1.2
    endloop
  endfacet
  facet normal 0 0 1
    outer loop
      vertex 7.2791 63.0611 1.2
      vertex 7.2791 62.4489 1.2
      vertex 7.31274 62.5479 1.2
    endloop
  endfacet
  facet normal 0 0 1
    outer loop
      vertex 7.23282 63.155 1.2
      vertex 7.2791 62.4489 1.2
      vertex 7.2791 63.0611 1.2
    endloop
  endfacet
  facet normal 0 0 1
    outer loop
      vertex 7.23282 63.155 1.2
      vertex 7.23282 62.355 1.2
      vertex 7.2791 62.4489 1.2
    endloop
  endfacet
  facet normal 0 0 1
    outer loop
      vertex 7.17468 63.242 1.2
      vertex 7.23282 62.355 1.2
      vertex 7.23282 63.155 1.2
    endloop
  endfacet
  facet normal 0 0 1
    outer loop
      vertex 7.17468 63.242 1.2
      vertex 7.17468 62.268 1.2
      vertex 7.23282 62.355 1.2
    endloop
  endfacet
  facet normal 0 0 1
    outer loop
      vertex 7.10569 63.3207 1.2
      vertex 7.17468 62.268 1.2
      vertex 7.17468 63.242 1.2
    endloop
  endfacet
  facet normal 0 0 1
    outer loop
      vertex 7.10569 63.3207 1.2
      vertex 7.10569 62.1893 1.2
      vertex 7.17468 62.268 1.2
    endloop
  endfacet
  facet normal 0 0 1
    outer loop
      vertex 7.02701 63.3897 1.2
      vertex 7.10569 62.1893 1.2
      vertex 7.10569 63.3207 1.2
    endloop
  endfacet
  facet normal 0 0 1
    outer loop
      vertex 7.02701 63.3897 1.2
      vertex 7.02701 62.1203 1.2
      vertex 7.10569 62.1893 1.2
    endloop
  endfacet
  facet normal 0 0 1
    outer loop
      vertex 6.94 63.4478 1.2
      vertex 7.02701 62.1203 1.2
      vertex 7.02701 63.3897 1.2
    endloop
  endfacet
  facet normal 0 0 1
    outer loop
      vertex 6.94 63.4478 1.2
      vertex 6.94 62.0622 1.2
      vertex 7.02701 62.1203 1.2
    endloop
  endfacet
  facet normal 0 0 1
    outer loop
      vertex 6.84615 63.4941 1.2
      vertex 6.94 62.0622 1.2
      vertex 6.94 63.4478 1.2
    endloop
  endfacet
  facet normal 0 0 1
    outer loop
      vertex 6.84615 63.4941 1.2
      vertex 6.84615 62.0159 1.2
      vertex 6.94 62.0622 1.2
    endloop
  endfacet
  facet normal 0 0 1
    outer loop
      vertex 6.74706 63.5277 1.2
      vertex 6.84615 62.0159 1.2
      vertex 6.84615 63.4941 1.2
    endloop
  endfacet
  facet normal 0 0 1
    outer loop
      vertex 6.74706 63.5277 1.2
      vertex 6.74706 61.9823 1.2
      vertex 6.84615 62.0159 1.2
    endloop
  endfacet
  facet normal 0 0 1
    outer loop
      vertex 6.64442 63.5482 1.2
      vertex 6.74706 61.9823 1.2
      vertex 6.74706 63.5277 1.2
    endloop
  endfacet
  facet normal 0 0 1
    outer loop
      vertex 6.64442 63.5482 1.2
      vertex 6.64442 61.9618 1.2
      vertex 6.74706 61.9823 1.2
    endloop
  endfacet
  facet normal 0 0 1
    outer loop
      vertex 6.54 63.555 1.2
      vertex 6.64442 61.9618 1.2
      vertex 6.64442 63.5482 1.2
    endloop
  endfacet
  facet normal 0 0 1
    outer loop
      vertex 6.54 63.555 1.2
      vertex 6.54 61.955 1.2
      vertex 6.64442 61.9618 1.2
    endloop
  endfacet
  facet normal -0 0 1
    outer loop
      vertex 6.43558 63.5482 1.2
      vertex 6.54 61.955 1.2
      vertex 6.54 63.555 1.2
    endloop
  endfacet
  facet normal 0 0 1
    outer loop
      vertex 6.43558 63.5482 1.2
      vertex 6.43558 61.9618 1.2
      vertex 6.54 61.955 1.2
    endloop
  endfacet
  facet normal -0 0 1
    outer loop
      vertex 6.33294 63.5277 1.2
      vertex 6.43558 61.9618 1.2
      vertex 6.43558 63.5482 1.2
    endloop
  endfacet
  facet normal 0 0 1
    outer loop
      vertex 6.33294 63.5277 1.2
      vertex 6.33294 61.9823 1.2
      vertex 6.43558 61.9618 1.2
    endloop
  endfacet
  facet normal -0 0 1
    outer loop
      vertex 6.23385 63.4941 1.2
      vertex 6.33294 61.9823 1.2
      vertex 6.33294 63.5277 1.2
    endloop
  endfacet
  facet normal 0 0 1
    outer loop
      vertex 6.23385 63.4941 1.2
      vertex 6.23385 62.0159 1.2
      vertex 6.33294 61.9823 1.2
    endloop
  endfacet
  facet normal -0 0 1
    outer loop
      vertex 6.14 63.4478 1.2
      vertex 6.23385 62.0159 1.2
      vertex 6.23385 63.4941 1.2
    endloop
  endfacet
  facet normal 0 0 1
    outer loop
      vertex 6.14 63.4478 1.2
      vertex 6.14 62.0622 1.2
      vertex 6.23385 62.0159 1.2
    endloop
  endfacet
  facet normal -0 0 1
    outer loop
      vertex 6.05299 63.3897 1.2
      vertex 6.14 62.0622 1.2
      vertex 6.14 63.4478 1.2
    endloop
  endfacet
  facet normal 0 0 1
    outer loop
      vertex 6.05299 63.3897 1.2
      vertex 6.05299 62.1203 1.2
      vertex 6.14 62.0622 1.2
    endloop
  endfacet
  facet normal -0 0 1
    outer loop
      vertex 5.97431 63.3207 1.2
      vertex 6.05299 62.1203 1.2
      vertex 6.05299 63.3897 1.2
    endloop
  endfacet
  facet normal 0 0 1
    outer loop
      vertex 5.97431 63.3207 1.2
      vertex 5.97431 62.1893 1.2
      vertex 6.05299 62.1203 1.2
    endloop
  endfacet
  facet normal -0 0 1
    outer loop
      vertex 5.90532 63.242 1.2
      vertex 5.97431 62.1893 1.2
      vertex 5.97431 63.3207 1.2
    endloop
  endfacet
  facet normal 0 0 1
    outer loop
      vertex 5.90532 63.242 1.2
      vertex 5.90532 62.268 1.2
      vertex 5.97431 62.1893 1.2
    endloop
  endfacet
  facet normal -0 0 1
    outer loop
      vertex 5.84718 63.155 1.2
      vertex 5.90532 62.268 1.2
      vertex 5.90532 63.242 1.2
    endloop
  endfacet
  facet normal 0 0 1
    outer loop
      vertex 5.84718 63.155 1.2
      vertex 5.84718 62.355 1.2
      vertex 5.90532 62.268 1.2
    endloop
  endfacet
  facet normal -0 0 1
    outer loop
      vertex 5.8009 63.0611 1.2
      vertex 5.84718 62.355 1.2
      vertex 5.84718 63.155 1.2
    endloop
  endfacet
  facet normal 0 0 1
    outer loop
      vertex 5.8009 63.0611 1.2
      vertex 5.8009 62.4489 1.2
      vertex 5.84718 62.355 1.2
    endloop
  endfacet
  facet normal -0 0 1
    outer loop
      vertex 5.76726 62.9621 1.2
      vertex 5.8009 62.4489 1.2
      vertex 5.8009 63.0611 1.2
    endloop
  endfacet
  facet normal 0 0 1
    outer loop
      vertex 5.76726 62.9621 1.2
      vertex 5.76726 62.5479 1.2
      vertex 5.8009 62.4489 1.2
    endloop
  endfacet
  facet normal -0 0 1
    outer loop
      vertex 5.74684 62.8594 1.2
      vertex 5.76726 62.5479 1.2
      vertex 5.76726 62.9621 1.2
    endloop
  endfacet
  facet normal 0 0 1
    outer loop
      vertex 5.74684 62.8594 1.2
      vertex 5.74684 62.6506 1.2
      vertex 5.76726 62.5479 1.2
    endloop
  endfacet
  facet normal 0 -0 1
    outer loop
      vertex 5.74684 62.6506 1.2
      vertex 5.74684 62.8594 1.2
      vertex 5.74 62.755 1.2
    endloop
  endfacet
  facet normal 0.555318 0.831638 -0
    outer loop
      vertex 6.14 62.0622 1.2
      vertex 6.05299 62.1203 3.9
      vertex 6.14 62.0622 3.9
    endloop
  endfacet
  facet normal 0.555318 0.831638 0
    outer loop
      vertex 6.05299 62.1203 3.9
      vertex 6.14 62.0622 1.2
      vertex 6.05299 62.1203 1.2
    endloop
  endfacet
  facet normal 0.442429 0.896803 -0
    outer loop
      vertex 6.23385 62.0159 1.2
      vertex 6.14 62.0622 3.9
      vertex 6.23385 62.0159 3.9
    endloop
  endfacet
  facet normal 0.442429 0.896803 0
    outer loop
      vertex 6.14 62.0622 3.9
      vertex 6.23385 62.0159 1.2
      vertex 6.14 62.0622 1.2
    endloop
  endfacet
  facet normal 0.997861 0.0653771 0
    outer loop
      vertex 5.74684 62.6506 3.9
      vertex 5.74 62.755 1.2
      vertex 5.74 62.755 3.9
    endloop
  endfacet
  facet normal 0.997861 0.0653771 0
    outer loop
      vertex 5.74 62.755 1.2
      vertex 5.74684 62.6506 3.9
      vertex 5.74684 62.6506 1.2
    endloop
  endfacet
  facet normal -0.659343 0.751842 0
    outer loop
      vertex 7.10569 62.1893 1.2
      vertex 7.02701 62.1203 3.9
      vertex 7.10569 62.1893 3.9
    endloop
  endfacet
  facet normal -0.659343 0.751842 0
    outer loop
      vertex 7.02701 62.1203 3.9
      vertex 7.10569 62.1893 1.2
      vertex 7.02701 62.1203 1.2
    endloop
  endfacet
  facet normal 0.831432 0.555626 0
    outer loop
      vertex 5.90532 62.268 3.9
      vertex 5.84718 62.355 1.2
      vertex 5.84718 62.355 3.9
    endloop
  endfacet
  facet normal 0.831432 0.555626 0
    outer loop
      vertex 5.84718 62.355 1.2
      vertex 5.90532 62.268 3.9
      vertex 5.90532 62.268 1.2
    endloop
  endfacet
  facet normal -0.980654 -0.195749 0
    outer loop
      vertex 35.2732 46.3494 1.2
      vertex 35.2527 46.4521 3.9
      vertex 35.2527 46.4521 1.2
    endloop
  endfacet
  facet normal -0.980654 -0.195749 0
    outer loop
      vertex 35.2527 46.4521 3.9
      vertex 35.2732 46.3494 1.2
      vertex 35.2732 46.3494 3.9
    endloop
  endfacet
  facet normal -0.997886 -0.0649964 0
    outer loop
      vertex 35.28 46.245 1.2
      vertex 35.2732 46.3494 3.9
      vertex 35.2732 46.3494 1.2
    endloop
  endfacet
  facet normal -0.997886 -0.0649964 0
    outer loop
      vertex 35.2732 46.3494 3.9
      vertex 35.28 46.245 1.2
      vertex 35.28 46.245 3.9
    endloop
  endfacet
  facet normal 0.831609 -0.555362 0
    outer loop
      vertex 33.7872 46.645 3.9
      vertex 33.8453 46.732 1.2
      vertex 33.8453 46.732 3.9
    endloop
  endfacet
  facet normal 0.831609 -0.555362 0
    outer loop
      vertex 33.8453 46.732 1.2
      vertex 33.7872 46.645 3.9
      vertex 33.7872 46.645 1.2
    endloop
  endfacet
  facet normal 0.896897 -0.44224 0
    outer loop
      vertex 33.7409 46.5511 3.9
      vertex 33.7872 46.645 1.2
      vertex 33.7872 46.645 3.9
    endloop
  endfacet
  facet normal 0.896897 -0.44224 0
    outer loop
      vertex 33.7872 46.645 1.2
      vertex 33.7409 46.5511 3.9
      vertex 33.7409 46.5511 1.2
    endloop
  endfacet
  facet normal -0.44224 -0.896897 0
    outer loop
      vertex 34.7861 46.9841 1.2
      vertex 34.88 46.9378 3.9
      vertex 34.7861 46.9841 3.9
    endloop
  endfacet
  facet normal -0.44224 -0.896897 -0
    outer loop
      vertex 34.88 46.9378 3.9
      vertex 34.7861 46.9841 1.2
      vertex 34.88 46.9378 1.2
    endloop
  endfacet
  facet normal 0.555362 -0.831609 0
    outer loop
      vertex 33.993 46.8797 1.2
      vertex 34.08 46.9378 3.9
      vertex 33.993 46.8797 3.9
    endloop
  endfacet
  facet normal 0.555362 -0.831609 0
    outer loop
      vertex 34.08 46.9378 3.9
      vertex 33.993 46.8797 1.2
      vertex 34.08 46.9378 1.2
    endloop
  endfacet
  facet normal -0.0649964 0.997886 0
    outer loop
      vertex 34.5844 45.4518 1.2
      vertex 34.48 45.445 3.9
      vertex 34.5844 45.4518 3.9
    endloop
  endfacet
  facet normal -0.0649964 0.997886 0
    outer loop
      vertex 34.48 45.445 3.9
      vertex 34.5844 45.4518 1.2
      vertex 34.48 45.445 1.2
    endloop
  endfacet
  facet normal 0.195749 -0.980654 0
    outer loop
      vertex 34.2729 47.0177 1.2
      vertex 34.3756 47.0382 3.9
      vertex 34.2729 47.0177 3.9
    endloop
  endfacet
  facet normal 0.195749 -0.980654 0
    outer loop
      vertex 34.3756 47.0382 3.9
      vertex 34.2729 47.0177 1.2
      vertex 34.3756 47.0382 1.2
    endloop
  endfacet
  facet normal -0.751925 0.659248 0
    outer loop
      vertex 35.0457 45.6793 1.2
      vertex 35.1147 45.758 3.9
      vertex 35.1147 45.758 1.2
    endloop
  endfacet
  facet normal -0.751925 0.659248 0
    outer loop
      vertex 35.1147 45.758 3.9
      vertex 35.0457 45.6793 1.2
      vertex 35.0457 45.6793 3.9
    endloop
  endfacet
  facet normal -0.946948 0.321388 0
    outer loop
      vertex 35.2191 45.9389 1.2
      vertex 35.2527 46.0379 3.9
      vertex 35.2527 46.0379 1.2
    endloop
  endfacet
  facet normal -0.946948 0.321388 0
    outer loop
      vertex 35.2527 46.0379 3.9
      vertex 35.2191 45.9389 1.2
      vertex 35.2191 45.9389 3.9
    endloop
  endfacet
  facet normal 0.980654 0.195749 0
    outer loop
      vertex 33.7073 46.0379 3.9
      vertex 33.6868 46.1406 1.2
      vertex 33.6868 46.1406 3.9
    endloop
  endfacet
  facet normal 0.980654 0.195749 0
    outer loop
      vertex 33.6868 46.1406 1.2
      vertex 33.7073 46.0379 3.9
      vertex 33.7073 46.0379 1.2
    endloop
  endfacet
  facet normal -0.831609 0.555362 0
    outer loop
      vertex 35.1147 45.758 1.2
      vertex 35.1728 45.845 3.9
      vertex 35.1728 45.845 1.2
    endloop
  endfacet
  facet normal -0.831609 0.555362 0
    outer loop
      vertex 35.1728 45.845 3.9
      vertex 35.1147 45.758 1.2
      vertex 35.1147 45.758 3.9
    endloop
  endfacet
  facet normal -0.44224 0.896897 0
    outer loop
      vertex 34.88 45.5522 1.2
      vertex 34.7861 45.5059 3.9
      vertex 34.88 45.5522 3.9
    endloop
  endfacet
  facet normal -0.44224 0.896897 0
    outer loop
      vertex 34.7861 45.5059 3.9
      vertex 34.88 45.5522 1.2
      vertex 34.7861 45.5059 1.2
    endloop
  endfacet
  facet normal 0.555362 0.831609 -0
    outer loop
      vertex 34.08 45.5522 1.2
      vertex 33.993 45.6103 3.9
      vertex 34.08 45.5522 3.9
    endloop
  endfacet
  facet normal 0.555362 0.831609 0
    outer loop
      vertex 33.993 45.6103 3.9
      vertex 34.08 45.5522 1.2
      vertex 33.993 45.6103 1.2
    endloop
  endfacet
  facet normal -0.831609 -0.555362 0
    outer loop
      vertex 35.1728 46.645 1.2
      vertex 35.1147 46.732 3.9
      vertex 35.1147 46.732 1.2
    endloop
  endfacet
  facet normal -0.831609 -0.555362 0
    outer loop
      vertex 35.1147 46.732 3.9
      vertex 35.1728 46.645 1.2
      vertex 35.1728 46.645 3.9
    endloop
  endfacet
  facet normal -0.321388 -0.946948 0
    outer loop
      vertex 34.6871 47.0177 1.2
      vertex 34.7861 46.9841 3.9
      vertex 34.6871 47.0177 3.9
    endloop
  endfacet
  facet normal -0.321388 -0.946948 -0
    outer loop
      vertex 34.7861 46.9841 3.9
      vertex 34.6871 47.0177 1.2
      vertex 34.7861 46.9841 1.2
    endloop
  endfacet
  facet normal -0.555362 0.831609 0
    outer loop
      vertex 34.967 45.6103 1.2
      vertex 34.88 45.5522 3.9
      vertex 34.967 45.6103 3.9
    endloop
  endfacet
  facet normal -0.555362 0.831609 0
    outer loop
      vertex 34.88 45.5522 3.9
      vertex 34.967 45.6103 1.2
      vertex 34.88 45.5522 1.2
    endloop
  endfacet
  facet normal -0.751925 -0.659248 0
    outer loop
      vertex 35.1147 46.732 1.2
      vertex 35.0457 46.8107 3.9
      vertex 35.0457 46.8107 1.2
    endloop
  endfacet
  facet normal -0.751925 -0.659248 0
    outer loop
      vertex 35.0457 46.8107 3.9
      vertex 35.1147 46.732 1.2
      vertex 35.1147 46.732 3.9
    endloop
  endfacet
  facet normal -0.555362 -0.831609 0
    outer loop
      vertex 34.88 46.9378 1.2
      vertex 34.967 46.8797 3.9
      vertex 34.88 46.9378 3.9
    endloop
  endfacet
  facet normal -0.555362 -0.831609 -0
    outer loop
      vertex 34.967 46.8797 3.9
      vertex 34.88 46.9378 1.2
      vertex 34.967 46.8797 1.2
    endloop
  endfacet
  facet normal 0.44224 0.896897 -0
    outer loop
      vertex 34.1739 45.5059 1.2
      vertex 34.08 45.5522 3.9
      vertex 34.1739 45.5059 3.9
    endloop
  endfacet
  facet normal 0.44224 0.896897 0
    outer loop
      vertex 34.08 45.5522 3.9
      vertex 34.1739 45.5059 1.2
      vertex 34.08 45.5522 1.2
    endloop
  endfacet
  facet normal 0.659248 -0.751925 0
    outer loop
      vertex 33.9143 46.8107 1.2
      vertex 33.993 46.8797 3.9
      vertex 33.9143 46.8107 3.9
    endloop
  endfacet
  facet normal 0.659248 -0.751925 0
    outer loop
      vertex 33.993 46.8797 3.9
      vertex 33.9143 46.8107 1.2
      vertex 33.993 46.8797 1.2
    endloop
  endfacet
  facet normal -0.997886 0.0649964 0
    outer loop
      vertex 35.2732 46.1406 1.2
      vertex 35.28 46.245 3.9
      vertex 35.28 46.245 1.2
    endloop
  endfacet
  facet normal -0.997886 0.0649964 0
    outer loop
      vertex 35.28 46.245 3.9
      vertex 35.2732 46.1406 1.2
      vertex 35.2732 46.1406 3.9
    endloop
  endfacet
  facet normal -0.321388 0.946948 0
    outer loop
      vertex 34.7861 45.5059 1.2
      vertex 34.6871 45.4723 3.9
      vertex 34.7861 45.5059 3.9
    endloop
  endfacet
  facet normal -0.321388 0.946948 0
    outer loop
      vertex 34.6871 45.4723 3.9
      vertex 34.7861 45.5059 1.2
      vertex 34.6871 45.4723 1.2
    endloop
  endfacet
  facet normal 0.751925 0.659248 0
    outer loop
      vertex 33.9143 45.6793 3.9
      vertex 33.8453 45.758 1.2
      vertex 33.8453 45.758 3.9
    endloop
  endfacet
  facet normal 0.751925 0.659248 0
    outer loop
      vertex 33.8453 45.758 1.2
      vertex 33.9143 45.6793 3.9
      vertex 33.9143 45.6793 1.2
    endloop
  endfacet
  facet normal -0.659248 -0.751925 0
    outer loop
      vertex 34.967 46.8797 1.2
      vertex 35.0457 46.8107 3.9
      vertex 34.967 46.8797 3.9
    endloop
  endfacet
  facet normal -0.659248 -0.751925 -0
    outer loop
      vertex 35.0457 46.8107 3.9
      vertex 34.967 46.8797 1.2
      vertex 35.0457 46.8107 1.2
    endloop
  endfacet
  facet normal 0.44224 -0.896897 0
    outer loop
      vertex 34.08 46.9378 1.2
      vertex 34.1739 46.9841 3.9
      vertex 34.08 46.9378 3.9
    endloop
  endfacet
  facet normal 0.44224 -0.896897 0
    outer loop
      vertex 34.1739 46.9841 3.9
      vertex 34.08 46.9378 1.2
      vertex 34.1739 46.9841 1.2
    endloop
  endfacet
  facet normal 0.997886 0.0649964 0
    outer loop
      vertex 33.6868 46.1406 3.9
      vertex 33.68 46.245 1.2
      vertex 33.68 46.245 3.9
    endloop
  endfacet
  facet normal 0.997886 0.0649964 0
    outer loop
      vertex 33.68 46.245 1.2
      vertex 33.6868 46.1406 3.9
      vertex 33.6868 46.1406 1.2
    endloop
  endfacet
  facet normal 0.0649964 -0.997886 0
    outer loop
      vertex 34.3756 47.0382 1.2
      vertex 34.48 47.045 3.9
      vertex 34.3756 47.0382 3.9
    endloop
  endfacet
  facet normal 0.0649964 -0.997886 0
    outer loop
      vertex 34.48 47.045 3.9
      vertex 34.3756 47.0382 1.2
      vertex 34.48 47.045 1.2
    endloop
  endfacet
  facet normal 0.946948 0.321388 0
    outer loop
      vertex 33.7409 45.9389 3.9
      vertex 33.7073 46.0379 1.2
      vertex 33.7073 46.0379 3.9
    endloop
  endfacet
  facet normal 0.946948 0.321388 0
    outer loop
      vertex 33.7073 46.0379 1.2
      vertex 33.7409 45.9389 3.9
      vertex 33.7409 45.9389 1.2
    endloop
  endfacet
  facet normal 0.896897 0.44224 0
    outer loop
      vertex 33.7872 45.845 3.9
      vertex 33.7409 45.9389 1.2
      vertex 33.7409 45.9389 3.9
    endloop
  endfacet
  facet normal 0.896897 0.44224 0
    outer loop
      vertex 33.7409 45.9389 1.2
      vertex 33.7872 45.845 3.9
      vertex 33.7872 45.845 1.2
    endloop
  endfacet
  facet normal -0.195749 0.980654 0
    outer loop
      vertex 34.6871 45.4723 1.2
      vertex 34.5844 45.4518 3.9
      vertex 34.6871 45.4723 3.9
    endloop
  endfacet
  facet normal -0.195749 0.980654 0
    outer loop
      vertex 34.5844 45.4518 3.9
      vertex 34.6871 45.4723 1.2
      vertex 34.5844 45.4518 1.2
    endloop
  endfacet
  facet normal -0.980654 0.195749 0
    outer loop
      vertex 35.2527 46.0379 1.2
      vertex 35.2732 46.1406 3.9
      vertex 35.2732 46.1406 1.2
    endloop
  endfacet
  facet normal -0.980654 0.195749 0
    outer loop
      vertex 35.2732 46.1406 3.9
      vertex 35.2527 46.0379 1.2
      vertex 35.2527 46.0379 3.9
    endloop
  endfacet
  facet normal 0.659248 0.751925 -0
    outer loop
      vertex 33.993 45.6103 1.2
      vertex 33.9143 45.6793 3.9
      vertex 33.993 45.6103 3.9
    endloop
  endfacet
  facet normal 0.659248 0.751925 0
    outer loop
      vertex 33.9143 45.6793 3.9
      vertex 33.993 45.6103 1.2
      vertex 33.9143 45.6793 1.2
    endloop
  endfacet
  facet normal 0.0649964 0.997886 -0
    outer loop
      vertex 34.48 45.445 1.2
      vertex 34.3756 45.4518 3.9
      vertex 34.48 45.445 3.9
    endloop
  endfacet
  facet normal 0.0649964 0.997886 0
    outer loop
      vertex 34.3756 45.4518 3.9
      vertex 34.48 45.445 1.2
      vertex 34.3756 45.4518 1.2
    endloop
  endfacet
  facet normal 0.980654 -0.195749 0
    outer loop
      vertex 33.6868 46.3494 3.9
      vertex 33.7073 46.4521 1.2
      vertex 33.7073 46.4521 3.9
    endloop
  endfacet
  facet normal 0.980654 -0.195749 0
    outer loop
      vertex 33.7073 46.4521 1.2
      vertex 33.6868 46.3494 3.9
      vertex 33.6868 46.3494 1.2
    endloop
  endfacet
  facet normal -0.195749 -0.980654 0
    outer loop
      vertex 34.5844 47.0382 1.2
      vertex 34.6871 47.0177 3.9
      vertex 34.5844 47.0382 3.9
    endloop
  endfacet
  facet normal -0.195749 -0.980654 -0
    outer loop
      vertex 34.6871 47.0177 3.9
      vertex 34.5844 47.0382 1.2
      vertex 34.6871 47.0177 1.2
    endloop
  endfacet
  facet normal -0.896897 -0.44224 0
    outer loop
      vertex 35.2191 46.5511 1.2
      vertex 35.1728 46.645 3.9
      vertex 35.1728 46.645 1.2
    endloop
  endfacet
  facet normal -0.896897 -0.44224 0
    outer loop
      vertex 35.1728 46.645 3.9
      vertex 35.2191 46.5511 1.2
      vertex 35.2191 46.5511 3.9
    endloop
  endfacet
  facet normal 0.997886 -0.0649964 0
    outer loop
      vertex 33.68 46.245 3.9
      vertex 33.6868 46.3494 1.2
      vertex 33.6868 46.3494 3.9
    endloop
  endfacet
  facet normal 0.997886 -0.0649964 0
    outer loop
      vertex 33.6868 46.3494 1.2
      vertex 33.68 46.245 3.9
      vertex 33.68 46.245 1.2
    endloop
  endfacet
  facet normal 0.751925 -0.659248 0
    outer loop
      vertex 33.8453 46.732 3.9
      vertex 33.9143 46.8107 1.2
      vertex 33.9143 46.8107 3.9
    endloop
  endfacet
  facet normal 0.751925 -0.659248 0
    outer loop
      vertex 33.9143 46.8107 1.2
      vertex 33.8453 46.732 3.9
      vertex 33.8453 46.732 1.2
    endloop
  endfacet
  facet normal -0.946948 -0.321388 0
    outer loop
      vertex 35.2527 46.4521 1.2
      vertex 35.2191 46.5511 3.9
      vertex 35.2191 46.5511 1.2
    endloop
  endfacet
  facet normal -0.946948 -0.321388 0
    outer loop
      vertex 35.2191 46.5511 3.9
      vertex 35.2527 46.4521 1.2
      vertex 35.2527 46.4521 3.9
    endloop
  endfacet
  facet normal 0.321388 -0.946948 0
    outer loop
      vertex 34.1739 46.9841 1.2
      vertex 34.2729 47.0177 3.9
      vertex 34.1739 46.9841 3.9
    endloop
  endfacet
  facet normal 0.321388 -0.946948 0
    outer loop
      vertex 34.2729 47.0177 3.9
      vertex 34.1739 46.9841 1.2
      vertex 34.2729 47.0177 1.2
    endloop
  endfacet
  facet normal -0.0649964 -0.997886 0
    outer loop
      vertex 34.48 47.045 1.2
      vertex 34.5844 47.0382 3.9
      vertex 34.48 47.045 3.9
    endloop
  endfacet
  facet normal -0.0649964 -0.997886 -0
    outer loop
      vertex 34.5844 47.0382 3.9
      vertex 34.48 47.045 1.2
      vertex 34.5844 47.0382 1.2
    endloop
  endfacet
  facet normal 0.195749 0.980654 -0
    outer loop
      vertex 34.3756 45.4518 1.2
      vertex 34.2729 45.4723 3.9
      vertex 34.3756 45.4518 3.9
    endloop
  endfacet
  facet normal 0.195749 0.980654 0
    outer loop
      vertex 34.2729 45.4723 3.9
      vertex 34.3756 45.4518 1.2
      vertex 34.2729 45.4723 1.2
    endloop
  endfacet
  facet normal -0.896897 0.44224 0
    outer loop
      vertex 35.1728 45.845 1.2
      vertex 35.2191 45.9389 3.9
      vertex 35.2191 45.9389 1.2
    endloop
  endfacet
  facet normal -0.896897 0.44224 0
    outer loop
      vertex 35.2191 45.9389 3.9
      vertex 35.1728 45.845 1.2
      vertex 35.1728 45.845 3.9
    endloop
  endfacet
  facet normal -0.659248 0.751925 0
    outer loop
      vertex 35.0457 45.6793 1.2
      vertex 34.967 45.6103 3.9
      vertex 35.0457 45.6793 3.9
    endloop
  endfacet
  facet normal -0.659248 0.751925 0
    outer loop
      vertex 34.967 45.6103 3.9
      vertex 35.0457 45.6793 1.2
      vertex 34.967 45.6103 1.2
    endloop
  endfacet
  facet normal 0.831609 0.555362 0
    outer loop
      vertex 33.8453 45.758 3.9
      vertex 33.7872 45.845 1.2
      vertex 33.7872 45.845 3.9
    endloop
  endfacet
  facet normal 0.831609 0.555362 0
    outer loop
      vertex 33.7872 45.845 1.2
      vertex 33.8453 45.758 3.9
      vertex 33.8453 45.758 1.2
    endloop
  endfacet
  facet normal 0.321388 0.946948 -0
    outer loop
      vertex 34.2729 45.4723 1.2
      vertex 34.1739 45.5059 3.9
      vertex 34.2729 45.4723 3.9
    endloop
  endfacet
  facet normal 0.321388 0.946948 0
    outer loop
      vertex 34.1739 45.5059 3.9
      vertex 34.2729 45.4723 1.2
      vertex 34.1739 45.5059 1.2
    endloop
  endfacet
  facet normal 0.946948 -0.321388 0
    outer loop
      vertex 33.7073 46.4521 3.9
      vertex 33.7409 46.5511 1.2
      vertex 33.7409 46.5511 3.9
    endloop
  endfacet
  facet normal 0.946948 -0.321388 0
    outer loop
      vertex 33.7409 46.5511 1.2
      vertex 33.7073 46.4521 3.9
      vertex 33.7073 46.4521 1.2
    endloop
  endfacet
  facet normal 0 0 1
    outer loop
      vertex 35.2732 46.3494 1.2
      vertex 35.2732 46.1406 1.2
      vertex 35.28 46.245 1.2
    endloop
  endfacet
  facet normal 0 0 1
    outer loop
      vertex 35.2527 46.4521 1.2
      vertex 35.2732 46.1406 1.2
      vertex 35.2732 46.3494 1.2
    endloop
  endfacet
  facet normal 0 0 1
    outer loop
      vertex 35.2527 46.4521 1.2
      vertex 35.2527 46.0379 1.2
      vertex 35.2732 46.1406 1.2
    endloop
  endfacet
  facet normal 0 0 1
    outer loop
      vertex 35.2191 46.5511 1.2
      vertex 35.2527 46.0379 1.2
      vertex 35.2527 46.4521 1.2
    endloop
  endfacet
  facet normal 0 0 1
    outer loop
      vertex 35.2191 46.5511 1.2
      vertex 35.2191 45.9389 1.2
      vertex 35.2527 46.0379 1.2
    endloop
  endfacet
  facet normal 0 0 1
    outer loop
      vertex 35.1728 46.645 1.2
      vertex 35.2191 45.9389 1.2
      vertex 35.2191 46.5511 1.2
    endloop
  endfacet
  facet normal 0 0 1
    outer loop
      vertex 35.1728 46.645 1.2
      vertex 35.1728 45.845 1.2
      vertex 35.2191 45.9389 1.2
    endloop
  endfacet
  facet normal 0 0 1
    outer loop
      vertex 35.1147 46.732 1.2
      vertex 35.1728 45.845 1.2
      vertex 35.1728 46.645 1.2
    endloop
  endfacet
  facet normal 0 0 1
    outer loop
      vertex 35.1147 46.732 1.2
      vertex 35.1147 45.758 1.2
      vertex 35.1728 45.845 1.2
    endloop
  endfacet
  facet normal 0 0 1
    outer loop
      vertex 35.0457 46.8107 1.2
      vertex 35.1147 45.758 1.2
      vertex 35.1147 46.732 1.2
    endloop
  endfacet
  facet normal 0 0 1
    outer loop
      vertex 35.0457 46.8107 1.2
      vertex 35.0457 45.6793 1.2
      vertex 35.1147 45.758 1.2
    endloop
  endfacet
  facet normal 0 0 1
    outer loop
      vertex 34.967 46.8797 1.2
      vertex 35.0457 45.6793 1.2
      vertex 35.0457 46.8107 1.2
    endloop
  endfacet
  facet normal 0 0 1
    outer loop
      vertex 34.967 46.8797 1.2
      vertex 34.967 45.6103 1.2
      vertex 35.0457 45.6793 1.2
    endloop
  endfacet
  facet normal 0 0 1
    outer loop
      vertex 34.88 46.9378 1.2
      vertex 34.967 45.6103 1.2
      vertex 34.967 46.8797 1.2
    endloop
  endfacet
  facet normal 0 0 1
    outer loop
      vertex 34.88 46.9378 1.2
      vertex 34.88 45.5522 1.2
      vertex 34.967 45.6103 1.2
    endloop
  endfacet
  facet normal 0 0 1
    outer loop
      vertex 34.7861 46.9841 1.2
      vertex 34.88 45.5522 1.2
      vertex 34.88 46.9378 1.2
    endloop
  endfacet
  facet normal 0 0 1
    outer loop
      vertex 34.7861 46.9841 1.2
      vertex 34.7861 45.5059 1.2
      vertex 34.88 45.5522 1.2
    endloop
  endfacet
  facet normal 0 0 1
    outer loop
      vertex 34.6871 47.0177 1.2
      vertex 34.7861 45.5059 1.2
      vertex 34.7861 46.9841 1.2
    endloop
  endfacet
  facet normal 0 0 1
    outer loop
      vertex 34.6871 47.0177 1.2
      vertex 34.6871 45.4723 1.2
      vertex 34.7861 45.5059 1.2
    endloop
  endfacet
  facet normal 0 0 1
    outer loop
      vertex 34.5844 47.0382 1.2
      vertex 34.6871 45.4723 1.2
      vertex 34.6871 47.0177 1.2
    endloop
  endfacet
  facet normal 0 0 1
    outer loop
      vertex 34.5844 47.0382 1.2
      vertex 34.5844 45.4518 1.2
      vertex 34.6871 45.4723 1.2
    endloop
  endfacet
  facet normal 0 0 1
    outer loop
      vertex 34.48 47.045 1.2
      vertex 34.5844 45.4518 1.2
      vertex 34.5844 47.0382 1.2
    endloop
  endfacet
  facet normal 0 0 1
    outer loop
      vertex 34.48 47.045 1.2
      vertex 34.48 45.445 1.2
      vertex 34.5844 45.4518 1.2
    endloop
  endfacet
  facet normal -0 0 1
    outer loop
      vertex 34.3756 47.0382 1.2
      vertex 34.48 45.445 1.2
      vertex 34.48 47.045 1.2
    endloop
  endfacet
  facet normal 0 0 1
    outer loop
      vertex 34.3756 47.0382 1.2
      vertex 34.3756 45.4518 1.2
      vertex 34.48 45.445 1.2
    endloop
  endfacet
  facet normal -0 0 1
    outer loop
      vertex 34.2729 47.0177 1.2
      vertex 34.3756 45.4518 1.2
      vertex 34.3756 47.0382 1.2
    endloop
  endfacet
  facet normal 0 0 1
    outer loop
      vertex 34.2729 47.0177 1.2
      vertex 34.2729 45.4723 1.2
      vertex 34.3756 45.4518 1.2
    endloop
  endfacet
  facet normal -0 0 1
    outer loop
      vertex 34.1739 46.9841 1.2
      vertex 34.2729 45.4723 1.2
      vertex 34.2729 47.0177 1.2
    endloop
  endfacet
  facet normal 0 0 1
    outer loop
      vertex 34.1739 46.9841 1.2
      vertex 34.1739 45.5059 1.2
      vertex 34.2729 45.4723 1.2
    endloop
  endfacet
  facet normal -0 0 1
    outer loop
      vertex 34.08 46.9378 1.2
      vertex 34.1739 45.5059 1.2
      vertex 34.1739 46.9841 1.2
    endloop
  endfacet
  facet normal 0 0 1
    outer loop
      vertex 34.08 46.9378 1.2
      vertex 34.08 45.5522 1.2
      vertex 34.1739 45.5059 1.2
    endloop
  endfacet
  facet normal -0 0 1
    outer loop
      vertex 33.993 46.8797 1.2
      vertex 34.08 45.5522 1.2
      vertex 34.08 46.9378 1.2
    endloop
  endfacet
  facet normal 0 0 1
    outer loop
      vertex 33.993 46.8797 1.2
      vertex 33.993 45.6103 1.2
      vertex 34.08 45.5522 1.2
    endloop
  endfacet
  facet normal -0 0 1
    outer loop
      vertex 33.9143 46.8107 1.2
      vertex 33.993 45.6103 1.2
      vertex 33.993 46.8797 1.2
    endloop
  endfacet
  facet normal 0 0 1
    outer loop
      vertex 33.9143 46.8107 1.2
      vertex 33.9143 45.6793 1.2
      vertex 33.993 45.6103 1.2
    endloop
  endfacet
  facet normal -0 0 1
    outer loop
      vertex 33.8453 46.732 1.2
      vertex 33.9143 45.6793 1.2
      vertex 33.9143 46.8107 1.2
    endloop
  endfacet
  facet normal 0 0 1
    outer loop
      vertex 33.8453 46.732 1.2
      vertex 33.8453 45.758 1.2
      vertex 33.9143 45.6793 1.2
    endloop
  endfacet
  facet normal -0 0 1
    outer loop
      vertex 33.7872 46.645 1.2
      vertex 33.8453 45.758 1.2
      vertex 33.8453 46.732 1.2
    endloop
  endfacet
  facet normal 0 0 1
    outer loop
      vertex 33.7872 46.645 1.2
      vertex 33.7872 45.845 1.2
      vertex 33.8453 45.758 1.2
    endloop
  endfacet
  facet normal -0 0 1
    outer loop
      vertex 33.7409 46.5511 1.2
      vertex 33.7872 45.845 1.2
      vertex 33.7872 46.645 1.2
    endloop
  endfacet
  facet normal 0 0 1
    outer loop
      vertex 33.7409 46.5511 1.2
      vertex 33.7409 45.9389 1.2
      vertex 33.7872 45.845 1.2
    endloop
  endfacet
  facet normal -0 0 1
    outer loop
      vertex 33.7073 46.4521 1.2
      vertex 33.7409 45.9389 1.2
      vertex 33.7409 46.5511 1.2
    endloop
  endfacet
  facet normal 0 0 1
    outer loop
      vertex 33.7073 46.4521 1.2
      vertex 33.7073 46.0379 1.2
      vertex 33.7409 45.9389 1.2
    endloop
  endfacet
  facet normal -0 0 1
    outer loop
      vertex 33.6868 46.3494 1.2
      vertex 33.7073 46.0379 1.2
      vertex 33.7073 46.4521 1.2
    endloop
  endfacet
  facet normal 0 0 1
    outer loop
      vertex 33.6868 46.3494 1.2
      vertex 33.6868 46.1406 1.2
      vertex 33.7073 46.0379 1.2
    endloop
  endfacet
  facet normal 0 -0 1
    outer loop
      vertex 33.6868 46.1406 1.2
      vertex 33.6868 46.3494 1.2
      vertex 33.68 46.245 1.2
    endloop
  endfacet
  facet normal -0.980654 -0.195749 0
    outer loop
      vertex 35.2732 62.8594 1.2
      vertex 35.2527 62.9621 3.9
      vertex 35.2527 62.9621 1.2
    endloop
  endfacet
  facet normal -0.980654 -0.195749 0
    outer loop
      vertex 35.2527 62.9621 3.9
      vertex 35.2732 62.8594 1.2
      vertex 35.2732 62.8594 3.9
    endloop
  endfacet
  facet normal -0.997886 -0.0649964 0
    outer loop
      vertex 35.28 62.755 1.2
      vertex 35.2732 62.8594 3.9
      vertex 35.2732 62.8594 1.2
    endloop
  endfacet
  facet normal -0.997886 -0.0649964 0
    outer loop
      vertex 35.2732 62.8594 3.9
      vertex 35.28 62.755 1.2
      vertex 35.28 62.755 3.9
    endloop
  endfacet
  facet normal -0.555362 -0.831609 0
    outer loop
      vertex 34.88 63.4478 1.2
      vertex 34.967 63.3897 3.9
      vertex 34.88 63.4478 3.9
    endloop
  endfacet
  facet normal -0.555362 -0.831609 -0
    outer loop
      vertex 34.967 63.3897 3.9
      vertex 34.88 63.4478 1.2
      vertex 34.967 63.3897 1.2
    endloop
  endfacet
  facet normal -0.44224 -0.896897 0
    outer loop
      vertex 34.7861 63.4941 1.2
      vertex 34.88 63.4478 3.9
      vertex 34.7861 63.4941 3.9
    endloop
  endfacet
  facet normal -0.44224 -0.896897 -0
    outer loop
      vertex 34.88 63.4478 3.9
      vertex 34.7861 63.4941 1.2
      vertex 34.88 63.4478 1.2
    endloop
  endfacet
  facet normal -0.659248 -0.751925 0
    outer loop
      vertex 34.967 63.3897 1.2
      vertex 35.0457 63.3207 3.9
      vertex 34.967 63.3897 3.9
    endloop
  endfacet
  facet normal -0.659248 -0.751925 -0
    outer loop
      vertex 35.0457 63.3207 3.9
      vertex 34.967 63.3897 1.2
      vertex 35.0457 63.3207 1.2
    endloop
  endfacet
  facet normal 0.831609 -0.555362 0
    outer loop
      vertex 33.7872 63.155 3.9
      vertex 33.8453 63.242 1.2
      vertex 33.8453 63.242 3.9
    endloop
  endfacet
  facet normal 0.831609 -0.555362 0
    outer loop
      vertex 33.8453 63.242 1.2
      vertex 33.7872 63.155 3.9
      vertex 33.7872 63.155 1.2
    endloop
  endfacet
  facet normal 0.896897 -0.44224 0
    outer loop
      vertex 33.7409 63.0611 3.9
      vertex 33.7872 63.155 1.2
      vertex 33.7872 63.155 3.9
    endloop
  endfacet
  facet normal 0.896897 -0.44224 0
    outer loop
      vertex 33.7872 63.155 1.2
      vertex 33.7409 63.0611 3.9
      vertex 33.7409 63.0611 1.2
    endloop
  endfacet
  facet normal -0.44224 0.896897 0
    outer loop
      vertex 34.88 62.0622 1.2
      vertex 34.7861 62.0159 3.9
      vertex 34.88 62.0622 3.9
    endloop
  endfacet
  facet normal -0.44224 0.896897 0
    outer loop
      vertex 34.7861 62.0159 3.9
      vertex 34.88 62.0622 1.2
      vertex 34.7861 62.0159 1.2
    endloop
  endfacet
  facet normal 0.659248 0.751925 -0
    outer loop
      vertex 33.993 62.1203 1.2
      vertex 33.9143 62.1893 3.9
      vertex 33.993 62.1203 3.9
    endloop
  endfacet
  facet normal 0.659248 0.751925 0
    outer loop
      vertex 33.9143 62.1893 3.9
      vertex 33.993 62.1203 1.2
      vertex 33.9143 62.1893 1.2
    endloop
  endfacet
  facet normal -0.751925 0.659248 0
    outer loop
      vertex 35.0457 62.1893 1.2
      vertex 35.1147 62.268 3.9
      vertex 35.1147 62.268 1.2
    endloop
  endfacet
  facet normal -0.751925 0.659248 0
    outer loop
      vertex 35.1147 62.268 3.9
      vertex 35.0457 62.1893 1.2
      vertex 35.0457 62.1893 3.9
    endloop
  endfacet
  facet normal -0.321388 -0.946948 0
    outer loop
      vertex 34.6871 63.5277 1.2
      vertex 34.7861 63.4941 3.9
      vertex 34.6871 63.5277 3.9
    endloop
  endfacet
  facet normal -0.321388 -0.946948 -0
    outer loop
      vertex 34.7861 63.4941 3.9
      vertex 34.6871 63.5277 1.2
      vertex 34.7861 63.4941 1.2
    endloop
  endfacet
  facet normal 0.997886 -0.0649964 0
    outer loop
      vertex 33.68 62.755 3.9
      vertex 33.6868 62.8594 1.2
      vertex 33.6868 62.8594 3.9
    endloop
  endfacet
  facet normal 0.997886 -0.0649964 0
    outer loop
      vertex 33.6868 62.8594 1.2
      vertex 33.68 62.755 3.9
      vertex 33.68 62.755 1.2
    endloop
  endfacet
  facet normal -0.896897 0.44224 0
    outer loop
      vertex 35.1728 62.355 1.2
      vertex 35.2191 62.4489 3.9
      vertex 35.2191 62.4489 1.2
    endloop
  endfacet
  facet normal -0.896897 0.44224 0
    outer loop
      vertex 35.2191 62.4489 3.9
      vertex 35.1728 62.355 1.2
      vertex 35.1728 62.355 3.9
    endloop
  endfacet
  facet normal 0.946948 0.321388 0
    outer loop
      vertex 33.7409 62.4489 3.9
      vertex 33.7073 62.5479 1.2
      vertex 33.7073 62.5479 3.9
    endloop
  endfacet
  facet normal 0.946948 0.321388 0
    outer loop
      vertex 33.7073 62.5479 1.2
      vertex 33.7409 62.4489 3.9
      vertex 33.7409 62.4489 1.2
    endloop
  endfacet
  facet normal 0.44224 -0.896897 0
    outer loop
      vertex 34.08 63.4478 1.2
      vertex 34.1739 63.4941 3.9
      vertex 34.08 63.4478 3.9
    endloop
  endfacet
  facet normal 0.44224 -0.896897 0
    outer loop
      vertex 34.1739 63.4941 3.9
      vertex 34.08 63.4478 1.2
      vertex 34.1739 63.4941 1.2
    endloop
  endfacet
  facet normal -0.946948 0.321388 0
    outer loop
      vertex 35.2191 62.4489 1.2
      vertex 35.2527 62.5479 3.9
      vertex 35.2527 62.5479 1.2
    endloop
  endfacet
  facet normal -0.946948 0.321388 0
    outer loop
      vertex 35.2527 62.5479 3.9
      vertex 35.2191 62.4489 1.2
      vertex 35.2191 62.4489 3.9
    endloop
  endfacet
  facet normal 0.0649964 0.997886 -0
    outer loop
      vertex 34.48 61.955 1.2
      vertex 34.3756 61.9618 3.9
      vertex 34.48 61.955 3.9
    endloop
  endfacet
  facet normal 0.0649964 0.997886 0
    outer loop
      vertex 34.3756 61.9618 3.9
      vertex 34.48 61.955 1.2
      vertex 34.3756 61.9618 1.2
    endloop
  endfacet
  facet normal -0.555362 0.831609 0
    outer loop
      vertex 34.967 62.1203 1.2
      vertex 34.88 62.0622 3.9
      vertex 34.967 62.1203 3.9
    endloop
  endfacet
  facet normal -0.555362 0.831609 0
    outer loop
      vertex 34.88 62.0622 3.9
      vertex 34.967 62.1203 1.2
      vertex 34.88 62.0622 1.2
    endloop
  endfacet
  facet normal 0.831609 0.555362 0
    outer loop
      vertex 33.8453 62.268 3.9
      vertex 33.7872 62.355 1.2
      vertex 33.7872 62.355 3.9
    endloop
  endfacet
  facet normal 0.831609 0.555362 0
    outer loop
      vertex 33.7872 62.355 1.2
      vertex 33.8453 62.268 3.9
      vertex 33.8453 62.268 1.2
    endloop
  endfacet
  facet normal 0.44224 0.896897 -0
    outer loop
      vertex 34.1739 62.0159 1.2
      vertex 34.08 62.0622 3.9
      vertex 34.1739 62.0159 3.9
    endloop
  endfacet
  facet normal 0.44224 0.896897 0
    outer loop
      vertex 34.08 62.0622 3.9
      vertex 34.1739 62.0159 1.2
      vertex 34.08 62.0622 1.2
    endloop
  endfacet
  facet normal -0.195749 0.980654 0
    outer loop
      vertex 34.6871 61.9823 1.2
      vertex 34.5844 61.9618 3.9
      vertex 34.6871 61.9823 3.9
    endloop
  endfacet
  facet normal -0.195749 0.980654 0
    outer loop
      vertex 34.5844 61.9618 3.9
      vertex 34.6871 61.9823 1.2
      vertex 34.5844 61.9618 1.2
    endloop
  endfacet
  facet normal -0.980654 0.195749 0
    outer loop
      vertex 35.2527 62.5479 1.2
      vertex 35.2732 62.6506 3.9
      vertex 35.2732 62.6506 1.2
    endloop
  endfacet
  facet normal -0.980654 0.195749 0
    outer loop
      vertex 35.2732 62.6506 3.9
      vertex 35.2527 62.5479 1.2
      vertex 35.2527 62.5479 3.9
    endloop
  endfacet
  facet normal -0.321388 0.946948 0
    outer loop
      vertex 34.7861 62.0159 1.2
      vertex 34.6871 61.9823 3.9
      vertex 34.7861 62.0159 3.9
    endloop
  endfacet
  facet normal -0.321388 0.946948 0
    outer loop
      vertex 34.6871 61.9823 3.9
      vertex 34.7861 62.0159 1.2
      vertex 34.6871 61.9823 1.2
    endloop
  endfacet
  facet normal 0.896897 0.44224 0
    outer loop
      vertex 33.7872 62.355 3.9
      vertex 33.7409 62.4489 1.2
      vertex 33.7409 62.4489 3.9
    endloop
  endfacet
  facet normal 0.896897 0.44224 0
    outer loop
      vertex 33.7409 62.4489 1.2
      vertex 33.7872 62.355 3.9
      vertex 33.7872 62.355 1.2
    endloop
  endfacet
  facet normal 0.980654 -0.195749 0
    outer loop
      vertex 33.6868 62.8594 3.9
      vertex 33.7073 62.9621 1.2
      vertex 33.7073 62.9621 3.9
    endloop
  endfacet
  facet normal 0.980654 -0.195749 0
    outer loop
      vertex 33.7073 62.9621 1.2
      vertex 33.6868 62.8594 3.9
      vertex 33.6868 62.8594 1.2
    endloop
  endfacet
  facet normal 0.555362 -0.831609 0
    outer loop
      vertex 33.993 63.3897 1.2
      vertex 34.08 63.4478 3.9
      vertex 33.993 63.3897 3.9
    endloop
  endfacet
  facet normal 0.555362 -0.831609 0
    outer loop
      vertex 34.08 63.4478 3.9
      vertex 33.993 63.3897 1.2
      vertex 34.08 63.4478 1.2
    endloop
  endfacet
  facet normal -0.831609 -0.555362 0
    outer loop
      vertex 35.1728 63.155 1.2
      vertex 35.1147 63.242 3.9
      vertex 35.1147 63.242 1.2
    endloop
  endfacet
  facet normal -0.831609 -0.555362 0
    outer loop
      vertex 35.1147 63.242 3.9
      vertex 35.1728 63.155 1.2
      vertex 35.1728 63.155 3.9
    endloop
  endfacet
  facet normal -0.831609 0.555362 0
    outer loop
      vertex 35.1147 62.268 1.2
      vertex 35.1728 62.355 3.9
      vertex 35.1728 62.355 1.2
    endloop
  endfacet
  facet normal -0.831609 0.555362 0
    outer loop
      vertex 35.1728 62.355 3.9
      vertex 35.1147 62.268 1.2
      vertex 35.1147 62.268 3.9
    endloop
  endfacet
  facet normal 0.321388 -0.946948 0
    outer loop
      vertex 34.1739 63.4941 1.2
      vertex 34.2729 63.5277 3.9
      vertex 34.1739 63.4941 3.9
    endloop
  endfacet
  facet normal 0.321388 -0.946948 0
    outer loop
      vertex 34.2729 63.5277 3.9
      vertex 34.1739 63.4941 1.2
      vertex 34.2729 63.5277 1.2
    endloop
  endfacet
  facet normal -0.0649964 -0.997886 0
    outer loop
      vertex 34.48 63.555 1.2
      vertex 34.5844 63.5482 3.9
      vertex 34.48 63.555 3.9
    endloop
  endfacet
  facet normal -0.0649964 -0.997886 -0
    outer loop
      vertex 34.5844 63.5482 3.9
      vertex 34.48 63.555 1.2
      vertex 34.5844 63.5482 1.2
    endloop
  endfacet
  facet normal 0.659248 -0.751925 0
    outer loop
      vertex 33.9143 63.3207 1.2
      vertex 33.993 63.3897 3.9
      vertex 33.9143 63.3207 3.9
    endloop
  endfacet
  facet normal 0.659248 -0.751925 0
    outer loop
      vertex 33.993 63.3897 3.9
      vertex 33.9143 63.3207 1.2
      vertex 33.993 63.3897 1.2
    endloop
  endfacet
  facet normal 0.195749 -0.980654 0
    outer loop
      vertex 34.2729 63.5277 1.2
      vertex 34.3756 63.5482 3.9
      vertex 34.2729 63.5277 3.9
    endloop
  endfacet
  facet normal 0.195749 -0.980654 0
    outer loop
      vertex 34.3756 63.5482 3.9
      vertex 34.2729 63.5277 1.2
      vertex 34.3756 63.5482 1.2
    endloop
  endfacet
  facet normal -0.997886 0.0649964 0
    outer loop
      vertex 35.2732 62.6506 1.2
      vertex 35.28 62.755 3.9
      vertex 35.28 62.755 1.2
    endloop
  endfacet
  facet normal -0.997886 0.0649964 0
    outer loop
      vertex 35.28 62.755 3.9
      vertex 35.2732 62.6506 1.2
      vertex 35.2732 62.6506 3.9
    endloop
  endfacet
  facet normal 0.555362 0.831609 -0
    outer loop
      vertex 34.08 62.0622 1.2
      vertex 33.993 62.1203 3.9
      vertex 34.08 62.0622 3.9
    endloop
  endfacet
  facet normal 0.555362 0.831609 0
    outer loop
      vertex 33.993 62.1203 3.9
      vertex 34.08 62.0622 1.2
      vertex 33.993 62.1203 1.2
    endloop
  endfacet
  facet normal -0.896897 -0.44224 0
    outer loop
      vertex 35.2191 63.0611 1.2
      vertex 35.1728 63.155 3.9
      vertex 35.1728 63.155 1.2
    endloop
  endfacet
  facet normal -0.896897 -0.44224 0
    outer loop
      vertex 35.1728 63.155 3.9
      vertex 35.2191 63.0611 1.2
      vertex 35.2191 63.0611 3.9
    endloop
  endfacet
  facet normal 0.946948 -0.321388 0
    outer loop
      vertex 33.7073 62.9621 3.9
      vertex 33.7409 63.0611 1.2
      vertex 33.7409 63.0611 3.9
    endloop
  endfacet
  facet normal 0.946948 -0.321388 0
    outer loop
      vertex 33.7409 63.0611 1.2
      vertex 33.7073 62.9621 3.9
      vertex 33.7073 62.9621 1.2
    endloop
  endfacet
  facet normal 0.751925 0.659248 0
    outer loop
      vertex 33.9143 62.1893 3.9
      vertex 33.8453 62.268 1.2
      vertex 33.8453 62.268 3.9
    endloop
  endfacet
  facet normal 0.751925 0.659248 0
    outer loop
      vertex 33.8453 62.268 1.2
      vertex 33.9143 62.1893 3.9
      vertex 33.9143 62.1893 1.2
    endloop
  endfacet
  facet normal -0.0649964 0.997886 0
    outer loop
      vertex 34.5844 61.9618 1.2
      vertex 34.48 61.955 3.9
      vertex 34.5844 61.9618 3.9
    endloop
  endfacet
  facet normal -0.0649964 0.997886 0
    outer loop
      vertex 34.48 61.955 3.9
      vertex 34.5844 61.9618 1.2
      vertex 34.48 61.955 1.2
    endloop
  endfacet
  facet normal -0.195749 -0.980654 0
    outer loop
      vertex 34.5844 63.5482 1.2
      vertex 34.6871 63.5277 3.9
      vertex 34.5844 63.5482 3.9
    endloop
  endfacet
  facet normal -0.195749 -0.980654 -0
    outer loop
      vertex 34.6871 63.5277 3.9
      vertex 34.5844 63.5482 1.2
      vertex 34.6871 63.5277 1.2
    endloop
  endfacet
  facet normal -0.751925 -0.659248 0
    outer loop
      vertex 35.1147 63.242 1.2
      vertex 35.0457 63.3207 3.9
      vertex 35.0457 63.3207 1.2
    endloop
  endfacet
  facet normal -0.751925 -0.659248 0
    outer loop
      vertex 35.0457 63.3207 3.9
      vertex 35.1147 63.242 1.2
      vertex 35.1147 63.242 3.9
    endloop
  endfacet
  facet normal -0.946948 -0.321388 0
    outer loop
      vertex 35.2527 62.9621 1.2
      vertex 35.2191 63.0611 3.9
      vertex 35.2191 63.0611 1.2
    endloop
  endfacet
  facet normal -0.946948 -0.321388 0
    outer loop
      vertex 35.2191 63.0611 3.9
      vertex 35.2527 62.9621 1.2
      vertex 35.2527 62.9621 3.9
    endloop
  endfacet
  facet normal 0.980654 0.195749 0
    outer loop
      vertex 33.7073 62.5479 3.9
      vertex 33.6868 62.6506 1.2
      vertex 33.6868 62.6506 3.9
    endloop
  endfacet
  facet normal 0.980654 0.195749 0
    outer loop
      vertex 33.6868 62.6506 1.2
      vertex 33.7073 62.5479 3.9
      vertex 33.7073 62.5479 1.2
    endloop
  endfacet
  facet normal 0.997886 0.0649964 0
    outer loop
      vertex 33.6868 62.6506 3.9
      vertex 33.68 62.755 1.2
      vertex 33.68 62.755 3.9
    endloop
  endfacet
  facet normal 0.997886 0.0649964 0
    outer loop
      vertex 33.68 62.755 1.2
      vertex 33.6868 62.6506 3.9
      vertex 33.6868 62.6506 1.2
    endloop
  endfacet
  facet normal 0.321388 0.946948 -0
    outer loop
      vertex 34.2729 61.9823 1.2
      vertex 34.1739 62.0159 3.9
      vertex 34.2729 61.9823 3.9
    endloop
  endfacet
  facet normal 0.321388 0.946948 0
    outer loop
      vertex 34.1739 62.0159 3.9
      vertex 34.2729 61.9823 1.2
      vertex 34.1739 62.0159 1.2
    endloop
  endfacet
  facet normal 0.195749 0.980654 -0
    outer loop
      vertex 34.3756 61.9618 1.2
      vertex 34.2729 61.9823 3.9
      vertex 34.3756 61.9618 3.9
    endloop
  endfacet
  facet normal 0.195749 0.980654 0
    outer loop
      vertex 34.2729 61.9823 3.9
      vertex 34.3756 61.9618 1.2
      vertex 34.2729 61.9823 1.2
    endloop
  endfacet
  facet normal 0 0 1
    outer loop
      vertex 35.2732 62.8594 1.2
      vertex 35.2732 62.6506 1.2
      vertex 35.28 62.755 1.2
    endloop
  endfacet
  facet normal 0 0 1
    outer loop
      vertex 35.2527 62.9621 1.2
      vertex 35.2732 62.6506 1.2
      vertex 35.2732 62.8594 1.2
    endloop
  endfacet
  facet normal 0 0 1
    outer loop
      vertex 35.2527 62.9621 1.2
      vertex 35.2527 62.5479 1.2
      vertex 35.2732 62.6506 1.2
    endloop
  endfacet
  facet normal 0 0 1
    outer loop
      vertex 35.2191 63.0611 1.2
      vertex 35.2527 62.5479 1.2
      vertex 35.2527 62.9621 1.2
    endloop
  endfacet
  facet normal 0 0 1
    outer loop
      vertex 35.2191 63.0611 1.2
      vertex 35.2191 62.4489 1.2
      vertex 35.2527 62.5479 1.2
    endloop
  endfacet
  facet normal 0 0 1
    outer loop
      vertex 35.1728 63.155 1.2
      vertex 35.2191 62.4489 1.2
      vertex 35.2191 63.0611 1.2
    endloop
  endfacet
  facet normal 0 0 1
    outer loop
      vertex 35.1728 63.155 1.2
      vertex 35.1728 62.355 1.2
      vertex 35.2191 62.4489 1.2
    endloop
  endfacet
  facet normal 0 0 1
    outer loop
      vertex 35.1147 63.242 1.2
      vertex 35.1728 62.355 1.2
      vertex 35.1728 63.155 1.2
    endloop
  endfacet
  facet normal 0 0 1
    outer loop
      vertex 35.1147 63.242 1.2
      vertex 35.1147 62.268 1.2
      vertex 35.1728 62.355 1.2
    endloop
  endfacet
  facet normal 0 0 1
    outer loop
      vertex 35.0457 63.3207 1.2
      vertex 35.1147 62.268 1.2
      vertex 35.1147 63.242 1.2
    endloop
  endfacet
  facet normal 0 0 1
    outer loop
      vertex 35.0457 63.3207 1.2
      vertex 35.0457 62.1893 1.2
      vertex 35.1147 62.268 1.2
    endloop
  endfacet
  facet normal 0 0 1
    outer loop
      vertex 34.967 63.3897 1.2
      vertex 35.0457 62.1893 1.2
      vertex 35.0457 63.3207 1.2
    endloop
  endfacet
  facet normal 0 0 1
    outer loop
      vertex 34.967 63.3897 1.2
      vertex 34.967 62.1203 1.2
      vertex 35.0457 62.1893 1.2
    endloop
  endfacet
  facet normal 0 0 1
    outer loop
      vertex 34.88 63.4478 1.2
      vertex 34.967 62.1203 1.2
      vertex 34.967 63.3897 1.2
    endloop
  endfacet
  facet normal 0 0 1
    outer loop
      vertex 34.88 63.4478 1.2
      vertex 34.88 62.0622 1.2
      vertex 34.967 62.1203 1.2
    endloop
  endfacet
  facet normal 0 0 1
    outer loop
      vertex 34.7861 63.4941 1.2
      vertex 34.88 62.0622 1.2
      vertex 34.88 63.4478 1.2
    endloop
  endfacet
  facet normal 0 0 1
    outer loop
      vertex 34.7861 63.4941 1.2
      vertex 34.7861 62.0159 1.2
      vertex 34.88 62.0622 1.2
    endloop
  endfacet
  facet normal 0 0 1
    outer loop
      vertex 34.6871 63.5277 1.2
      vertex 34.7861 62.0159 1.2
      vertex 34.7861 63.4941 1.2
    endloop
  endfacet
  facet normal 0 0 1
    outer loop
      vertex 34.6871 63.5277 1.2
      vertex 34.6871 61.9823 1.2
      vertex 34.7861 62.0159 1.2
    endloop
  endfacet
  facet normal 0 0 1
    outer loop
      vertex 34.5844 63.5482 1.2
      vertex 34.6871 61.9823 1.2
      vertex 34.6871 63.5277 1.2
    endloop
  endfacet
  facet normal 0 0 1
    outer loop
      vertex 34.5844 63.5482 1.2
      vertex 34.5844 61.9618 1.2
      vertex 34.6871 61.9823 1.2
    endloop
  endfacet
  facet normal 0 0 1
    outer loop
      vertex 34.48 63.555 1.2
      vertex 34.5844 61.9618 1.2
      vertex 34.5844 63.5482 1.2
    endloop
  endfacet
  facet normal 0 0 1
    outer loop
      vertex 34.48 63.555 1.2
      vertex 34.48 61.955 1.2
      vertex 34.5844 61.9618 1.2
    endloop
  endfacet
  facet normal -0 0 1
    outer loop
      vertex 34.3756 63.5482 1.2
      vertex 34.48 61.955 1.2
      vertex 34.48 63.555 1.2
    endloop
  endfacet
  facet normal 0 0 1
    outer loop
      vertex 34.3756 63.5482 1.2
      vertex 34.3756 61.9618 1.2
      vertex 34.48 61.955 1.2
    endloop
  endfacet
  facet normal -0 0 1
    outer loop
      vertex 34.2729 63.5277 1.2
      vertex 34.3756 61.9618 1.2
      vertex 34.3756 63.5482 1.2
    endloop
  endfacet
  facet normal 0 0 1
    outer loop
      vertex 34.2729 63.5277 1.2
      vertex 34.2729 61.9823 1.2
      vertex 34.3756 61.9618 1.2
    endloop
  endfacet
  facet normal -0 0 1
    outer loop
      vertex 34.1739 63.4941 1.2
      vertex 34.2729 61.9823 1.2
      vertex 34.2729 63.5277 1.2
    endloop
  endfacet
  facet normal 0 0 1
    outer loop
      vertex 34.1739 63.4941 1.2
      vertex 34.1739 62.0159 1.2
      vertex 34.2729 61.9823 1.2
    endloop
  endfacet
  facet normal -0 0 1
    outer loop
      vertex 34.08 63.4478 1.2
      vertex 34.1739 62.0159 1.2
      vertex 34.1739 63.4941 1.2
    endloop
  endfacet
  facet normal 0 0 1
    outer loop
      vertex 34.08 63.4478 1.2
      vertex 34.08 62.0622 1.2
      vertex 34.1739 62.0159 1.2
    endloop
  endfacet
  facet normal -0 0 1
    outer loop
      vertex 33.993 63.3897 1.2
      vertex 34.08 62.0622 1.2
      vertex 34.08 63.4478 1.2
    endloop
  endfacet
  facet normal 0 0 1
    outer loop
      vertex 33.993 63.3897 1.2
      vertex 33.993 62.1203 1.2
      vertex 34.08 62.0622 1.2
    endloop
  endfacet
  facet normal -0 0 1
    outer loop
      vertex 33.9143 63.3207 1.2
      vertex 33.993 62.1203 1.2
      vertex 33.993 63.3897 1.2
    endloop
  endfacet
  facet normal 0 0 1
    outer loop
      vertex 33.9143 63.3207 1.2
      vertex 33.9143 62.1893 1.2
      vertex 33.993 62.1203 1.2
    endloop
  endfacet
  facet normal -0 0 1
    outer loop
      vertex 33.8453 63.242 1.2
      vertex 33.9143 62.1893 1.2
      vertex 33.9143 63.3207 1.2
    endloop
  endfacet
  facet normal 0 0 1
    outer loop
      vertex 33.8453 63.242 1.2
      vertex 33.8453 62.268 1.2
      vertex 33.9143 62.1893 1.2
    endloop
  endfacet
  facet normal -0 0 1
    outer loop
      vertex 33.7872 63.155 1.2
      vertex 33.8453 62.268 1.2
      vertex 33.8453 63.242 1.2
    endloop
  endfacet
  facet normal 0 0 1
    outer loop
      vertex 33.7872 63.155 1.2
      vertex 33.7872 62.355 1.2
      vertex 33.8453 62.268 1.2
    endloop
  endfacet
  facet normal -0 0 1
    outer loop
      vertex 33.7409 63.0611 1.2
      vertex 33.7872 62.355 1.2
      vertex 33.7872 63.155 1.2
    endloop
  endfacet
  facet normal 0 0 1
    outer loop
      vertex 33.7409 63.0611 1.2
      vertex 33.7409 62.4489 1.2
      vertex 33.7872 62.355 1.2
    endloop
  endfacet
  facet normal -0 0 1
    outer loop
      vertex 33.7073 62.9621 1.2
      vertex 33.7409 62.4489 1.2
      vertex 33.7409 63.0611 1.2
    endloop
  endfacet
  facet normal 0 0 1
    outer loop
      vertex 33.7073 62.9621 1.2
      vertex 33.7073 62.5479 1.2
      vertex 33.7409 62.4489 1.2
    endloop
  endfacet
  facet normal -0 0 1
    outer loop
      vertex 33.6868 62.8594 1.2
      vertex 33.7073 62.5479 1.2
      vertex 33.7073 62.9621 1.2
    endloop
  endfacet
  facet normal 0 0 1
    outer loop
      vertex 33.6868 62.8594 1.2
      vertex 33.6868 62.6506 1.2
      vertex 33.7073 62.5479 1.2
    endloop
  endfacet
  facet normal 0 -0 1
    outer loop
      vertex 33.6868 62.6506 1.2
      vertex 33.6868 62.8594 1.2
      vertex 33.68 62.755 1.2
    endloop
  endfacet
  facet normal 0.751925 -0.659248 0
    outer loop
      vertex 33.8453 63.242 3.9
      vertex 33.9143 63.3207 1.2
      vertex 33.9143 63.3207 3.9
    endloop
  endfacet
  facet normal 0.751925 -0.659248 0
    outer loop
      vertex 33.9143 63.3207 1.2
      vertex 33.8453 63.242 3.9
      vertex 33.8453 63.242 1.2
    endloop
  endfacet
  facet normal 0.0649964 -0.997886 0
    outer loop
      vertex 34.3756 63.5482 1.2
      vertex 34.48 63.555 3.9
      vertex 34.3756 63.5482 3.9
    endloop
  endfacet
  facet normal 0.0649964 -0.997886 0
    outer loop
      vertex 34.48 63.555 3.9
      vertex 34.3756 63.5482 1.2
      vertex 34.48 63.555 1.2
    endloop
  endfacet
  facet normal -0.659248 0.751925 0
    outer loop
      vertex 35.0457 62.1893 1.2
      vertex 34.967 62.1203 3.9
      vertex 35.0457 62.1893 3.9
    endloop
  endfacet
  facet normal -0.659248 0.751925 0
    outer loop
      vertex 34.967 62.1203 3.9
      vertex 35.0457 62.1893 1.2
      vertex 34.967 62.1203 1.2
    endloop
  endfacet
  facet normal -0.980654 -0.195749 0
    outer loop
      vertex 56.2532 48.2544 1.2
      vertex 56.2327 48.3571 3.9
      vertex 56.2327 48.3571 1.2
    endloop
  endfacet
  facet normal -0.980654 -0.195749 0
    outer loop
      vertex 56.2327 48.3571 3.9
      vertex 56.2532 48.2544 1.2
      vertex 56.2532 48.2544 3.9
    endloop
  endfacet
  facet normal -0.997886 -0.0649964 0
    outer loop
      vertex 56.26 48.15 1.2
      vertex 56.2532 48.2544 3.9
      vertex 56.2532 48.2544 1.2
    endloop
  endfacet
  facet normal -0.997886 -0.0649964 0
    outer loop
      vertex 56.2532 48.2544 3.9
      vertex 56.26 48.15 1.2
      vertex 56.26 48.15 3.9
    endloop
  endfacet
  facet normal -0.946948 -0.321388 0
    outer loop
      vertex 56.2327 48.3571 1.2
      vertex 56.1991 48.4561 3.9
      vertex 56.1991 48.4561 1.2
    endloop
  endfacet
  facet normal -0.946948 -0.321388 0
    outer loop
      vertex 56.1991 48.4561 3.9
      vertex 56.2327 48.3571 1.2
      vertex 56.2327 48.3571 3.9
    endloop
  endfacet
  facet normal 0.980654 -0.195749 0
    outer loop
      vertex 54.6668 48.2544 3.9
      vertex 54.6873 48.3571 1.2
      vertex 54.6873 48.3571 3.9
    endloop
  endfacet
  facet normal 0.980654 -0.195749 0
    outer loop
      vertex 54.6873 48.3571 1.2
      vertex 54.6668 48.2544 3.9
      vertex 54.6668 48.2544 1.2
    endloop
  endfacet
  facet normal -0.44224 0.896897 0
    outer loop
      vertex 55.86 47.4572 1.2
      vertex 55.7661 47.4109 3.9
      vertex 55.86 47.4572 3.9
    endloop
  endfacet
  facet normal -0.44224 0.896897 0
    outer loop
      vertex 55.7661 47.4109 3.9
      vertex 55.86 47.4572 1.2
      vertex 55.7661 47.4109 1.2
    endloop
  endfacet
  facet normal 0.751925 -0.659248 0
    outer loop
      vertex 54.8253 48.637 3.9
      vertex 54.8943 48.7157 1.2
      vertex 54.8943 48.7157 3.9
    endloop
  endfacet
  facet normal 0.751925 -0.659248 0
    outer loop
      vertex 54.8943 48.7157 1.2
      vertex 54.8253 48.637 3.9
      vertex 54.8253 48.637 1.2
    endloop
  endfacet
  facet normal -0.659248 0.751925 0
    outer loop
      vertex 56.0257 47.5843 1.2
      vertex 55.947 47.5153 3.9
      vertex 56.0257 47.5843 3.9
    endloop
  endfacet
  facet normal -0.659248 0.751925 0
    outer loop
      vertex 55.947 47.5153 3.9
      vertex 56.0257 47.5843 1.2
      vertex 55.947 47.5153 1.2
    endloop
  endfacet
  facet normal 0.831609 0.555362 0
    outer loop
      vertex 54.8253 47.663 3.9
      vertex 54.7672 47.75 1.2
      vertex 54.7672 47.75 3.9
    endloop
  endfacet
  facet normal 0.831609 0.555362 0
    outer loop
      vertex 54.7672 47.75 1.2
      vertex 54.8253 47.663 3.9
      vertex 54.8253 47.663 1.2
    endloop
  endfacet
  facet normal 0.321388 -0.946948 0
    outer loop
      vertex 55.1539 48.8891 1.2
      vertex 55.2529 48.9227 3.9
      vertex 55.1539 48.8891 3.9
    endloop
  endfacet
  facet normal 0.321388 -0.946948 0
    outer loop
      vertex 55.2529 48.9227 3.9
      vertex 55.1539 48.8891 1.2
      vertex 55.2529 48.9227 1.2
    endloop
  endfacet
  facet normal -0.659248 -0.751925 0
    outer loop
      vertex 55.947 48.7847 1.2
      vertex 56.0257 48.7157 3.9
      vertex 55.947 48.7847 3.9
    endloop
  endfacet
  facet normal -0.659248 -0.751925 -0
    outer loop
      vertex 56.0257 48.7157 3.9
      vertex 55.947 48.7847 1.2
      vertex 56.0257 48.7157 1.2
    endloop
  endfacet
  facet normal -0.896897 0.44224 0
    outer loop
      vertex 56.1528 47.75 1.2
      vertex 56.1991 47.8439 3.9
      vertex 56.1991 47.8439 1.2
    endloop
  endfacet
  facet normal -0.896897 0.44224 0
    outer loop
      vertex 56.1991 47.8439 3.9
      vertex 56.1528 47.75 1.2
      vertex 56.1528 47.75 3.9
    endloop
  endfacet
  facet normal -0.321388 0.946948 0
    outer loop
      vertex 55.7661 47.4109 1.2
      vertex 55.6671 47.3773 3.9
      vertex 55.7661 47.4109 3.9
    endloop
  endfacet
  facet normal -0.321388 0.946948 0
    outer loop
      vertex 55.6671 47.3773 3.9
      vertex 55.7661 47.4109 1.2
      vertex 55.6671 47.3773 1.2
    endloop
  endfacet
  facet normal -0.896897 -0.44224 0
    outer loop
      vertex 56.1991 48.4561 1.2
      vertex 56.1528 48.55 3.9
      vertex 56.1528 48.55 1.2
    endloop
  endfacet
  facet normal -0.896897 -0.44224 0
    outer loop
      vertex 56.1528 48.55 3.9
      vertex 56.1991 48.4561 1.2
      vertex 56.1991 48.4561 3.9
    endloop
  endfacet
  facet normal 0.195749 0.980654 -0
    outer loop
      vertex 55.3556 47.3568 1.2
      vertex 55.2529 47.3773 3.9
      vertex 55.3556 47.3568 3.9
    endloop
  endfacet
  facet normal 0.195749 0.980654 0
    outer loop
      vertex 55.2529 47.3773 3.9
      vertex 55.3556 47.3568 1.2
      vertex 55.2529 47.3773 1.2
    endloop
  endfacet
  facet normal 0.946948 -0.321388 0
    outer loop
      vertex 54.6873 48.3571 3.9
      vertex 54.7209 48.4561 1.2
      vertex 54.7209 48.4561 3.9
    endloop
  endfacet
  facet normal 0.946948 -0.321388 0
    outer loop
      vertex 54.7209 48.4561 1.2
      vertex 54.6873 48.3571 3.9
      vertex 54.6873 48.3571 1.2
    endloop
  endfacet
  facet normal -0.195749 -0.980654 0
    outer loop
      vertex 55.5644 48.9432 1.2
      vertex 55.6671 48.9227 3.9
      vertex 55.5644 48.9432 3.9
    endloop
  endfacet
  facet normal -0.195749 -0.980654 -0
    outer loop
      vertex 55.6671 48.9227 3.9
      vertex 55.5644 48.9432 1.2
      vertex 55.6671 48.9227 1.2
    endloop
  endfacet
  facet normal 0.751925 0.659248 0
    outer loop
      vertex 54.8943 47.5843 3.9
      vertex 54.8253 47.663 1.2
      vertex 54.8253 47.663 3.9
    endloop
  endfacet
  facet normal 0.751925 0.659248 0
    outer loop
      vertex 54.8253 47.663 1.2
      vertex 54.8943 47.5843 3.9
      vertex 54.8943 47.5843 1.2
    endloop
  endfacet
  facet normal 0.555362 0.831609 -0
    outer loop
      vertex 55.06 47.4572 1.2
      vertex 54.973 47.5153 3.9
      vertex 55.06 47.4572 3.9
    endloop
  endfacet
  facet normal 0.555362 0.831609 0
    outer loop
      vertex 54.973 47.5153 3.9
      vertex 55.06 47.4572 1.2
      vertex 54.973 47.5153 1.2
    endloop
  endfacet
  facet normal 0.980654 0.195749 0
    outer loop
      vertex 54.6873 47.9429 3.9
      vertex 54.6668 48.0456 1.2
      vertex 54.6668 48.0456 3.9
    endloop
  endfacet
  facet normal 0.980654 0.195749 0
    outer loop
      vertex 54.6668 48.0456 1.2
      vertex 54.6873 47.9429 3.9
      vertex 54.6873 47.9429 1.2
    endloop
  endfacet
  facet normal 0.44224 -0.896897 0
    outer loop
      vertex 55.06 48.8428 1.2
      vertex 55.1539 48.8891 3.9
      vertex 55.06 48.8428 3.9
    endloop
  endfacet
  facet normal 0.44224 -0.896897 0
    outer loop
      vertex 55.1539 48.8891 3.9
      vertex 55.06 48.8428 1.2
      vertex 55.1539 48.8891 1.2
    endloop
  endfacet
  facet normal -0.980654 0.195749 0
    outer loop
      vertex 56.2327 47.9429 1.2
      vertex 56.2532 48.0456 3.9
      vertex 56.2532 48.0456 1.2
    endloop
  endfacet
  facet normal -0.980654 0.195749 0
    outer loop
      vertex 56.2532 48.0456 3.9
      vertex 56.2327 47.9429 1.2
      vertex 56.2327 47.9429 3.9
    endloop
  endfacet
  facet normal -0.195749 0.980654 0
    outer loop
      vertex 55.6671 47.3773 1.2
      vertex 55.5644 47.3568 3.9
      vertex 55.6671 47.3773 3.9
    endloop
  endfacet
  facet normal -0.195749 0.980654 0
    outer loop
      vertex 55.5644 47.3568 3.9
      vertex 55.6671 47.3773 1.2
      vertex 55.5644 47.3568 1.2
    endloop
  endfacet
  facet normal 0.555362 -0.831609 0
    outer loop
      vertex 54.973 48.7847 1.2
      vertex 55.06 48.8428 3.9
      vertex 54.973 48.7847 3.9
    endloop
  endfacet
  facet normal 0.555362 -0.831609 0
    outer loop
      vertex 55.06 48.8428 3.9
      vertex 54.973 48.7847 1.2
      vertex 55.06 48.8428 1.2
    endloop
  endfacet
  facet normal 0.0649964 0.997886 -0
    outer loop
      vertex 55.46 47.35 1.2
      vertex 55.3556 47.3568 3.9
      vertex 55.46 47.35 3.9
    endloop
  endfacet
  facet normal 0.0649964 0.997886 0
    outer loop
      vertex 55.3556 47.3568 3.9
      vertex 55.46 47.35 1.2
      vertex 55.3556 47.3568 1.2
    endloop
  endfacet
  facet normal -0.997886 0.0649964 0
    outer loop
      vertex 56.2532 48.0456 1.2
      vertex 56.26 48.15 3.9
      vertex 56.26 48.15 1.2
    endloop
  endfacet
  facet normal -0.997886 0.0649964 0
    outer loop
      vertex 56.26 48.15 3.9
      vertex 56.2532 48.0456 1.2
      vertex 56.2532 48.0456 3.9
    endloop
  endfacet
  facet normal 0.659248 -0.751925 0
    outer loop
      vertex 54.8943 48.7157 1.2
      vertex 54.973 48.7847 3.9
      vertex 54.8943 48.7157 3.9
    endloop
  endfacet
  facet normal 0.659248 -0.751925 0
    outer loop
      vertex 54.973 48.7847 3.9
      vertex 54.8943 48.7157 1.2
      vertex 54.973 48.7847 1.2
    endloop
  endfacet
  facet normal -0.555362 -0.831609 0
    outer loop
      vertex 55.86 48.8428 1.2
      vertex 55.947 48.7847 3.9
      vertex 55.86 48.8428 3.9
    endloop
  endfacet
  facet normal -0.555362 -0.831609 -0
    outer loop
      vertex 55.947 48.7847 3.9
      vertex 55.86 48.8428 1.2
      vertex 55.947 48.7847 1.2
    endloop
  endfacet
  facet normal -0.44224 -0.896897 0
    outer loop
      vertex 55.7661 48.8891 1.2
      vertex 55.86 48.8428 3.9
      vertex 55.7661 48.8891 3.9
    endloop
  endfacet
  facet normal -0.44224 -0.896897 -0
    outer loop
      vertex 55.86 48.8428 3.9
      vertex 55.7661 48.8891 1.2
      vertex 55.86 48.8428 1.2
    endloop
  endfacet
  facet normal 0.321388 0.946948 -0
    outer loop
      vertex 55.2529 47.3773 1.2
      vertex 55.1539 47.4109 3.9
      vertex 55.2529 47.3773 3.9
    endloop
  endfacet
  facet normal 0.321388 0.946948 0
    outer loop
      vertex 55.1539 47.4109 3.9
      vertex 55.2529 47.3773 1.2
      vertex 55.1539 47.4109 1.2
    endloop
  endfacet
  facet normal -0.751925 -0.659248 0
    outer loop
      vertex 56.0947 48.637 1.2
      vertex 56.0257 48.7157 3.9
      vertex 56.0257 48.7157 1.2
    endloop
  endfacet
  facet normal -0.751925 -0.659248 0
    outer loop
      vertex 56.0257 48.7157 3.9
      vertex 56.0947 48.637 1.2
      vertex 56.0947 48.637 3.9
    endloop
  endfacet
  facet normal 0.831609 -0.555362 0
    outer loop
      vertex 54.7672 48.55 3.9
      vertex 54.8253 48.637 1.2
      vertex 54.8253 48.637 3.9
    endloop
  endfacet
  facet normal 0.831609 -0.555362 0
    outer loop
      vertex 54.8253 48.637 1.2
      vertex 54.7672 48.55 3.9
      vertex 54.7672 48.55 1.2
    endloop
  endfacet
  facet normal -0.321388 -0.946948 0
    outer loop
      vertex 55.6671 48.9227 1.2
      vertex 55.7661 48.8891 3.9
      vertex 55.6671 48.9227 3.9
    endloop
  endfacet
  facet normal -0.321388 -0.946948 -0
    outer loop
      vertex 55.7661 48.8891 3.9
      vertex 55.6671 48.9227 1.2
      vertex 55.7661 48.8891 1.2
    endloop
  endfacet
  facet normal -0.831609 -0.555362 0
    outer loop
      vertex 56.1528 48.55 1.2
      vertex 56.0947 48.637 3.9
      vertex 56.0947 48.637 1.2
    endloop
  endfacet
  facet normal -0.831609 -0.555362 0
    outer loop
      vertex 56.0947 48.637 3.9
      vertex 56.1528 48.55 1.2
      vertex 56.1528 48.55 3.9
    endloop
  endfacet
  facet normal -0.0649964 0.997886 0
    outer loop
      vertex 55.5644 47.3568 1.2
      vertex 55.46 47.35 3.9
      vertex 55.5644 47.3568 3.9
    endloop
  endfacet
  facet normal -0.0649964 0.997886 0
    outer loop
      vertex 55.46 47.35 3.9
      vertex 55.5644 47.3568 1.2
      vertex 55.46 47.35 1.2
    endloop
  endfacet
  facet normal -0.0649964 -0.997886 0
    outer loop
      vertex 55.46 48.95 1.2
      vertex 55.5644 48.9432 3.9
      vertex 55.46 48.95 3.9
    endloop
  endfacet
  facet normal -0.0649964 -0.997886 -0
    outer loop
      vertex 55.5644 48.9432 3.9
      vertex 55.46 48.95 1.2
      vertex 55.5644 48.9432 1.2
    endloop
  endfacet
  facet normal -0.831609 0.555362 0
    outer loop
      vertex 56.0947 47.663 1.2
      vertex 56.1528 47.75 3.9
      vertex 56.1528 47.75 1.2
    endloop
  endfacet
  facet normal -0.831609 0.555362 0
    outer loop
      vertex 56.1528 47.75 3.9
      vertex 56.0947 47.663 1.2
      vertex 56.0947 47.663 3.9
    endloop
  endfacet
  facet normal -0.751925 0.659248 0
    outer loop
      vertex 56.0257 47.5843 1.2
      vertex 56.0947 47.663 3.9
      vertex 56.0947 47.663 1.2
    endloop
  endfacet
  facet normal -0.751925 0.659248 0
    outer loop
      vertex 56.0947 47.663 3.9
      vertex 56.0257 47.5843 1.2
      vertex 56.0257 47.5843 3.9
    endloop
  endfacet
  facet normal 0.659248 0.751925 -0
    outer loop
      vertex 54.973 47.5153 1.2
      vertex 54.8943 47.5843 3.9
      vertex 54.973 47.5153 3.9
    endloop
  endfacet
  facet normal 0.659248 0.751925 0
    outer loop
      vertex 54.8943 47.5843 3.9
      vertex 54.973 47.5153 1.2
      vertex 54.8943 47.5843 1.2
    endloop
  endfacet
  facet normal 0.997886 0.0649964 0
    outer loop
      vertex 54.6668 48.0456 3.9
      vertex 54.66 48.15 1.2
      vertex 54.66 48.15 3.9
    endloop
  endfacet
  facet normal 0.997886 0.0649964 0
    outer loop
      vertex 54.66 48.15 1.2
      vertex 54.6668 48.0456 3.9
      vertex 54.6668 48.0456 1.2
    endloop
  endfacet
  facet normal -0.946948 0.321388 0
    outer loop
      vertex 56.1991 47.8439 1.2
      vertex 56.2327 47.9429 3.9
      vertex 56.2327 47.9429 1.2
    endloop
  endfacet
  facet normal -0.946948 0.321388 0
    outer loop
      vertex 56.2327 47.9429 3.9
      vertex 56.1991 47.8439 1.2
      vertex 56.1991 47.8439 3.9
    endloop
  endfacet
  facet normal 0.0649964 -0.997886 0
    outer loop
      vertex 55.3556 48.9432 1.2
      vertex 55.46 48.95 3.9
      vertex 55.3556 48.9432 3.9
    endloop
  endfacet
  facet normal 0.0649964 -0.997886 0
    outer loop
      vertex 55.46 48.95 3.9
      vertex 55.3556 48.9432 1.2
      vertex 55.46 48.95 1.2
    endloop
  endfacet
  facet normal 0.195749 -0.980654 0
    outer loop
      vertex 55.2529 48.9227 1.2
      vertex 55.3556 48.9432 3.9
      vertex 55.2529 48.9227 3.9
    endloop
  endfacet
  facet normal 0.195749 -0.980654 0
    outer loop
      vertex 55.3556 48.9432 3.9
      vertex 55.2529 48.9227 1.2
      vertex 55.3556 48.9432 1.2
    endloop
  endfacet
  facet normal 0.997886 -0.0649964 0
    outer loop
      vertex 54.66 48.15 3.9
      vertex 54.6668 48.2544 1.2
      vertex 54.6668 48.2544 3.9
    endloop
  endfacet
  facet normal 0.997886 -0.0649964 0
    outer loop
      vertex 54.6668 48.2544 1.2
      vertex 54.66 48.15 3.9
      vertex 54.66 48.15 1.2
    endloop
  endfacet
  facet normal 0.946948 0.321388 0
    outer loop
      vertex 54.7209 47.8439 3.9
      vertex 54.6873 47.9429 1.2
      vertex 54.6873 47.9429 3.9
    endloop
  endfacet
  facet normal 0.946948 0.321388 0
    outer loop
      vertex 54.6873 47.9429 1.2
      vertex 54.7209 47.8439 3.9
      vertex 54.7209 47.8439 1.2
    endloop
  endfacet
  facet normal 0.44224 0.896897 -0
    outer loop
      vertex 55.1539 47.4109 1.2
      vertex 55.06 47.4572 3.9
      vertex 55.1539 47.4109 3.9
    endloop
  endfacet
  facet normal 0.44224 0.896897 0
    outer loop
      vertex 55.06 47.4572 3.9
      vertex 55.1539 47.4109 1.2
      vertex 55.06 47.4572 1.2
    endloop
  endfacet
  facet normal 0.896897 0.44224 0
    outer loop
      vertex 54.7672 47.75 3.9
      vertex 54.7209 47.8439 1.2
      vertex 54.7209 47.8439 3.9
    endloop
  endfacet
  facet normal 0.896897 0.44224 0
    outer loop
      vertex 54.7209 47.8439 1.2
      vertex 54.7672 47.75 3.9
      vertex 54.7672 47.75 1.2
    endloop
  endfacet
  facet normal 0.896897 -0.44224 0
    outer loop
      vertex 54.7209 48.4561 3.9
      vertex 54.7672 48.55 1.2
      vertex 54.7672 48.55 3.9
    endloop
  endfacet
  facet normal 0.896897 -0.44224 0
    outer loop
      vertex 54.7672 48.55 1.2
      vertex 54.7209 48.4561 3.9
      vertex 54.7209 48.4561 1.2
    endloop
  endfacet
  facet normal 0 0 1
    outer loop
      vertex 56.2532 48.2544 1.2
      vertex 56.2532 48.0456 1.2
      vertex 56.26 48.15 1.2
    endloop
  endfacet
  facet normal 0 0 1
    outer loop
      vertex 56.2327 48.3571 1.2
      vertex 56.2532 48.0456 1.2
      vertex 56.2532 48.2544 1.2
    endloop
  endfacet
  facet normal 0 0 1
    outer loop
      vertex 56.2327 48.3571 1.2
      vertex 56.2327 47.9429 1.2
      vertex 56.2532 48.0456 1.2
    endloop
  endfacet
  facet normal 0 0 1
    outer loop
      vertex 56.1991 48.4561 1.2
      vertex 56.2327 47.9429 1.2
      vertex 56.2327 48.3571 1.2
    endloop
  endfacet
  facet normal 0 0 1
    outer loop
      vertex 56.1991 48.4561 1.2
      vertex 56.1991 47.8439 1.2
      vertex 56.2327 47.9429 1.2
    endloop
  endfacet
  facet normal 0 0 1
    outer loop
      vertex 56.1528 48.55 1.2
      vertex 56.1991 47.8439 1.2
      vertex 56.1991 48.4561 1.2
    endloop
  endfacet
  facet normal 0 0 1
    outer loop
      vertex 56.1528 48.55 1.2
      vertex 56.1528 47.75 1.2
      vertex 56.1991 47.8439 1.2
    endloop
  endfacet
  facet normal 0 0 1
    outer loop
      vertex 56.0947 48.637 1.2
      vertex 56.1528 47.75 1.2
      vertex 56.1528 48.55 1.2
    endloop
  endfacet
  facet normal 0 0 1
    outer loop
      vertex 56.0947 48.637 1.2
      vertex 56.0947 47.663 1.2
      vertex 56.1528 47.75 1.2
    endloop
  endfacet
  facet normal 0 0 1
    outer loop
      vertex 56.0257 48.7157 1.2
      vertex 56.0947 47.663 1.2
      vertex 56.0947 48.637 1.2
    endloop
  endfacet
  facet normal 0 0 1
    outer loop
      vertex 56.0257 48.7157 1.2
      vertex 56.0257 47.5843 1.2
      vertex 56.0947 47.663 1.2
    endloop
  endfacet
  facet normal 0 0 1
    outer loop
      vertex 55.947 48.7847 1.2
      vertex 56.0257 47.5843 1.2
      vertex 56.0257 48.7157 1.2
    endloop
  endfacet
  facet normal 0 0 1
    outer loop
      vertex 55.947 48.7847 1.2
      vertex 55.947 47.5153 1.2
      vertex 56.0257 47.5843 1.2
    endloop
  endfacet
  facet normal 0 0 1
    outer loop
      vertex 55.86 48.8428 1.2
      vertex 55.947 47.5153 1.2
      vertex 55.947 48.7847 1.2
    endloop
  endfacet
  facet normal 0 0 1
    outer loop
      vertex 55.86 48.8428 1.2
      vertex 55.86 47.4572 1.2
      vertex 55.947 47.5153 1.2
    endloop
  endfacet
  facet normal 0 0 1
    outer loop
      vertex 55.7661 48.8891 1.2
      vertex 55.86 47.4572 1.2
      vertex 55.86 48.8428 1.2
    endloop
  endfacet
  facet normal 0 0 1
    outer loop
      vertex 55.7661 48.8891 1.2
      vertex 55.7661 47.4109 1.2
      vertex 55.86 47.4572 1.2
    endloop
  endfacet
  facet normal 0 0 1
    outer loop
      vertex 55.6671 48.9227 1.2
      vertex 55.7661 47.4109 1.2
      vertex 55.7661 48.8891 1.2
    endloop
  endfacet
  facet normal 0 0 1
    outer loop
      vertex 55.6671 48.9227 1.2
      vertex 55.6671 47.3773 1.2
      vertex 55.7661 47.4109 1.2
    endloop
  endfacet
  facet normal 0 0 1
    outer loop
      vertex 55.5644 48.9432 1.2
      vertex 55.6671 47.3773 1.2
      vertex 55.6671 48.9227 1.2
    endloop
  endfacet
  facet normal 0 0 1
    outer loop
      vertex 55.5644 48.9432 1.2
      vertex 55.5644 47.3568 1.2
      vertex 55.6671 47.3773 1.2
    endloop
  endfacet
  facet normal 0 0 1
    outer loop
      vertex 55.46 48.95 1.2
      vertex 55.5644 47.3568 1.2
      vertex 55.5644 48.9432 1.2
    endloop
  endfacet
  facet normal 0 0 1
    outer loop
      vertex 55.46 48.95 1.2
      vertex 55.46 47.35 1.2
      vertex 55.5644 47.3568 1.2
    endloop
  endfacet
  facet normal -0 0 1
    outer loop
      vertex 55.3556 48.9432 1.2
      vertex 55.46 47.35 1.2
      vertex 55.46 48.95 1.2
    endloop
  endfacet
  facet normal 0 0 1
    outer loop
      vertex 55.3556 48.9432 1.2
      vertex 55.3556 47.3568 1.2
      vertex 55.46 47.35 1.2
    endloop
  endfacet
  facet normal -0 0 1
    outer loop
      vertex 55.2529 48.9227 1.2
      vertex 55.3556 47.3568 1.2
      vertex 55.3556 48.9432 1.2
    endloop
  endfacet
  facet normal 0 0 1
    outer loop
      vertex 55.2529 48.9227 1.2
      vertex 55.2529 47.3773 1.2
      vertex 55.3556 47.3568 1.2
    endloop
  endfacet
  facet normal -0 0 1
    outer loop
      vertex 55.1539 48.8891 1.2
      vertex 55.2529 47.3773 1.2
      vertex 55.2529 48.9227 1.2
    endloop
  endfacet
  facet normal 0 0 1
    outer loop
      vertex 55.1539 48.8891 1.2
      vertex 55.1539 47.4109 1.2
      vertex 55.2529 47.3773 1.2
    endloop
  endfacet
  facet normal -0 0 1
    outer loop
      vertex 55.06 48.8428 1.2
      vertex 55.1539 47.4109 1.2
      vertex 55.1539 48.8891 1.2
    endloop
  endfacet
  facet normal 0 0 1
    outer loop
      vertex 55.06 48.8428 1.2
      vertex 55.06 47.4572 1.2
      vertex 55.1539 47.4109 1.2
    endloop
  endfacet
  facet normal -0 0 1
    outer loop
      vertex 54.973 48.7847 1.2
      vertex 55.06 47.4572 1.2
      vertex 55.06 48.8428 1.2
    endloop
  endfacet
  facet normal 0 0 1
    outer loop
      vertex 54.973 48.7847 1.2
      vertex 54.973 47.5153 1.2
      vertex 55.06 47.4572 1.2
    endloop
  endfacet
  facet normal -0 0 1
    outer loop
      vertex 54.8943 48.7157 1.2
      vertex 54.973 47.5153 1.2
      vertex 54.973 48.7847 1.2
    endloop
  endfacet
  facet normal 0 0 1
    outer loop
      vertex 54.8943 48.7157 1.2
      vertex 54.8943 47.5843 1.2
      vertex 54.973 47.5153 1.2
    endloop
  endfacet
  facet normal -0 0 1
    outer loop
      vertex 54.8253 48.637 1.2
      vertex 54.8943 47.5843 1.2
      vertex 54.8943 48.7157 1.2
    endloop
  endfacet
  facet normal 0 0 1
    outer loop
      vertex 54.8253 48.637 1.2
      vertex 54.8253 47.663 1.2
      vertex 54.8943 47.5843 1.2
    endloop
  endfacet
  facet normal -0 0 1
    outer loop
      vertex 54.7672 48.55 1.2
      vertex 54.8253 47.663 1.2
      vertex 54.8253 48.637 1.2
    endloop
  endfacet
  facet normal 0 0 1
    outer loop
      vertex 54.7672 48.55 1.2
      vertex 54.7672 47.75 1.2
      vertex 54.8253 47.663 1.2
    endloop
  endfacet
  facet normal -0 0 1
    outer loop
      vertex 54.7209 48.4561 1.2
      vertex 54.7672 47.75 1.2
      vertex 54.7672 48.55 1.2
    endloop
  endfacet
  facet normal 0 0 1
    outer loop
      vertex 54.7209 48.4561 1.2
      vertex 54.7209 47.8439 1.2
      vertex 54.7672 47.75 1.2
    endloop
  endfacet
  facet normal -0 0 1
    outer loop
      vertex 54.6873 48.3571 1.2
      vertex 54.7209 47.8439 1.2
      vertex 54.7209 48.4561 1.2
    endloop
  endfacet
  facet normal 0 0 1
    outer loop
      vertex 54.6873 48.3571 1.2
      vertex 54.6873 47.9429 1.2
      vertex 54.7209 47.8439 1.2
    endloop
  endfacet
  facet normal -0 0 1
    outer loop
      vertex 54.6668 48.2544 1.2
      vertex 54.6873 47.9429 1.2
      vertex 54.6873 48.3571 1.2
    endloop
  endfacet
  facet normal 0 0 1
    outer loop
      vertex 54.6668 48.2544 1.2
      vertex 54.6668 48.0456 1.2
      vertex 54.6873 47.9429 1.2
    endloop
  endfacet
  facet normal 0 -0 1
    outer loop
      vertex 54.6668 48.0456 1.2
      vertex 54.6668 48.2544 1.2
      vertex 54.66 48.15 1.2
    endloop
  endfacet
  facet normal -0.555362 0.831609 0
    outer loop
      vertex 55.947 47.5153 1.2
      vertex 55.86 47.4572 3.9
      vertex 55.947 47.5153 3.9
    endloop
  endfacet
  facet normal -0.555362 0.831609 0
    outer loop
      vertex 55.86 47.4572 3.9
      vertex 55.947 47.5153 1.2
      vertex 55.86 47.4572 1.2
    endloop
  endfacet
  facet normal -0.980654 -0.195749 0
    outer loop
      vertex 56.2532 60.9544 1.2
      vertex 56.2327 61.0571 3.9
      vertex 56.2327 61.0571 1.2
    endloop
  endfacet
  facet normal -0.980654 -0.195749 0
    outer loop
      vertex 56.2327 61.0571 3.9
      vertex 56.2532 60.9544 1.2
      vertex 56.2532 60.9544 3.9
    endloop
  endfacet
  facet normal -0.997886 -0.0649964 0
    outer loop
      vertex 56.26 60.85 1.2
      vertex 56.2532 60.9544 3.9
      vertex 56.2532 60.9544 1.2
    endloop
  endfacet
  facet normal -0.997886 -0.0649964 0
    outer loop
      vertex 56.2532 60.9544 3.9
      vertex 56.26 60.85 1.2
      vertex 56.26 60.85 3.9
    endloop
  endfacet
  facet normal -0.946948 -0.321388 0
    outer loop
      vertex 56.2327 61.0571 1.2
      vertex 56.1991 61.1561 3.9
      vertex 56.1991 61.1561 1.2
    endloop
  endfacet
  facet normal -0.946948 -0.321388 0
    outer loop
      vertex 56.1991 61.1561 3.9
      vertex 56.2327 61.0571 1.2
      vertex 56.2327 61.0571 3.9
    endloop
  endfacet
  facet normal 0.980654 -0.195749 0
    outer loop
      vertex 54.6668 60.9544 3.9
      vertex 54.6873 61.0571 1.2
      vertex 54.6873 61.0571 3.9
    endloop
  endfacet
  facet normal 0.980654 -0.195749 0
    outer loop
      vertex 54.6873 61.0571 1.2
      vertex 54.6668 60.9544 3.9
      vertex 54.6668 60.9544 1.2
    endloop
  endfacet
  facet normal -0.44224 0.896897 0
    outer loop
      vertex 55.86 60.1572 1.2
      vertex 55.7661 60.1109 3.9
      vertex 55.86 60.1572 3.9
    endloop
  endfacet
  facet normal -0.44224 0.896897 0
    outer loop
      vertex 55.7661 60.1109 3.9
      vertex 55.86 60.1572 1.2
      vertex 55.7661 60.1109 1.2
    endloop
  endfacet
  facet normal 0.751925 -0.659248 0
    outer loop
      vertex 54.8253 61.337 3.9
      vertex 54.8943 61.4157 1.2
      vertex 54.8943 61.4157 3.9
    endloop
  endfacet
  facet normal 0.751925 -0.659248 0
    outer loop
      vertex 54.8943 61.4157 1.2
      vertex 54.8253 61.337 3.9
      vertex 54.8253 61.337 1.2
    endloop
  endfacet
  facet normal -0.659248 0.751925 0
    outer loop
      vertex 56.0257 60.2843 1.2
      vertex 55.947 60.2153 3.9
      vertex 56.0257 60.2843 3.9
    endloop
  endfacet
  facet normal -0.659248 0.751925 0
    outer loop
      vertex 55.947 60.2153 3.9
      vertex 56.0257 60.2843 1.2
      vertex 55.947 60.2153 1.2
    endloop
  endfacet
  facet normal 0.831609 0.555362 0
    outer loop
      vertex 54.8253 60.363 3.9
      vertex 54.7672 60.45 1.2
      vertex 54.7672 60.45 3.9
    endloop
  endfacet
  facet normal 0.831609 0.555362 0
    outer loop
      vertex 54.7672 60.45 1.2
      vertex 54.8253 60.363 3.9
      vertex 54.8253 60.363 1.2
    endloop
  endfacet
  facet normal 0.321388 -0.946948 0
    outer loop
      vertex 55.1539 61.5891 1.2
      vertex 55.2529 61.6227 3.9
      vertex 55.1539 61.5891 3.9
    endloop
  endfacet
  facet normal 0.321388 -0.946948 0
    outer loop
      vertex 55.2529 61.6227 3.9
      vertex 55.1539 61.5891 1.2
      vertex 55.2529 61.6227 1.2
    endloop
  endfacet
  facet normal -0.659248 -0.751925 0
    outer loop
      vertex 55.947 61.4847 1.2
      vertex 56.0257 61.4157 3.9
      vertex 55.947 61.4847 3.9
    endloop
  endfacet
  facet normal -0.659248 -0.751925 -0
    outer loop
      vertex 56.0257 61.4157 3.9
      vertex 55.947 61.4847 1.2
      vertex 56.0257 61.4157 1.2
    endloop
  endfacet
  facet normal -0.896897 0.44224 0
    outer loop
      vertex 56.1528 60.45 1.2
      vertex 56.1991 60.5439 3.9
      vertex 56.1991 60.5439 1.2
    endloop
  endfacet
  facet normal -0.896897 0.44224 0
    outer loop
      vertex 56.1991 60.5439 3.9
      vertex 56.1528 60.45 1.2
      vertex 56.1528 60.45 3.9
    endloop
  endfacet
  facet normal -0.321388 0.946948 0
    outer loop
      vertex 55.7661 60.1109 1.2
      vertex 55.6671 60.0773 3.9
      vertex 55.7661 60.1109 3.9
    endloop
  endfacet
  facet normal -0.321388 0.946948 0
    outer loop
      vertex 55.6671 60.0773 3.9
      vertex 55.7661 60.1109 1.2
      vertex 55.6671 60.0773 1.2
    endloop
  endfacet
  facet normal -0.896897 -0.44224 0
    outer loop
      vertex 56.1991 61.1561 1.2
      vertex 56.1528 61.25 3.9
      vertex 56.1528 61.25 1.2
    endloop
  endfacet
  facet normal -0.896897 -0.44224 0
    outer loop
      vertex 56.1528 61.25 3.9
      vertex 56.1991 61.1561 1.2
      vertex 56.1991 61.1561 3.9
    endloop
  endfacet
  facet normal 0.195749 0.980654 -0
    outer loop
      vertex 55.3556 60.0568 1.2
      vertex 55.2529 60.0773 3.9
      vertex 55.3556 60.0568 3.9
    endloop
  endfacet
  facet normal 0.195749 0.980654 0
    outer loop
      vertex 55.2529 60.0773 3.9
      vertex 55.3556 60.0568 1.2
      vertex 55.2529 60.0773 1.2
    endloop
  endfacet
  facet normal 0.946948 -0.321388 0
    outer loop
      vertex 54.6873 61.0571 3.9
      vertex 54.7209 61.1561 1.2
      vertex 54.7209 61.1561 3.9
    endloop
  endfacet
  facet normal 0.946948 -0.321388 0
    outer loop
      vertex 54.7209 61.1561 1.2
      vertex 54.6873 61.0571 3.9
      vertex 54.6873 61.0571 1.2
    endloop
  endfacet
  facet normal -0.195749 -0.980654 0
    outer loop
      vertex 55.5644 61.6432 1.2
      vertex 55.6671 61.6227 3.9
      vertex 55.5644 61.6432 3.9
    endloop
  endfacet
  facet normal -0.195749 -0.980654 -0
    outer loop
      vertex 55.6671 61.6227 3.9
      vertex 55.5644 61.6432 1.2
      vertex 55.6671 61.6227 1.2
    endloop
  endfacet
  facet normal 0.751925 0.659248 0
    outer loop
      vertex 54.8943 60.2843 3.9
      vertex 54.8253 60.363 1.2
      vertex 54.8253 60.363 3.9
    endloop
  endfacet
  facet normal 0.751925 0.659248 0
    outer loop
      vertex 54.8253 60.363 1.2
      vertex 54.8943 60.2843 3.9
      vertex 54.8943 60.2843 1.2
    endloop
  endfacet
  facet normal 0.555362 0.831609 -0
    outer loop
      vertex 55.06 60.1572 1.2
      vertex 54.973 60.2153 3.9
      vertex 55.06 60.1572 3.9
    endloop
  endfacet
  facet normal 0.555362 0.831609 0
    outer loop
      vertex 54.973 60.2153 3.9
      vertex 55.06 60.1572 1.2
      vertex 54.973 60.2153 1.2
    endloop
  endfacet
  facet normal 0.980654 0.195749 0
    outer loop
      vertex 54.6873 60.6429 3.9
      vertex 54.6668 60.7456 1.2
      vertex 54.6668 60.7456 3.9
    endloop
  endfacet
  facet normal 0.980654 0.195749 0
    outer loop
      vertex 54.6668 60.7456 1.2
      vertex 54.6873 60.6429 3.9
      vertex 54.6873 60.6429 1.2
    endloop
  endfacet
  facet normal 0.44224 -0.896897 0
    outer loop
      vertex 55.06 61.5428 1.2
      vertex 55.1539 61.5891 3.9
      vertex 55.06 61.5428 3.9
    endloop
  endfacet
  facet normal 0.44224 -0.896897 0
    outer loop
      vertex 55.1539 61.5891 3.9
      vertex 55.06 61.5428 1.2
      vertex 55.1539 61.5891 1.2
    endloop
  endfacet
  facet normal -0.980654 0.195749 0
    outer loop
      vertex 56.2327 60.6429 1.2
      vertex 56.2532 60.7456 3.9
      vertex 56.2532 60.7456 1.2
    endloop
  endfacet
  facet normal -0.980654 0.195749 0
    outer loop
      vertex 56.2532 60.7456 3.9
      vertex 56.2327 60.6429 1.2
      vertex 56.2327 60.6429 3.9
    endloop
  endfacet
  facet normal -0.195749 0.980654 0
    outer loop
      vertex 55.6671 60.0773 1.2
      vertex 55.5644 60.0568 3.9
      vertex 55.6671 60.0773 3.9
    endloop
  endfacet
  facet normal -0.195749 0.980654 0
    outer loop
      vertex 55.5644 60.0568 3.9
      vertex 55.6671 60.0773 1.2
      vertex 55.5644 60.0568 1.2
    endloop
  endfacet
  facet normal 0.555362 -0.831609 0
    outer loop
      vertex 54.973 61.4847 1.2
      vertex 55.06 61.5428 3.9
      vertex 54.973 61.4847 3.9
    endloop
  endfacet
  facet normal 0.555362 -0.831609 0
    outer loop
      vertex 55.06 61.5428 3.9
      vertex 54.973 61.4847 1.2
      vertex 55.06 61.5428 1.2
    endloop
  endfacet
  facet normal 0.0649964 0.997886 -0
    outer loop
      vertex 55.46 60.05 1.2
      vertex 55.3556 60.0568 3.9
      vertex 55.46 60.05 3.9
    endloop
  endfacet
  facet normal 0.0649964 0.997886 0
    outer loop
      vertex 55.3556 60.0568 3.9
      vertex 55.46 60.05 1.2
      vertex 55.3556 60.0568 1.2
    endloop
  endfacet
  facet normal -0.997886 0.0649964 0
    outer loop
      vertex 56.2532 60.7456 1.2
      vertex 56.26 60.85 3.9
      vertex 56.26 60.85 1.2
    endloop
  endfacet
  facet normal -0.997886 0.0649964 0
    outer loop
      vertex 56.26 60.85 3.9
      vertex 56.2532 60.7456 1.2
      vertex 56.2532 60.7456 3.9
    endloop
  endfacet
  facet normal 0.659248 -0.751925 0
    outer loop
      vertex 54.8943 61.4157 1.2
      vertex 54.973 61.4847 3.9
      vertex 54.8943 61.4157 3.9
    endloop
  endfacet
  facet normal 0.659248 -0.751925 0
    outer loop
      vertex 54.973 61.4847 3.9
      vertex 54.8943 61.4157 1.2
      vertex 54.973 61.4847 1.2
    endloop
  endfacet
  facet normal -0.555362 -0.831609 0
    outer loop
      vertex 55.86 61.5428 1.2
      vertex 55.947 61.4847 3.9
      vertex 55.86 61.5428 3.9
    endloop
  endfacet
  facet normal -0.555362 -0.831609 -0
    outer loop
      vertex 55.947 61.4847 3.9
      vertex 55.86 61.5428 1.2
      vertex 55.947 61.4847 1.2
    endloop
  endfacet
  facet normal -0.44224 -0.896897 0
    outer loop
      vertex 55.7661 61.5891 1.2
      vertex 55.86 61.5428 3.9
      vertex 55.7661 61.5891 3.9
    endloop
  endfacet
  facet normal -0.44224 -0.896897 -0
    outer loop
      vertex 55.86 61.5428 3.9
      vertex 55.7661 61.5891 1.2
      vertex 55.86 61.5428 1.2
    endloop
  endfacet
  facet normal -0.751925 -0.659248 0
    outer loop
      vertex 56.0947 61.337 1.2
      vertex 56.0257 61.4157 3.9
      vertex 56.0257 61.4157 1.2
    endloop
  endfacet
  facet normal -0.751925 -0.659248 0
    outer loop
      vertex 56.0257 61.4157 3.9
      vertex 56.0947 61.337 1.2
      vertex 56.0947 61.337 3.9
    endloop
  endfacet
  facet normal 0.831609 -0.555362 0
    outer loop
      vertex 54.7672 61.25 3.9
      vertex 54.8253 61.337 1.2
      vertex 54.8253 61.337 3.9
    endloop
  endfacet
  facet normal 0.831609 -0.555362 0
    outer loop
      vertex 54.8253 61.337 1.2
      vertex 54.7672 61.25 3.9
      vertex 54.7672 61.25 1.2
    endloop
  endfacet
  facet normal 0.321388 0.946948 -0
    outer loop
      vertex 55.2529 60.0773 1.2
      vertex 55.1539 60.1109 3.9
      vertex 55.2529 60.0773 3.9
    endloop
  endfacet
  facet normal 0.321388 0.946948 0
    outer loop
      vertex 55.1539 60.1109 3.9
      vertex 55.2529 60.0773 1.2
      vertex 55.1539 60.1109 1.2
    endloop
  endfacet
  facet normal -0.321388 -0.946948 0
    outer loop
      vertex 55.6671 61.6227 1.2
      vertex 55.7661 61.5891 3.9
      vertex 55.6671 61.6227 3.9
    endloop
  endfacet
  facet normal -0.321388 -0.946948 -0
    outer loop
      vertex 55.7661 61.5891 3.9
      vertex 55.6671 61.6227 1.2
      vertex 55.7661 61.5891 1.2
    endloop
  endfacet
  facet normal -0.831609 -0.555362 0
    outer loop
      vertex 56.1528 61.25 1.2
      vertex 56.0947 61.337 3.9
      vertex 56.0947 61.337 1.2
    endloop
  endfacet
  facet normal -0.831609 -0.555362 0
    outer loop
      vertex 56.0947 61.337 3.9
      vertex 56.1528 61.25 1.2
      vertex 56.1528 61.25 3.9
    endloop
  endfacet
  facet normal -0.0649964 0.997886 0
    outer loop
      vertex 55.5644 60.0568 1.2
      vertex 55.46 60.05 3.9
      vertex 55.5644 60.0568 3.9
    endloop
  endfacet
  facet normal -0.0649964 0.997886 0
    outer loop
      vertex 55.46 60.05 3.9
      vertex 55.5644 60.0568 1.2
      vertex 55.46 60.05 1.2
    endloop
  endfacet
  facet normal -0.0649964 -0.997886 0
    outer loop
      vertex 55.46 61.65 1.2
      vertex 55.5644 61.6432 3.9
      vertex 55.46 61.65 3.9
    endloop
  endfacet
  facet normal -0.0649964 -0.997886 -0
    outer loop
      vertex 55.5644 61.6432 3.9
      vertex 55.46 61.65 1.2
      vertex 55.5644 61.6432 1.2
    endloop
  endfacet
  facet normal -0.831609 0.555362 0
    outer loop
      vertex 56.0947 60.363 1.2
      vertex 56.1528 60.45 3.9
      vertex 56.1528 60.45 1.2
    endloop
  endfacet
  facet normal -0.831609 0.555362 0
    outer loop
      vertex 56.1528 60.45 3.9
      vertex 56.0947 60.363 1.2
      vertex 56.0947 60.363 3.9
    endloop
  endfacet
  facet normal -0.751925 0.659248 0
    outer loop
      vertex 56.0257 60.2843 1.2
      vertex 56.0947 60.363 3.9
      vertex 56.0947 60.363 1.2
    endloop
  endfacet
  facet normal -0.751925 0.659248 0
    outer loop
      vertex 56.0947 60.363 3.9
      vertex 56.0257 60.2843 1.2
      vertex 56.0257 60.2843 3.9
    endloop
  endfacet
  facet normal 0.659248 0.751925 -0
    outer loop
      vertex 54.973 60.2153 1.2
      vertex 54.8943 60.2843 3.9
      vertex 54.973 60.2153 3.9
    endloop
  endfacet
  facet normal 0.659248 0.751925 0
    outer loop
      vertex 54.8943 60.2843 3.9
      vertex 54.973 60.2153 1.2
      vertex 54.8943 60.2843 1.2
    endloop
  endfacet
  facet normal 0.997886 0.0649964 0
    outer loop
      vertex 54.6668 60.7456 3.9
      vertex 54.66 60.85 1.2
      vertex 54.66 60.85 3.9
    endloop
  endfacet
  facet normal 0.997886 0.0649964 0
    outer loop
      vertex 54.66 60.85 1.2
      vertex 54.6668 60.7456 3.9
      vertex 54.6668 60.7456 1.2
    endloop
  endfacet
  facet normal -0.946948 0.321388 0
    outer loop
      vertex 56.1991 60.5439 1.2
      vertex 56.2327 60.6429 3.9
      vertex 56.2327 60.6429 1.2
    endloop
  endfacet
  facet normal -0.946948 0.321388 0
    outer loop
      vertex 56.2327 60.6429 3.9
      vertex 56.1991 60.5439 1.2
      vertex 56.1991 60.5439 3.9
    endloop
  endfacet
  facet normal 0.0649964 -0.997886 0
    outer loop
      vertex 55.3556 61.6432 1.2
      vertex 55.46 61.65 3.9
      vertex 55.3556 61.6432 3.9
    endloop
  endfacet
  facet normal 0.0649964 -0.997886 0
    outer loop
      vertex 55.46 61.65 3.9
      vertex 55.3556 61.6432 1.2
      vertex 55.46 61.65 1.2
    endloop
  endfacet
  facet normal 0.195749 -0.980654 0
    outer loop
      vertex 55.2529 61.6227 1.2
      vertex 55.3556 61.6432 3.9
      vertex 55.2529 61.6227 3.9
    endloop
  endfacet
  facet normal 0.195749 -0.980654 0
    outer loop
      vertex 55.3556 61.6432 3.9
      vertex 55.2529 61.6227 1.2
      vertex 55.3556 61.6432 1.2
    endloop
  endfacet
  facet normal 0.997886 -0.0649964 0
    outer loop
      vertex 54.66 60.85 3.9
      vertex 54.6668 60.9544 1.2
      vertex 54.6668 60.9544 3.9
    endloop
  endfacet
  facet normal 0.997886 -0.0649964 0
    outer loop
      vertex 54.6668 60.9544 1.2
      vertex 54.66 60.85 3.9
      vertex 54.66 60.85 1.2
    endloop
  endfacet
  facet normal 0.946948 0.321388 0
    outer loop
      vertex 54.7209 60.5439 3.9
      vertex 54.6873 60.6429 1.2
      vertex 54.6873 60.6429 3.9
    endloop
  endfacet
  facet normal 0.946948 0.321388 0
    outer loop
      vertex 54.6873 60.6429 1.2
      vertex 54.7209 60.5439 3.9
      vertex 54.7209 60.5439 1.2
    endloop
  endfacet
  facet normal 0.44224 0.896897 -0
    outer loop
      vertex 55.1539 60.1109 1.2
      vertex 55.06 60.1572 3.9
      vertex 55.1539 60.1109 3.9
    endloop
  endfacet
  facet normal 0.44224 0.896897 0
    outer loop
      vertex 55.06 60.1572 3.9
      vertex 55.1539 60.1109 1.2
      vertex 55.06 60.1572 1.2
    endloop
  endfacet
  facet normal 0.896897 0.44224 0
    outer loop
      vertex 54.7672 60.45 3.9
      vertex 54.7209 60.5439 1.2
      vertex 54.7209 60.5439 3.9
    endloop
  endfacet
  facet normal 0.896897 0.44224 0
    outer loop
      vertex 54.7209 60.5439 1.2
      vertex 54.7672 60.45 3.9
      vertex 54.7672 60.45 1.2
    endloop
  endfacet
  facet normal 0.896897 -0.44224 0
    outer loop
      vertex 54.7209 61.1561 3.9
      vertex 54.7672 61.25 1.2
      vertex 54.7672 61.25 3.9
    endloop
  endfacet
  facet normal 0.896897 -0.44224 0
    outer loop
      vertex 54.7672 61.25 1.2
      vertex 54.7209 61.1561 3.9
      vertex 54.7209 61.1561 1.2
    endloop
  endfacet
  facet normal 0 0 1
    outer loop
      vertex 56.2532 60.9544 1.2
      vertex 56.2532 60.7456 1.2
      vertex 56.26 60.85 1.2
    endloop
  endfacet
  facet normal 0 0 1
    outer loop
      vertex 56.2327 61.0571 1.2
      vertex 56.2532 60.7456 1.2
      vertex 56.2532 60.9544 1.2
    endloop
  endfacet
  facet normal 0 0 1
    outer loop
      vertex 56.2327 61.0571 1.2
      vertex 56.2327 60.6429 1.2
      vertex 56.2532 60.7456 1.2
    endloop
  endfacet
  facet normal 0 0 1
    outer loop
      vertex 56.1991 61.1561 1.2
      vertex 56.2327 60.6429 1.2
      vertex 56.2327 61.0571 1.2
    endloop
  endfacet
  facet normal 0 0 1
    outer loop
      vertex 56.1991 61.1561 1.2
      vertex 56.1991 60.5439 1.2
      vertex 56.2327 60.6429 1.2
    endloop
  endfacet
  facet normal 0 0 1
    outer loop
      vertex 56.1528 61.25 1.2
      vertex 56.1991 60.5439 1.2
      vertex 56.1991 61.1561 1.2
    endloop
  endfacet
  facet normal 0 0 1
    outer loop
      vertex 56.1528 61.25 1.2
      vertex 56.1528 60.45 1.2
      vertex 56.1991 60.5439 1.2
    endloop
  endfacet
  facet normal 0 0 1
    outer loop
      vertex 56.0947 61.337 1.2
      vertex 56.1528 60.45 1.2
      vertex 56.1528 61.25 1.2
    endloop
  endfacet
  facet normal 0 0 1
    outer loop
      vertex 56.0947 61.337 1.2
      vertex 56.0947 60.363 1.2
      vertex 56.1528 60.45 1.2
    endloop
  endfacet
  facet normal 0 0 1
    outer loop
      vertex 56.0257 61.4157 1.2
      vertex 56.0947 60.363 1.2
      vertex 56.0947 61.337 1.2
    endloop
  endfacet
  facet normal 0 0 1
    outer loop
      vertex 56.0257 61.4157 1.2
      vertex 56.0257 60.2843 1.2
      vertex 56.0947 60.363 1.2
    endloop
  endfacet
  facet normal 0 0 1
    outer loop
      vertex 55.947 61.4847 1.2
      vertex 56.0257 60.2843 1.2
      vertex 56.0257 61.4157 1.2
    endloop
  endfacet
  facet normal 0 0 1
    outer loop
      vertex 55.947 61.4847 1.2
      vertex 55.947 60.2153 1.2
      vertex 56.0257 60.2843 1.2
    endloop
  endfacet
  facet normal 0 0 1
    outer loop
      vertex 55.86 61.5428 1.2
      vertex 55.947 60.2153 1.2
      vertex 55.947 61.4847 1.2
    endloop
  endfacet
  facet normal 0 0 1
    outer loop
      vertex 55.86 61.5428 1.2
      vertex 55.86 60.1572 1.2
      vertex 55.947 60.2153 1.2
    endloop
  endfacet
  facet normal 0 0 1
    outer loop
      vertex 55.7661 61.5891 1.2
      vertex 55.86 60.1572 1.2
      vertex 55.86 61.5428 1.2
    endloop
  endfacet
  facet normal 0 0 1
    outer loop
      vertex 55.7661 61.5891 1.2
      vertex 55.7661 60.1109 1.2
      vertex 55.86 60.1572 1.2
    endloop
  endfacet
  facet normal 0 0 1
    outer loop
      vertex 55.6671 61.6227 1.2
      vertex 55.7661 60.1109 1.2
      vertex 55.7661 61.5891 1.2
    endloop
  endfacet
  facet normal 0 0 1
    outer loop
      vertex 55.6671 61.6227 1.2
      vertex 55.6671 60.0773 1.2
      vertex 55.7661 60.1109 1.2
    endloop
  endfacet
  facet normal 0 0 1
    outer loop
      vertex 55.5644 61.6432 1.2
      vertex 55.6671 60.0773 1.2
      vertex 55.6671 61.6227 1.2
    endloop
  endfacet
  facet normal 0 0 1
    outer loop
      vertex 55.5644 61.6432 1.2
      vertex 55.5644 60.0568 1.2
      vertex 55.6671 60.0773 1.2
    endloop
  endfacet
  facet normal 0 0 1
    outer loop
      vertex 55.46 61.65 1.2
      vertex 55.5644 60.0568 1.2
      vertex 55.5644 61.6432 1.2
    endloop
  endfacet
  facet normal 0 0 1
    outer loop
      vertex 55.46 61.65 1.2
      vertex 55.46 60.05 1.2
      vertex 55.5644 60.0568 1.2
    endloop
  endfacet
  facet normal -0 0 1
    outer loop
      vertex 55.3556 61.6432 1.2
      vertex 55.46 60.05 1.2
      vertex 55.46 61.65 1.2
    endloop
  endfacet
  facet normal 0 0 1
    outer loop
      vertex 55.3556 61.6432 1.2
      vertex 55.3556 60.0568 1.2
      vertex 55.46 60.05 1.2
    endloop
  endfacet
  facet normal -0 0 1
    outer loop
      vertex 55.2529 61.6227 1.2
      vertex 55.3556 60.0568 1.2
      vertex 55.3556 61.6432 1.2
    endloop
  endfacet
  facet normal 0 0 1
    outer loop
      vertex 55.2529 61.6227 1.2
      vertex 55.2529 60.0773 1.2
      vertex 55.3556 60.0568 1.2
    endloop
  endfacet
  facet normal -0 0 1
    outer loop
      vertex 55.1539 61.5891 1.2
      vertex 55.2529 60.0773 1.2
      vertex 55.2529 61.6227 1.2
    endloop
  endfacet
  facet normal 0 0 1
    outer loop
      vertex 55.1539 61.5891 1.2
      vertex 55.1539 60.1109 1.2
      vertex 55.2529 60.0773 1.2
    endloop
  endfacet
  facet normal -0 0 1
    outer loop
      vertex 55.06 61.5428 1.2
      vertex 55.1539 60.1109 1.2
      vertex 55.1539 61.5891 1.2
    endloop
  endfacet
  facet normal 0 0 1
    outer loop
      vertex 55.06 61.5428 1.2
      vertex 55.06 60.1572 1.2
      vertex 55.1539 60.1109 1.2
    endloop
  endfacet
  facet normal -0 0 1
    outer loop
      vertex 54.973 61.4847 1.2
      vertex 55.06 60.1572 1.2
      vertex 55.06 61.5428 1.2
    endloop
  endfacet
  facet normal 0 0 1
    outer loop
      vertex 54.973 61.4847 1.2
      vertex 54.973 60.2153 1.2
      vertex 55.06 60.1572 1.2
    endloop
  endfacet
  facet normal -0 0 1
    outer loop
      vertex 54.8943 61.4157 1.2
      vertex 54.973 60.2153 1.2
      vertex 54.973 61.4847 1.2
    endloop
  endfacet
  facet normal 0 0 1
    outer loop
      vertex 54.8943 61.4157 1.2
      vertex 54.8943 60.2843 1.2
      vertex 54.973 60.2153 1.2
    endloop
  endfacet
  facet normal -0 0 1
    outer loop
      vertex 54.8253 61.337 1.2
      vertex 54.8943 60.2843 1.2
      vertex 54.8943 61.4157 1.2
    endloop
  endfacet
  facet normal 0 0 1
    outer loop
      vertex 54.8253 61.337 1.2
      vertex 54.8253 60.363 1.2
      vertex 54.8943 60.2843 1.2
    endloop
  endfacet
  facet normal -0 0 1
    outer loop
      vertex 54.7672 61.25 1.2
      vertex 54.8253 60.363 1.2
      vertex 54.8253 61.337 1.2
    endloop
  endfacet
  facet normal 0 0 1
    outer loop
      vertex 54.7672 61.25 1.2
      vertex 54.7672 60.45 1.2
      vertex 54.8253 60.363 1.2
    endloop
  endfacet
  facet normal -0 0 1
    outer loop
      vertex 54.7209 61.1561 1.2
      vertex 54.7672 60.45 1.2
      vertex 54.7672 61.25 1.2
    endloop
  endfacet
  facet normal 0 0 1
    outer loop
      vertex 54.7209 61.1561 1.2
      vertex 54.7209 60.5439 1.2
      vertex 54.7672 60.45 1.2
    endloop
  endfacet
  facet normal -0 0 1
    outer loop
      vertex 54.6873 61.0571 1.2
      vertex 54.7209 60.5439 1.2
      vertex 54.7209 61.1561 1.2
    endloop
  endfacet
  facet normal 0 0 1
    outer loop
      vertex 54.6873 61.0571 1.2
      vertex 54.6873 60.6429 1.2
      vertex 54.7209 60.5439 1.2
    endloop
  endfacet
  facet normal -0 0 1
    outer loop
      vertex 54.6668 60.9544 1.2
      vertex 54.6873 60.6429 1.2
      vertex 54.6873 61.0571 1.2
    endloop
  endfacet
  facet normal 0 0 1
    outer loop
      vertex 54.6668 60.9544 1.2
      vertex 54.6668 60.7456 1.2
      vertex 54.6873 60.6429 1.2
    endloop
  endfacet
  facet normal 0 -0 1
    outer loop
      vertex 54.6668 60.7456 1.2
      vertex 54.6668 60.9544 1.2
      vertex 54.66 60.85 1.2
    endloop
  endfacet
  facet normal -0.555362 0.831609 0
    outer loop
      vertex 55.947 60.2153 1.2
      vertex 55.86 60.1572 3.9
      vertex 55.947 60.2153 3.9
    endloop
  endfacet
  facet normal -0.555362 0.831609 0
    outer loop
      vertex 55.86 60.1572 3.9
      vertex 55.947 60.2153 1.2
      vertex 55.86 60.1572 1.2
    endloop
  endfacet
  facet normal -1 0 0
    outer loop
      vertex 33.51 50.25 0
      vertex 33.51 58.75 2.4
      vertex 33.51 58.75 0
    endloop
  endfacet
  facet normal -1 -0 0
    outer loop
      vertex 33.51 58.75 2.4
      vertex 33.51 50.25 0
      vertex 33.51 50.25 2.4
    endloop
  endfacet
  facet normal 1 -0 0
    outer loop
      vertex 7.51 50.25 2.4
      vertex 7.51 58.75 0
      vertex 7.51 58.75 2.4
    endloop
  endfacet
  facet normal 1 0 0
    outer loop
      vertex 7.51 58.75 0
      vertex 7.51 50.25 2.4
      vertex 7.51 50.25 0
    endloop
  endfacet
  facet normal 0 -1 0
    outer loop
      vertex 7.51 58.75 0
      vertex 33.51 58.75 2.4
      vertex 7.51 58.75 2.4
    endloop
  endfacet
  facet normal 0 -1 -0
    outer loop
      vertex 33.51 58.75 2.4
      vertex 7.51 58.75 0
      vertex 33.51 58.75 0
    endloop
  endfacet
  facet normal 0 1 -0
    outer loop
      vertex 33.51 50.25 0
      vertex 7.51 50.25 2.4
      vertex 33.51 50.25 2.4
    endloop
  endfacet
  facet normal 0 1 0
    outer loop
      vertex 7.51 50.25 2.4
      vertex 33.51 50.25 0
      vertex 7.51 50.25 0
    endloop
  endfacet
endsolid OpenSCAD_Model
