solid OpenSCAD_Model
  facet normal 1 -0 0
    outer loop
      vertex 57.7 2.3 8.4
      vertex 57.7 3.5 2.4
      vertex 57.7 3.5 8.4
    endloop
  endfacet
  facet normal 1 0 0
    outer loop
      vertex 57.7 3.5 2.4
      vertex 57.7 2.3 8.4
      vertex 57.7 2.3 2.4
    endloop
  endfacet
  facet normal 0 0 1
    outer loop
      vertex 57.7 28.7 8.4
      vertex 3.5 27.5 8.4
      vertex 57.7 27.5 8.4
    endloop
  endfacet
  facet normal 0 0 1
    outer loop
      vertex 3.5 27.5 8.4
      vertex 2.3 28.7 8.4
      vertex 3.5 3.5 8.4
    endloop
  endfacet
  facet normal -0 0 1
    outer loop
      vertex 2.3 28.7 8.4
      vertex 3.5 27.5 8.4
      vertex 57.7 28.7 8.4
    endloop
  endfacet
  facet normal -0 0 1
    outer loop
      vertex 3.5 3.5 8.4
      vertex 57.7 2.3 8.4
      vertex 57.7 3.5 8.4
    endloop
  endfacet
  facet normal 0 0 1
    outer loop
      vertex 3.5 3.5 8.4
      vertex 2.3 2.3 8.4
      vertex 57.7 2.3 8.4
    endloop
  endfacet
  facet normal 0 0 1
    outer loop
      vertex 2.3 2.3 8.4
      vertex 3.5 3.5 8.4
      vertex 2.3 28.7 8.4
    endloop
  endfacet
  facet normal 0 0 1
    outer loop
      vertex 41.6692 21.276 2.4
      vertex 36.1771 22.0579 2.4
      vertex 41.756 21.1 2.4
    endloop
  endfacet
  facet normal 0 0 1
    outer loop
      vertex 41.865 10.0631 2.4
      vertex 36.8595 7.55826 2.4
      vertex 36.88 7.245 2.4
    endloop
  endfacet
  facet normal -0 0 1
    outer loop
      vertex 35.941 21.851 2.4
      vertex 41.756 21.1 2.4
      vertex 36.1771 22.0579 2.4
    endloop
  endfacet
  facet normal 0 0 1
    outer loop
      vertex 41.865 10.0631 2.4
      vertex 36.7982 7.86617 2.4
      vertex 36.8595 7.55826 2.4
    endloop
  endfacet
  facet normal 0 0 1
    outer loop
      vertex 41.756 21.1 2.4
      vertex 35.941 21.851 2.4
      vertex 41.865 20.9369 2.4
    endloop
  endfacet
  facet normal 0 0 1
    outer loop
      vertex 41.865 10.0631 2.4
      vertex 36.6973 8.16344 2.4
      vertex 36.7982 7.86617 2.4
    endloop
  endfacet
  facet normal -0 0 1
    outer loop
      vertex 35.68 21.6765 2.4
      vertex 41.865 20.9369 2.4
      vertex 35.941 21.851 2.4
    endloop
  endfacet
  facet normal 0 0 1
    outer loop
      vertex 41.865 10.0631 2.4
      vertex 36.5585 8.445 2.4
      vertex 36.6973 8.16344 2.4
    endloop
  endfacet
  facet normal 0 0 1
    outer loop
      vertex 41.865 20.9369 2.4
      vertex 35.68 21.6765 2.4
      vertex 41.9943 20.7893 2.4
    endloop
  endfacet
  facet normal 0 0 1
    outer loop
      vertex 41.865 10.0631 2.4
      vertex 36.384 8.70603 2.4
      vertex 36.5585 8.445 2.4
    endloop
  endfacet
  facet normal 0 0 1
    outer loop
      vertex 33.51 19.75 2.4
      vertex 41.9943 20.7893 2.4
      vertex 35.68 21.6765 2.4
    endloop
  endfacet
  facet normal 0 0 1
    outer loop
      vertex 41.865 10.0631 2.4
      vertex 36.1771 8.94206 2.4
      vertex 36.384 8.70603 2.4
    endloop
  endfacet
  facet normal 0 0 1
    outer loop
      vertex 41.9943 20.7893 2.4
      vertex 33.51 19.75 2.4
      vertex 41.9943 10.2107 2.4
    endloop
  endfacet
  facet normal 0 0 1
    outer loop
      vertex 41.865 10.0631 2.4
      vertex 35.941 9.14905 2.4
      vertex 36.1771 8.94206 2.4
    endloop
  endfacet
  facet normal -0 0 1
    outer loop
      vertex 33.51 11.25 2.4
      vertex 41.9943 10.2107 2.4
      vertex 33.51 19.75 2.4
    endloop
  endfacet
  facet normal 0 0 1
    outer loop
      vertex 41.865 10.0631 2.4
      vertex 35.68 9.32346 2.4
      vertex 35.941 9.14905 2.4
    endloop
  endfacet
  facet normal 0 0 1
    outer loop
      vertex 33.51 19.75 2.4
      vertex 35.68 21.6765 2.4
      vertex 35.3984 21.5377 2.4
    endloop
  endfacet
  facet normal 0 -0 1
    outer loop
      vertex 35.68 9.32346 2.4
      vertex 41.9943 10.2107 2.4
      vertex 33.51 11.25 2.4
    endloop
  endfacet
  facet normal 0 0 1
    outer loop
      vertex 33.51 19.75 2.4
      vertex 35.3984 21.5377 2.4
      vertex 35.1012 21.4368 2.4
    endloop
  endfacet
  facet normal 0 0 1
    outer loop
      vertex 41.9943 10.2107 2.4
      vertex 35.68 9.32346 2.4
      vertex 41.865 10.0631 2.4
    endloop
  endfacet
  facet normal 0 0 1
    outer loop
      vertex 33.51 19.75 2.4
      vertex 35.1012 21.4368 2.4
      vertex 34.7933 21.3755 2.4
    endloop
  endfacet
  facet normal 0 0 1
    outer loop
      vertex 35.68 9.32346 2.4
      vertex 33.51 11.25 2.4
      vertex 35.3984 9.46231 2.4
    endloop
  endfacet
  facet normal 0 0 1
    outer loop
      vertex 33.51 19.75 2.4
      vertex 34.7933 21.3755 2.4
      vertex 34.48 21.355 2.4
    endloop
  endfacet
  facet normal 0 0 1
    outer loop
      vertex 35.3984 9.46231 2.4
      vertex 33.51 11.25 2.4
      vertex 35.1012 9.56322 2.4
    endloop
  endfacet
  facet normal 0 0 1
    outer loop
      vertex 33.51 19.75 2.4
      vertex 34.48 21.355 2.4
      vertex 34.1667 21.3755 2.4
    endloop
  endfacet
  facet normal 0 0 1
    outer loop
      vertex 35.1012 9.56322 2.4
      vertex 33.51 11.25 2.4
      vertex 34.7933 9.62447 2.4
    endloop
  endfacet
  facet normal 0 0 1
    outer loop
      vertex 33.51 19.75 2.4
      vertex 34.1667 21.3755 2.4
      vertex 33.8588 21.4368 2.4
    endloop
  endfacet
  facet normal 0 0 1
    outer loop
      vertex 34.7933 9.62447 2.4
      vertex 33.51 11.25 2.4
      vertex 34.48 9.645 2.4
    endloop
  endfacet
  facet normal 0 0 1
    outer loop
      vertex 33.51 19.75 2.4
      vertex 33.8588 21.4368 2.4
      vertex 33.5616 21.5377 2.4
    endloop
  endfacet
  facet normal 0 0 1
    outer loop
      vertex 34.48 9.645 2.4
      vertex 33.51 11.25 2.4
      vertex 34.1667 9.62447 2.4
    endloop
  endfacet
  facet normal 0 0 1
    outer loop
      vertex 34.1667 9.62447 2.4
      vertex 33.51 11.25 2.4
      vertex 33.8588 9.56322 2.4
    endloop
  endfacet
  facet normal 0 0 1
    outer loop
      vertex 33.28 21.6765 2.4
      vertex 33.51 19.75 2.4
      vertex 33.5616 21.5377 2.4
    endloop
  endfacet
  facet normal 0 0 1
    outer loop
      vertex 33.019 21.851 2.4
      vertex 33.51 19.75 2.4
      vertex 33.28 21.6765 2.4
    endloop
  endfacet
  facet normal 0 0 1
    outer loop
      vertex 32.7829 22.0579 2.4
      vertex 33.51 19.75 2.4
      vertex 33.019 21.851 2.4
    endloop
  endfacet
  facet normal 0 0 1
    outer loop
      vertex 32.576 22.294 2.4
      vertex 33.51 19.75 2.4
      vertex 32.7829 22.0579 2.4
    endloop
  endfacet
  facet normal 0 0 1
    outer loop
      vertex 32.4015 22.555 2.4
      vertex 33.51 19.75 2.4
      vertex 32.576 22.294 2.4
    endloop
  endfacet
  facet normal 0 0 1
    outer loop
      vertex 8.61846 22.555 2.4
      vertex 32.4015 22.555 2.4
      vertex 32.2627 22.8366 2.4
    endloop
  endfacet
  facet normal -0 0 1
    outer loop
      vertex 8.94 23.755 2.4
      vertex 32.1005 23.4417 2.4
      vertex 32.08 23.755 2.4
    endloop
  endfacet
  facet normal 0 0 1
    outer loop
      vertex 8.91947 23.4417 2.4
      vertex 32.1005 23.4417 2.4
      vertex 8.94 23.755 2.4
    endloop
  endfacet
  facet normal 0 0 1
    outer loop
      vertex 32.1005 23.4417 2.4
      vertex 8.91947 23.4417 2.4
      vertex 32.1618 23.1338 2.4
    endloop
  endfacet
  facet normal 0 0 1
    outer loop
      vertex 8.85822 23.1338 2.4
      vertex 32.1618 23.1338 2.4
      vertex 8.91947 23.4417 2.4
    endloop
  endfacet
  facet normal 0 0 1
    outer loop
      vertex 32.1618 23.1338 2.4
      vertex 8.85822 23.1338 2.4
      vertex 32.2627 22.8366 2.4
    endloop
  endfacet
  facet normal 0 0 1
    outer loop
      vertex 8.75731 22.8366 2.4
      vertex 32.2627 22.8366 2.4
      vertex 8.85822 23.1338 2.4
    endloop
  endfacet
  facet normal 0 0 1
    outer loop
      vertex 8.61846 22.555 2.4
      vertex 32.2627 22.8366 2.4
      vertex 8.75731 22.8366 2.4
    endloop
  endfacet
  facet normal 0 0 1
    outer loop
      vertex 32.4015 22.555 2.4
      vertex 8.61846 22.555 2.4
      vertex 33.51 19.75 2.4
    endloop
  endfacet
  facet normal 0 0 1
    outer loop
      vertex 7.51 19.75 2.4
      vertex 8.61846 22.555 2.4
      vertex 8.44405 22.294 2.4
    endloop
  endfacet
  facet normal 0 0 1
    outer loop
      vertex 7.51 19.75 2.4
      vertex 8.44405 22.294 2.4
      vertex 8.23706 22.0579 2.4
    endloop
  endfacet
  facet normal 0 0 1
    outer loop
      vertex 7.51 19.75 2.4
      vertex 8.23706 22.0579 2.4
      vertex 8.00103 21.851 2.4
    endloop
  endfacet
  facet normal 0 0 1
    outer loop
      vertex 7.51 19.75 2.4
      vertex 8.00103 21.851 2.4
      vertex 7.74 21.6765 2.4
    endloop
  endfacet
  facet normal 0 0 1
    outer loop
      vertex 8.61846 22.555 2.4
      vertex 7.51 19.75 2.4
      vertex 33.51 19.75 2.4
    endloop
  endfacet
  facet normal -0 0 1
    outer loop
      vertex 7.16117 21.4368 2.4
      vertex 7.51 19.75 2.4
      vertex 7.45844 21.5377 2.4
    endloop
  endfacet
  facet normal -0 0 1
    outer loop
      vertex 7.45844 21.5377 2.4
      vertex 7.51 19.75 2.4
      vertex 7.74 21.6765 2.4
    endloop
  endfacet
  facet normal 0 0 1
    outer loop
      vertex 53.3815 20.65 2.4
      vertex 44.245 20.9369 2.4
      vertex 53.556 20.389 2.4
    endloop
  endfacet
  facet normal 0 0 1
    outer loop
      vertex 53.556 10.611 2.4
      vertex 44.5422 9.34579 2.4
      vertex 44.555 9.15 2.4
    endloop
  endfacet
  facet normal -0 0 1
    outer loop
      vertex 44.1157 20.7893 2.4
      vertex 53.556 20.389 2.4
      vertex 44.245 20.9369 2.4
    endloop
  endfacet
  facet normal 0 0 1
    outer loop
      vertex 53.556 10.611 2.4
      vertex 44.5039 9.53823 2.4
      vertex 44.5422 9.34579 2.4
    endloop
  endfacet
  facet normal 0 0 1
    outer loop
      vertex 53.556 20.389 2.4
      vertex 44.1157 20.7893 2.4
      vertex 53.7629 20.1529 2.4
    endloop
  endfacet
  facet normal 0 0 1
    outer loop
      vertex 53.556 10.611 2.4
      vertex 44.4408 9.72402 2.4
      vertex 44.5039 9.53823 2.4
    endloop
  endfacet
  facet normal 0 0 1
    outer loop
      vertex 53.7629 20.1529 2.4
      vertex 44.1157 20.7893 2.4
      vertex 53.7629 10.8471 2.4
    endloop
  endfacet
  facet normal 0 0 1
    outer loop
      vertex 53.556 10.611 2.4
      vertex 44.354 9.9 2.4
      vertex 44.4408 9.72402 2.4
    endloop
  endfacet
  facet normal 0 0 1
    outer loop
      vertex 44.1157 10.2107 2.4
      vertex 53.7629 10.8471 2.4
      vertex 44.1157 20.7893 2.4
    endloop
  endfacet
  facet normal 0 0 1
    outer loop
      vertex 53.556 10.611 2.4
      vertex 44.245 10.0631 2.4
      vertex 44.354 9.9 2.4
    endloop
  endfacet
  facet normal 0 0 1
    outer loop
      vertex 53.7629 10.8471 2.4
      vertex 44.1157 10.2107 2.4
      vertex 53.556 10.611 2.4
    endloop
  endfacet
  facet normal 0 0 1
    outer loop
      vertex 53.556 10.611 2.4
      vertex 44.1157 10.2107 2.4
      vertex 44.245 10.0631 2.4
    endloop
  endfacet
  facet normal -0 0 1
    outer loop
      vertex 43.9681 20.66 2.4
      vertex 44.1157 10.2107 2.4
      vertex 44.1157 20.7893 2.4
    endloop
  endfacet
  facet normal 0 0 1
    outer loop
      vertex 43.9681 20.66 2.4
      vertex 43.9681 10.34 2.4
      vertex 44.1157 10.2107 2.4
    endloop
  endfacet
  facet normal -0 0 1
    outer loop
      vertex 43.805 20.551 2.4
      vertex 43.9681 10.34 2.4
      vertex 43.9681 20.66 2.4
    endloop
  endfacet
  facet normal 0 0 1
    outer loop
      vertex 43.805 20.551 2.4
      vertex 43.805 10.449 2.4
      vertex 43.9681 10.34 2.4
    endloop
  endfacet
  facet normal -0 0 1
    outer loop
      vertex 43.629 20.4642 2.4
      vertex 43.805 10.449 2.4
      vertex 43.805 20.551 2.4
    endloop
  endfacet
  facet normal 0 0 1
    outer loop
      vertex 43.629 20.4642 2.4
      vertex 43.629 10.5358 2.4
      vertex 43.805 10.449 2.4
    endloop
  endfacet
  facet normal -0 0 1
    outer loop
      vertex 43.4432 20.4011 2.4
      vertex 43.629 10.5358 2.4
      vertex 43.629 20.4642 2.4
    endloop
  endfacet
  facet normal 0 0 1
    outer loop
      vertex 43.4432 20.4011 2.4
      vertex 43.4432 10.5989 2.4
      vertex 43.629 10.5358 2.4
    endloop
  endfacet
  facet normal -0 0 1
    outer loop
      vertex 43.2508 20.3628 2.4
      vertex 43.4432 10.5989 2.4
      vertex 43.4432 20.4011 2.4
    endloop
  endfacet
  facet normal 0 0 1
    outer loop
      vertex 43.2508 20.3628 2.4
      vertex 43.2508 10.6372 2.4
      vertex 43.4432 10.5989 2.4
    endloop
  endfacet
  facet normal -0 0 1
    outer loop
      vertex 43.055 20.35 2.4
      vertex 43.2508 10.6372 2.4
      vertex 43.2508 20.3628 2.4
    endloop
  endfacet
  facet normal 0 0 1
    outer loop
      vertex 43.055 20.35 2.4
      vertex 43.055 10.65 2.4
      vertex 43.2508 10.6372 2.4
    endloop
  endfacet
  facet normal 0 0 1
    outer loop
      vertex 42.8592 20.3628 2.4
      vertex 43.055 10.65 2.4
      vertex 43.055 20.35 2.4
    endloop
  endfacet
  facet normal 0 0 1
    outer loop
      vertex 42.8592 20.3628 2.4
      vertex 42.8592 10.6372 2.4
      vertex 43.055 10.65 2.4
    endloop
  endfacet
  facet normal 0 0 1
    outer loop
      vertex 42.6668 20.4011 2.4
      vertex 42.8592 10.6372 2.4
      vertex 42.8592 20.3628 2.4
    endloop
  endfacet
  facet normal 0 0 1
    outer loop
      vertex 42.6668 20.4011 2.4
      vertex 42.6668 10.5989 2.4
      vertex 42.8592 10.6372 2.4
    endloop
  endfacet
  facet normal 0 0 1
    outer loop
      vertex 42.481 20.4642 2.4
      vertex 42.6668 10.5989 2.4
      vertex 42.6668 20.4011 2.4
    endloop
  endfacet
  facet normal 0 0 1
    outer loop
      vertex 42.481 20.4642 2.4
      vertex 42.481 10.5358 2.4
      vertex 42.6668 10.5989 2.4
    endloop
  endfacet
  facet normal 0 0 1
    outer loop
      vertex 42.305 20.551 2.4
      vertex 42.481 10.5358 2.4
      vertex 42.481 20.4642 2.4
    endloop
  endfacet
  facet normal 0 0 1
    outer loop
      vertex 42.305 20.551 2.4
      vertex 42.305 10.449 2.4
      vertex 42.481 10.5358 2.4
    endloop
  endfacet
  facet normal 0 0 1
    outer loop
      vertex 42.1419 20.66 2.4
      vertex 42.305 10.449 2.4
      vertex 42.305 20.551 2.4
    endloop
  endfacet
  facet normal 0 0 1
    outer loop
      vertex 42.1419 20.66 2.4
      vertex 42.1419 10.34 2.4
      vertex 42.305 10.449 2.4
    endloop
  endfacet
  facet normal 0 0 1
    outer loop
      vertex 41.9943 20.7893 2.4
      vertex 42.1419 10.34 2.4
      vertex 42.1419 20.66 2.4
    endloop
  endfacet
  facet normal 0 0 1
    outer loop
      vertex 41.9943 20.7893 2.4
      vertex 41.9943 10.2107 2.4
      vertex 42.1419 10.34 2.4
    endloop
  endfacet
  facet normal -0 0 1
    outer loop
      vertex 36.384 22.294 2.4
      vertex 41.6061 21.4618 2.4
      vertex 36.5585 22.555 2.4
    endloop
  endfacet
  facet normal 0 0 1
    outer loop
      vertex 41.6061 21.4618 2.4
      vertex 36.384 22.294 2.4
      vertex 41.6692 21.276 2.4
    endloop
  endfacet
  facet normal -0 0 1
    outer loop
      vertex 36.5585 22.555 2.4
      vertex 41.5678 21.6542 2.4
      vertex 36.6973 22.8366 2.4
    endloop
  endfacet
  facet normal 0 0 1
    outer loop
      vertex 41.5678 21.6542 2.4
      vertex 36.5585 22.555 2.4
      vertex 41.6061 21.4618 2.4
    endloop
  endfacet
  facet normal 0 0 1
    outer loop
      vertex 41.555 21.85 2.4
      vertex 36.6973 22.8366 2.4
      vertex 41.5678 21.6542 2.4
    endloop
  endfacet
  facet normal -0 0 1
    outer loop
      vertex 36.1771 22.0579 2.4
      vertex 41.6692 21.276 2.4
      vertex 36.384 22.294 2.4
    endloop
  endfacet
  facet normal 0 0 1
    outer loop
      vertex 41.5678 22.0458 2.4
      vertex 36.6973 22.8366 2.4
      vertex 41.555 21.85 2.4
    endloop
  endfacet
  facet normal 0 0 1
    outer loop
      vertex 41.865 10.0631 2.4
      vertex 36.88 7.245 2.4
      vertex 41.756 9.9 2.4
    endloop
  endfacet
  facet normal -0 0 1
    outer loop
      vertex 36.6973 22.8366 2.4
      vertex 41.5678 22.0458 2.4
      vertex 36.7982 23.1338 2.4
    endloop
  endfacet
  facet normal 0 0 1
    outer loop
      vertex 41.756 9.9 2.4
      vertex 36.88 7.245 2.4
      vertex 41.6692 9.72402 2.4
    endloop
  endfacet
  facet normal 0 0 1
    outer loop
      vertex 41.6061 22.2382 2.4
      vertex 36.7982 23.1338 2.4
      vertex 41.5678 22.0458 2.4
    endloop
  endfacet
  facet normal 0 0 1
    outer loop
      vertex 41.6692 9.72402 2.4
      vertex 36.88 7.245 2.4
      vertex 41.6061 9.53823 2.4
    endloop
  endfacet
  facet normal 0 0 1
    outer loop
      vertex 57.3916 30.9743 2.4
      vertex 57.7 28.7 2.4
      vertex 57.7765 30.8978 2.4
    endloop
  endfacet
  facet normal 0 0 1
    outer loop
      vertex 57 31 2.4
      vertex 57.7 28.7 2.4
      vertex 57.3916 30.9743 2.4
    endloop
  endfacet
  facet normal -0 0 1
    outer loop
      vertex 3 31 2.4
      vertex 57.7 28.7 2.4
      vertex 57 31 2.4
    endloop
  endfacet
  facet normal 0 0 1
    outer loop
      vertex 2.3 28.7 2.4
      vertex 3 31 2.4
      vertex 2.60843 30.9743 2.4
    endloop
  endfacet
  facet normal 0 0 1
    outer loop
      vertex 3 31 2.4
      vertex 2.3 28.7 2.4
      vertex 57.7 28.7 2.4
    endloop
  endfacet
  facet normal -0 0 1
    outer loop
      vertex 1.85194 30.7716 2.4
      vertex 2.3 28.7 2.4
      vertex 2.22354 30.8978 2.4
    endloop
  endfacet
  facet normal -0 0 1
    outer loop
      vertex 2.22354 30.8978 2.4
      vertex 2.3 28.7 2.4
      vertex 2.60843 30.9743 2.4
    endloop
  endfacet
  facet normal -0 0 1
    outer loop
      vertex 57.8395 9.46326 2.4
      vertex 60 3 2.4
      vertex 57.8395 21.5367 2.4
    endloop
  endfacet
  facet normal 0 0 1
    outer loop
      vertex 60 3 2.4
      vertex 57.8395 9.46326 2.4
      vertex 57.86 9.15 2.4
    endloop
  endfacet
  facet normal -0 0 1
    outer loop
      vertex 57.7782 21.2288 2.4
      vertex 57.8395 9.46326 2.4
      vertex 57.8395 21.5367 2.4
    endloop
  endfacet
  facet normal 0 0 1
    outer loop
      vertex 57.7782 21.2288 2.4
      vertex 57.7782 9.77116 2.4
      vertex 57.8395 9.46326 2.4
    endloop
  endfacet
  facet normal -0 0 1
    outer loop
      vertex 57.6773 20.9316 2.4
      vertex 57.7782 9.77116 2.4
      vertex 57.7782 21.2288 2.4
    endloop
  endfacet
  facet normal 0 0 1
    outer loop
      vertex 57.6773 20.9316 2.4
      vertex 57.6773 10.0684 2.4
      vertex 57.7782 9.77116 2.4
    endloop
  endfacet
  facet normal -0 0 1
    outer loop
      vertex 57.5385 20.65 2.4
      vertex 57.6773 10.0684 2.4
      vertex 57.6773 20.9316 2.4
    endloop
  endfacet
  facet normal 0 0 1
    outer loop
      vertex 57.5385 20.65 2.4
      vertex 57.5385 10.35 2.4
      vertex 57.6773 10.0684 2.4
    endloop
  endfacet
  facet normal -0 0 1
    outer loop
      vertex 57.364 20.389 2.4
      vertex 57.5385 10.35 2.4
      vertex 57.5385 20.65 2.4
    endloop
  endfacet
  facet normal 0 0 1
    outer loop
      vertex 57.364 20.389 2.4
      vertex 57.364 10.611 2.4
      vertex 57.5385 10.35 2.4
    endloop
  endfacet
  facet normal -0 0 1
    outer loop
      vertex 57.1571 20.1529 2.4
      vertex 57.364 10.611 2.4
      vertex 57.364 20.389 2.4
    endloop
  endfacet
  facet normal 0 0 1
    outer loop
      vertex 57.1571 20.1529 2.4
      vertex 57.1571 10.8471 2.4
      vertex 57.364 10.611 2.4
    endloop
  endfacet
  facet normal -0 0 1
    outer loop
      vertex 56.921 19.946 2.4
      vertex 57.1571 10.8471 2.4
      vertex 57.1571 20.1529 2.4
    endloop
  endfacet
  facet normal 0 0 1
    outer loop
      vertex 56.921 19.946 2.4
      vertex 56.921 11.054 2.4
      vertex 57.1571 10.8471 2.4
    endloop
  endfacet
  facet normal -0 0 1
    outer loop
      vertex 56.66 19.7715 2.4
      vertex 56.921 11.054 2.4
      vertex 56.921 19.946 2.4
    endloop
  endfacet
  facet normal 0 0 1
    outer loop
      vertex 56.66 19.7715 2.4
      vertex 56.66 11.2285 2.4
      vertex 56.921 11.054 2.4
    endloop
  endfacet
  facet normal -0 0 1
    outer loop
      vertex 56.3784 19.6327 2.4
      vertex 56.66 11.2285 2.4
      vertex 56.66 19.7715 2.4
    endloop
  endfacet
  facet normal 0 0 1
    outer loop
      vertex 56.3784 19.6327 2.4
      vertex 56.3784 11.3673 2.4
      vertex 56.66 11.2285 2.4
    endloop
  endfacet
  facet normal -0 0 1
    outer loop
      vertex 56.0812 19.5318 2.4
      vertex 56.3784 11.3673 2.4
      vertex 56.3784 19.6327 2.4
    endloop
  endfacet
  facet normal 0 0 1
    outer loop
      vertex 56.0812 19.5318 2.4
      vertex 56.0812 11.4682 2.4
      vertex 56.3784 11.3673 2.4
    endloop
  endfacet
  facet normal -0 0 1
    outer loop
      vertex 55.7733 19.4705 2.4
      vertex 56.0812 11.4682 2.4
      vertex 56.0812 19.5318 2.4
    endloop
  endfacet
  facet normal 0 0 1
    outer loop
      vertex 55.7733 19.4705 2.4
      vertex 55.7733 11.5295 2.4
      vertex 56.0812 11.4682 2.4
    endloop
  endfacet
  facet normal -0 0 1
    outer loop
      vertex 55.46 19.45 2.4
      vertex 55.7733 11.5295 2.4
      vertex 55.7733 19.4705 2.4
    endloop
  endfacet
  facet normal 0 0 1
    outer loop
      vertex 55.46 19.45 2.4
      vertex 55.46 11.55 2.4
      vertex 55.7733 11.5295 2.4
    endloop
  endfacet
  facet normal 0 0 1
    outer loop
      vertex 55.1467 19.4705 2.4
      vertex 55.46 11.55 2.4
      vertex 55.46 19.45 2.4
    endloop
  endfacet
  facet normal 0 0 1
    outer loop
      vertex 55.1467 19.4705 2.4
      vertex 55.1467 11.5295 2.4
      vertex 55.46 11.55 2.4
    endloop
  endfacet
  facet normal 0 0 1
    outer loop
      vertex 54.8388 19.5318 2.4
      vertex 55.1467 11.5295 2.4
      vertex 55.1467 19.4705 2.4
    endloop
  endfacet
  facet normal 0 0 1
    outer loop
      vertex 54.8388 19.5318 2.4
      vertex 54.8388 11.4682 2.4
      vertex 55.1467 11.5295 2.4
    endloop
  endfacet
  facet normal 0 0 1
    outer loop
      vertex 54.5416 19.6327 2.4
      vertex 54.8388 11.4682 2.4
      vertex 54.8388 19.5318 2.4
    endloop
  endfacet
  facet normal 0 0 1
    outer loop
      vertex 54.5416 19.6327 2.4
      vertex 54.5416 11.3673 2.4
      vertex 54.8388 11.4682 2.4
    endloop
  endfacet
  facet normal 0 0 1
    outer loop
      vertex 54.26 19.7715 2.4
      vertex 54.5416 11.3673 2.4
      vertex 54.5416 19.6327 2.4
    endloop
  endfacet
  facet normal 0 0 1
    outer loop
      vertex 54.26 19.7715 2.4
      vertex 54.26 11.2285 2.4
      vertex 54.5416 11.3673 2.4
    endloop
  endfacet
  facet normal 0 0 1
    outer loop
      vertex 53.999 19.946 2.4
      vertex 54.26 11.2285 2.4
      vertex 54.26 19.7715 2.4
    endloop
  endfacet
  facet normal 0 0 1
    outer loop
      vertex 53.999 19.946 2.4
      vertex 53.999 11.054 2.4
      vertex 54.26 11.2285 2.4
    endloop
  endfacet
  facet normal 0 0 1
    outer loop
      vertex 53.7629 20.1529 2.4
      vertex 53.999 11.054 2.4
      vertex 53.999 19.946 2.4
    endloop
  endfacet
  facet normal 0 0 1
    outer loop
      vertex 53.7629 20.1529 2.4
      vertex 53.7629 10.8471 2.4
      vertex 53.999 11.054 2.4
    endloop
  endfacet
  facet normal 0 0 1
    outer loop
      vertex 53.2427 20.9316 2.4
      vertex 44.354 21.1 2.4
      vertex 53.3815 20.65 2.4
    endloop
  endfacet
  facet normal -0 0 1
    outer loop
      vertex 44.245 20.9369 2.4
      vertex 53.3815 20.65 2.4
      vertex 44.354 21.1 2.4
    endloop
  endfacet
  facet normal -0 0 1
    outer loop
      vertex 44.4408 21.276 2.4
      vertex 53.1418 21.2288 2.4
      vertex 44.5039 21.4618 2.4
    endloop
  endfacet
  facet normal 0 0 1
    outer loop
      vertex 53.1418 21.2288 2.4
      vertex 44.4408 21.276 2.4
      vertex 53.2427 20.9316 2.4
    endloop
  endfacet
  facet normal 0 0 1
    outer loop
      vertex 53.0805 21.5367 2.4
      vertex 44.5039 21.4618 2.4
      vertex 53.1418 21.2288 2.4
    endloop
  endfacet
  facet normal -0 0 1
    outer loop
      vertex 44.354 21.1 2.4
      vertex 53.2427 20.9316 2.4
      vertex 44.4408 21.276 2.4
    endloop
  endfacet
  facet normal 0 0 1
    outer loop
      vertex 44.5039 21.4618 2.4
      vertex 53.0805 21.5367 2.4
      vertex 44.5422 21.6542 2.4
    endloop
  endfacet
  facet normal 0 0 1
    outer loop
      vertex 53.556 10.611 2.4
      vertex 44.555 9.15 2.4
      vertex 53.3815 10.35 2.4
    endloop
  endfacet
  facet normal 0 0 1
    outer loop
      vertex 53.06 21.85 2.4
      vertex 44.5422 21.6542 2.4
      vertex 53.0805 21.5367 2.4
    endloop
  endfacet
  facet normal 0 0 1
    outer loop
      vertex 53.3815 10.35 2.4
      vertex 44.555 9.15 2.4
      vertex 53.2427 10.0684 2.4
    endloop
  endfacet
  facet normal 0 0 1
    outer loop
      vertex 44.5422 21.6542 2.4
      vertex 53.06 21.85 2.4
      vertex 44.555 21.85 2.4
    endloop
  endfacet
  facet normal 0 0 1
    outer loop
      vertex 53.2427 10.0684 2.4
      vertex 44.555 9.15 2.4
      vertex 53.1418 9.77116 2.4
    endloop
  endfacet
  facet normal 0 0 1
    outer loop
      vertex 57.7 28.7 2.4
      vertex 60 28 2.4
      vertex 59.9743 28.3916 2.4
    endloop
  endfacet
  facet normal 0 0 1
    outer loop
      vertex 57.8395 21.5367 2.4
      vertex 60 28 2.4
      vertex 57.86 21.85 2.4
    endloop
  endfacet
  facet normal -0 0 1
    outer loop
      vertex 57.7 28.7 2.4
      vertex 59.9743 28.3916 2.4
      vertex 59.8978 28.7765 2.4
    endloop
  endfacet
  facet normal 0 0 1
    outer loop
      vertex 60 28 2.4
      vertex 57.8395 21.5367 2.4
      vertex 60 3 2.4
    endloop
  endfacet
  facet normal 0 0 1
    outer loop
      vertex 57.7 28.7 2.4
      vertex 59.8978 28.7765 2.4
      vertex 59.7716 29.1481 2.4
    endloop
  endfacet
  facet normal -0 0 1
    outer loop
      vertex 57.8395 8.83674 2.4
      vertex 60 3 2.4
      vertex 57.86 9.15 2.4
    endloop
  endfacet
  facet normal 0 0 1
    outer loop
      vertex 57.7 28.7 2.4
      vertex 59.7716 29.1481 2.4
      vertex 59.5981 29.5 2.4
    endloop
  endfacet
  facet normal -0 0 1
    outer loop
      vertex 57.7782 8.52883 2.4
      vertex 60 3 2.4
      vertex 57.8395 8.83674 2.4
    endloop
  endfacet
  facet normal 0 0 1
    outer loop
      vertex 57.7 28.7 2.4
      vertex 59.5981 29.5 2.4
      vertex 59.3801 29.8263 2.4
    endloop
  endfacet
  facet normal -0 0 1
    outer loop
      vertex 57.6773 8.23156 2.4
      vertex 60 3 2.4
      vertex 57.7782 8.52883 2.4
    endloop
  endfacet
  facet normal 0 0 1
    outer loop
      vertex 57.7 28.7 2.4
      vertex 59.3801 29.8263 2.4
      vertex 59.1213 30.1213 2.4
    endloop
  endfacet
  facet normal -0 0 1
    outer loop
      vertex 57.5385 7.95 2.4
      vertex 60 3 2.4
      vertex 57.6773 8.23156 2.4
    endloop
  endfacet
  facet normal 0 0 1
    outer loop
      vertex 57.7 28.7 2.4
      vertex 59.1213 30.1213 2.4
      vertex 58.8263 30.3801 2.4
    endloop
  endfacet
  facet normal -0 0 1
    outer loop
      vertex 57.364 7.68897 2.4
      vertex 60 3 2.4
      vertex 57.5385 7.95 2.4
    endloop
  endfacet
  facet normal 0 0 1
    outer loop
      vertex 57.7 28.7 2.4
      vertex 58.8263 30.3801 2.4
      vertex 58.5 30.5981 2.4
    endloop
  endfacet
  facet normal -0 -0 1
    outer loop
      vertex 57.7 3.5 2.4
      vertex 60 3 2.4
      vertex 57.364 7.68897 2.4
    endloop
  endfacet
  facet normal 0 0 1
    outer loop
      vertex 57.7 28.7 2.4
      vertex 58.5 30.5981 2.4
      vertex 58.1481 30.7716 2.4
    endloop
  endfacet
  facet normal 0 0 1
    outer loop
      vertex 60 3 2.4
      vertex 57.7 2.3 2.4
      vertex 59.9743 2.60843 2.4
    endloop
  endfacet
  facet normal 0 0 1
    outer loop
      vertex 59.8978 2.22354 2.4
      vertex 57.7 2.3 2.4
      vertex 59.7716 1.85194 2.4
    endloop
  endfacet
  facet normal 0 0 1
    outer loop
      vertex 60 28 2.4
      vertex 57.8395 22.1633 2.4
      vertex 57.86 21.85 2.4
    endloop
  endfacet
  facet normal 0 0 1
    outer loop
      vertex 60 28 2.4
      vertex 57.7 27.5 2.4
      vertex 57.364 23.311 2.4
    endloop
  endfacet
  facet normal 0 0 1
    outer loop
      vertex 57.7 28.7 2.4
      vertex 58.1481 30.7716 2.4
      vertex 57.7765 30.8978 2.4
    endloop
  endfacet
  facet normal 0 0 1
    outer loop
      vertex 60 28 2.4
      vertex 57.7 28.7 2.4
      vertex 57.7 27.5 2.4
    endloop
  endfacet
  facet normal 0 0 1
    outer loop
      vertex 60 28 2.4
      vertex 57.7782 22.4712 2.4
      vertex 57.8395 22.1633 2.4
    endloop
  endfacet
  facet normal 0 0 1
    outer loop
      vertex 60 28 2.4
      vertex 57.6773 22.7684 2.4
      vertex 57.7782 22.4712 2.4
    endloop
  endfacet
  facet normal 0 0 1
    outer loop
      vertex 60 28 2.4
      vertex 57.5385 23.05 2.4
      vertex 57.6773 22.7684 2.4
    endloop
  endfacet
  facet normal 0 0 1
    outer loop
      vertex 60 28 2.4
      vertex 57.364 23.311 2.4
      vertex 57.5385 23.05 2.4
    endloop
  endfacet
  facet normal 0 0 1
    outer loop
      vertex 57.7 27.5 2.4
      vertex 57.1571 23.5471 2.4
      vertex 57.364 23.311 2.4
    endloop
  endfacet
  facet normal 0 0 1
    outer loop
      vertex 57.7 27.5 2.4
      vertex 56.921 23.754 2.4
      vertex 57.1571 23.5471 2.4
    endloop
  endfacet
  facet normal 0 0 1
    outer loop
      vertex 57.7 27.5 2.4
      vertex 56.66 23.9285 2.4
      vertex 56.921 23.754 2.4
    endloop
  endfacet
  facet normal 0 0 1
    outer loop
      vertex 57.7 27.5 2.4
      vertex 56.3784 24.0673 2.4
      vertex 56.66 23.9285 2.4
    endloop
  endfacet
  facet normal 0 0 1
    outer loop
      vertex 57.7 27.5 2.4
      vertex 56.0812 24.1682 2.4
      vertex 56.3784 24.0673 2.4
    endloop
  endfacet
  facet normal 0 0 1
    outer loop
      vertex 57.7 27.5 2.4
      vertex 55.7733 24.2295 2.4
      vertex 56.0812 24.1682 2.4
    endloop
  endfacet
  facet normal 0 0 1
    outer loop
      vertex 57.7 27.5 2.4
      vertex 55.46 24.25 2.4
      vertex 55.7733 24.2295 2.4
    endloop
  endfacet
  facet normal 0 0 1
    outer loop
      vertex 57.7 27.5 2.4
      vertex 55.1467 24.2295 2.4
      vertex 55.46 24.25 2.4
    endloop
  endfacet
  facet normal 0 0 1
    outer loop
      vertex 57.7 27.5 2.4
      vertex 54.8388 24.1682 2.4
      vertex 55.1467 24.2295 2.4
    endloop
  endfacet
  facet normal 0 0 1
    outer loop
      vertex 57.7 27.5 2.4
      vertex 54.5416 24.0673 2.4
      vertex 54.8388 24.1682 2.4
    endloop
  endfacet
  facet normal 0 0 1
    outer loop
      vertex 57.7 27.5 2.4
      vertex 54.26 23.9285 2.4
      vertex 54.5416 24.0673 2.4
    endloop
  endfacet
  facet normal 0 0 1
    outer loop
      vertex 43.629 23.2358 2.4
      vertex 54.26 23.9285 2.4
      vertex 57.7 27.5 2.4
    endloop
  endfacet
  facet normal 0 0 1
    outer loop
      vertex 54.26 23.9285 2.4
      vertex 43.629 23.2358 2.4
      vertex 53.999 23.754 2.4
    endloop
  endfacet
  facet normal 0 0 1
    outer loop
      vertex 53.1418 9.77116 2.4
      vertex 44.555 9.15 2.4
      vertex 53.0805 9.46326 2.4
    endloop
  endfacet
  facet normal -0 0 1
    outer loop
      vertex 44.5422 22.0458 2.4
      vertex 53.06 21.85 2.4
      vertex 53.0805 22.1633 2.4
    endloop
  endfacet
  facet normal -0 0 1
    outer loop
      vertex 44.5039 22.2382 2.4
      vertex 53.0805 22.1633 2.4
      vertex 53.1418 22.4712 2.4
    endloop
  endfacet
  facet normal 0 0 1
    outer loop
      vertex 44.4408 22.424 2.4
      vertex 53.1418 22.4712 2.4
      vertex 53.2427 22.7684 2.4
    endloop
  endfacet
  facet normal 0 0 1
    outer loop
      vertex 44.354 22.6 2.4
      vertex 53.2427 22.7684 2.4
      vertex 53.3815 23.05 2.4
    endloop
  endfacet
  facet normal 0 0 1
    outer loop
      vertex 44.245 22.7631 2.4
      vertex 53.3815 23.05 2.4
      vertex 53.556 23.311 2.4
    endloop
  endfacet
  facet normal 0 0 1
    outer loop
      vertex 44.1157 22.9107 2.4
      vertex 53.556 23.311 2.4
      vertex 53.7629 23.5471 2.4
    endloop
  endfacet
  facet normal 0 -0 1
    outer loop
      vertex 43.9681 23.04 2.4
      vertex 53.999 23.754 2.4
      vertex 43.805 23.149 2.4
    endloop
  endfacet
  facet normal 0 0 1
    outer loop
      vertex 53.06 21.85 2.4
      vertex 44.5422 22.0458 2.4
      vertex 44.555 21.85 2.4
    endloop
  endfacet
  facet normal 0 0 1
    outer loop
      vertex 53.0805 22.1633 2.4
      vertex 44.5039 22.2382 2.4
      vertex 44.5422 22.0458 2.4
    endloop
  endfacet
  facet normal 0 0 1
    outer loop
      vertex 53.1418 22.4712 2.4
      vertex 44.4408 22.424 2.4
      vertex 44.5039 22.2382 2.4
    endloop
  endfacet
  facet normal 0 0 1
    outer loop
      vertex 53.2427 22.7684 2.4
      vertex 44.354 22.6 2.4
      vertex 44.4408 22.424 2.4
    endloop
  endfacet
  facet normal 0 0 1
    outer loop
      vertex 53.3815 23.05 2.4
      vertex 44.245 22.7631 2.4
      vertex 44.354 22.6 2.4
    endloop
  endfacet
  facet normal 0 0 1
    outer loop
      vertex 53.556 23.311 2.4
      vertex 44.1157 22.9107 2.4
      vertex 44.245 22.7631 2.4
    endloop
  endfacet
  facet normal 0 0 1
    outer loop
      vertex 53.7629 23.5471 2.4
      vertex 43.9681 23.04 2.4
      vertex 44.1157 22.9107 2.4
    endloop
  endfacet
  facet normal 0 0 1
    outer loop
      vertex 53.999 23.754 2.4
      vertex 43.9681 23.04 2.4
      vertex 53.7629 23.5471 2.4
    endloop
  endfacet
  facet normal 0 0 1
    outer loop
      vertex 53.999 23.754 2.4
      vertex 43.629 23.2358 2.4
      vertex 43.805 23.149 2.4
    endloop
  endfacet
  facet normal 0 0 1
    outer loop
      vertex 57.7 27.5 2.4
      vertex 43.4432 23.2989 2.4
      vertex 43.629 23.2358 2.4
    endloop
  endfacet
  facet normal 0 0 1
    outer loop
      vertex 57.7 27.5 2.4
      vertex 43.2508 23.3372 2.4
      vertex 43.4432 23.2989 2.4
    endloop
  endfacet
  facet normal -0 0 1
    outer loop
      vertex 35.68 25.8335 2.4
      vertex 43.2508 23.3372 2.4
      vertex 57.7 27.5 2.4
    endloop
  endfacet
  facet normal 0 0 1
    outer loop
      vertex 43.2508 23.3372 2.4
      vertex 35.68 25.8335 2.4
      vertex 43.055 23.35 2.4
    endloop
  endfacet
  facet normal -0 -0 1
    outer loop
      vertex 35.941 25.659 2.4
      vertex 43.055 23.35 2.4
      vertex 35.68 25.8335 2.4
    endloop
  endfacet
  facet normal 0 0 1
    outer loop
      vertex 41.6061 9.53823 2.4
      vertex 36.88 7.245 2.4
      vertex 41.5678 9.34579 2.4
    endloop
  endfacet
  facet normal -0 0 1
    outer loop
      vertex 36.7982 23.1338 2.4
      vertex 41.6061 22.2382 2.4
      vertex 36.8595 23.4417 2.4
    endloop
  endfacet
  facet normal 0 0 1
    outer loop
      vertex 41.6692 22.424 2.4
      vertex 36.8595 23.4417 2.4
      vertex 41.6061 22.2382 2.4
    endloop
  endfacet
  facet normal -0 0 1
    outer loop
      vertex 36.8595 23.4417 2.4
      vertex 41.6692 22.424 2.4
      vertex 36.88 23.755 2.4
    endloop
  endfacet
  facet normal 0 0 1
    outer loop
      vertex 41.756 22.6 2.4
      vertex 36.88 23.755 2.4
      vertex 41.6692 22.424 2.4
    endloop
  endfacet
  facet normal 0 0 1
    outer loop
      vertex 36.8595 24.0683 2.4
      vertex 41.756 22.6 2.4
      vertex 41.865 22.7631 2.4
    endloop
  endfacet
  facet normal 0 0 1
    outer loop
      vertex 36.8595 24.0683 2.4
      vertex 41.865 22.7631 2.4
      vertex 41.9943 22.9107 2.4
    endloop
  endfacet
  facet normal 0 0 1
    outer loop
      vertex 36.7982 24.3762 2.4
      vertex 41.9943 22.9107 2.4
      vertex 42.1419 23.04 2.4
    endloop
  endfacet
  facet normal 0 0 1
    outer loop
      vertex 36.6973 24.6734 2.4
      vertex 42.1419 23.04 2.4
      vertex 42.305 23.149 2.4
    endloop
  endfacet
  facet normal 0 0 1
    outer loop
      vertex 36.5585 24.955 2.4
      vertex 42.305 23.149 2.4
      vertex 42.481 23.2358 2.4
    endloop
  endfacet
  facet normal 0 0 1
    outer loop
      vertex 36.384 25.216 2.4
      vertex 42.481 23.2358 2.4
      vertex 42.6668 23.2989 2.4
    endloop
  endfacet
  facet normal 0 0 1
    outer loop
      vertex 43.055 23.35 2.4
      vertex 35.941 25.659 2.4
      vertex 42.8592 23.3372 2.4
    endloop
  endfacet
  facet normal 0 0 1
    outer loop
      vertex 41.756 22.6 2.4
      vertex 36.8595 24.0683 2.4
      vertex 36.88 23.755 2.4
    endloop
  endfacet
  facet normal 0 0 1
    outer loop
      vertex 41.9943 22.9107 2.4
      vertex 36.7982 24.3762 2.4
      vertex 36.8595 24.0683 2.4
    endloop
  endfacet
  facet normal 0 0 1
    outer loop
      vertex 42.1419 23.04 2.4
      vertex 36.6973 24.6734 2.4
      vertex 36.7982 24.3762 2.4
    endloop
  endfacet
  facet normal 0 0 1
    outer loop
      vertex 42.305 23.149 2.4
      vertex 36.5585 24.955 2.4
      vertex 36.6973 24.6734 2.4
    endloop
  endfacet
  facet normal 0 0 1
    outer loop
      vertex 42.481 23.2358 2.4
      vertex 36.384 25.216 2.4
      vertex 36.5585 24.955 2.4
    endloop
  endfacet
  facet normal 0 0 1
    outer loop
      vertex 42.6668 23.2989 2.4
      vertex 36.1771 25.4521 2.4
      vertex 36.384 25.216 2.4
    endloop
  endfacet
  facet normal 0 0 1
    outer loop
      vertex 42.8592 23.3372 2.4
      vertex 36.1771 25.4521 2.4
      vertex 42.6668 23.2989 2.4
    endloop
  endfacet
  facet normal -0 -0 1
    outer loop
      vertex 36.1771 25.4521 2.4
      vertex 42.8592 23.3372 2.4
      vertex 35.941 25.659 2.4
    endloop
  endfacet
  facet normal 0 0 1
    outer loop
      vertex 57.7 27.5 2.4
      vertex 35.3984 25.9723 2.4
      vertex 35.68 25.8335 2.4
    endloop
  endfacet
  facet normal 0 0 1
    outer loop
      vertex 57.7 27.5 2.4
      vertex 35.1012 26.0732 2.4
      vertex 35.3984 25.9723 2.4
    endloop
  endfacet
  facet normal 0 0 1
    outer loop
      vertex 57.7 27.5 2.4
      vertex 34.7933 26.1345 2.4
      vertex 35.1012 26.0732 2.4
    endloop
  endfacet
  facet normal 0 0 1
    outer loop
      vertex 57.7 27.5 2.4
      vertex 34.48 26.155 2.4
      vertex 34.7933 26.1345 2.4
    endloop
  endfacet
  facet normal 0 0 1
    outer loop
      vertex 32.1005 24.0683 2.4
      vertex 8.94 23.755 2.4
      vertex 32.08 23.755 2.4
    endloop
  endfacet
  facet normal 0 0 1
    outer loop
      vertex 8.91947 24.0683 2.4
      vertex 32.1005 24.0683 2.4
      vertex 32.1618 24.3762 2.4
    endloop
  endfacet
  facet normal 0 0 1
    outer loop
      vertex 8.85822 24.3762 2.4
      vertex 32.1618 24.3762 2.4
      vertex 32.2627 24.6734 2.4
    endloop
  endfacet
  facet normal 0 0 1
    outer loop
      vertex 8.75731 24.6734 2.4
      vertex 32.2627 24.6734 2.4
      vertex 32.4015 24.955 2.4
    endloop
  endfacet
  facet normal 0 0 1
    outer loop
      vertex 8.61846 24.955 2.4
      vertex 32.4015 24.955 2.4
      vertex 32.576 25.216 2.4
    endloop
  endfacet
  facet normal 0 0 1
    outer loop
      vertex 8.44405 25.216 2.4
      vertex 32.576 25.216 2.4
      vertex 32.7829 25.4521 2.4
    endloop
  endfacet
  facet normal 0 0 1
    outer loop
      vertex 8.23706 25.4521 2.4
      vertex 32.7829 25.4521 2.4
      vertex 33.019 25.659 2.4
    endloop
  endfacet
  facet normal 0 0 1
    outer loop
      vertex 8.00103 25.659 2.4
      vertex 33.019 25.659 2.4
      vertex 33.28 25.8335 2.4
    endloop
  endfacet
  facet normal 0 0 1
    outer loop
      vertex 7.74 25.8335 2.4
      vertex 33.28 25.8335 2.4
      vertex 33.5616 25.9723 2.4
    endloop
  endfacet
  facet normal 0 0 1
    outer loop
      vertex 7.45844 25.9723 2.4
      vertex 33.5616 25.9723 2.4
      vertex 33.8588 26.0732 2.4
    endloop
  endfacet
  facet normal 0 0 1
    outer loop
      vertex 3.5 27.5 2.4
      vertex 33.8588 26.0732 2.4
      vertex 34.1667 26.1345 2.4
    endloop
  endfacet
  facet normal 0 0 1
    outer loop
      vertex 32.1005 24.0683 2.4
      vertex 8.91947 24.0683 2.4
      vertex 8.94 23.755 2.4
    endloop
  endfacet
  facet normal 0 0 1
    outer loop
      vertex 32.1618 24.3762 2.4
      vertex 8.85822 24.3762 2.4
      vertex 8.91947 24.0683 2.4
    endloop
  endfacet
  facet normal 0 0 1
    outer loop
      vertex 32.2627 24.6734 2.4
      vertex 8.75731 24.6734 2.4
      vertex 8.85822 24.3762 2.4
    endloop
  endfacet
  facet normal 0 0 1
    outer loop
      vertex 3.5 27.5 2.4
      vertex 34.1667 26.1345 2.4
      vertex 34.48 26.155 2.4
    endloop
  endfacet
  facet normal -0 0 1
    outer loop
      vertex 3.5 27.5 2.4
      vertex 34.48 26.155 2.4
      vertex 57.7 27.5 2.4
    endloop
  endfacet
  facet normal 0 0 1
    outer loop
      vertex 32.4015 24.955 2.4
      vertex 8.61846 24.955 2.4
      vertex 8.75731 24.6734 2.4
    endloop
  endfacet
  facet normal 0 0 1
    outer loop
      vertex 32.576 25.216 2.4
      vertex 8.44405 25.216 2.4
      vertex 8.61846 24.955 2.4
    endloop
  endfacet
  facet normal 0 0 1
    outer loop
      vertex 32.7829 25.4521 2.4
      vertex 8.23706 25.4521 2.4
      vertex 8.44405 25.216 2.4
    endloop
  endfacet
  facet normal 0 0 1
    outer loop
      vertex 33.019 25.659 2.4
      vertex 8.00103 25.659 2.4
      vertex 8.23706 25.4521 2.4
    endloop
  endfacet
  facet normal 0 0 1
    outer loop
      vertex 33.28 25.8335 2.4
      vertex 7.74 25.8335 2.4
      vertex 8.00103 25.659 2.4
    endloop
  endfacet
  facet normal 0 0 1
    outer loop
      vertex 33.5616 25.9723 2.4
      vertex 7.45844 25.9723 2.4
      vertex 7.74 25.8335 2.4
    endloop
  endfacet
  facet normal 0 0 1
    outer loop
      vertex 33.8588 26.0732 2.4
      vertex 3.5 27.5 2.4
      vertex 7.45844 25.9723 2.4
    endloop
  endfacet
  facet normal 0 0 1
    outer loop
      vertex 7.45844 25.9723 2.4
      vertex 3.5 27.5 2.4
      vertex 7.16117 26.0732 2.4
    endloop
  endfacet
  facet normal 0 0 1
    outer loop
      vertex 7.16117 26.0732 2.4
      vertex 3.5 27.5 2.4
      vertex 6.85326 26.1345 2.4
    endloop
  endfacet
  facet normal 0 0 1
    outer loop
      vertex 3.5 3.5 2.4
      vertex 4.16053 7.55826 2.4
      vertex 3.5 27.5 2.4
    endloop
  endfacet
  facet normal 0 0 1
    outer loop
      vertex 4.16053 24.0683 2.4
      vertex 3.5 27.5 2.4
      vertex 4.14 23.755 2.4
    endloop
  endfacet
  facet normal 0 0 1
    outer loop
      vertex 4.22178 24.3762 2.4
      vertex 3.5 27.5 2.4
      vertex 4.16053 24.0683 2.4
    endloop
  endfacet
  facet normal 0 0 1
    outer loop
      vertex 4.32269 24.6734 2.4
      vertex 3.5 27.5 2.4
      vertex 4.22178 24.3762 2.4
    endloop
  endfacet
  facet normal 0 0 1
    outer loop
      vertex 4.46154 24.955 2.4
      vertex 3.5 27.5 2.4
      vertex 4.32269 24.6734 2.4
    endloop
  endfacet
  facet normal 0 0 1
    outer loop
      vertex 4.63595 25.216 2.4
      vertex 3.5 27.5 2.4
      vertex 4.46154 24.955 2.4
    endloop
  endfacet
  facet normal 0 0 1
    outer loop
      vertex 4.84294 25.4521 2.4
      vertex 3.5 27.5 2.4
      vertex 4.63595 25.216 2.4
    endloop
  endfacet
  facet normal 0 0 1
    outer loop
      vertex 5.07897 25.659 2.4
      vertex 3.5 27.5 2.4
      vertex 4.84294 25.4521 2.4
    endloop
  endfacet
  facet normal 0 0 1
    outer loop
      vertex 5.34 25.8335 2.4
      vertex 3.5 27.5 2.4
      vertex 5.07897 25.659 2.4
    endloop
  endfacet
  facet normal 0 0 1
    outer loop
      vertex 5.62156 25.9723 2.4
      vertex 3.5 27.5 2.4
      vertex 5.34 25.8335 2.4
    endloop
  endfacet
  facet normal 0 0 1
    outer loop
      vertex 5.91883 26.0732 2.4
      vertex 3.5 27.5 2.4
      vertex 5.62156 25.9723 2.4
    endloop
  endfacet
  facet normal 0 0 1
    outer loop
      vertex 6.22674 26.1345 2.4
      vertex 3.5 27.5 2.4
      vertex 5.91883 26.0732 2.4
    endloop
  endfacet
  facet normal 0 0 1
    outer loop
      vertex 6.54 26.155 2.4
      vertex 3.5 27.5 2.4
      vertex 6.22674 26.1345 2.4
    endloop
  endfacet
  facet normal 0 0 1
    outer loop
      vertex 6.85326 26.1345 2.4
      vertex 3.5 27.5 2.4
      vertex 6.54 26.155 2.4
    endloop
  endfacet
  facet normal 0 0 1
    outer loop
      vertex 59.5981 1.5 2.4
      vertex 57.7 2.3 2.4
      vertex 59.3801 1.17372 2.4
    endloop
  endfacet
  facet normal 0 0 1
    outer loop
      vertex 59.1213 0.878677 2.4
      vertex 57.7 2.3 2.4
      vertex 58.8263 0.619934 2.4
    endloop
  endfacet
  facet normal 0 0 1
    outer loop
      vertex 59.3801 1.17372 2.4
      vertex 57.7 2.3 2.4
      vertex 59.1213 0.878677 2.4
    endloop
  endfacet
  facet normal 0 0 1
    outer loop
      vertex 58.8263 0.619934 2.4
      vertex 57.7 2.3 2.4
      vertex 58.5 0.401917 2.4
    endloop
  endfacet
  facet normal 0 0 1
    outer loop
      vertex 58.5 0.401917 2.4
      vertex 57.7 2.3 2.4
      vertex 58.1481 0.228363 2.4
    endloop
  endfacet
  facet normal 0 0 1
    outer loop
      vertex 59.7716 1.85194 2.4
      vertex 57.7 2.3 2.4
      vertex 59.5981 1.5 2.4
    endloop
  endfacet
  facet normal 0 0 1
    outer loop
      vertex 59.9743 2.60843 2.4
      vertex 57.7 2.3 2.4
      vertex 59.8978 2.22354 2.4
    endloop
  endfacet
  facet normal 0 0 1
    outer loop
      vertex 57.7 2.3 2.4
      vertex 60 3 2.4
      vertex 57.7 3.5 2.4
    endloop
  endfacet
  facet normal -0 0 1
    outer loop
      vertex 57.1571 7.45294 2.4
      vertex 57.7 3.5 2.4
      vertex 57.364 7.68897 2.4
    endloop
  endfacet
  facet normal -0 0 1
    outer loop
      vertex 56.921 7.24595 2.4
      vertex 57.7 3.5 2.4
      vertex 57.1571 7.45294 2.4
    endloop
  endfacet
  facet normal -0 0 1
    outer loop
      vertex 56.66 7.07154 2.4
      vertex 57.7 3.5 2.4
      vertex 56.921 7.24595 2.4
    endloop
  endfacet
  facet normal -0 0 1
    outer loop
      vertex 56.3784 6.93269 2.4
      vertex 57.7 3.5 2.4
      vertex 56.66 7.07154 2.4
    endloop
  endfacet
  facet normal -0 0 1
    outer loop
      vertex 56.0812 6.83178 2.4
      vertex 57.7 3.5 2.4
      vertex 56.3784 6.93269 2.4
    endloop
  endfacet
  facet normal -0 0 1
    outer loop
      vertex 55.7733 6.77053 2.4
      vertex 57.7 3.5 2.4
      vertex 56.0812 6.83178 2.4
    endloop
  endfacet
  facet normal -0 0 1
    outer loop
      vertex 55.46 6.75 2.4
      vertex 57.7 3.5 2.4
      vertex 55.7733 6.77053 2.4
    endloop
  endfacet
  facet normal 0 0 1
    outer loop
      vertex 55.1467 6.77053 2.4
      vertex 57.7 3.5 2.4
      vertex 55.46 6.75 2.4
    endloop
  endfacet
  facet normal 0 0 1
    outer loop
      vertex 54.8388 6.83178 2.4
      vertex 57.7 3.5 2.4
      vertex 55.1467 6.77053 2.4
    endloop
  endfacet
  facet normal 0 0 1
    outer loop
      vertex 54.5416 6.93269 2.4
      vertex 57.7 3.5 2.4
      vertex 54.8388 6.83178 2.4
    endloop
  endfacet
  facet normal 0 0 1
    outer loop
      vertex 54.26 7.07154 2.4
      vertex 57.7 3.5 2.4
      vertex 54.5416 6.93269 2.4
    endloop
  endfacet
  facet normal 0 0 1
    outer loop
      vertex 43.629 7.76418 2.4
      vertex 54.26 7.07154 2.4
      vertex 53.999 7.24595 2.4
    endloop
  endfacet
  facet normal 0 0 1
    outer loop
      vertex 43.9681 7.95997 2.4
      vertex 53.999 7.24595 2.4
      vertex 53.7629 7.45294 2.4
    endloop
  endfacet
  facet normal 0 0 1
    outer loop
      vertex 53.0805 9.46326 2.4
      vertex 44.555 9.15 2.4
      vertex 53.06 9.15 2.4
    endloop
  endfacet
  facet normal 0 0 1
    outer loop
      vertex 44.5422 8.95421 2.4
      vertex 53.06 9.15 2.4
      vertex 44.555 9.15 2.4
    endloop
  endfacet
  facet normal 0 0 1
    outer loop
      vertex 53.06 9.15 2.4
      vertex 44.5422 8.95421 2.4
      vertex 53.0805 8.83674 2.4
    endloop
  endfacet
  facet normal 0 0 1
    outer loop
      vertex 44.5039 8.76177 2.4
      vertex 53.0805 8.83674 2.4
      vertex 44.5422 8.95421 2.4
    endloop
  endfacet
  facet normal 0 0 1
    outer loop
      vertex 53.0805 8.83674 2.4
      vertex 44.5039 8.76177 2.4
      vertex 53.1418 8.52883 2.4
    endloop
  endfacet
  facet normal -0 0 1
    outer loop
      vertex 44.4408 8.57597 2.4
      vertex 53.1418 8.52883 2.4
      vertex 44.5039 8.76177 2.4
    endloop
  endfacet
  facet normal 0 0 1
    outer loop
      vertex 53.1418 8.52883 2.4
      vertex 44.4408 8.57597 2.4
      vertex 53.2427 8.23156 2.4
    endloop
  endfacet
  facet normal -0 0 1
    outer loop
      vertex 44.354 8.4 2.4
      vertex 53.2427 8.23156 2.4
      vertex 44.4408 8.57597 2.4
    endloop
  endfacet
  facet normal 0 0 1
    outer loop
      vertex 53.2427 8.23156 2.4
      vertex 44.354 8.4 2.4
      vertex 53.3815 7.95 2.4
    endloop
  endfacet
  facet normal -0 0 1
    outer loop
      vertex 44.245 8.23686 2.4
      vertex 53.3815 7.95 2.4
      vertex 44.354 8.4 2.4
    endloop
  endfacet
  facet normal 0 0 1
    outer loop
      vertex 53.3815 7.95 2.4
      vertex 44.245 8.23686 2.4
      vertex 53.556 7.68897 2.4
    endloop
  endfacet
  facet normal -0 0 1
    outer loop
      vertex 44.1157 8.08934 2.4
      vertex 53.556 7.68897 2.4
      vertex 44.245 8.23686 2.4
    endloop
  endfacet
  facet normal 0 0 1
    outer loop
      vertex 53.556 7.68897 2.4
      vertex 44.1157 8.08934 2.4
      vertex 53.7629 7.45294 2.4
    endloop
  endfacet
  facet normal -0 0 1
    outer loop
      vertex 43.9681 7.95997 2.4
      vertex 53.7629 7.45294 2.4
      vertex 44.1157 8.08934 2.4
    endloop
  endfacet
  facet normal 0 0 1
    outer loop
      vertex 53.999 7.24595 2.4
      vertex 43.9681 7.95997 2.4
      vertex 43.805 7.85096 2.4
    endloop
  endfacet
  facet normal -0 0 1
    outer loop
      vertex 43.629 7.76418 2.4
      vertex 53.999 7.24595 2.4
      vertex 43.805 7.85096 2.4
    endloop
  endfacet
  facet normal 0 0 1
    outer loop
      vertex 54.26 7.07154 2.4
      vertex 43.629 7.76418 2.4
      vertex 57.7 3.5 2.4
    endloop
  endfacet
  facet normal -0 0 1
    outer loop
      vertex 43.4432 7.70111 2.4
      vertex 57.7 3.5 2.4
      vertex 43.629 7.76418 2.4
    endloop
  endfacet
  facet normal -0 0 1
    outer loop
      vertex 43.2508 7.66283 2.4
      vertex 57.7 3.5 2.4
      vertex 43.4432 7.70111 2.4
    endloop
  endfacet
  facet normal 0 0 1
    outer loop
      vertex 35.68 5.16654 2.4
      vertex 43.2508 7.66283 2.4
      vertex 43.055 7.65 2.4
    endloop
  endfacet
  facet normal 0 0 1
    outer loop
      vertex 35.941 5.34095 2.4
      vertex 43.055 7.65 2.4
      vertex 42.8592 7.66283 2.4
    endloop
  endfacet
  facet normal 0 0 1
    outer loop
      vertex 36.1771 5.54794 2.4
      vertex 42.8592 7.66283 2.4
      vertex 42.6668 7.70111 2.4
    endloop
  endfacet
  facet normal 0 0 1
    outer loop
      vertex 41.5678 9.34579 2.4
      vertex 36.88 7.245 2.4
      vertex 41.555 9.15 2.4
    endloop
  endfacet
  facet normal 0 0 1
    outer loop
      vertex 41.555 9.15 2.4
      vertex 36.88 7.245 2.4
      vertex 41.5678 8.95421 2.4
    endloop
  endfacet
  facet normal 0 0 1
    outer loop
      vertex 41.5678 8.95421 2.4
      vertex 36.88 7.245 2.4
      vertex 41.6061 8.76177 2.4
    endloop
  endfacet
  facet normal 0 0 1
    outer loop
      vertex 36.88 7.245 2.4
      vertex 41.6692 8.57597 2.4
      vertex 41.6061 8.76177 2.4
    endloop
  endfacet
  facet normal 0 0 1
    outer loop
      vertex 36.88 7.245 2.4
      vertex 41.756 8.4 2.4
      vertex 41.6692 8.57597 2.4
    endloop
  endfacet
  facet normal 0 0 1
    outer loop
      vertex 36.8595 6.93174 2.4
      vertex 41.756 8.4 2.4
      vertex 36.88 7.245 2.4
    endloop
  endfacet
  facet normal 0 0 1
    outer loop
      vertex 41.756 8.4 2.4
      vertex 36.8595 6.93174 2.4
      vertex 41.865 8.23686 2.4
    endloop
  endfacet
  facet normal 0 0 1
    outer loop
      vertex 41.865 8.23686 2.4
      vertex 36.8595 6.93174 2.4
      vertex 41.9943 8.08934 2.4
    endloop
  endfacet
  facet normal 0 0 1
    outer loop
      vertex 36.7982 6.62383 2.4
      vertex 41.9943 8.08934 2.4
      vertex 36.8595 6.93174 2.4
    endloop
  endfacet
  facet normal 0 0 1
    outer loop
      vertex 41.9943 8.08934 2.4
      vertex 36.7982 6.62383 2.4
      vertex 42.1419 7.95997 2.4
    endloop
  endfacet
  facet normal 0 0 1
    outer loop
      vertex 36.6973 6.32656 2.4
      vertex 42.1419 7.95997 2.4
      vertex 36.7982 6.62383 2.4
    endloop
  endfacet
  facet normal 0 0 1
    outer loop
      vertex 42.1419 7.95997 2.4
      vertex 36.6973 6.32656 2.4
      vertex 42.305 7.85096 2.4
    endloop
  endfacet
  facet normal 0 0 1
    outer loop
      vertex 36.5585 6.045 2.4
      vertex 42.305 7.85096 2.4
      vertex 36.6973 6.32656 2.4
    endloop
  endfacet
  facet normal 0 0 1
    outer loop
      vertex 42.305 7.85096 2.4
      vertex 36.5585 6.045 2.4
      vertex 42.481 7.76418 2.4
    endloop
  endfacet
  facet normal 0 0 1
    outer loop
      vertex 36.384 5.78397 2.4
      vertex 42.481 7.76418 2.4
      vertex 36.5585 6.045 2.4
    endloop
  endfacet
  facet normal 0 0 1
    outer loop
      vertex 42.481 7.76418 2.4
      vertex 36.384 5.78397 2.4
      vertex 42.6668 7.70111 2.4
    endloop
  endfacet
  facet normal 0 0 1
    outer loop
      vertex 36.1771 5.54794 2.4
      vertex 42.6668 7.70111 2.4
      vertex 36.384 5.78397 2.4
    endloop
  endfacet
  facet normal 0 0 1
    outer loop
      vertex 42.8592 7.66283 2.4
      vertex 36.1771 5.54794 2.4
      vertex 35.941 5.34095 2.4
    endloop
  endfacet
  facet normal 0 0 1
    outer loop
      vertex 43.055 7.65 2.4
      vertex 35.941 5.34095 2.4
      vertex 35.68 5.16654 2.4
    endloop
  endfacet
  facet normal 0 0 1
    outer loop
      vertex 43.2508 7.66283 2.4
      vertex 35.68 5.16654 2.4
      vertex 57.7 3.5 2.4
    endloop
  endfacet
  facet normal -0 0 1
    outer loop
      vertex 35.3984 5.02769 2.4
      vertex 57.7 3.5 2.4
      vertex 35.68 5.16654 2.4
    endloop
  endfacet
  facet normal -0 0 1
    outer loop
      vertex 35.1012 4.92678 2.4
      vertex 57.7 3.5 2.4
      vertex 35.3984 5.02769 2.4
    endloop
  endfacet
  facet normal -0 0 1
    outer loop
      vertex 34.7933 4.86553 2.4
      vertex 57.7 3.5 2.4
      vertex 35.1012 4.92678 2.4
    endloop
  endfacet
  facet normal -0 0 1
    outer loop
      vertex 34.48 4.845 2.4
      vertex 57.7 3.5 2.4
      vertex 34.7933 4.86553 2.4
    endloop
  endfacet
  facet normal -0 0 1
    outer loop
      vertex 8.94 7.245 2.4
      vertex 32.1005 6.93174 2.4
      vertex 32.08 7.245 2.4
    endloop
  endfacet
  facet normal 0 0 1
    outer loop
      vertex 8.91947 6.93174 2.4
      vertex 32.1005 6.93174 2.4
      vertex 8.94 7.245 2.4
    endloop
  endfacet
  facet normal 0 0 1
    outer loop
      vertex 32.1005 6.93174 2.4
      vertex 8.91947 6.93174 2.4
      vertex 32.1618 6.62383 2.4
    endloop
  endfacet
  facet normal 0 0 1
    outer loop
      vertex 8.85822 6.62383 2.4
      vertex 32.1618 6.62383 2.4
      vertex 8.91947 6.93174 2.4
    endloop
  endfacet
  facet normal 0 0 1
    outer loop
      vertex 32.1618 6.62383 2.4
      vertex 8.85822 6.62383 2.4
      vertex 32.2627 6.32656 2.4
    endloop
  endfacet
  facet normal 0 0 1
    outer loop
      vertex 8.75731 6.32656 2.4
      vertex 32.2627 6.32656 2.4
      vertex 8.85822 6.62383 2.4
    endloop
  endfacet
  facet normal 0 0 1
    outer loop
      vertex 32.2627 6.32656 2.4
      vertex 8.75731 6.32656 2.4
      vertex 32.4015 6.045 2.4
    endloop
  endfacet
  facet normal 0 0 1
    outer loop
      vertex 8.61846 6.045 2.4
      vertex 32.4015 6.045 2.4
      vertex 8.75731 6.32656 2.4
    endloop
  endfacet
  facet normal 0 0 1
    outer loop
      vertex 32.4015 6.045 2.4
      vertex 8.61846 6.045 2.4
      vertex 32.576 5.78397 2.4
    endloop
  endfacet
  facet normal 0 0 1
    outer loop
      vertex 8.44405 5.78397 2.4
      vertex 32.576 5.78397 2.4
      vertex 8.61846 6.045 2.4
    endloop
  endfacet
  facet normal 0 0 1
    outer loop
      vertex 32.576 5.78397 2.4
      vertex 8.44405 5.78397 2.4
      vertex 32.7829 5.54794 2.4
    endloop
  endfacet
  facet normal 0 0 1
    outer loop
      vertex 8.23706 5.54794 2.4
      vertex 32.7829 5.54794 2.4
      vertex 8.44405 5.78397 2.4
    endloop
  endfacet
  facet normal 0 0 1
    outer loop
      vertex 32.7829 5.54794 2.4
      vertex 8.23706 5.54794 2.4
      vertex 33.019 5.34095 2.4
    endloop
  endfacet
  facet normal 0 0 1
    outer loop
      vertex 8.00103 5.34095 2.4
      vertex 33.019 5.34095 2.4
      vertex 8.23706 5.54794 2.4
    endloop
  endfacet
  facet normal 0 0 1
    outer loop
      vertex 33.019 5.34095 2.4
      vertex 8.00103 5.34095 2.4
      vertex 33.28 5.16654 2.4
    endloop
  endfacet
  facet normal 0 0 1
    outer loop
      vertex 7.74 5.16654 2.4
      vertex 33.28 5.16654 2.4
      vertex 8.00103 5.34095 2.4
    endloop
  endfacet
  facet normal 0 0 1
    outer loop
      vertex 33.28 5.16654 2.4
      vertex 7.74 5.16654 2.4
      vertex 33.5616 5.02769 2.4
    endloop
  endfacet
  facet normal 0 0 1
    outer loop
      vertex 7.45844 5.02769 2.4
      vertex 33.5616 5.02769 2.4
      vertex 7.74 5.16654 2.4
    endloop
  endfacet
  facet normal 0 0 1
    outer loop
      vertex 33.5616 5.02769 2.4
      vertex 7.45844 5.02769 2.4
      vertex 33.8588 4.92678 2.4
    endloop
  endfacet
  facet normal 0 0 1
    outer loop
      vertex 3.5 3.5 2.4
      vertex 33.8588 4.92678 2.4
      vertex 7.45844 5.02769 2.4
    endloop
  endfacet
  facet normal 0 0 1
    outer loop
      vertex 33.8588 4.92678 2.4
      vertex 3.5 3.5 2.4
      vertex 34.1667 4.86553 2.4
    endloop
  endfacet
  facet normal 0 0 1
    outer loop
      vertex 34.1667 4.86553 2.4
      vertex 3.5 3.5 2.4
      vertex 34.48 4.845 2.4
    endloop
  endfacet
  facet normal 0 0 1
    outer loop
      vertex 3.5 3.5 2.4
      vertex 7.45844 5.02769 2.4
      vertex 7.16117 4.92678 2.4
    endloop
  endfacet
  facet normal 0 0 1
    outer loop
      vertex 3.5 3.5 2.4
      vertex 7.16117 4.92678 2.4
      vertex 6.85326 4.86553 2.4
    endloop
  endfacet
  facet normal 0 0 1
    outer loop
      vertex 3.5 3.5 2.4
      vertex 6.85326 4.86553 2.4
      vertex 6.54 4.845 2.4
    endloop
  endfacet
  facet normal 0 0 1
    outer loop
      vertex 34.48 4.845 2.4
      vertex 3.5 3.5 2.4
      vertex 57.7 3.5 2.4
    endloop
  endfacet
  facet normal 0 0 1
    outer loop
      vertex 6.22674 4.86553 2.4
      vertex 3.5 3.5 2.4
      vertex 6.54 4.845 2.4
    endloop
  endfacet
  facet normal 0 0 1
    outer loop
      vertex 5.91883 4.92678 2.4
      vertex 3.5 3.5 2.4
      vertex 6.22674 4.86553 2.4
    endloop
  endfacet
  facet normal 0 0 1
    outer loop
      vertex 5.62156 5.02769 2.4
      vertex 3.5 3.5 2.4
      vertex 5.91883 4.92678 2.4
    endloop
  endfacet
  facet normal 0 0 1
    outer loop
      vertex 5.34 5.16654 2.4
      vertex 3.5 3.5 2.4
      vertex 5.62156 5.02769 2.4
    endloop
  endfacet
  facet normal 0 0 1
    outer loop
      vertex 5.07897 5.34095 2.4
      vertex 3.5 3.5 2.4
      vertex 5.34 5.16654 2.4
    endloop
  endfacet
  facet normal 0 0 1
    outer loop
      vertex 4.84294 5.54794 2.4
      vertex 3.5 3.5 2.4
      vertex 5.07897 5.34095 2.4
    endloop
  endfacet
  facet normal 0 0 1
    outer loop
      vertex 4.63595 5.78397 2.4
      vertex 3.5 3.5 2.4
      vertex 4.84294 5.54794 2.4
    endloop
  endfacet
  facet normal 0 0 1
    outer loop
      vertex 4.46154 6.045 2.4
      vertex 3.5 3.5 2.4
      vertex 4.63595 5.78397 2.4
    endloop
  endfacet
  facet normal 0 0 1
    outer loop
      vertex 4.32269 6.32656 2.4
      vertex 3.5 3.5 2.4
      vertex 4.46154 6.045 2.4
    endloop
  endfacet
  facet normal 0 0 1
    outer loop
      vertex 4.22178 6.62383 2.4
      vertex 3.5 3.5 2.4
      vertex 4.32269 6.32656 2.4
    endloop
  endfacet
  facet normal 0 0 1
    outer loop
      vertex 4.16053 6.93174 2.4
      vertex 3.5 3.5 2.4
      vertex 4.22178 6.62383 2.4
    endloop
  endfacet
  facet normal 0 0 1
    outer loop
      vertex 4.14 7.245 2.4
      vertex 3.5 3.5 2.4
      vertex 4.16053 6.93174 2.4
    endloop
  endfacet
  facet normal 0 0 1
    outer loop
      vertex 4.16053 7.55826 2.4
      vertex 3.5 3.5 2.4
      vertex 4.14 7.245 2.4
    endloop
  endfacet
  facet normal 0 0 1
    outer loop
      vertex 58.1481 0.228363 2.4
      vertex 57.7 2.3 2.4
      vertex 57.7765 0.102219 2.4
    endloop
  endfacet
  facet normal 0 0 1
    outer loop
      vertex 57.7 2.3 2.4
      vertex 57.3916 0.0256653 2.4
      vertex 57.7765 0.102219 2.4
    endloop
  endfacet
  facet normal 0 0 1
    outer loop
      vertex 57.7 2.3 2.4
      vertex 57 0 2.4
      vertex 57.3916 0.0256653 2.4
    endloop
  endfacet
  facet normal 0 0 1
    outer loop
      vertex 57.7 2.3 2.4
      vertex 3 0 2.4
      vertex 57 0 2.4
    endloop
  endfacet
  facet normal -0 0 1
    outer loop
      vertex 2.3 2.3 2.4
      vertex 3 0 2.4
      vertex 57.7 2.3 2.4
    endloop
  endfacet
  facet normal 0 0 1
    outer loop
      vertex 3 0 2.4
      vertex 2.3 2.3 2.4
      vertex 2.60843 0.0256653 2.4
    endloop
  endfacet
  facet normal 0 0 1
    outer loop
      vertex 2.3 2.3 2.4
      vertex 2.22354 0.102219 2.4
      vertex 2.60843 0.0256653 2.4
    endloop
  endfacet
  facet normal 0 0 1
    outer loop
      vertex 2.3 28.7 2.4
      vertex 0 28 2.4
      vertex 2.3 2.3 2.4
    endloop
  endfacet
  facet normal -0 0 1
    outer loop
      vertex 1.5 30.5981 2.4
      vertex 2.3 28.7 2.4
      vertex 1.85194 30.7716 2.4
    endloop
  endfacet
  facet normal -0 0 1
    outer loop
      vertex 0 3 2.4
      vertex 2.3 2.3 2.4
      vertex 0 28 2.4
    endloop
  endfacet
  facet normal -0 0 1
    outer loop
      vertex 1.17372 30.3801 2.4
      vertex 2.3 28.7 2.4
      vertex 1.5 30.5981 2.4
    endloop
  endfacet
  facet normal -0 -0 1
    outer loop
      vertex 0.0256653 2.60843 2.4
      vertex 2.3 2.3 2.4
      vertex 0 3 2.4
    endloop
  endfacet
  facet normal -0 0 1
    outer loop
      vertex 0.878677 30.1213 2.4
      vertex 2.3 28.7 2.4
      vertex 1.17372 30.3801 2.4
    endloop
  endfacet
  facet normal 0 0 1
    outer loop
      vertex 2.3 2.3 2.4
      vertex 1.85194 0.228363 2.4
      vertex 2.22354 0.102219 2.4
    endloop
  endfacet
  facet normal -0 0 1
    outer loop
      vertex 0.619934 29.8263 2.4
      vertex 2.3 28.7 2.4
      vertex 0.878677 30.1213 2.4
    endloop
  endfacet
  facet normal 0 0 1
    outer loop
      vertex 2.3 2.3 2.4
      vertex 1.5 0.401917 2.4
      vertex 1.85194 0.228363 2.4
    endloop
  endfacet
  facet normal -0 0 1
    outer loop
      vertex 0.401917 29.5 2.4
      vertex 2.3 28.7 2.4
      vertex 0.619934 29.8263 2.4
    endloop
  endfacet
  facet normal 0 0 1
    outer loop
      vertex 2.3 2.3 2.4
      vertex 1.17372 0.619934 2.4
      vertex 1.5 0.401917 2.4
    endloop
  endfacet
  facet normal -0 0 1
    outer loop
      vertex 0.228363 29.1481 2.4
      vertex 2.3 28.7 2.4
      vertex 0.401917 29.5 2.4
    endloop
  endfacet
  facet normal 0 0 1
    outer loop
      vertex 2.3 2.3 2.4
      vertex 0.878677 0.878677 2.4
      vertex 1.17372 0.619934 2.4
    endloop
  endfacet
  facet normal -0 0 1
    outer loop
      vertex 0.102219 28.7765 2.4
      vertex 2.3 28.7 2.4
      vertex 0.228363 29.1481 2.4
    endloop
  endfacet
  facet normal 0 0 1
    outer loop
      vertex 2.3 2.3 2.4
      vertex 0.619934 1.17372 2.4
      vertex 0.878677 0.878677 2.4
    endloop
  endfacet
  facet normal 0 0 1
    outer loop
      vertex 0.0256653 28.3916 2.4
      vertex 2.3 28.7 2.4
      vertex 0.102219 28.7765 2.4
    endloop
  endfacet
  facet normal 0 0 1
    outer loop
      vertex 2.3 2.3 2.4
      vertex 0.401917 1.5 2.4
      vertex 0.619934 1.17372 2.4
    endloop
  endfacet
  facet normal 0 0 1
    outer loop
      vertex 2.3 28.7 2.4
      vertex 0.0256653 28.3916 2.4
      vertex 0 28 2.4
    endloop
  endfacet
  facet normal 0 0 1
    outer loop
      vertex 2.3 2.3 2.4
      vertex 0.228363 1.85194 2.4
      vertex 0.401917 1.5 2.4
    endloop
  endfacet
  facet normal 0 0 1
    outer loop
      vertex 2.3 2.3 2.4
      vertex 0.102219 2.22354 2.4
      vertex 0.228363 1.85194 2.4
    endloop
  endfacet
  facet normal 0 0 1
    outer loop
      vertex 2.3 2.3 2.4
      vertex 0.0256653 2.60843 2.4
      vertex 0.102219 2.22354 2.4
    endloop
  endfacet
  facet normal 0 0 1
    outer loop
      vertex 33.8588 9.56322 2.4
      vertex 33.51 11.25 2.4
      vertex 33.5616 9.46231 2.4
    endloop
  endfacet
  facet normal 0 0 1
    outer loop
      vertex 33.51 11.25 2.4
      vertex 33.28 9.32346 2.4
      vertex 33.5616 9.46231 2.4
    endloop
  endfacet
  facet normal 0 0 1
    outer loop
      vertex 33.51 11.25 2.4
      vertex 33.019 9.14905 2.4
      vertex 33.28 9.32346 2.4
    endloop
  endfacet
  facet normal 0 0 1
    outer loop
      vertex 33.51 11.25 2.4
      vertex 32.7829 8.94206 2.4
      vertex 33.019 9.14905 2.4
    endloop
  endfacet
  facet normal 0 0 1
    outer loop
      vertex 33.51 11.25 2.4
      vertex 32.576 8.70603 2.4
      vertex 32.7829 8.94206 2.4
    endloop
  endfacet
  facet normal 0 0 1
    outer loop
      vertex 33.51 11.25 2.4
      vertex 32.4015 8.445 2.4
      vertex 32.576 8.70603 2.4
    endloop
  endfacet
  facet normal 0 0 1
    outer loop
      vertex 8.61846 8.445 2.4
      vertex 32.4015 8.445 2.4
      vertex 33.51 11.25 2.4
    endloop
  endfacet
  facet normal 0 0 1
    outer loop
      vertex 32.1005 7.55826 2.4
      vertex 8.94 7.245 2.4
      vertex 32.08 7.245 2.4
    endloop
  endfacet
  facet normal 0 0 1
    outer loop
      vertex 8.91947 7.55826 2.4
      vertex 32.1005 7.55826 2.4
      vertex 32.1618 7.86617 2.4
    endloop
  endfacet
  facet normal 0 0 1
    outer loop
      vertex 8.85822 7.86617 2.4
      vertex 32.1618 7.86617 2.4
      vertex 32.2627 8.16344 2.4
    endloop
  endfacet
  facet normal 0 0 1
    outer loop
      vertex 32.4015 8.445 2.4
      vertex 8.61846 8.445 2.4
      vertex 32.2627 8.16344 2.4
    endloop
  endfacet
  facet normal 0 0 1
    outer loop
      vertex 32.1005 7.55826 2.4
      vertex 8.91947 7.55826 2.4
      vertex 8.94 7.245 2.4
    endloop
  endfacet
  facet normal 0 0 1
    outer loop
      vertex 32.1618 7.86617 2.4
      vertex 8.85822 7.86617 2.4
      vertex 8.91947 7.55826 2.4
    endloop
  endfacet
  facet normal 0 0 1
    outer loop
      vertex 32.2627 8.16344 2.4
      vertex 8.75731 8.16344 2.4
      vertex 8.85822 7.86617 2.4
    endloop
  endfacet
  facet normal 0 0 1
    outer loop
      vertex 32.2627 8.16344 2.4
      vertex 8.61846 8.445 2.4
      vertex 8.75731 8.16344 2.4
    endloop
  endfacet
  facet normal -0 0 1
    outer loop
      vertex 7.51 11.25 2.4
      vertex 8.61846 8.445 2.4
      vertex 33.51 11.25 2.4
    endloop
  endfacet
  facet normal 0 0 1
    outer loop
      vertex 8.61846 8.445 2.4
      vertex 7.51 11.25 2.4
      vertex 8.44405 8.70603 2.4
    endloop
  endfacet
  facet normal 0 0 1
    outer loop
      vertex 8.44405 8.70603 2.4
      vertex 7.51 11.25 2.4
      vertex 8.23706 8.94206 2.4
    endloop
  endfacet
  facet normal 0 0 1
    outer loop
      vertex 8.23706 8.94206 2.4
      vertex 7.51 11.25 2.4
      vertex 8.00103 9.14905 2.4
    endloop
  endfacet
  facet normal 0 0 1
    outer loop
      vertex 8.00103 9.14905 2.4
      vertex 7.51 11.25 2.4
      vertex 7.74 9.32346 2.4
    endloop
  endfacet
  facet normal 0 0 1
    outer loop
      vertex 7.51 11.25 2.4
      vertex 7.45844 9.46231 2.4
      vertex 7.74 9.32346 2.4
    endloop
  endfacet
  facet normal -0 0 1
    outer loop
      vertex 6.85326 21.3755 2.4
      vertex 7.51 19.75 2.4
      vertex 7.16117 21.4368 2.4
    endloop
  endfacet
  facet normal -0 0 1
    outer loop
      vertex 6.54 21.355 2.4
      vertex 7.51 19.75 2.4
      vertex 6.85326 21.3755 2.4
    endloop
  endfacet
  facet normal 0 0 1
    outer loop
      vertex 7.51 11.25 2.4
      vertex 7.16117 9.56322 2.4
      vertex 7.45844 9.46231 2.4
    endloop
  endfacet
  facet normal 0 0 1
    outer loop
      vertex 6.22674 21.3755 2.4
      vertex 7.51 19.75 2.4
      vertex 6.54 21.355 2.4
    endloop
  endfacet
  facet normal 0 0 1
    outer loop
      vertex 7.51 11.25 2.4
      vertex 6.85326 9.62447 2.4
      vertex 7.16117 9.56322 2.4
    endloop
  endfacet
  facet normal 0 0 1
    outer loop
      vertex 5.91883 21.4368 2.4
      vertex 7.51 19.75 2.4
      vertex 6.22674 21.3755 2.4
    endloop
  endfacet
  facet normal 0 0 1
    outer loop
      vertex 7.51 11.25 2.4
      vertex 6.54 9.645 2.4
      vertex 6.85326 9.62447 2.4
    endloop
  endfacet
  facet normal 0 0 1
    outer loop
      vertex 5.62156 21.5377 2.4
      vertex 7.51 19.75 2.4
      vertex 5.91883 21.4368 2.4
    endloop
  endfacet
  facet normal 0 0 1
    outer loop
      vertex 7.51 11.25 2.4
      vertex 6.22674 9.62447 2.4
      vertex 6.54 9.645 2.4
    endloop
  endfacet
  facet normal 0 0 1
    outer loop
      vertex 5.34 21.6765 2.4
      vertex 7.51 19.75 2.4
      vertex 5.62156 21.5377 2.4
    endloop
  endfacet
  facet normal 0 0 1
    outer loop
      vertex 7.51 11.25 2.4
      vertex 5.91883 9.56322 2.4
      vertex 6.22674 9.62447 2.4
    endloop
  endfacet
  facet normal 0 0 1
    outer loop
      vertex 7.51 19.75 2.4
      vertex 5.34 21.6765 2.4
      vertex 7.51 11.25 2.4
    endloop
  endfacet
  facet normal 0 0 1
    outer loop
      vertex 7.51 11.25 2.4
      vertex 5.62156 9.46231 2.4
      vertex 5.91883 9.56322 2.4
    endloop
  endfacet
  facet normal 0 0 1
    outer loop
      vertex 5.34 9.32346 2.4
      vertex 7.51 11.25 2.4
      vertex 5.34 21.6765 2.4
    endloop
  endfacet
  facet normal 0 0 1
    outer loop
      vertex 7.51 11.25 2.4
      vertex 5.34 9.32346 2.4
      vertex 5.62156 9.46231 2.4
    endloop
  endfacet
  facet normal 0 0 1
    outer loop
      vertex 5.07897 21.851 2.4
      vertex 5.34 9.32346 2.4
      vertex 5.34 21.6765 2.4
    endloop
  endfacet
  facet normal 0 0 1
    outer loop
      vertex 5.07897 21.851 2.4
      vertex 5.07897 9.14905 2.4
      vertex 5.34 9.32346 2.4
    endloop
  endfacet
  facet normal 0 0 1
    outer loop
      vertex 4.84294 22.0579 2.4
      vertex 5.07897 9.14905 2.4
      vertex 5.07897 21.851 2.4
    endloop
  endfacet
  facet normal 0 0 1
    outer loop
      vertex 4.84294 22.0579 2.4
      vertex 4.84294 8.94206 2.4
      vertex 5.07897 9.14905 2.4
    endloop
  endfacet
  facet normal 0 0 1
    outer loop
      vertex 4.63595 22.294 2.4
      vertex 4.84294 8.94206 2.4
      vertex 4.84294 22.0579 2.4
    endloop
  endfacet
  facet normal 0 0 1
    outer loop
      vertex 4.63595 22.294 2.4
      vertex 4.63595 8.70603 2.4
      vertex 4.84294 8.94206 2.4
    endloop
  endfacet
  facet normal 0 0 1
    outer loop
      vertex 4.46154 22.555 2.4
      vertex 4.63595 8.70603 2.4
      vertex 4.63595 22.294 2.4
    endloop
  endfacet
  facet normal 0 0 1
    outer loop
      vertex 4.46154 22.555 2.4
      vertex 4.46154 8.445 2.4
      vertex 4.63595 8.70603 2.4
    endloop
  endfacet
  facet normal 0 0 1
    outer loop
      vertex 4.32269 22.8366 2.4
      vertex 4.46154 8.445 2.4
      vertex 4.46154 22.555 2.4
    endloop
  endfacet
  facet normal 0 0 1
    outer loop
      vertex 4.32269 22.8366 2.4
      vertex 4.32269 8.16344 2.4
      vertex 4.46154 8.445 2.4
    endloop
  endfacet
  facet normal 0 0 1
    outer loop
      vertex 4.22178 23.1338 2.4
      vertex 4.32269 8.16344 2.4
      vertex 4.32269 22.8366 2.4
    endloop
  endfacet
  facet normal 0 0 1
    outer loop
      vertex 4.22178 23.1338 2.4
      vertex 4.22178 7.86617 2.4
      vertex 4.32269 8.16344 2.4
    endloop
  endfacet
  facet normal 0 0 1
    outer loop
      vertex 4.16053 23.4417 2.4
      vertex 4.22178 7.86617 2.4
      vertex 4.22178 23.1338 2.4
    endloop
  endfacet
  facet normal 0 0 1
    outer loop
      vertex 4.16053 23.4417 2.4
      vertex 4.16053 7.55826 2.4
      vertex 4.22178 7.86617 2.4
    endloop
  endfacet
  facet normal 0 0 1
    outer loop
      vertex 3.5 27.5 2.4
      vertex 4.16053 23.4417 2.4
      vertex 4.14 23.755 2.4
    endloop
  endfacet
  facet normal 0 0 1
    outer loop
      vertex 4.16053 23.4417 2.4
      vertex 3.5 27.5 2.4
      vertex 4.16053 7.55826 2.4
    endloop
  endfacet
  facet normal -1 0 0
    outer loop
      vertex 2.3 2.3 2.4
      vertex 2.3 28.7 8.4
      vertex 2.3 28.7 2.4
    endloop
  endfacet
  facet normal -1 -0 0
    outer loop
      vertex 2.3 28.7 8.4
      vertex 2.3 2.3 2.4
      vertex 2.3 2.3 8.4
    endloop
  endfacet
  facet normal 0 1 -0
    outer loop
      vertex 33 3.5 3.15
      vertex 17 3.5 4.45
      vertex 33 3.5 4.45
    endloop
  endfacet
  facet normal 0 1 0
    outer loop
      vertex 17 3.5 4.45
      vertex 33 3.5 3.15
      vertex 17 3.5 3.15
    endloop
  endfacet
  facet normal 0 1 0
    outer loop
      vertex 33 3.5 4.45
      vertex 57.7 3.5 8.4
      vertex 39 3.5 4.45
    endloop
  endfacet
  facet normal 0 1 -0
    outer loop
      vertex 57.7 3.5 2.4
      vertex 39 3.5 4.45
      vertex 57.7 3.5 8.4
    endloop
  endfacet
  facet normal 0 1 0
    outer loop
      vertex 57.7 3.5 2.4
      vertex 33 3.5 3.15
      vertex 39 3.5 3.15
    endloop
  endfacet
  facet normal 0 1 0
    outer loop
      vertex 33 3.5 3.15
      vertex 3.5 3.5 2.4
      vertex 17 3.5 3.15
    endloop
  endfacet
  facet normal 0 1 0
    outer loop
      vertex 33 3.5 3.15
      vertex 57.7 3.5 2.4
      vertex 3.5 3.5 2.4
    endloop
  endfacet
  facet normal 0 1 0
    outer loop
      vertex 39 3.5 4.45
      vertex 57.7 3.5 2.4
      vertex 39 3.5 3.15
    endloop
  endfacet
  facet normal 0 1 0
    outer loop
      vertex 57.7 3.5 8.4
      vertex 33 3.5 4.45
      vertex 3.5 3.5 8.4
    endloop
  endfacet
  facet normal 0 1 -0
    outer loop
      vertex 17 3.5 4.45
      vertex 3.5 3.5 8.4
      vertex 33 3.5 4.45
    endloop
  endfacet
  facet normal 0 1 -0
    outer loop
      vertex 11 3.5 4.45
      vertex 3.5 3.5 8.4
      vertex 17 3.5 4.45
    endloop
  endfacet
  facet normal 0 1 0
    outer loop
      vertex 3.5 3.5 2.4
      vertex 11 3.5 4.45
      vertex 11 3.5 3.15
    endloop
  endfacet
  facet normal 0 1 0
    outer loop
      vertex 11 3.5 4.45
      vertex 3.5 3.5 2.4
      vertex 3.5 3.5 8.4
    endloop
  endfacet
  facet normal 0 1 0
    outer loop
      vertex 17 3.5 3.15
      vertex 3.5 3.5 2.4
      vertex 11 3.5 3.15
    endloop
  endfacet
  facet normal 0 -1 0
    outer loop
      vertex 17 2.3 3.15
      vertex 33 2.3 4.45
      vertex 17 2.3 4.45
    endloop
  endfacet
  facet normal 0 -1 -0
    outer loop
      vertex 33 2.3 4.45
      vertex 17 2.3 3.15
      vertex 33 2.3 3.15
    endloop
  endfacet
  facet normal 0 -1 0
    outer loop
      vertex 17 2.3 4.45
      vertex 2.3 2.3 8.4
      vertex 11 2.3 4.45
    endloop
  endfacet
  facet normal 0 -1 0
    outer loop
      vertex 2.3 2.3 2.4
      vertex 11 2.3 4.45
      vertex 2.3 2.3 8.4
    endloop
  endfacet
  facet normal 0 -1 0
    outer loop
      vertex 2.3 2.3 2.4
      vertex 17 2.3 3.15
      vertex 11 2.3 3.15
    endloop
  endfacet
  facet normal 0 -1 -0
    outer loop
      vertex 17 2.3 3.15
      vertex 2.3 2.3 2.4
      vertex 33 2.3 3.15
    endloop
  endfacet
  facet normal 0 -1 0
    outer loop
      vertex 57.7 2.3 2.4
      vertex 33 2.3 3.15
      vertex 2.3 2.3 2.4
    endloop
  endfacet
  facet normal 0 -1 -0
    outer loop
      vertex 11 2.3 4.45
      vertex 2.3 2.3 2.4
      vertex 11 2.3 3.15
    endloop
  endfacet
  facet normal 0 -1 0
    outer loop
      vertex 33 2.3 4.45
      vertex 2.3 2.3 8.4
      vertex 17 2.3 4.45
    endloop
  endfacet
  facet normal 0 -1 0
    outer loop
      vertex 2.3 2.3 8.4
      vertex 33 2.3 4.45
      vertex 57.7 2.3 8.4
    endloop
  endfacet
  facet normal 0 -1 0
    outer loop
      vertex 39 2.3 4.45
      vertex 57.7 2.3 8.4
      vertex 33 2.3 4.45
    endloop
  endfacet
  facet normal 0 -1 0
    outer loop
      vertex 57.7 2.3 2.4
      vertex 39 2.3 4.45
      vertex 39 2.3 3.15
    endloop
  endfacet
  facet normal 0 -1 0
    outer loop
      vertex 39 2.3 4.45
      vertex 57.7 2.3 2.4
      vertex 57.7 2.3 8.4
    endloop
  endfacet
  facet normal 0 -1 0
    outer loop
      vertex 33 2.3 3.15
      vertex 57.7 2.3 2.4
      vertex 39 2.3 3.15
    endloop
  endfacet
  facet normal 1 -0 0
    outer loop
      vertex 57.7 27.5 8.4
      vertex 57.7 28.7 2.4
      vertex 57.7 28.7 8.4
    endloop
  endfacet
  facet normal 1 0 0
    outer loop
      vertex 57.7 28.7 2.4
      vertex 57.7 27.5 8.4
      vertex 57.7 27.5 2.4
    endloop
  endfacet
  facet normal 0 1 -0
    outer loop
      vertex 33 28.7 3.15
      vertex 17 28.7 4.45
      vertex 33 28.7 4.45
    endloop
  endfacet
  facet normal 0 1 0
    outer loop
      vertex 17 28.7 4.45
      vertex 33 28.7 3.15
      vertex 17 28.7 3.15
    endloop
  endfacet
  facet normal 0 1 0
    outer loop
      vertex 33 28.7 4.45
      vertex 57.7 28.7 8.4
      vertex 39 28.7 4.45
    endloop
  endfacet
  facet normal 0 1 -0
    outer loop
      vertex 57.7 28.7 2.4
      vertex 39 28.7 4.45
      vertex 57.7 28.7 8.4
    endloop
  endfacet
  facet normal 0 1 0
    outer loop
      vertex 57.7 28.7 2.4
      vertex 33 28.7 3.15
      vertex 39 28.7 3.15
    endloop
  endfacet
  facet normal 0 1 0
    outer loop
      vertex 33 28.7 3.15
      vertex 2.3 28.7 2.4
      vertex 17 28.7 3.15
    endloop
  endfacet
  facet normal 0 1 0
    outer loop
      vertex 33 28.7 3.15
      vertex 57.7 28.7 2.4
      vertex 2.3 28.7 2.4
    endloop
  endfacet
  facet normal 0 1 0
    outer loop
      vertex 39 28.7 4.45
      vertex 57.7 28.7 2.4
      vertex 39 28.7 3.15
    endloop
  endfacet
  facet normal 0 1 0
    outer loop
      vertex 57.7 28.7 8.4
      vertex 33 28.7 4.45
      vertex 2.3 28.7 8.4
    endloop
  endfacet
  facet normal 0 1 -0
    outer loop
      vertex 17 28.7 4.45
      vertex 2.3 28.7 8.4
      vertex 33 28.7 4.45
    endloop
  endfacet
  facet normal 0 1 -0
    outer loop
      vertex 11 28.7 4.45
      vertex 2.3 28.7 8.4
      vertex 17 28.7 4.45
    endloop
  endfacet
  facet normal 0 1 0
    outer loop
      vertex 2.3 28.7 2.4
      vertex 11 28.7 4.45
      vertex 11 28.7 3.15
    endloop
  endfacet
  facet normal 0 1 0
    outer loop
      vertex 11 28.7 4.45
      vertex 2.3 28.7 2.4
      vertex 2.3 28.7 8.4
    endloop
  endfacet
  facet normal 0 1 0
    outer loop
      vertex 17 28.7 3.15
      vertex 2.3 28.7 2.4
      vertex 11 28.7 3.15
    endloop
  endfacet
  facet normal 0 -1 0
    outer loop
      vertex 17 27.5 3.15
      vertex 33 27.5 4.45
      vertex 17 27.5 4.45
    endloop
  endfacet
  facet normal 0 -1 -0
    outer loop
      vertex 33 27.5 4.45
      vertex 17 27.5 3.15
      vertex 33 27.5 3.15
    endloop
  endfacet
  facet normal 0 -1 0
    outer loop
      vertex 17 27.5 4.45
      vertex 3.5 27.5 8.4
      vertex 11 27.5 4.45
    endloop
  endfacet
  facet normal 0 -1 0
    outer loop
      vertex 3.5 27.5 2.4
      vertex 11 27.5 4.45
      vertex 3.5 27.5 8.4
    endloop
  endfacet
  facet normal 0 -1 0
    outer loop
      vertex 3.5 27.5 2.4
      vertex 17 27.5 3.15
      vertex 11 27.5 3.15
    endloop
  endfacet
  facet normal 0 -1 -0
    outer loop
      vertex 17 27.5 3.15
      vertex 3.5 27.5 2.4
      vertex 33 27.5 3.15
    endloop
  endfacet
  facet normal 0 -1 0
    outer loop
      vertex 57.7 27.5 2.4
      vertex 33 27.5 3.15
      vertex 3.5 27.5 2.4
    endloop
  endfacet
  facet normal 0 -1 -0
    outer loop
      vertex 11 27.5 4.45
      vertex 3.5 27.5 2.4
      vertex 11 27.5 3.15
    endloop
  endfacet
  facet normal 0 -1 0
    outer loop
      vertex 33 27.5 4.45
      vertex 3.5 27.5 8.4
      vertex 17 27.5 4.45
    endloop
  endfacet
  facet normal 0 -1 0
    outer loop
      vertex 3.5 27.5 8.4
      vertex 33 27.5 4.45
      vertex 57.7 27.5 8.4
    endloop
  endfacet
  facet normal 0 -1 0
    outer loop
      vertex 39 27.5 4.45
      vertex 57.7 27.5 8.4
      vertex 33 27.5 4.45
    endloop
  endfacet
  facet normal 0 -1 0
    outer loop
      vertex 57.7 27.5 2.4
      vertex 39 27.5 4.45
      vertex 39 27.5 3.15
    endloop
  endfacet
  facet normal 0 -1 0
    outer loop
      vertex 39 27.5 4.45
      vertex 57.7 27.5 2.4
      vertex 57.7 27.5 8.4
    endloop
  endfacet
  facet normal 0 -1 0
    outer loop
      vertex 33 27.5 3.15
      vertex 57.7 27.5 2.4
      vertex 39 27.5 3.15
    endloop
  endfacet
  facet normal 1 -0 0
    outer loop
      vertex 3.5 3.5 8.4
      vertex 3.5 27.5 2.4
      vertex 3.5 27.5 8.4
    endloop
  endfacet
  facet normal 1 0 0
    outer loop
      vertex 3.5 27.5 2.4
      vertex 3.5 3.5 8.4
      vertex 3.5 3.5 2.4
    endloop
  endfacet
  facet normal 0.980784 0.195099 0
    outer loop
      vertex 8.91947 7.55826 3.9
      vertex 8.85822 7.86617 2.4
      vertex 8.85822 7.86617 3.9
    endloop
  endfacet
  facet normal 0.980784 0.195099 0
    outer loop
      vertex 8.85822 7.86617 2.4
      vertex 8.91947 7.55826 3.9
      vertex 8.91947 7.55826 2.4
    endloop
  endfacet
  facet normal 0.997859 0.0653963 0
    outer loop
      vertex 8.94 7.245 3.9
      vertex 8.91947 7.55826 2.4
      vertex 8.91947 7.55826 3.9
    endloop
  endfacet
  facet normal 0.997859 0.0653963 0
    outer loop
      vertex 8.91947 7.55826 2.4
      vertex 8.94 7.245 3.9
      vertex 8.94 7.245 2.4
    endloop
  endfacet
  facet normal 0.94693 0.321441 0
    outer loop
      vertex 8.85822 7.86617 3.9
      vertex 8.75731 8.16344 2.4
      vertex 8.75731 8.16344 3.9
    endloop
  endfacet
  facet normal 0.94693 0.321441 0
    outer loop
      vertex 8.75731 8.16344 2.4
      vertex 8.85822 7.86617 3.9
      vertex 8.85822 7.86617 2.4
    endloop
  endfacet
  facet normal 0.321441 0.94693 -0
    outer loop
      vertex 7.45844 9.46231 2.4
      vertex 7.16117 9.56322 3.9
      vertex 7.45844 9.46231 3.9
    endloop
  endfacet
  facet normal 0.321441 0.94693 0
    outer loop
      vertex 7.16117 9.56322 3.9
      vertex 7.45844 9.46231 2.4
      vertex 7.16117 9.56322 2.4
    endloop
  endfacet
  facet normal -0.997859 -0.0653963 0
    outer loop
      vertex 4.16053 6.93174 2.4
      vertex 4.14 7.245 3.9
      vertex 4.14 7.245 2.4
    endloop
  endfacet
  facet normal -0.997859 -0.0653963 0
    outer loop
      vertex 4.14 7.245 3.9
      vertex 4.16053 6.93174 2.4
      vertex 4.16053 6.93174 3.9
    endloop
  endfacet
  facet normal 0.195099 0.980784 -0
    outer loop
      vertex 7.16117 9.56322 2.4
      vertex 6.85326 9.62447 3.9
      vertex 7.16117 9.56322 3.9
    endloop
  endfacet
  facet normal 0.195099 0.980784 0
    outer loop
      vertex 6.85326 9.62447 3.9
      vertex 7.16117 9.56322 2.4
      vertex 6.85326 9.62447 2.4
    endloop
  endfacet
  facet normal 0.831476 0.55556 0
    outer loop
      vertex 8.61846 8.445 3.9
      vertex 8.44405 8.70603 2.4
      vertex 8.44405 8.70603 3.9
    endloop
  endfacet
  facet normal 0.831476 0.55556 0
    outer loop
      vertex 8.44405 8.70603 2.4
      vertex 8.61846 8.445 3.9
      vertex 8.61846 8.445 2.4
    endloop
  endfacet
  facet normal 0.659341 -0.751844 0
    outer loop
      vertex 8.00103 5.34095 2.4
      vertex 8.23706 5.54794 3.9
      vertex 8.00103 5.34095 3.9
    endloop
  endfacet
  facet normal 0.659341 -0.751844 0
    outer loop
      vertex 8.23706 5.54794 3.9
      vertex 8.00103 5.34095 2.4
      vertex 8.23706 5.54794 2.4
    endloop
  endfacet
  facet normal -0.980784 0.195099 0
    outer loop
      vertex 4.16053 7.55826 2.4
      vertex 4.22178 7.86617 3.9
      vertex 4.22178 7.86617 2.4
    endloop
  endfacet
  facet normal -0.980784 0.195099 0
    outer loop
      vertex 4.22178 7.86617 3.9
      vertex 4.16053 7.55826 2.4
      vertex 4.16053 7.55826 3.9
    endloop
  endfacet
  facet normal -0.659341 -0.751844 0
    outer loop
      vertex 4.84294 5.54794 2.4
      vertex 5.07897 5.34095 3.9
      vertex 4.84294 5.54794 3.9
    endloop
  endfacet
  facet normal -0.659341 -0.751844 -0
    outer loop
      vertex 5.07897 5.34095 3.9
      vertex 4.84294 5.54794 2.4
      vertex 5.07897 5.34095 2.4
    endloop
  endfacet
  facet normal -0.659341 0.751844 0
    outer loop
      vertex 5.07897 9.14905 2.4
      vertex 4.84294 8.94206 3.9
      vertex 5.07897 9.14905 3.9
    endloop
  endfacet
  facet normal -0.659341 0.751844 0
    outer loop
      vertex 4.84294 8.94206 3.9
      vertex 5.07897 9.14905 2.4
      vertex 4.84294 8.94206 2.4
    endloop
  endfacet
  facet normal 0.751844 0.659341 0
    outer loop
      vertex 8.44405 8.70603 3.9
      vertex 8.23706 8.94206 2.4
      vertex 8.23706 8.94206 3.9
    endloop
  endfacet
  facet normal 0.751844 0.659341 0
    outer loop
      vertex 8.23706 8.94206 2.4
      vertex 8.44405 8.70603 3.9
      vertex 8.44405 8.70603 2.4
    endloop
  endfacet
  facet normal -0.831476 -0.55556 0
    outer loop
      vertex 4.63595 5.78397 2.4
      vertex 4.46154 6.045 3.9
      vertex 4.46154 6.045 2.4
    endloop
  endfacet
  facet normal -0.831476 -0.55556 0
    outer loop
      vertex 4.46154 6.045 3.9
      vertex 4.63595 5.78397 2.4
      vertex 4.63595 5.78397 3.9
    endloop
  endfacet
  facet normal 0.442289 -0.896873 0
    outer loop
      vertex 7.45844 5.02769 2.4
      vertex 7.74 5.16654 3.9
      vertex 7.45844 5.02769 3.9
    endloop
  endfacet
  facet normal 0.442289 -0.896873 0
    outer loop
      vertex 7.74 5.16654 3.9
      vertex 7.45844 5.02769 2.4
      vertex 7.74 5.16654 2.4
    endloop
  endfacet
  facet normal -0.55556 0.831476 0
    outer loop
      vertex 5.34 9.32346 2.4
      vertex 5.07897 9.14905 3.9
      vertex 5.34 9.32346 3.9
    endloop
  endfacet
  facet normal -0.55556 0.831476 0
    outer loop
      vertex 5.07897 9.14905 3.9
      vertex 5.34 9.32346 2.4
      vertex 5.07897 9.14905 2.4
    endloop
  endfacet
  facet normal 0.55556 -0.831476 0
    outer loop
      vertex 7.74 5.16654 2.4
      vertex 8.00103 5.34095 3.9
      vertex 7.74 5.16654 3.9
    endloop
  endfacet
  facet normal 0.55556 -0.831476 0
    outer loop
      vertex 8.00103 5.34095 3.9
      vertex 7.74 5.16654 2.4
      vertex 8.00103 5.34095 2.4
    endloop
  endfacet
  facet normal -0.751844 -0.659341 0
    outer loop
      vertex 4.84294 5.54794 2.4
      vertex 4.63595 5.78397 3.9
      vertex 4.63595 5.78397 2.4
    endloop
  endfacet
  facet normal -0.751844 -0.659341 0
    outer loop
      vertex 4.63595 5.78397 3.9
      vertex 4.84294 5.54794 2.4
      vertex 4.84294 5.54794 3.9
    endloop
  endfacet
  facet normal -0.195099 0.980784 0
    outer loop
      vertex 6.22674 9.62447 2.4
      vertex 5.91883 9.56322 3.9
      vertex 6.22674 9.62447 3.9
    endloop
  endfacet
  facet normal -0.195099 0.980784 0
    outer loop
      vertex 5.91883 9.56322 3.9
      vertex 6.22674 9.62447 2.4
      vertex 5.91883 9.56322 2.4
    endloop
  endfacet
  facet normal -0.94693 -0.321441 0
    outer loop
      vertex 4.32269 6.32656 2.4
      vertex 4.22178 6.62383 3.9
      vertex 4.22178 6.62383 2.4
    endloop
  endfacet
  facet normal -0.94693 -0.321441 0
    outer loop
      vertex 4.22178 6.62383 3.9
      vertex 4.32269 6.32656 2.4
      vertex 4.32269 6.32656 3.9
    endloop
  endfacet
  facet normal 0.896873 0.442289 0
    outer loop
      vertex 8.75731 8.16344 3.9
      vertex 8.61846 8.445 2.4
      vertex 8.61846 8.445 3.9
    endloop
  endfacet
  facet normal 0.896873 0.442289 0
    outer loop
      vertex 8.61846 8.445 2.4
      vertex 8.75731 8.16344 3.9
      vertex 8.75731 8.16344 2.4
    endloop
  endfacet
  facet normal -0.442289 0.896873 0
    outer loop
      vertex 5.62156 9.46231 2.4
      vertex 5.34 9.32346 3.9
      vertex 5.62156 9.46231 3.9
    endloop
  endfacet
  facet normal -0.442289 0.896873 0
    outer loop
      vertex 5.34 9.32346 3.9
      vertex 5.62156 9.46231 2.4
      vertex 5.34 9.32346 2.4
    endloop
  endfacet
  facet normal 0.997859 -0.0653963 0
    outer loop
      vertex 8.91947 6.93174 3.9
      vertex 8.94 7.245 2.4
      vertex 8.94 7.245 3.9
    endloop
  endfacet
  facet normal 0.997859 -0.0653963 0
    outer loop
      vertex 8.94 7.245 2.4
      vertex 8.91947 6.93174 3.9
      vertex 8.91947 6.93174 2.4
    endloop
  endfacet
  facet normal 0.195099 -0.980784 0
    outer loop
      vertex 6.85326 4.86553 2.4
      vertex 7.16117 4.92678 3.9
      vertex 6.85326 4.86553 3.9
    endloop
  endfacet
  facet normal 0.195099 -0.980784 0
    outer loop
      vertex 7.16117 4.92678 3.9
      vertex 6.85326 4.86553 2.4
      vertex 7.16117 4.92678 2.4
    endloop
  endfacet
  facet normal 0.980784 -0.195099 0
    outer loop
      vertex 8.85822 6.62383 3.9
      vertex 8.91947 6.93174 2.4
      vertex 8.91947 6.93174 3.9
    endloop
  endfacet
  facet normal 0.980784 -0.195099 0
    outer loop
      vertex 8.91947 6.93174 2.4
      vertex 8.85822 6.62383 3.9
      vertex 8.85822 6.62383 2.4
    endloop
  endfacet
  facet normal -0.0653963 0.997859 0
    outer loop
      vertex 6.54 9.645 2.4
      vertex 6.22674 9.62447 3.9
      vertex 6.54 9.645 3.9
    endloop
  endfacet
  facet normal -0.0653963 0.997859 0
    outer loop
      vertex 6.22674 9.62447 3.9
      vertex 6.54 9.645 2.4
      vertex 6.22674 9.62447 2.4
    endloop
  endfacet
  facet normal -0.321441 -0.94693 0
    outer loop
      vertex 5.62156 5.02769 2.4
      vertex 5.91883 4.92678 3.9
      vertex 5.62156 5.02769 3.9
    endloop
  endfacet
  facet normal -0.321441 -0.94693 -0
    outer loop
      vertex 5.91883 4.92678 3.9
      vertex 5.62156 5.02769 2.4
      vertex 5.91883 4.92678 2.4
    endloop
  endfacet
  facet normal 0.55556 0.831476 -0
    outer loop
      vertex 8.00103 9.14905 2.4
      vertex 7.74 9.32346 3.9
      vertex 8.00103 9.14905 3.9
    endloop
  endfacet
  facet normal 0.55556 0.831476 0
    outer loop
      vertex 7.74 9.32346 3.9
      vertex 8.00103 9.14905 2.4
      vertex 7.74 9.32346 2.4
    endloop
  endfacet
  facet normal -0.831476 0.55556 0
    outer loop
      vertex 4.46154 8.445 2.4
      vertex 4.63595 8.70603 3.9
      vertex 4.63595 8.70603 2.4
    endloop
  endfacet
  facet normal -0.831476 0.55556 0
    outer loop
      vertex 4.63595 8.70603 3.9
      vertex 4.46154 8.445 2.4
      vertex 4.46154 8.445 3.9
    endloop
  endfacet
  facet normal -0.980784 -0.195099 0
    outer loop
      vertex 4.22178 6.62383 2.4
      vertex 4.16053 6.93174 3.9
      vertex 4.16053 6.93174 2.4
    endloop
  endfacet
  facet normal -0.980784 -0.195099 0
    outer loop
      vertex 4.16053 6.93174 3.9
      vertex 4.22178 6.62383 2.4
      vertex 4.22178 6.62383 3.9
    endloop
  endfacet
  facet normal -0.896873 0.442289 0
    outer loop
      vertex 4.32269 8.16344 2.4
      vertex 4.46154 8.445 3.9
      vertex 4.46154 8.445 2.4
    endloop
  endfacet
  facet normal -0.896873 0.442289 0
    outer loop
      vertex 4.46154 8.445 3.9
      vertex 4.32269 8.16344 2.4
      vertex 4.32269 8.16344 3.9
    endloop
  endfacet
  facet normal 0.659341 0.751844 -0
    outer loop
      vertex 8.23706 8.94206 2.4
      vertex 8.00103 9.14905 3.9
      vertex 8.23706 8.94206 3.9
    endloop
  endfacet
  facet normal 0.659341 0.751844 0
    outer loop
      vertex 8.00103 9.14905 3.9
      vertex 8.23706 8.94206 2.4
      vertex 8.00103 9.14905 2.4
    endloop
  endfacet
  facet normal -0.321441 0.94693 0
    outer loop
      vertex 5.91883 9.56322 2.4
      vertex 5.62156 9.46231 3.9
      vertex 5.91883 9.56322 3.9
    endloop
  endfacet
  facet normal -0.321441 0.94693 0
    outer loop
      vertex 5.62156 9.46231 3.9
      vertex 5.91883 9.56322 2.4
      vertex 5.62156 9.46231 2.4
    endloop
  endfacet
  facet normal -0.94693 0.321441 0
    outer loop
      vertex 4.22178 7.86617 2.4
      vertex 4.32269 8.16344 3.9
      vertex 4.32269 8.16344 2.4
    endloop
  endfacet
  facet normal -0.94693 0.321441 0
    outer loop
      vertex 4.32269 8.16344 3.9
      vertex 4.22178 7.86617 2.4
      vertex 4.22178 7.86617 3.9
    endloop
  endfacet
  facet normal 0.0653963 -0.997859 0
    outer loop
      vertex 6.54 4.845 2.4
      vertex 6.85326 4.86553 3.9
      vertex 6.54 4.845 3.9
    endloop
  endfacet
  facet normal 0.0653963 -0.997859 0
    outer loop
      vertex 6.85326 4.86553 3.9
      vertex 6.54 4.845 2.4
      vertex 6.85326 4.86553 2.4
    endloop
  endfacet
  facet normal -0.442289 -0.896873 0
    outer loop
      vertex 5.34 5.16654 2.4
      vertex 5.62156 5.02769 3.9
      vertex 5.34 5.16654 3.9
    endloop
  endfacet
  facet normal -0.442289 -0.896873 -0
    outer loop
      vertex 5.62156 5.02769 3.9
      vertex 5.34 5.16654 2.4
      vertex 5.62156 5.02769 2.4
    endloop
  endfacet
  facet normal -0.751844 0.659341 0
    outer loop
      vertex 4.63595 8.70603 2.4
      vertex 4.84294 8.94206 3.9
      vertex 4.84294 8.94206 2.4
    endloop
  endfacet
  facet normal -0.751844 0.659341 0
    outer loop
      vertex 4.84294 8.94206 3.9
      vertex 4.63595 8.70603 2.4
      vertex 4.63595 8.70603 3.9
    endloop
  endfacet
  facet normal 0.751844 -0.659341 0
    outer loop
      vertex 8.23706 5.54794 3.9
      vertex 8.44405 5.78397 2.4
      vertex 8.44405 5.78397 3.9
    endloop
  endfacet
  facet normal 0.751844 -0.659341 0
    outer loop
      vertex 8.44405 5.78397 2.4
      vertex 8.23706 5.54794 3.9
      vertex 8.23706 5.54794 2.4
    endloop
  endfacet
  facet normal 0.94693 -0.321441 0
    outer loop
      vertex 8.75731 6.32656 3.9
      vertex 8.85822 6.62383 2.4
      vertex 8.85822 6.62383 3.9
    endloop
  endfacet
  facet normal 0.94693 -0.321441 0
    outer loop
      vertex 8.85822 6.62383 2.4
      vertex 8.75731 6.32656 3.9
      vertex 8.75731 6.32656 2.4
    endloop
  endfacet
  facet normal 0.442289 0.896873 -0
    outer loop
      vertex 7.74 9.32346 2.4
      vertex 7.45844 9.46231 3.9
      vertex 7.74 9.32346 3.9
    endloop
  endfacet
  facet normal 0.442289 0.896873 0
    outer loop
      vertex 7.45844 9.46231 3.9
      vertex 7.74 9.32346 2.4
      vertex 7.45844 9.46231 2.4
    endloop
  endfacet
  facet normal 0.896873 -0.442289 0
    outer loop
      vertex 8.61846 6.045 3.9
      vertex 8.75731 6.32656 2.4
      vertex 8.75731 6.32656 3.9
    endloop
  endfacet
  facet normal 0.896873 -0.442289 0
    outer loop
      vertex 8.75731 6.32656 2.4
      vertex 8.61846 6.045 3.9
      vertex 8.61846 6.045 2.4
    endloop
  endfacet
  facet normal 0 0 1
    outer loop
      vertex 7.34 7.245 3.9
      vertex 8.94 7.245 3.9
      vertex 8.91947 7.55826 3.9
    endloop
  endfacet
  facet normal 0 0 1
    outer loop
      vertex 7.33316 7.34942 3.9
      vertex 8.91947 7.55826 3.9
      vertex 8.85822 7.86617 3.9
    endloop
  endfacet
  facet normal 0 0 1
    outer loop
      vertex 8.94 7.245 3.9
      vertex 7.34 7.245 3.9
      vertex 8.91947 6.93174 3.9
    endloop
  endfacet
  facet normal 0 0 1
    outer loop
      vertex 7.31274 7.45205 3.9
      vertex 8.85822 7.86617 3.9
      vertex 8.75731 8.16344 3.9
    endloop
  endfacet
  facet normal -0 0 1
    outer loop
      vertex 7.33316 7.14058 3.9
      vertex 8.91947 6.93174 3.9
      vertex 7.34 7.245 3.9
    endloop
  endfacet
  facet normal 0 0 1
    outer loop
      vertex 7.2791 7.55115 3.9
      vertex 8.75731 8.16344 3.9
      vertex 8.61846 8.445 3.9
    endloop
  endfacet
  facet normal 0 0 1
    outer loop
      vertex 8.91947 6.93174 3.9
      vertex 7.33316 7.14058 3.9
      vertex 8.85822 6.62383 3.9
    endloop
  endfacet
  facet normal 0 0 1
    outer loop
      vertex 7.23282 7.645 3.9
      vertex 8.61846 8.445 3.9
      vertex 8.44405 8.70603 3.9
    endloop
  endfacet
  facet normal -0 0 1
    outer loop
      vertex 7.31274 7.03794 3.9
      vertex 8.85822 6.62383 3.9
      vertex 7.33316 7.14058 3.9
    endloop
  endfacet
  facet normal 0 0 1
    outer loop
      vertex 7.17468 7.73201 3.9
      vertex 8.44405 8.70603 3.9
      vertex 8.23706 8.94206 3.9
    endloop
  endfacet
  facet normal 0 0 1
    outer loop
      vertex 8.85822 6.62383 3.9
      vertex 7.31274 7.03794 3.9
      vertex 8.75731 6.32656 3.9
    endloop
  endfacet
  facet normal 0 0 1
    outer loop
      vertex 7.10569 7.81069 3.9
      vertex 8.23706 8.94206 3.9
      vertex 8.00103 9.14905 3.9
    endloop
  endfacet
  facet normal -0 0 1
    outer loop
      vertex 7.2791 6.93885 3.9
      vertex 8.75731 6.32656 3.9
      vertex 7.31274 7.03794 3.9
    endloop
  endfacet
  facet normal 0 0 1
    outer loop
      vertex 7.02701 7.87968 3.9
      vertex 8.00103 9.14905 3.9
      vertex 7.74 9.32346 3.9
    endloop
  endfacet
  facet normal 0 0 1
    outer loop
      vertex 8.75731 6.32656 3.9
      vertex 7.2791 6.93885 3.9
      vertex 8.61846 6.045 3.9
    endloop
  endfacet
  facet normal 0 0 1
    outer loop
      vertex 6.94 7.93782 3.9
      vertex 7.74 9.32346 3.9
      vertex 7.45844 9.46231 3.9
    endloop
  endfacet
  facet normal -0 0 1
    outer loop
      vertex 7.23282 6.845 3.9
      vertex 8.61846 6.045 3.9
      vertex 7.2791 6.93885 3.9
    endloop
  endfacet
  facet normal 0 0 1
    outer loop
      vertex 8.61846 6.045 3.9
      vertex 7.23282 6.845 3.9
      vertex 8.44405 5.78397 3.9
    endloop
  endfacet
  facet normal 0 0 1
    outer loop
      vertex 8.91947 7.55826 3.9
      vertex 7.33316 7.34942 3.9
      vertex 7.34 7.245 3.9
    endloop
  endfacet
  facet normal 0 0 1
    outer loop
      vertex 8.85822 7.86617 3.9
      vertex 7.31274 7.45205 3.9
      vertex 7.33316 7.34942 3.9
    endloop
  endfacet
  facet normal 0 0 1
    outer loop
      vertex 8.75731 8.16344 3.9
      vertex 7.2791 7.55115 3.9
      vertex 7.31274 7.45205 3.9
    endloop
  endfacet
  facet normal 0 0 1
    outer loop
      vertex 8.61846 8.445 3.9
      vertex 7.23282 7.645 3.9
      vertex 7.2791 7.55115 3.9
    endloop
  endfacet
  facet normal 0 0 1
    outer loop
      vertex 8.44405 8.70603 3.9
      vertex 7.17468 7.73201 3.9
      vertex 7.23282 7.645 3.9
    endloop
  endfacet
  facet normal 0 0 1
    outer loop
      vertex 6.84615 7.9841 3.9
      vertex 7.45844 9.46231 3.9
      vertex 7.16117 9.56322 3.9
    endloop
  endfacet
  facet normal 0 0 1
    outer loop
      vertex 8.23706 8.94206 3.9
      vertex 7.10569 7.81069 3.9
      vertex 7.17468 7.73201 3.9
    endloop
  endfacet
  facet normal 0 0 1
    outer loop
      vertex 8.00103 9.14905 3.9
      vertex 7.02701 7.87968 3.9
      vertex 7.10569 7.81069 3.9
    endloop
  endfacet
  facet normal 0 0 1
    outer loop
      vertex 7.74 9.32346 3.9
      vertex 6.94 7.93782 3.9
      vertex 7.02701 7.87968 3.9
    endloop
  endfacet
  facet normal 0 0 1
    outer loop
      vertex 6.74706 8.01774 3.9
      vertex 7.16117 9.56322 3.9
      vertex 6.85326 9.62447 3.9
    endloop
  endfacet
  facet normal 0 0 1
    outer loop
      vertex 7.45844 9.46231 3.9
      vertex 6.84615 7.9841 3.9
      vertex 6.94 7.93782 3.9
    endloop
  endfacet
  facet normal 0 0 1
    outer loop
      vertex 7.16117 9.56322 3.9
      vertex 6.74706 8.01774 3.9
      vertex 6.84615 7.9841 3.9
    endloop
  endfacet
  facet normal 0 0 1
    outer loop
      vertex 6.85326 9.62447 3.9
      vertex 6.64442 8.03816 3.9
      vertex 6.74706 8.01774 3.9
    endloop
  endfacet
  facet normal 0 0 1
    outer loop
      vertex 6.54 9.645 3.9
      vertex 6.64442 8.03816 3.9
      vertex 6.85326 9.62447 3.9
    endloop
  endfacet
  facet normal 0 0 1
    outer loop
      vertex 6.54 9.645 3.9
      vertex 6.54 8.045 3.9
      vertex 6.64442 8.03816 3.9
    endloop
  endfacet
  facet normal 0 0 1
    outer loop
      vertex 6.54 9.645 3.9
      vertex 6.43558 8.03816 3.9
      vertex 6.54 8.045 3.9
    endloop
  endfacet
  facet normal -0 0 1
    outer loop
      vertex 6.22674 9.62447 3.9
      vertex 6.43558 8.03816 3.9
      vertex 6.54 9.645 3.9
    endloop
  endfacet
  facet normal 0 0 1
    outer loop
      vertex 6.43558 8.03816 3.9
      vertex 6.22674 9.62447 3.9
      vertex 6.33294 8.01774 3.9
    endloop
  endfacet
  facet normal -0 0 1
    outer loop
      vertex 5.91883 9.56322 3.9
      vertex 6.33294 8.01774 3.9
      vertex 6.22674 9.62447 3.9
    endloop
  endfacet
  facet normal 0 0 1
    outer loop
      vertex 6.33294 8.01774 3.9
      vertex 5.91883 9.56322 3.9
      vertex 6.23385 7.9841 3.9
    endloop
  endfacet
  facet normal -0 0 1
    outer loop
      vertex 5.62156 9.46231 3.9
      vertex 6.23385 7.9841 3.9
      vertex 5.91883 9.56322 3.9
    endloop
  endfacet
  facet normal 0 0 1
    outer loop
      vertex 6.23385 7.9841 3.9
      vertex 5.62156 9.46231 3.9
      vertex 6.14 7.93782 3.9
    endloop
  endfacet
  facet normal -0 0 1
    outer loop
      vertex 5.34 9.32346 3.9
      vertex 6.14 7.93782 3.9
      vertex 5.62156 9.46231 3.9
    endloop
  endfacet
  facet normal 0 0 1
    outer loop
      vertex 6.14 7.93782 3.9
      vertex 5.34 9.32346 3.9
      vertex 6.05299 7.87968 3.9
    endloop
  endfacet
  facet normal -0 0 1
    outer loop
      vertex 5.07897 9.14905 3.9
      vertex 6.05299 7.87968 3.9
      vertex 5.34 9.32346 3.9
    endloop
  endfacet
  facet normal 0 0 1
    outer loop
      vertex 6.05299 7.87968 3.9
      vertex 5.07897 9.14905 3.9
      vertex 5.97431 7.81069 3.9
    endloop
  endfacet
  facet normal -0 0 1
    outer loop
      vertex 4.84294 8.94206 3.9
      vertex 5.97431 7.81069 3.9
      vertex 5.07897 9.14905 3.9
    endloop
  endfacet
  facet normal 0 0 1
    outer loop
      vertex 5.97431 7.81069 3.9
      vertex 4.84294 8.94206 3.9
      vertex 5.90532 7.73201 3.9
    endloop
  endfacet
  facet normal 0 0 1
    outer loop
      vertex 5.90532 7.73201 3.9
      vertex 4.63595 8.70603 3.9
      vertex 5.84718 7.645 3.9
    endloop
  endfacet
  facet normal -0 0 1
    outer loop
      vertex 4.63595 8.70603 3.9
      vertex 5.90532 7.73201 3.9
      vertex 4.84294 8.94206 3.9
    endloop
  endfacet
  facet normal -0 0 1
    outer loop
      vertex 7.17468 6.75799 3.9
      vertex 8.44405 5.78397 3.9
      vertex 7.23282 6.845 3.9
    endloop
  endfacet
  facet normal 0 0 1
    outer loop
      vertex 8.44405 5.78397 3.9
      vertex 7.17468 6.75799 3.9
      vertex 8.23706 5.54794 3.9
    endloop
  endfacet
  facet normal -0 0 1
    outer loop
      vertex 7.10569 6.67931 3.9
      vertex 8.23706 5.54794 3.9
      vertex 7.17468 6.75799 3.9
    endloop
  endfacet
  facet normal 0 0 1
    outer loop
      vertex 8.23706 5.54794 3.9
      vertex 7.10569 6.67931 3.9
      vertex 8.00103 5.34095 3.9
    endloop
  endfacet
  facet normal -0 0 1
    outer loop
      vertex 7.02701 6.61032 3.9
      vertex 8.00103 5.34095 3.9
      vertex 7.10569 6.67931 3.9
    endloop
  endfacet
  facet normal 0 0 1
    outer loop
      vertex 8.00103 5.34095 3.9
      vertex 7.02701 6.61032 3.9
      vertex 7.74 5.16654 3.9
    endloop
  endfacet
  facet normal -0 0 1
    outer loop
      vertex 6.94 6.55218 3.9
      vertex 7.74 5.16654 3.9
      vertex 7.02701 6.61032 3.9
    endloop
  endfacet
  facet normal 0 0 1
    outer loop
      vertex 7.74 5.16654 3.9
      vertex 6.94 6.55218 3.9
      vertex 7.45844 5.02769 3.9
    endloop
  endfacet
  facet normal -0 0 1
    outer loop
      vertex 6.84615 6.5059 3.9
      vertex 7.45844 5.02769 3.9
      vertex 6.94 6.55218 3.9
    endloop
  endfacet
  facet normal 0 0 1
    outer loop
      vertex 7.45844 5.02769 3.9
      vertex 6.84615 6.5059 3.9
      vertex 7.16117 4.92678 3.9
    endloop
  endfacet
  facet normal -0 0 1
    outer loop
      vertex 6.74706 6.47226 3.9
      vertex 7.16117 4.92678 3.9
      vertex 6.84615 6.5059 3.9
    endloop
  endfacet
  facet normal 0 0 1
    outer loop
      vertex 7.16117 4.92678 3.9
      vertex 6.74706 6.47226 3.9
      vertex 6.85326 4.86553 3.9
    endloop
  endfacet
  facet normal -0 0 1
    outer loop
      vertex 6.64442 6.45184 3.9
      vertex 6.85326 4.86553 3.9
      vertex 6.74706 6.47226 3.9
    endloop
  endfacet
  facet normal -0 0 1
    outer loop
      vertex 6.54 6.445 3.9
      vertex 6.85326 4.86553 3.9
      vertex 6.64442 6.45184 3.9
    endloop
  endfacet
  facet normal 0 0 1
    outer loop
      vertex 6.54 6.445 3.9
      vertex 6.54 4.845 3.9
      vertex 6.85326 4.86553 3.9
    endloop
  endfacet
  facet normal 0 0 1
    outer loop
      vertex 6.43558 6.45184 3.9
      vertex 6.54 4.845 3.9
      vertex 6.54 6.445 3.9
    endloop
  endfacet
  facet normal 0 0 1
    outer loop
      vertex 6.22674 4.86553 3.9
      vertex 6.43558 6.45184 3.9
      vertex 6.33294 6.47226 3.9
    endloop
  endfacet
  facet normal 0 0 1
    outer loop
      vertex 5.91883 4.92678 3.9
      vertex 6.33294 6.47226 3.9
      vertex 6.23385 6.5059 3.9
    endloop
  endfacet
  facet normal 0 0 1
    outer loop
      vertex 6.43558 6.45184 3.9
      vertex 6.22674 4.86553 3.9
      vertex 6.54 4.845 3.9
    endloop
  endfacet
  facet normal 0 0 1
    outer loop
      vertex 5.62156 5.02769 3.9
      vertex 6.23385 6.5059 3.9
      vertex 6.14 6.55218 3.9
    endloop
  endfacet
  facet normal 0 0 1
    outer loop
      vertex 5.34 5.16654 3.9
      vertex 6.14 6.55218 3.9
      vertex 6.05299 6.61032 3.9
    endloop
  endfacet
  facet normal 0 0 1
    outer loop
      vertex 5.07897 5.34095 3.9
      vertex 6.05299 6.61032 3.9
      vertex 5.97431 6.67931 3.9
    endloop
  endfacet
  facet normal 0 0 1
    outer loop
      vertex 6.33294 6.47226 3.9
      vertex 5.91883 4.92678 3.9
      vertex 6.22674 4.86553 3.9
    endloop
  endfacet
  facet normal 0 0 1
    outer loop
      vertex 4.84294 5.54794 3.9
      vertex 5.97431 6.67931 3.9
      vertex 5.90532 6.75799 3.9
    endloop
  endfacet
  facet normal 0 0 1
    outer loop
      vertex 4.63595 5.78397 3.9
      vertex 5.90532 6.75799 3.9
      vertex 5.84718 6.845 3.9
    endloop
  endfacet
  facet normal 0 0 1
    outer loop
      vertex 4.46154 6.045 3.9
      vertex 5.84718 6.845 3.9
      vertex 5.8009 6.93885 3.9
    endloop
  endfacet
  facet normal 0 0 1
    outer loop
      vertex 4.32269 6.32656 3.9
      vertex 5.8009 6.93885 3.9
      vertex 5.76726 7.03794 3.9
    endloop
  endfacet
  facet normal 0 0 1
    outer loop
      vertex 4.22178 6.62383 3.9
      vertex 5.76726 7.03794 3.9
      vertex 5.74684 7.14058 3.9
    endloop
  endfacet
  facet normal 0 0 1
    outer loop
      vertex 6.23385 6.5059 3.9
      vertex 5.62156 5.02769 3.9
      vertex 5.91883 4.92678 3.9
    endloop
  endfacet
  facet normal 0 0 1
    outer loop
      vertex 4.16053 6.93174 3.9
      vertex 5.74684 7.14058 3.9
      vertex 5.74 7.245 3.9
    endloop
  endfacet
  facet normal -0 0 1
    outer loop
      vertex 4.46154 8.445 3.9
      vertex 5.84718 7.645 3.9
      vertex 4.63595 8.70603 3.9
    endloop
  endfacet
  facet normal 0 0 1
    outer loop
      vertex 5.84718 7.645 3.9
      vertex 4.46154 8.445 3.9
      vertex 5.8009 7.55115 3.9
    endloop
  endfacet
  facet normal 0 0 1
    outer loop
      vertex 6.14 6.55218 3.9
      vertex 5.34 5.16654 3.9
      vertex 5.62156 5.02769 3.9
    endloop
  endfacet
  facet normal -0 0 1
    outer loop
      vertex 4.32269 8.16344 3.9
      vertex 5.8009 7.55115 3.9
      vertex 4.46154 8.445 3.9
    endloop
  endfacet
  facet normal 0 0 1
    outer loop
      vertex 6.05299 6.61032 3.9
      vertex 5.07897 5.34095 3.9
      vertex 5.34 5.16654 3.9
    endloop
  endfacet
  facet normal 0 0 1
    outer loop
      vertex 5.8009 7.55115 3.9
      vertex 4.32269 8.16344 3.9
      vertex 5.76726 7.45205 3.9
    endloop
  endfacet
  facet normal 0 0 1
    outer loop
      vertex 5.97431 6.67931 3.9
      vertex 4.84294 5.54794 3.9
      vertex 5.07897 5.34095 3.9
    endloop
  endfacet
  facet normal -0 0 1
    outer loop
      vertex 4.22178 7.86617 3.9
      vertex 5.76726 7.45205 3.9
      vertex 4.32269 8.16344 3.9
    endloop
  endfacet
  facet normal 0 0 1
    outer loop
      vertex 5.90532 6.75799 3.9
      vertex 4.63595 5.78397 3.9
      vertex 4.84294 5.54794 3.9
    endloop
  endfacet
  facet normal 0 0 1
    outer loop
      vertex 5.76726 7.45205 3.9
      vertex 4.22178 7.86617 3.9
      vertex 5.74684 7.34942 3.9
    endloop
  endfacet
  facet normal 0 0 1
    outer loop
      vertex 5.84718 6.845 3.9
      vertex 4.46154 6.045 3.9
      vertex 4.63595 5.78397 3.9
    endloop
  endfacet
  facet normal -0 0 1
    outer loop
      vertex 4.16053 7.55826 3.9
      vertex 5.74684 7.34942 3.9
      vertex 4.22178 7.86617 3.9
    endloop
  endfacet
  facet normal 0 0 1
    outer loop
      vertex 5.8009 6.93885 3.9
      vertex 4.32269 6.32656 3.9
      vertex 4.46154 6.045 3.9
    endloop
  endfacet
  facet normal 0 0 1
    outer loop
      vertex 5.74684 7.34942 3.9
      vertex 4.16053 7.55826 3.9
      vertex 5.74 7.245 3.9
    endloop
  endfacet
  facet normal 0 0 1
    outer loop
      vertex 5.76726 7.03794 3.9
      vertex 4.22178 6.62383 3.9
      vertex 4.32269 6.32656 3.9
    endloop
  endfacet
  facet normal 0 0 1
    outer loop
      vertex 4.14 7.245 3.9
      vertex 5.74 7.245 3.9
      vertex 4.16053 7.55826 3.9
    endloop
  endfacet
  facet normal 0 0 1
    outer loop
      vertex 5.74684 7.14058 3.9
      vertex 4.16053 6.93174 3.9
      vertex 4.22178 6.62383 3.9
    endloop
  endfacet
  facet normal 0 0 1
    outer loop
      vertex 5.74 7.245 3.9
      vertex 4.14 7.245 3.9
      vertex 4.16053 6.93174 3.9
    endloop
  endfacet
  facet normal -0.997859 0.0653963 0
    outer loop
      vertex 4.14 7.245 2.4
      vertex 4.16053 7.55826 3.9
      vertex 4.16053 7.55826 2.4
    endloop
  endfacet
  facet normal -0.997859 0.0653963 0
    outer loop
      vertex 4.16053 7.55826 3.9
      vertex 4.14 7.245 2.4
      vertex 4.14 7.245 3.9
    endloop
  endfacet
  facet normal -0.896873 -0.442289 0
    outer loop
      vertex 4.46154 6.045 2.4
      vertex 4.32269 6.32656 3.9
      vertex 4.32269 6.32656 2.4
    endloop
  endfacet
  facet normal -0.896873 -0.442289 0
    outer loop
      vertex 4.32269 6.32656 3.9
      vertex 4.46154 6.045 2.4
      vertex 4.46154 6.045 3.9
    endloop
  endfacet
  facet normal 0.0653963 0.997859 -0
    outer loop
      vertex 6.85326 9.62447 2.4
      vertex 6.54 9.645 3.9
      vertex 6.85326 9.62447 3.9
    endloop
  endfacet
  facet normal 0.0653963 0.997859 0
    outer loop
      vertex 6.54 9.645 3.9
      vertex 6.85326 9.62447 2.4
      vertex 6.54 9.645 2.4
    endloop
  endfacet
  facet normal 0.831476 -0.55556 0
    outer loop
      vertex 8.44405 5.78397 3.9
      vertex 8.61846 6.045 2.4
      vertex 8.61846 6.045 3.9
    endloop
  endfacet
  facet normal 0.831476 -0.55556 0
    outer loop
      vertex 8.61846 6.045 2.4
      vertex 8.44405 5.78397 3.9
      vertex 8.44405 5.78397 2.4
    endloop
  endfacet
  facet normal -0.0653963 -0.997859 0
    outer loop
      vertex 6.22674 4.86553 2.4
      vertex 6.54 4.845 3.9
      vertex 6.22674 4.86553 3.9
    endloop
  endfacet
  facet normal -0.0653963 -0.997859 -0
    outer loop
      vertex 6.54 4.845 3.9
      vertex 6.22674 4.86553 2.4
      vertex 6.54 4.845 2.4
    endloop
  endfacet
  facet normal 0.321441 -0.94693 0
    outer loop
      vertex 7.16117 4.92678 2.4
      vertex 7.45844 5.02769 3.9
      vertex 7.16117 4.92678 3.9
    endloop
  endfacet
  facet normal 0.321441 -0.94693 0
    outer loop
      vertex 7.45844 5.02769 3.9
      vertex 7.16117 4.92678 2.4
      vertex 7.45844 5.02769 2.4
    endloop
  endfacet
  facet normal -0.195099 -0.980784 0
    outer loop
      vertex 5.91883 4.92678 2.4
      vertex 6.22674 4.86553 3.9
      vertex 5.91883 4.92678 3.9
    endloop
  endfacet
  facet normal -0.195099 -0.980784 -0
    outer loop
      vertex 6.22674 4.86553 3.9
      vertex 5.91883 4.92678 2.4
      vertex 6.22674 4.86553 2.4
    endloop
  endfacet
  facet normal -0.55556 -0.831476 0
    outer loop
      vertex 5.07897 5.34095 2.4
      vertex 5.34 5.16654 3.9
      vertex 5.07897 5.34095 3.9
    endloop
  endfacet
  facet normal -0.55556 -0.831476 -0
    outer loop
      vertex 5.34 5.16654 3.9
      vertex 5.07897 5.34095 2.4
      vertex 5.34 5.16654 2.4
    endloop
  endfacet
  facet normal -0.980782 -0.195105 0
    outer loop
      vertex 4.22178 23.1338 2.4
      vertex 4.16053 23.4417 3.9
      vertex 4.16053 23.4417 2.4
    endloop
  endfacet
  facet normal -0.980782 -0.195105 0
    outer loop
      vertex 4.16053 23.4417 3.9
      vertex 4.22178 23.1338 2.4
      vertex 4.22178 23.1338 3.9
    endloop
  endfacet
  facet normal 0.980782 0.195105 0
    outer loop
      vertex 8.91947 24.0683 3.9
      vertex 8.85822 24.3762 2.4
      vertex 8.85822 24.3762 3.9
    endloop
  endfacet
  facet normal 0.980782 0.195105 0
    outer loop
      vertex 8.85822 24.3762 2.4
      vertex 8.91947 24.0683 3.9
      vertex 8.91947 24.0683 2.4
    endloop
  endfacet
  facet normal -0.99786 -0.065388 0
    outer loop
      vertex 4.16053 23.4417 2.4
      vertex 4.14 23.755 3.9
      vertex 4.14 23.755 2.4
    endloop
  endfacet
  facet normal -0.99786 -0.065388 0
    outer loop
      vertex 4.14 23.755 3.9
      vertex 4.16053 23.4417 2.4
      vertex 4.16053 23.4417 3.9
    endloop
  endfacet
  facet normal 0.0653012 0.997866 -0
    outer loop
      vertex 6.85326 26.1345 2.4
      vertex 6.54 26.155 3.9
      vertex 6.85326 26.1345 3.9
    endloop
  endfacet
  facet normal 0.0653012 0.997866 0
    outer loop
      vertex 6.54 26.155 3.9
      vertex 6.85326 26.1345 2.4
      vertex 6.54 26.155 2.4
    endloop
  endfacet
  facet normal -0.99786 0.065388 0
    outer loop
      vertex 4.14 23.755 2.4
      vertex 4.16053 24.0683 3.9
      vertex 4.16053 24.0683 2.4
    endloop
  endfacet
  facet normal -0.99786 0.065388 0
    outer loop
      vertex 4.16053 24.0683 3.9
      vertex 4.14 23.755 2.4
      vertex 4.14 23.755 3.9
    endloop
  endfacet
  facet normal -0.321412 0.946939 0
    outer loop
      vertex 5.91883 26.0732 2.4
      vertex 5.62156 25.9723 3.9
      vertex 5.91883 26.0732 3.9
    endloop
  endfacet
  facet normal -0.321412 0.946939 0
    outer loop
      vertex 5.62156 25.9723 3.9
      vertex 5.91883 26.0732 2.4
      vertex 5.62156 25.9723 2.4
    endloop
  endfacet
  facet normal 0.0653012 -0.997866 0
    outer loop
      vertex 6.54 21.355 2.4
      vertex 6.85326 21.3755 3.9
      vertex 6.54 21.355 3.9
    endloop
  endfacet
  facet normal 0.0653012 -0.997866 0
    outer loop
      vertex 6.85326 21.3755 3.9
      vertex 6.54 21.355 2.4
      vertex 6.85326 21.3755 2.4
    endloop
  endfacet
  facet normal 0.99786 0.065388 0
    outer loop
      vertex 8.94 23.755 3.9
      vertex 8.91947 24.0683 2.4
      vertex 8.91947 24.0683 3.9
    endloop
  endfacet
  facet normal 0.99786 0.065388 0
    outer loop
      vertex 8.91947 24.0683 2.4
      vertex 8.94 23.755 3.9
      vertex 8.94 23.755 2.4
    endloop
  endfacet
  facet normal -0.195252 0.980753 0
    outer loop
      vertex 6.22674 26.1345 2.4
      vertex 5.91883 26.0732 3.9
      vertex 6.22674 26.1345 3.9
    endloop
  endfacet
  facet normal -0.195252 0.980753 0
    outer loop
      vertex 5.91883 26.0732 3.9
      vertex 6.22674 26.1345 2.4
      vertex 5.91883 26.0732 2.4
    endloop
  endfacet
  facet normal -0.946907 -0.321509 0
    outer loop
      vertex 4.32269 22.8366 2.4
      vertex 4.22178 23.1338 3.9
      vertex 4.22178 23.1338 2.4
    endloop
  endfacet
  facet normal -0.946907 -0.321509 0
    outer loop
      vertex 4.22178 23.1338 3.9
      vertex 4.32269 22.8366 2.4
      vertex 4.32269 22.8366 3.9
    endloop
  endfacet
  facet normal -0.0653012 -0.997866 0
    outer loop
      vertex 6.22674 21.3755 2.4
      vertex 6.54 21.355 3.9
      vertex 6.22674 21.3755 3.9
    endloop
  endfacet
  facet normal -0.0653012 -0.997866 -0
    outer loop
      vertex 6.54 21.355 3.9
      vertex 6.22674 21.3755 2.4
      vertex 6.54 21.355 2.4
    endloop
  endfacet
  facet normal 0.946907 0.321509 0
    outer loop
      vertex 8.85822 24.3762 3.9
      vertex 8.75731 24.6734 2.4
      vertex 8.75731 24.6734 3.9
    endloop
  endfacet
  facet normal 0.946907 0.321509 0
    outer loop
      vertex 8.75731 24.6734 2.4
      vertex 8.85822 24.3762 3.9
      vertex 8.85822 24.3762 2.4
    endloop
  endfacet
  facet normal -0.44216 0.896936 0
    outer loop
      vertex 5.62156 25.9723 2.4
      vertex 5.34 25.8335 3.9
      vertex 5.62156 25.9723 3.9
    endloop
  endfacet
  facet normal -0.44216 0.896936 0
    outer loop
      vertex 5.34 25.8335 3.9
      vertex 5.62156 25.9723 2.4
      vertex 5.34 25.8335 2.4
    endloop
  endfacet
  facet normal 0.831447 -0.555604 0
    outer loop
      vertex 8.44405 22.294 3.9
      vertex 8.61846 22.555 2.4
      vertex 8.61846 22.555 3.9
    endloop
  endfacet
  facet normal 0.831447 -0.555604 0
    outer loop
      vertex 8.61846 22.555 2.4
      vertex 8.44405 22.294 3.9
      vertex 8.44405 22.294 2.4
    endloop
  endfacet
  facet normal 0.751941 0.65923 0
    outer loop
      vertex 8.44405 25.216 3.9
      vertex 8.23706 25.4521 2.4
      vertex 8.23706 25.4521 3.9
    endloop
  endfacet
  facet normal 0.751941 0.65923 0
    outer loop
      vertex 8.23706 25.4521 2.4
      vertex 8.44405 25.216 3.9
      vertex 8.44405 25.216 2.4
    endloop
  endfacet
  facet normal 0.555758 0.831344 -0
    outer loop
      vertex 8.00103 25.659 2.4
      vertex 7.74 25.8335 3.9
      vertex 8.00103 25.659 3.9
    endloop
  endfacet
  facet normal 0.555758 0.831344 0
    outer loop
      vertex 7.74 25.8335 3.9
      vertex 8.00103 25.659 2.4
      vertex 7.74 25.8335 2.4
    endloop
  endfacet
  facet normal -0.321412 -0.946939 0
    outer loop
      vertex 5.62156 21.5377 2.4
      vertex 5.91883 21.4368 3.9
      vertex 5.62156 21.5377 3.9
    endloop
  endfacet
  facet normal -0.321412 -0.946939 -0
    outer loop
      vertex 5.91883 21.4368 3.9
      vertex 5.62156 21.5377 2.4
      vertex 5.91883 21.4368 2.4
    endloop
  endfacet
  facet normal 0.99786 -0.065388 0
    outer loop
      vertex 8.91947 23.4417 3.9
      vertex 8.94 23.755 2.4
      vertex 8.94 23.755 3.9
    endloop
  endfacet
  facet normal 0.99786 -0.065388 0
    outer loop
      vertex 8.94 23.755 2.4
      vertex 8.91947 23.4417 3.9
      vertex 8.91947 23.4417 2.4
    endloop
  endfacet
  facet normal 0.980782 -0.195105 0
    outer loop
      vertex 8.85822 23.1338 3.9
      vertex 8.91947 23.4417 2.4
      vertex 8.91947 23.4417 3.9
    endloop
  endfacet
  facet normal 0.980782 -0.195105 0
    outer loop
      vertex 8.91947 23.4417 2.4
      vertex 8.85822 23.1338 3.9
      vertex 8.85822 23.1338 2.4
    endloop
  endfacet
  facet normal 0.896898 -0.442238 0
    outer loop
      vertex 8.61846 22.555 3.9
      vertex 8.75731 22.8366 2.4
      vertex 8.75731 22.8366 3.9
    endloop
  endfacet
  facet normal 0.896898 -0.442238 0
    outer loop
      vertex 8.75731 22.8366 2.4
      vertex 8.61846 22.555 3.9
      vertex 8.61846 22.555 2.4
    endloop
  endfacet
  facet normal -0.0653012 0.997866 0
    outer loop
      vertex 6.54 26.155 2.4
      vertex 6.22674 26.1345 3.9
      vertex 6.54 26.155 3.9
    endloop
  endfacet
  facet normal -0.0653012 0.997866 0
    outer loop
      vertex 6.22674 26.1345 3.9
      vertex 6.54 26.155 2.4
      vertex 6.22674 26.1345 2.4
    endloop
  endfacet
  facet normal -0.195252 -0.980753 0
    outer loop
      vertex 5.91883 21.4368 2.4
      vertex 6.22674 21.3755 3.9
      vertex 5.91883 21.4368 3.9
    endloop
  endfacet
  facet normal -0.195252 -0.980753 -0
    outer loop
      vertex 6.22674 21.3755 3.9
      vertex 5.91883 21.4368 2.4
      vertex 6.22674 21.3755 2.4
    endloop
  endfacet
  facet normal 0.44216 0.896936 -0
    outer loop
      vertex 7.74 25.8335 2.4
      vertex 7.45844 25.9723 3.9
      vertex 7.74 25.8335 3.9
    endloop
  endfacet
  facet normal 0.44216 0.896936 0
    outer loop
      vertex 7.45844 25.9723 3.9
      vertex 7.74 25.8335 2.4
      vertex 7.45844 25.9723 2.4
    endloop
  endfacet
  facet normal 0.321412 -0.946939 0
    outer loop
      vertex 7.16117 21.4368 2.4
      vertex 7.45844 21.5377 3.9
      vertex 7.16117 21.4368 3.9
    endloop
  endfacet
  facet normal 0.321412 -0.946939 0
    outer loop
      vertex 7.45844 21.5377 3.9
      vertex 7.16117 21.4368 2.4
      vertex 7.45844 21.5377 2.4
    endloop
  endfacet
  facet normal 0.44216 -0.896936 0
    outer loop
      vertex 7.45844 21.5377 2.4
      vertex 7.74 21.6765 3.9
      vertex 7.45844 21.5377 3.9
    endloop
  endfacet
  facet normal 0.44216 -0.896936 0
    outer loop
      vertex 7.74 21.6765 3.9
      vertex 7.45844 21.5377 2.4
      vertex 7.74 21.6765 2.4
    endloop
  endfacet
  facet normal 0.896898 0.442238 0
    outer loop
      vertex 8.75731 24.6734 3.9
      vertex 8.61846 24.955 2.4
      vertex 8.61846 24.955 3.9
    endloop
  endfacet
  facet normal 0.896898 0.442238 0
    outer loop
      vertex 8.61846 24.955 2.4
      vertex 8.75731 24.6734 3.9
      vertex 8.75731 24.6734 2.4
    endloop
  endfacet
  facet normal -0.946907 0.321509 0
    outer loop
      vertex 4.22178 24.3762 2.4
      vertex 4.32269 24.6734 3.9
      vertex 4.32269 24.6734 2.4
    endloop
  endfacet
  facet normal -0.946907 0.321509 0
    outer loop
      vertex 4.32269 24.6734 3.9
      vertex 4.22178 24.3762 2.4
      vertex 4.22178 24.3762 3.9
    endloop
  endfacet
  facet normal 0.321412 0.946939 -0
    outer loop
      vertex 7.45844 25.9723 2.4
      vertex 7.16117 26.0732 3.9
      vertex 7.45844 25.9723 3.9
    endloop
  endfacet
  facet normal 0.321412 0.946939 0
    outer loop
      vertex 7.16117 26.0732 3.9
      vertex 7.45844 25.9723 2.4
      vertex 7.16117 26.0732 2.4
    endloop
  endfacet
  facet normal 0 0 1
    outer loop
      vertex 7.34 23.755 3.9
      vertex 8.94 23.755 3.9
      vertex 8.91947 24.0683 3.9
    endloop
  endfacet
  facet normal 0 0 1
    outer loop
      vertex 7.33316 23.8594 3.9
      vertex 8.91947 24.0683 3.9
      vertex 8.85822 24.3762 3.9
    endloop
  endfacet
  facet normal 0 0 1
    outer loop
      vertex 8.94 23.755 3.9
      vertex 7.34 23.755 3.9
      vertex 8.91947 23.4417 3.9
    endloop
  endfacet
  facet normal 0 0 1
    outer loop
      vertex 7.31274 23.9621 3.9
      vertex 8.85822 24.3762 3.9
      vertex 8.75731 24.6734 3.9
    endloop
  endfacet
  facet normal -0 0 1
    outer loop
      vertex 7.33316 23.6506 3.9
      vertex 8.91947 23.4417 3.9
      vertex 7.34 23.755 3.9
    endloop
  endfacet
  facet normal 0 0 1
    outer loop
      vertex 7.2791 24.0611 3.9
      vertex 8.75731 24.6734 3.9
      vertex 8.61846 24.955 3.9
    endloop
  endfacet
  facet normal 0 0 1
    outer loop
      vertex 8.91947 23.4417 3.9
      vertex 7.33316 23.6506 3.9
      vertex 8.85822 23.1338 3.9
    endloop
  endfacet
  facet normal 0 0 1
    outer loop
      vertex 7.23282 24.155 3.9
      vertex 8.61846 24.955 3.9
      vertex 8.44405 25.216 3.9
    endloop
  endfacet
  facet normal -0 0 1
    outer loop
      vertex 7.31274 23.5479 3.9
      vertex 8.85822 23.1338 3.9
      vertex 7.33316 23.6506 3.9
    endloop
  endfacet
  facet normal 0 0 1
    outer loop
      vertex 7.17468 24.242 3.9
      vertex 8.44405 25.216 3.9
      vertex 8.23706 25.4521 3.9
    endloop
  endfacet
  facet normal 0 0 1
    outer loop
      vertex 8.85822 23.1338 3.9
      vertex 7.31274 23.5479 3.9
      vertex 8.75731 22.8366 3.9
    endloop
  endfacet
  facet normal 0 0 1
    outer loop
      vertex 7.10569 24.3207 3.9
      vertex 8.23706 25.4521 3.9
      vertex 8.00103 25.659 3.9
    endloop
  endfacet
  facet normal -0 0 1
    outer loop
      vertex 7.2791 23.4489 3.9
      vertex 8.75731 22.8366 3.9
      vertex 7.31274 23.5479 3.9
    endloop
  endfacet
  facet normal 0 0 1
    outer loop
      vertex 7.02701 24.3897 3.9
      vertex 8.00103 25.659 3.9
      vertex 7.74 25.8335 3.9
    endloop
  endfacet
  facet normal 0 0 1
    outer loop
      vertex 8.75731 22.8366 3.9
      vertex 7.2791 23.4489 3.9
      vertex 8.61846 22.555 3.9
    endloop
  endfacet
  facet normal 0 0 1
    outer loop
      vertex 6.94 24.4478 3.9
      vertex 7.74 25.8335 3.9
      vertex 7.45844 25.9723 3.9
    endloop
  endfacet
  facet normal -0 0 1
    outer loop
      vertex 7.23282 23.355 3.9
      vertex 8.61846 22.555 3.9
      vertex 7.2791 23.4489 3.9
    endloop
  endfacet
  facet normal 0 0 1
    outer loop
      vertex 8.61846 22.555 3.9
      vertex 7.23282 23.355 3.9
      vertex 8.44405 22.294 3.9
    endloop
  endfacet
  facet normal 0 0 1
    outer loop
      vertex 8.91947 24.0683 3.9
      vertex 7.33316 23.8594 3.9
      vertex 7.34 23.755 3.9
    endloop
  endfacet
  facet normal 0 0 1
    outer loop
      vertex 8.85822 24.3762 3.9
      vertex 7.31274 23.9621 3.9
      vertex 7.33316 23.8594 3.9
    endloop
  endfacet
  facet normal 0 0 1
    outer loop
      vertex 8.75731 24.6734 3.9
      vertex 7.2791 24.0611 3.9
      vertex 7.31274 23.9621 3.9
    endloop
  endfacet
  facet normal 0 0 1
    outer loop
      vertex 8.61846 24.955 3.9
      vertex 7.23282 24.155 3.9
      vertex 7.2791 24.0611 3.9
    endloop
  endfacet
  facet normal 0 0 1
    outer loop
      vertex 8.44405 25.216 3.9
      vertex 7.17468 24.242 3.9
      vertex 7.23282 24.155 3.9
    endloop
  endfacet
  facet normal 0 0 1
    outer loop
      vertex 6.84615 24.4941 3.9
      vertex 7.45844 25.9723 3.9
      vertex 7.16117 26.0732 3.9
    endloop
  endfacet
  facet normal 0 0 1
    outer loop
      vertex 8.23706 25.4521 3.9
      vertex 7.10569 24.3207 3.9
      vertex 7.17468 24.242 3.9
    endloop
  endfacet
  facet normal 0 0 1
    outer loop
      vertex 8.00103 25.659 3.9
      vertex 7.02701 24.3897 3.9
      vertex 7.10569 24.3207 3.9
    endloop
  endfacet
  facet normal 0 0 1
    outer loop
      vertex 7.74 25.8335 3.9
      vertex 6.94 24.4478 3.9
      vertex 7.02701 24.3897 3.9
    endloop
  endfacet
  facet normal 0 0 1
    outer loop
      vertex 6.74706 24.5277 3.9
      vertex 7.16117 26.0732 3.9
      vertex 6.85326 26.1345 3.9
    endloop
  endfacet
  facet normal 0 0 1
    outer loop
      vertex 7.45844 25.9723 3.9
      vertex 6.84615 24.4941 3.9
      vertex 6.94 24.4478 3.9
    endloop
  endfacet
  facet normal 0 0 1
    outer loop
      vertex 7.16117 26.0732 3.9
      vertex 6.74706 24.5277 3.9
      vertex 6.84615 24.4941 3.9
    endloop
  endfacet
  facet normal 0 0 1
    outer loop
      vertex 6.85326 26.1345 3.9
      vertex 6.64442 24.5482 3.9
      vertex 6.74706 24.5277 3.9
    endloop
  endfacet
  facet normal 0 0 1
    outer loop
      vertex 6.54 26.155 3.9
      vertex 6.64442 24.5482 3.9
      vertex 6.85326 26.1345 3.9
    endloop
  endfacet
  facet normal 0 0 1
    outer loop
      vertex 6.54 26.155 3.9
      vertex 6.54 24.555 3.9
      vertex 6.64442 24.5482 3.9
    endloop
  endfacet
  facet normal 0 0 1
    outer loop
      vertex 6.54 26.155 3.9
      vertex 6.43558 24.5482 3.9
      vertex 6.54 24.555 3.9
    endloop
  endfacet
  facet normal -0 0 1
    outer loop
      vertex 6.22674 26.1345 3.9
      vertex 6.43558 24.5482 3.9
      vertex 6.54 26.155 3.9
    endloop
  endfacet
  facet normal 0 0 1
    outer loop
      vertex 6.43558 24.5482 3.9
      vertex 6.22674 26.1345 3.9
      vertex 6.33294 24.5277 3.9
    endloop
  endfacet
  facet normal -0 0 1
    outer loop
      vertex 5.91883 26.0732 3.9
      vertex 6.33294 24.5277 3.9
      vertex 6.22674 26.1345 3.9
    endloop
  endfacet
  facet normal 0 0 1
    outer loop
      vertex 6.33294 24.5277 3.9
      vertex 5.91883 26.0732 3.9
      vertex 6.23385 24.4941 3.9
    endloop
  endfacet
  facet normal -0 0 1
    outer loop
      vertex 5.62156 25.9723 3.9
      vertex 6.23385 24.4941 3.9
      vertex 5.91883 26.0732 3.9
    endloop
  endfacet
  facet normal 0 0 1
    outer loop
      vertex 6.23385 24.4941 3.9
      vertex 5.62156 25.9723 3.9
      vertex 6.14 24.4478 3.9
    endloop
  endfacet
  facet normal -0 0 1
    outer loop
      vertex 5.34 25.8335 3.9
      vertex 6.14 24.4478 3.9
      vertex 5.62156 25.9723 3.9
    endloop
  endfacet
  facet normal 0 0 1
    outer loop
      vertex 6.14 24.4478 3.9
      vertex 5.34 25.8335 3.9
      vertex 6.05299 24.3897 3.9
    endloop
  endfacet
  facet normal -0 0 1
    outer loop
      vertex 5.07897 25.659 3.9
      vertex 6.05299 24.3897 3.9
      vertex 5.34 25.8335 3.9
    endloop
  endfacet
  facet normal 0 0 1
    outer loop
      vertex 6.05299 24.3897 3.9
      vertex 5.07897 25.659 3.9
      vertex 5.97431 24.3207 3.9
    endloop
  endfacet
  facet normal -0 0 1
    outer loop
      vertex 4.84294 25.4521 3.9
      vertex 5.97431 24.3207 3.9
      vertex 5.07897 25.659 3.9
    endloop
  endfacet
  facet normal 0 0 1
    outer loop
      vertex 5.97431 24.3207 3.9
      vertex 4.84294 25.4521 3.9
      vertex 5.90532 24.242 3.9
    endloop
  endfacet
  facet normal 0 0 1
    outer loop
      vertex 5.90532 24.242 3.9
      vertex 4.63595 25.216 3.9
      vertex 5.84718 24.155 3.9
    endloop
  endfacet
  facet normal -0 0 1
    outer loop
      vertex 4.63595 25.216 3.9
      vertex 5.90532 24.242 3.9
      vertex 4.84294 25.4521 3.9
    endloop
  endfacet
  facet normal -0 0 1
    outer loop
      vertex 7.17468 23.268 3.9
      vertex 8.44405 22.294 3.9
      vertex 7.23282 23.355 3.9
    endloop
  endfacet
  facet normal 0 0 1
    outer loop
      vertex 8.44405 22.294 3.9
      vertex 7.17468 23.268 3.9
      vertex 8.23706 22.0579 3.9
    endloop
  endfacet
  facet normal -0 0 1
    outer loop
      vertex 7.10569 23.1893 3.9
      vertex 8.23706 22.0579 3.9
      vertex 7.17468 23.268 3.9
    endloop
  endfacet
  facet normal 0 0 1
    outer loop
      vertex 8.23706 22.0579 3.9
      vertex 7.10569 23.1893 3.9
      vertex 8.00103 21.851 3.9
    endloop
  endfacet
  facet normal -0 0 1
    outer loop
      vertex 7.02701 23.1203 3.9
      vertex 8.00103 21.851 3.9
      vertex 7.10569 23.1893 3.9
    endloop
  endfacet
  facet normal 0 0 1
    outer loop
      vertex 8.00103 21.851 3.9
      vertex 7.02701 23.1203 3.9
      vertex 7.74 21.6765 3.9
    endloop
  endfacet
  facet normal -0 0 1
    outer loop
      vertex 6.94 23.0622 3.9
      vertex 7.74 21.6765 3.9
      vertex 7.02701 23.1203 3.9
    endloop
  endfacet
  facet normal 0 0 1
    outer loop
      vertex 7.74 21.6765 3.9
      vertex 6.94 23.0622 3.9
      vertex 7.45844 21.5377 3.9
    endloop
  endfacet
  facet normal -0 0 1
    outer loop
      vertex 6.84615 23.0159 3.9
      vertex 7.45844 21.5377 3.9
      vertex 6.94 23.0622 3.9
    endloop
  endfacet
  facet normal 0 0 1
    outer loop
      vertex 7.45844 21.5377 3.9
      vertex 6.84615 23.0159 3.9
      vertex 7.16117 21.4368 3.9
    endloop
  endfacet
  facet normal -0 0 1
    outer loop
      vertex 6.74706 22.9823 3.9
      vertex 7.16117 21.4368 3.9
      vertex 6.84615 23.0159 3.9
    endloop
  endfacet
  facet normal 0 0 1
    outer loop
      vertex 7.16117 21.4368 3.9
      vertex 6.74706 22.9823 3.9
      vertex 6.85326 21.3755 3.9
    endloop
  endfacet
  facet normal -0 0 1
    outer loop
      vertex 6.64442 22.9618 3.9
      vertex 6.85326 21.3755 3.9
      vertex 6.74706 22.9823 3.9
    endloop
  endfacet
  facet normal -0 0 1
    outer loop
      vertex 6.54 22.955 3.9
      vertex 6.85326 21.3755 3.9
      vertex 6.64442 22.9618 3.9
    endloop
  endfacet
  facet normal 0 0 1
    outer loop
      vertex 6.54 22.955 3.9
      vertex 6.54 21.355 3.9
      vertex 6.85326 21.3755 3.9
    endloop
  endfacet
  facet normal 0 0 1
    outer loop
      vertex 6.43558 22.9618 3.9
      vertex 6.54 21.355 3.9
      vertex 6.54 22.955 3.9
    endloop
  endfacet
  facet normal 0 0 1
    outer loop
      vertex 6.22674 21.3755 3.9
      vertex 6.43558 22.9618 3.9
      vertex 6.33294 22.9823 3.9
    endloop
  endfacet
  facet normal 0 0 1
    outer loop
      vertex 5.91883 21.4368 3.9
      vertex 6.33294 22.9823 3.9
      vertex 6.23385 23.0159 3.9
    endloop
  endfacet
  facet normal 0 0 1
    outer loop
      vertex 6.43558 22.9618 3.9
      vertex 6.22674 21.3755 3.9
      vertex 6.54 21.355 3.9
    endloop
  endfacet
  facet normal 0 0 1
    outer loop
      vertex 5.62156 21.5377 3.9
      vertex 6.23385 23.0159 3.9
      vertex 6.14 23.0622 3.9
    endloop
  endfacet
  facet normal 0 0 1
    outer loop
      vertex 5.34 21.6765 3.9
      vertex 6.14 23.0622 3.9
      vertex 6.05299 23.1203 3.9
    endloop
  endfacet
  facet normal 0 0 1
    outer loop
      vertex 5.07897 21.851 3.9
      vertex 6.05299 23.1203 3.9
      vertex 5.97431 23.1893 3.9
    endloop
  endfacet
  facet normal 0 0 1
    outer loop
      vertex 6.33294 22.9823 3.9
      vertex 5.91883 21.4368 3.9
      vertex 6.22674 21.3755 3.9
    endloop
  endfacet
  facet normal 0 0 1
    outer loop
      vertex 4.84294 22.0579 3.9
      vertex 5.97431 23.1893 3.9
      vertex 5.90532 23.268 3.9
    endloop
  endfacet
  facet normal 0 0 1
    outer loop
      vertex 4.63595 22.294 3.9
      vertex 5.90532 23.268 3.9
      vertex 5.84718 23.355 3.9
    endloop
  endfacet
  facet normal 0 0 1
    outer loop
      vertex 4.46154 22.555 3.9
      vertex 5.84718 23.355 3.9
      vertex 5.8009 23.4489 3.9
    endloop
  endfacet
  facet normal 0 0 1
    outer loop
      vertex 4.32269 22.8366 3.9
      vertex 5.8009 23.4489 3.9
      vertex 5.76726 23.5479 3.9
    endloop
  endfacet
  facet normal 0 0 1
    outer loop
      vertex 4.22178 23.1338 3.9
      vertex 5.76726 23.5479 3.9
      vertex 5.74684 23.6506 3.9
    endloop
  endfacet
  facet normal 0 0 1
    outer loop
      vertex 6.23385 23.0159 3.9
      vertex 5.62156 21.5377 3.9
      vertex 5.91883 21.4368 3.9
    endloop
  endfacet
  facet normal 0 0 1
    outer loop
      vertex 4.16053 23.4417 3.9
      vertex 5.74684 23.6506 3.9
      vertex 5.74 23.755 3.9
    endloop
  endfacet
  facet normal -0 0 1
    outer loop
      vertex 4.46154 24.955 3.9
      vertex 5.84718 24.155 3.9
      vertex 4.63595 25.216 3.9
    endloop
  endfacet
  facet normal 0 0 1
    outer loop
      vertex 5.84718 24.155 3.9
      vertex 4.46154 24.955 3.9
      vertex 5.8009 24.0611 3.9
    endloop
  endfacet
  facet normal 0 0 1
    outer loop
      vertex 6.14 23.0622 3.9
      vertex 5.34 21.6765 3.9
      vertex 5.62156 21.5377 3.9
    endloop
  endfacet
  facet normal -0 0 1
    outer loop
      vertex 4.32269 24.6734 3.9
      vertex 5.8009 24.0611 3.9
      vertex 4.46154 24.955 3.9
    endloop
  endfacet
  facet normal 0 0 1
    outer loop
      vertex 6.05299 23.1203 3.9
      vertex 5.07897 21.851 3.9
      vertex 5.34 21.6765 3.9
    endloop
  endfacet
  facet normal 0 0 1
    outer loop
      vertex 5.8009 24.0611 3.9
      vertex 4.32269 24.6734 3.9
      vertex 5.76726 23.9621 3.9
    endloop
  endfacet
  facet normal 0 0 1
    outer loop
      vertex 5.97431 23.1893 3.9
      vertex 4.84294 22.0579 3.9
      vertex 5.07897 21.851 3.9
    endloop
  endfacet
  facet normal -0 0 1
    outer loop
      vertex 4.22178 24.3762 3.9
      vertex 5.76726 23.9621 3.9
      vertex 4.32269 24.6734 3.9
    endloop
  endfacet
  facet normal 0 0 1
    outer loop
      vertex 5.90532 23.268 3.9
      vertex 4.63595 22.294 3.9
      vertex 4.84294 22.0579 3.9
    endloop
  endfacet
  facet normal 0 0 1
    outer loop
      vertex 5.76726 23.9621 3.9
      vertex 4.22178 24.3762 3.9
      vertex 5.74684 23.8594 3.9
    endloop
  endfacet
  facet normal 0 0 1
    outer loop
      vertex 5.84718 23.355 3.9
      vertex 4.46154 22.555 3.9
      vertex 4.63595 22.294 3.9
    endloop
  endfacet
  facet normal -0 0 1
    outer loop
      vertex 4.16053 24.0683 3.9
      vertex 5.74684 23.8594 3.9
      vertex 4.22178 24.3762 3.9
    endloop
  endfacet
  facet normal 0 0 1
    outer loop
      vertex 5.8009 23.4489 3.9
      vertex 4.32269 22.8366 3.9
      vertex 4.46154 22.555 3.9
    endloop
  endfacet
  facet normal 0 0 1
    outer loop
      vertex 5.74684 23.8594 3.9
      vertex 4.16053 24.0683 3.9
      vertex 5.74 23.755 3.9
    endloop
  endfacet
  facet normal 0 0 1
    outer loop
      vertex 5.76726 23.5479 3.9
      vertex 4.22178 23.1338 3.9
      vertex 4.32269 22.8366 3.9
    endloop
  endfacet
  facet normal 0 0 1
    outer loop
      vertex 4.14 23.755 3.9
      vertex 5.74 23.755 3.9
      vertex 4.16053 24.0683 3.9
    endloop
  endfacet
  facet normal 0 0 1
    outer loop
      vertex 5.74684 23.6506 3.9
      vertex 4.16053 23.4417 3.9
      vertex 4.22178 23.1338 3.9
    endloop
  endfacet
  facet normal 0 0 1
    outer loop
      vertex 5.74 23.755 3.9
      vertex 4.14 23.755 3.9
      vertex 4.16053 23.4417 3.9
    endloop
  endfacet
  facet normal -0.980782 0.195105 0
    outer loop
      vertex 4.16053 24.0683 2.4
      vertex 4.22178 24.3762 3.9
      vertex 4.22178 24.3762 2.4
    endloop
  endfacet
  facet normal -0.980782 0.195105 0
    outer loop
      vertex 4.22178 24.3762 3.9
      vertex 4.16053 24.0683 2.4
      vertex 4.16053 24.0683 3.9
    endloop
  endfacet
  facet normal 0.831447 0.555604 0
    outer loop
      vertex 8.61846 24.955 3.9
      vertex 8.44405 25.216 2.4
      vertex 8.44405 25.216 3.9
    endloop
  endfacet
  facet normal 0.831447 0.555604 0
    outer loop
      vertex 8.44405 25.216 2.4
      vertex 8.61846 24.955 3.9
      vertex 8.61846 24.955 2.4
    endloop
  endfacet
  facet normal -0.659179 -0.751986 0
    outer loop
      vertex 4.84294 22.0579 2.4
      vertex 5.07897 21.851 3.9
      vertex 4.84294 22.0579 3.9
    endloop
  endfacet
  facet normal -0.659179 -0.751986 -0
    outer loop
      vertex 5.07897 21.851 3.9
      vertex 4.84294 22.0579 2.4
      vertex 5.07897 21.851 2.4
    endloop
  endfacet
  facet normal -0.751941 -0.65923 0
    outer loop
      vertex 4.84294 22.0579 2.4
      vertex 4.63595 22.294 3.9
      vertex 4.63595 22.294 2.4
    endloop
  endfacet
  facet normal -0.751941 -0.65923 0
    outer loop
      vertex 4.63595 22.294 3.9
      vertex 4.84294 22.0579 2.4
      vertex 4.84294 22.0579 3.9
    endloop
  endfacet
  facet normal -0.831447 0.555604 0
    outer loop
      vertex 4.46154 24.955 2.4
      vertex 4.63595 25.216 3.9
      vertex 4.63595 25.216 2.4
    endloop
  endfacet
  facet normal -0.831447 0.555604 0
    outer loop
      vertex 4.63595 25.216 3.9
      vertex 4.46154 24.955 2.4
      vertex 4.46154 24.955 3.9
    endloop
  endfacet
  facet normal 0.659179 0.751986 -0
    outer loop
      vertex 8.23706 25.4521 2.4
      vertex 8.00103 25.659 3.9
      vertex 8.23706 25.4521 3.9
    endloop
  endfacet
  facet normal 0.659179 0.751986 0
    outer loop
      vertex 8.00103 25.659 3.9
      vertex 8.23706 25.4521 2.4
      vertex 8.00103 25.659 2.4
    endloop
  endfacet
  facet normal -0.831447 -0.555604 0
    outer loop
      vertex 4.63595 22.294 2.4
      vertex 4.46154 22.555 3.9
      vertex 4.46154 22.555 2.4
    endloop
  endfacet
  facet normal -0.831447 -0.555604 0
    outer loop
      vertex 4.46154 22.555 3.9
      vertex 4.63595 22.294 2.4
      vertex 4.63595 22.294 3.9
    endloop
  endfacet
  facet normal -0.659179 0.751986 0
    outer loop
      vertex 5.07897 25.659 2.4
      vertex 4.84294 25.4521 3.9
      vertex 5.07897 25.659 3.9
    endloop
  endfacet
  facet normal -0.659179 0.751986 0
    outer loop
      vertex 4.84294 25.4521 3.9
      vertex 5.07897 25.659 2.4
      vertex 4.84294 25.4521 2.4
    endloop
  endfacet
  facet normal 0.195252 -0.980753 0
    outer loop
      vertex 6.85326 21.3755 2.4
      vertex 7.16117 21.4368 3.9
      vertex 6.85326 21.3755 3.9
    endloop
  endfacet
  facet normal 0.195252 -0.980753 0
    outer loop
      vertex 7.16117 21.4368 3.9
      vertex 6.85326 21.3755 2.4
      vertex 7.16117 21.4368 2.4
    endloop
  endfacet
  facet normal -0.751941 0.65923 0
    outer loop
      vertex 4.63595 25.216 2.4
      vertex 4.84294 25.4521 3.9
      vertex 4.84294 25.4521 2.4
    endloop
  endfacet
  facet normal -0.751941 0.65923 0
    outer loop
      vertex 4.84294 25.4521 3.9
      vertex 4.63595 25.216 2.4
      vertex 4.63595 25.216 3.9
    endloop
  endfacet
  facet normal -0.555758 0.831344 0
    outer loop
      vertex 5.34 25.8335 2.4
      vertex 5.07897 25.659 3.9
      vertex 5.34 25.8335 3.9
    endloop
  endfacet
  facet normal -0.555758 0.831344 0
    outer loop
      vertex 5.07897 25.659 3.9
      vertex 5.34 25.8335 2.4
      vertex 5.07897 25.659 2.4
    endloop
  endfacet
  facet normal 0.195252 0.980753 -0
    outer loop
      vertex 7.16117 26.0732 2.4
      vertex 6.85326 26.1345 3.9
      vertex 7.16117 26.0732 3.9
    endloop
  endfacet
  facet normal 0.195252 0.980753 0
    outer loop
      vertex 6.85326 26.1345 3.9
      vertex 7.16117 26.0732 2.4
      vertex 6.85326 26.1345 2.4
    endloop
  endfacet
  facet normal 0.555758 -0.831344 0
    outer loop
      vertex 7.74 21.6765 2.4
      vertex 8.00103 21.851 3.9
      vertex 7.74 21.6765 3.9
    endloop
  endfacet
  facet normal 0.555758 -0.831344 0
    outer loop
      vertex 8.00103 21.851 3.9
      vertex 7.74 21.6765 2.4
      vertex 8.00103 21.851 2.4
    endloop
  endfacet
  facet normal 0.751941 -0.65923 0
    outer loop
      vertex 8.23706 22.0579 3.9
      vertex 8.44405 22.294 2.4
      vertex 8.44405 22.294 3.9
    endloop
  endfacet
  facet normal 0.751941 -0.65923 0
    outer loop
      vertex 8.44405 22.294 2.4
      vertex 8.23706 22.0579 3.9
      vertex 8.23706 22.0579 2.4
    endloop
  endfacet
  facet normal -0.44216 -0.896936 0
    outer loop
      vertex 5.34 21.6765 2.4
      vertex 5.62156 21.5377 3.9
      vertex 5.34 21.6765 3.9
    endloop
  endfacet
  facet normal -0.44216 -0.896936 -0
    outer loop
      vertex 5.62156 21.5377 3.9
      vertex 5.34 21.6765 2.4
      vertex 5.62156 21.5377 2.4
    endloop
  endfacet
  facet normal 0.946907 -0.321509 0
    outer loop
      vertex 8.75731 22.8366 3.9
      vertex 8.85822 23.1338 2.4
      vertex 8.85822 23.1338 3.9
    endloop
  endfacet
  facet normal 0.946907 -0.321509 0
    outer loop
      vertex 8.85822 23.1338 2.4
      vertex 8.75731 22.8366 3.9
      vertex 8.75731 22.8366 2.4
    endloop
  endfacet
  facet normal -0.555758 -0.831344 0
    outer loop
      vertex 5.07897 21.851 2.4
      vertex 5.34 21.6765 3.9
      vertex 5.07897 21.851 3.9
    endloop
  endfacet
  facet normal -0.555758 -0.831344 -0
    outer loop
      vertex 5.34 21.6765 3.9
      vertex 5.07897 21.851 2.4
      vertex 5.34 21.6765 2.4
    endloop
  endfacet
  facet normal 0.659179 -0.751986 0
    outer loop
      vertex 8.00103 21.851 2.4
      vertex 8.23706 22.0579 3.9
      vertex 8.00103 21.851 3.9
    endloop
  endfacet
  facet normal 0.659179 -0.751986 0
    outer loop
      vertex 8.23706 22.0579 3.9
      vertex 8.00103 21.851 2.4
      vertex 8.23706 22.0579 2.4
    endloop
  endfacet
  facet normal -0.896898 -0.442238 0
    outer loop
      vertex 4.46154 22.555 2.4
      vertex 4.32269 22.8366 3.9
      vertex 4.32269 22.8366 2.4
    endloop
  endfacet
  facet normal -0.896898 -0.442238 0
    outer loop
      vertex 4.32269 22.8366 3.9
      vertex 4.46154 22.555 2.4
      vertex 4.46154 22.555 3.9
    endloop
  endfacet
  facet normal -0.896898 0.442238 0
    outer loop
      vertex 4.32269 24.6734 2.4
      vertex 4.46154 24.955 3.9
      vertex 4.46154 24.955 2.4
    endloop
  endfacet
  facet normal -0.896898 0.442238 0
    outer loop
      vertex 4.46154 24.955 3.9
      vertex 4.32269 24.6734 2.4
      vertex 4.32269 24.6734 3.9
    endloop
  endfacet
  facet normal 0.980753 0.195252 0
    outer loop
      vertex 36.8595 7.55826 3.9
      vertex 36.7982 7.86617 2.4
      vertex 36.7982 7.86617 3.9
    endloop
  endfacet
  facet normal 0.980753 0.195252 0
    outer loop
      vertex 36.7982 7.86617 2.4
      vertex 36.8595 7.55826 3.9
      vertex 36.8595 7.55826 2.4
    endloop
  endfacet
  facet normal 0.751986 0.659179 0
    outer loop
      vertex 36.384 8.70603 3.9
      vertex 36.1771 8.94206 2.4
      vertex 36.1771 8.94206 3.9
    endloop
  endfacet
  facet normal 0.751986 0.659179 0
    outer loop
      vertex 36.1771 8.94206 2.4
      vertex 36.384 8.70603 3.9
      vertex 36.384 8.70603 2.4
    endloop
  endfacet
  facet normal -0.997866 -0.0653012 0
    outer loop
      vertex 32.1005 6.93174 2.4
      vertex 32.08 7.245 3.9
      vertex 32.08 7.245 2.4
    endloop
  endfacet
  facet normal -0.997866 -0.0653012 0
    outer loop
      vertex 32.08 7.245 3.9
      vertex 32.1005 6.93174 2.4
      vertex 32.1005 6.93174 3.9
    endloop
  endfacet
  facet normal -0.195105 -0.980782 0
    outer loop
      vertex 33.8588 4.92678 2.4
      vertex 34.1667 4.86553 3.9
      vertex 33.8588 4.92678 3.9
    endloop
  endfacet
  facet normal -0.195105 -0.980782 -0
    outer loop
      vertex 34.1667 4.86553 3.9
      vertex 33.8588 4.92678 2.4
      vertex 34.1667 4.86553 2.4
    endloop
  endfacet
  facet normal 0.555604 0.831447 -0
    outer loop
      vertex 35.941 9.14905 2.4
      vertex 35.68 9.32346 3.9
      vertex 35.941 9.14905 3.9
    endloop
  endfacet
  facet normal 0.555604 0.831447 0
    outer loop
      vertex 35.68 9.32346 3.9
      vertex 35.941 9.14905 2.4
      vertex 35.68 9.32346 2.4
    endloop
  endfacet
  facet normal -0.831344 0.555758 0
    outer loop
      vertex 32.4015 8.445 2.4
      vertex 32.576 8.70603 3.9
      vertex 32.576 8.70603 2.4
    endloop
  endfacet
  facet normal -0.831344 0.555758 0
    outer loop
      vertex 32.576 8.70603 3.9
      vertex 32.4015 8.445 2.4
      vertex 32.4015 8.445 3.9
    endloop
  endfacet
  facet normal 0.065388 -0.99786 0
    outer loop
      vertex 34.48 4.845 2.4
      vertex 34.7933 4.86553 3.9
      vertex 34.48 4.845 3.9
    endloop
  endfacet
  facet normal 0.065388 -0.99786 0
    outer loop
      vertex 34.7933 4.86553 3.9
      vertex 34.48 4.845 2.4
      vertex 34.7933 4.86553 2.4
    endloop
  endfacet
  facet normal -0.997866 0.0653012 0
    outer loop
      vertex 32.08 7.245 2.4
      vertex 32.1005 7.55826 3.9
      vertex 32.1005 7.55826 2.4
    endloop
  endfacet
  facet normal -0.997866 0.0653012 0
    outer loop
      vertex 32.1005 7.55826 3.9
      vertex 32.08 7.245 2.4
      vertex 32.08 7.245 3.9
    endloop
  endfacet
  facet normal 0.896936 0.44216 0
    outer loop
      vertex 36.6973 8.16344 3.9
      vertex 36.5585 8.445 2.4
      vertex 36.5585 8.445 3.9
    endloop
  endfacet
  facet normal 0.896936 0.44216 0
    outer loop
      vertex 36.5585 8.445 2.4
      vertex 36.6973 8.16344 3.9
      vertex 36.6973 8.16344 2.4
    endloop
  endfacet
  facet normal -0.442238 -0.896898 0
    outer loop
      vertex 33.28 5.16654 2.4
      vertex 33.5616 5.02769 3.9
      vertex 33.28 5.16654 3.9
    endloop
  endfacet
  facet normal -0.442238 -0.896898 -0
    outer loop
      vertex 33.5616 5.02769 3.9
      vertex 33.28 5.16654 2.4
      vertex 33.5616 5.02769 2.4
    endloop
  endfacet
  facet normal 0.751986 -0.659179 0
    outer loop
      vertex 36.1771 5.54794 3.9
      vertex 36.384 5.78397 2.4
      vertex 36.384 5.78397 3.9
    endloop
  endfacet
  facet normal 0.751986 -0.659179 0
    outer loop
      vertex 36.384 5.78397 2.4
      vertex 36.1771 5.54794 3.9
      vertex 36.1771 5.54794 2.4
    endloop
  endfacet
  facet normal 0.946939 -0.321412 0
    outer loop
      vertex 36.6973 6.32656 3.9
      vertex 36.7982 6.62383 2.4
      vertex 36.7982 6.62383 3.9
    endloop
  endfacet
  facet normal 0.946939 -0.321412 0
    outer loop
      vertex 36.7982 6.62383 2.4
      vertex 36.6973 6.32656 3.9
      vertex 36.6973 6.32656 2.4
    endloop
  endfacet
  facet normal -0.980753 0.195252 0
    outer loop
      vertex 32.1005 7.55826 2.4
      vertex 32.1618 7.86617 3.9
      vertex 32.1618 7.86617 2.4
    endloop
  endfacet
  facet normal -0.980753 0.195252 0
    outer loop
      vertex 32.1618 7.86617 3.9
      vertex 32.1005 7.55826 2.4
      vertex 32.1005 7.55826 3.9
    endloop
  endfacet
  facet normal 0.997866 0.0653012 0
    outer loop
      vertex 36.88 7.245 3.9
      vertex 36.8595 7.55826 2.4
      vertex 36.8595 7.55826 3.9
    endloop
  endfacet
  facet normal 0.997866 0.0653012 0
    outer loop
      vertex 36.8595 7.55826 2.4
      vertex 36.88 7.245 3.9
      vertex 36.88 7.245 2.4
    endloop
  endfacet
  facet normal 0.946939 0.321412 0
    outer loop
      vertex 36.7982 7.86617 3.9
      vertex 36.6973 8.16344 2.4
      vertex 36.6973 8.16344 3.9
    endloop
  endfacet
  facet normal 0.946939 0.321412 0
    outer loop
      vertex 36.6973 8.16344 2.4
      vertex 36.7982 7.86617 3.9
      vertex 36.7982 7.86617 2.4
    endloop
  endfacet
  facet normal -0.65923 0.751941 0
    outer loop
      vertex 33.019 9.14905 2.4
      vertex 32.7829 8.94206 3.9
      vertex 33.019 9.14905 3.9
    endloop
  endfacet
  facet normal -0.65923 0.751941 0
    outer loop
      vertex 32.7829 8.94206 3.9
      vertex 33.019 9.14905 2.4
      vertex 32.7829 8.94206 2.4
    endloop
  endfacet
  facet normal 0.997866 -0.0653012 0
    outer loop
      vertex 36.8595 6.93174 3.9
      vertex 36.88 7.245 2.4
      vertex 36.88 7.245 3.9
    endloop
  endfacet
  facet normal 0.997866 -0.0653012 0
    outer loop
      vertex 36.88 7.245 2.4
      vertex 36.8595 6.93174 3.9
      vertex 36.8595 6.93174 2.4
    endloop
  endfacet
  facet normal 0.442238 0.896898 -0
    outer loop
      vertex 35.68 9.32346 2.4
      vertex 35.3984 9.46231 3.9
      vertex 35.68 9.32346 3.9
    endloop
  endfacet
  facet normal 0.442238 0.896898 0
    outer loop
      vertex 35.3984 9.46231 3.9
      vertex 35.68 9.32346 2.4
      vertex 35.3984 9.46231 2.4
    endloop
  endfacet
  facet normal 0.831344 0.555758 0
    outer loop
      vertex 36.5585 8.445 3.9
      vertex 36.384 8.70603 2.4
      vertex 36.384 8.70603 3.9
    endloop
  endfacet
  facet normal 0.831344 0.555758 0
    outer loop
      vertex 36.384 8.70603 2.4
      vertex 36.5585 8.445 3.9
      vertex 36.5585 8.445 2.4
    endloop
  endfacet
  facet normal -0.555604 -0.831447 0
    outer loop
      vertex 33.019 5.34095 2.4
      vertex 33.28 5.16654 3.9
      vertex 33.019 5.34095 3.9
    endloop
  endfacet
  facet normal -0.555604 -0.831447 -0
    outer loop
      vertex 33.28 5.16654 3.9
      vertex 33.019 5.34095 2.4
      vertex 33.28 5.16654 2.4
    endloop
  endfacet
  facet normal 0.321509 0.946907 -0
    outer loop
      vertex 35.3984 9.46231 2.4
      vertex 35.1012 9.56322 3.9
      vertex 35.3984 9.46231 3.9
    endloop
  endfacet
  facet normal 0.321509 0.946907 0
    outer loop
      vertex 35.1012 9.56322 3.9
      vertex 35.3984 9.46231 2.4
      vertex 35.1012 9.56322 2.4
    endloop
  endfacet
  facet normal 0.980753 -0.195252 0
    outer loop
      vertex 36.7982 6.62383 3.9
      vertex 36.8595 6.93174 2.4
      vertex 36.8595 6.93174 3.9
    endloop
  endfacet
  facet normal 0.980753 -0.195252 0
    outer loop
      vertex 36.8595 6.93174 2.4
      vertex 36.7982 6.62383 3.9
      vertex 36.7982 6.62383 2.4
    endloop
  endfacet
  facet normal 0.65923 0.751941 -0
    outer loop
      vertex 36.1771 8.94206 2.4
      vertex 35.941 9.14905 3.9
      vertex 36.1771 8.94206 3.9
    endloop
  endfacet
  facet normal 0.65923 0.751941 0
    outer loop
      vertex 35.941 9.14905 3.9
      vertex 36.1771 8.94206 2.4
      vertex 35.941 9.14905 2.4
    endloop
  endfacet
  facet normal -0.831344 -0.555758 0
    outer loop
      vertex 32.576 5.78397 2.4
      vertex 32.4015 6.045 3.9
      vertex 32.4015 6.045 2.4
    endloop
  endfacet
  facet normal -0.831344 -0.555758 0
    outer loop
      vertex 32.4015 6.045 3.9
      vertex 32.576 5.78397 2.4
      vertex 32.576 5.78397 3.9
    endloop
  endfacet
  facet normal 0.195105 -0.980782 0
    outer loop
      vertex 34.7933 4.86553 2.4
      vertex 35.1012 4.92678 3.9
      vertex 34.7933 4.86553 3.9
    endloop
  endfacet
  facet normal 0.195105 -0.980782 0
    outer loop
      vertex 35.1012 4.92678 3.9
      vertex 34.7933 4.86553 2.4
      vertex 35.1012 4.92678 2.4
    endloop
  endfacet
  facet normal 0.896936 -0.44216 0
    outer loop
      vertex 36.5585 6.045 3.9
      vertex 36.6973 6.32656 2.4
      vertex 36.6973 6.32656 3.9
    endloop
  endfacet
  facet normal 0.896936 -0.44216 0
    outer loop
      vertex 36.6973 6.32656 2.4
      vertex 36.5585 6.045 3.9
      vertex 36.5585 6.045 2.4
    endloop
  endfacet
  facet normal -0.065388 0.99786 0
    outer loop
      vertex 34.48 9.645 2.4
      vertex 34.1667 9.62447 3.9
      vertex 34.48 9.645 3.9
    endloop
  endfacet
  facet normal -0.065388 0.99786 0
    outer loop
      vertex 34.1667 9.62447 3.9
      vertex 34.48 9.645 2.4
      vertex 34.1667 9.62447 2.4
    endloop
  endfacet
  facet normal -0.195105 0.980782 0
    outer loop
      vertex 34.1667 9.62447 2.4
      vertex 33.8588 9.56322 3.9
      vertex 34.1667 9.62447 3.9
    endloop
  endfacet
  facet normal -0.195105 0.980782 0
    outer loop
      vertex 33.8588 9.56322 3.9
      vertex 34.1667 9.62447 2.4
      vertex 33.8588 9.56322 2.4
    endloop
  endfacet
  facet normal 0.065388 0.99786 -0
    outer loop
      vertex 34.7933 9.62447 2.4
      vertex 34.48 9.645 3.9
      vertex 34.7933 9.62447 3.9
    endloop
  endfacet
  facet normal 0.065388 0.99786 0
    outer loop
      vertex 34.48 9.645 3.9
      vertex 34.7933 9.62447 2.4
      vertex 34.48 9.645 2.4
    endloop
  endfacet
  facet normal -0.946939 -0.321412 0
    outer loop
      vertex 32.2627 6.32656 2.4
      vertex 32.1618 6.62383 3.9
      vertex 32.1618 6.62383 2.4
    endloop
  endfacet
  facet normal -0.946939 -0.321412 0
    outer loop
      vertex 32.1618 6.62383 3.9
      vertex 32.2627 6.32656 2.4
      vertex 32.2627 6.32656 3.9
    endloop
  endfacet
  facet normal -0.321509 0.946907 0
    outer loop
      vertex 33.8588 9.56322 2.4
      vertex 33.5616 9.46231 3.9
      vertex 33.8588 9.56322 3.9
    endloop
  endfacet
  facet normal -0.321509 0.946907 0
    outer loop
      vertex 33.5616 9.46231 3.9
      vertex 33.8588 9.56322 2.4
      vertex 33.5616 9.46231 2.4
    endloop
  endfacet
  facet normal -0.751986 -0.659179 0
    outer loop
      vertex 32.7829 5.54794 2.4
      vertex 32.576 5.78397 3.9
      vertex 32.576 5.78397 2.4
    endloop
  endfacet
  facet normal -0.751986 -0.659179 0
    outer loop
      vertex 32.576 5.78397 3.9
      vertex 32.7829 5.54794 2.4
      vertex 32.7829 5.54794 3.9
    endloop
  endfacet
  facet normal -0.751986 0.659179 0
    outer loop
      vertex 32.576 8.70603 2.4
      vertex 32.7829 8.94206 3.9
      vertex 32.7829 8.94206 2.4
    endloop
  endfacet
  facet normal -0.751986 0.659179 0
    outer loop
      vertex 32.7829 8.94206 3.9
      vertex 32.576 8.70603 2.4
      vertex 32.576 8.70603 3.9
    endloop
  endfacet
  facet normal 0.65923 -0.751941 0
    outer loop
      vertex 35.941 5.34095 2.4
      vertex 36.1771 5.54794 3.9
      vertex 35.941 5.34095 3.9
    endloop
  endfacet
  facet normal 0.65923 -0.751941 0
    outer loop
      vertex 36.1771 5.54794 3.9
      vertex 35.941 5.34095 2.4
      vertex 36.1771 5.54794 2.4
    endloop
  endfacet
  facet normal -0.65923 -0.751941 0
    outer loop
      vertex 32.7829 5.54794 2.4
      vertex 33.019 5.34095 3.9
      vertex 32.7829 5.54794 3.9
    endloop
  endfacet
  facet normal -0.65923 -0.751941 -0
    outer loop
      vertex 33.019 5.34095 3.9
      vertex 32.7829 5.54794 2.4
      vertex 33.019 5.34095 2.4
    endloop
  endfacet
  facet normal 0.555604 -0.831447 0
    outer loop
      vertex 35.68 5.16654 2.4
      vertex 35.941 5.34095 3.9
      vertex 35.68 5.16654 3.9
    endloop
  endfacet
  facet normal 0.555604 -0.831447 0
    outer loop
      vertex 35.941 5.34095 3.9
      vertex 35.68 5.16654 2.4
      vertex 35.941 5.34095 2.4
    endloop
  endfacet
  facet normal 0.195105 0.980782 -0
    outer loop
      vertex 35.1012 9.56322 2.4
      vertex 34.7933 9.62447 3.9
      vertex 35.1012 9.56322 3.9
    endloop
  endfacet
  facet normal 0.195105 0.980782 0
    outer loop
      vertex 34.7933 9.62447 3.9
      vertex 35.1012 9.56322 2.4
      vertex 34.7933 9.62447 2.4
    endloop
  endfacet
  facet normal -0.321509 -0.946907 0
    outer loop
      vertex 33.5616 5.02769 2.4
      vertex 33.8588 4.92678 3.9
      vertex 33.5616 5.02769 3.9
    endloop
  endfacet
  facet normal -0.321509 -0.946907 -0
    outer loop
      vertex 33.8588 4.92678 3.9
      vertex 33.5616 5.02769 2.4
      vertex 33.8588 4.92678 2.4
    endloop
  endfacet
  facet normal 0.321509 -0.946907 0
    outer loop
      vertex 35.1012 4.92678 2.4
      vertex 35.3984 5.02769 3.9
      vertex 35.1012 4.92678 3.9
    endloop
  endfacet
  facet normal 0.321509 -0.946907 0
    outer loop
      vertex 35.3984 5.02769 3.9
      vertex 35.1012 4.92678 2.4
      vertex 35.3984 5.02769 2.4
    endloop
  endfacet
  facet normal 0.831344 -0.555758 0
    outer loop
      vertex 36.384 5.78397 3.9
      vertex 36.5585 6.045 2.4
      vertex 36.5585 6.045 3.9
    endloop
  endfacet
  facet normal 0.831344 -0.555758 0
    outer loop
      vertex 36.5585 6.045 2.4
      vertex 36.384 5.78397 3.9
      vertex 36.384 5.78397 2.4
    endloop
  endfacet
  facet normal -0.896936 -0.44216 0
    outer loop
      vertex 32.4015 6.045 2.4
      vertex 32.2627 6.32656 3.9
      vertex 32.2627 6.32656 2.4
    endloop
  endfacet
  facet normal -0.896936 -0.44216 0
    outer loop
      vertex 32.2627 6.32656 3.9
      vertex 32.4015 6.045 2.4
      vertex 32.4015 6.045 3.9
    endloop
  endfacet
  facet normal -0.946939 0.321412 0
    outer loop
      vertex 32.1618 7.86617 2.4
      vertex 32.2627 8.16344 3.9
      vertex 32.2627 8.16344 2.4
    endloop
  endfacet
  facet normal -0.946939 0.321412 0
    outer loop
      vertex 32.2627 8.16344 3.9
      vertex 32.1618 7.86617 2.4
      vertex 32.1618 7.86617 3.9
    endloop
  endfacet
  facet normal -0.065388 -0.99786 0
    outer loop
      vertex 34.1667 4.86553 2.4
      vertex 34.48 4.845 3.9
      vertex 34.1667 4.86553 3.9
    endloop
  endfacet
  facet normal -0.065388 -0.99786 -0
    outer loop
      vertex 34.48 4.845 3.9
      vertex 34.1667 4.86553 2.4
      vertex 34.48 4.845 2.4
    endloop
  endfacet
  facet normal -0.442238 0.896898 0
    outer loop
      vertex 33.5616 9.46231 2.4
      vertex 33.28 9.32346 3.9
      vertex 33.5616 9.46231 3.9
    endloop
  endfacet
  facet normal -0.442238 0.896898 0
    outer loop
      vertex 33.28 9.32346 3.9
      vertex 33.5616 9.46231 2.4
      vertex 33.28 9.32346 2.4
    endloop
  endfacet
  facet normal -0.980753 -0.195252 0
    outer loop
      vertex 32.1618 6.62383 2.4
      vertex 32.1005 6.93174 3.9
      vertex 32.1005 6.93174 2.4
    endloop
  endfacet
  facet normal -0.980753 -0.195252 0
    outer loop
      vertex 32.1005 6.93174 3.9
      vertex 32.1618 6.62383 2.4
      vertex 32.1618 6.62383 3.9
    endloop
  endfacet
  facet normal -0.555604 0.831447 0
    outer loop
      vertex 33.28 9.32346 2.4
      vertex 33.019 9.14905 3.9
      vertex 33.28 9.32346 3.9
    endloop
  endfacet
  facet normal -0.555604 0.831447 0
    outer loop
      vertex 33.019 9.14905 3.9
      vertex 33.28 9.32346 2.4
      vertex 33.019 9.14905 2.4
    endloop
  endfacet
  facet normal 0.442238 -0.896898 0
    outer loop
      vertex 35.3984 5.02769 2.4
      vertex 35.68 5.16654 3.9
      vertex 35.3984 5.02769 3.9
    endloop
  endfacet
  facet normal 0.442238 -0.896898 0
    outer loop
      vertex 35.68 5.16654 3.9
      vertex 35.3984 5.02769 2.4
      vertex 35.68 5.16654 2.4
    endloop
  endfacet
  facet normal -0.896936 0.44216 0
    outer loop
      vertex 32.2627 8.16344 2.4
      vertex 32.4015 8.445 3.9
      vertex 32.4015 8.445 2.4
    endloop
  endfacet
  facet normal -0.896936 0.44216 0
    outer loop
      vertex 32.4015 8.445 3.9
      vertex 32.2627 8.16344 2.4
      vertex 32.2627 8.16344 3.9
    endloop
  endfacet
  facet normal 0 0 1
    outer loop
      vertex 35.28 7.245 3.9
      vertex 36.88 7.245 3.9
      vertex 36.8595 7.55826 3.9
    endloop
  endfacet
  facet normal 0 0 1
    outer loop
      vertex 35.2732 7.34942 3.9
      vertex 36.8595 7.55826 3.9
      vertex 36.7982 7.86617 3.9
    endloop
  endfacet
  facet normal 0 0 1
    outer loop
      vertex 36.88 7.245 3.9
      vertex 35.28 7.245 3.9
      vertex 36.8595 6.93174 3.9
    endloop
  endfacet
  facet normal 0 0 1
    outer loop
      vertex 35.2527 7.45205 3.9
      vertex 36.7982 7.86617 3.9
      vertex 36.6973 8.16344 3.9
    endloop
  endfacet
  facet normal -0 0 1
    outer loop
      vertex 35.2732 7.14058 3.9
      vertex 36.8595 6.93174 3.9
      vertex 35.28 7.245 3.9
    endloop
  endfacet
  facet normal 0 0 1
    outer loop
      vertex 35.2191 7.55115 3.9
      vertex 36.6973 8.16344 3.9
      vertex 36.5585 8.445 3.9
    endloop
  endfacet
  facet normal 0 0 1
    outer loop
      vertex 36.8595 6.93174 3.9
      vertex 35.2732 7.14058 3.9
      vertex 36.7982 6.62383 3.9
    endloop
  endfacet
  facet normal 0 0 1
    outer loop
      vertex 35.1728 7.645 3.9
      vertex 36.5585 8.445 3.9
      vertex 36.384 8.70603 3.9
    endloop
  endfacet
  facet normal -0 0 1
    outer loop
      vertex 35.2527 7.03794 3.9
      vertex 36.7982 6.62383 3.9
      vertex 35.2732 7.14058 3.9
    endloop
  endfacet
  facet normal 0 0 1
    outer loop
      vertex 35.1147 7.73201 3.9
      vertex 36.384 8.70603 3.9
      vertex 36.1771 8.94206 3.9
    endloop
  endfacet
  facet normal 0 0 1
    outer loop
      vertex 36.7982 6.62383 3.9
      vertex 35.2527 7.03794 3.9
      vertex 36.6973 6.32656 3.9
    endloop
  endfacet
  facet normal 0 0 1
    outer loop
      vertex 35.0457 7.81069 3.9
      vertex 36.1771 8.94206 3.9
      vertex 35.941 9.14905 3.9
    endloop
  endfacet
  facet normal -0 0 1
    outer loop
      vertex 35.2191 6.93885 3.9
      vertex 36.6973 6.32656 3.9
      vertex 35.2527 7.03794 3.9
    endloop
  endfacet
  facet normal 0 0 1
    outer loop
      vertex 34.967 7.87968 3.9
      vertex 35.941 9.14905 3.9
      vertex 35.68 9.32346 3.9
    endloop
  endfacet
  facet normal 0 0 1
    outer loop
      vertex 36.6973 6.32656 3.9
      vertex 35.2191 6.93885 3.9
      vertex 36.5585 6.045 3.9
    endloop
  endfacet
  facet normal 0 0 1
    outer loop
      vertex 34.88 7.93782 3.9
      vertex 35.68 9.32346 3.9
      vertex 35.3984 9.46231 3.9
    endloop
  endfacet
  facet normal -0 0 1
    outer loop
      vertex 35.1728 6.845 3.9
      vertex 36.5585 6.045 3.9
      vertex 35.2191 6.93885 3.9
    endloop
  endfacet
  facet normal 0 0 1
    outer loop
      vertex 36.5585 6.045 3.9
      vertex 35.1728 6.845 3.9
      vertex 36.384 5.78397 3.9
    endloop
  endfacet
  facet normal 0 0 1
    outer loop
      vertex 36.8595 7.55826 3.9
      vertex 35.2732 7.34942 3.9
      vertex 35.28 7.245 3.9
    endloop
  endfacet
  facet normal 0 0 1
    outer loop
      vertex 36.7982 7.86617 3.9
      vertex 35.2527 7.45205 3.9
      vertex 35.2732 7.34942 3.9
    endloop
  endfacet
  facet normal 0 0 1
    outer loop
      vertex 36.6973 8.16344 3.9
      vertex 35.2191 7.55115 3.9
      vertex 35.2527 7.45205 3.9
    endloop
  endfacet
  facet normal 0 0 1
    outer loop
      vertex 36.5585 8.445 3.9
      vertex 35.1728 7.645 3.9
      vertex 35.2191 7.55115 3.9
    endloop
  endfacet
  facet normal 0 0 1
    outer loop
      vertex 36.384 8.70603 3.9
      vertex 35.1147 7.73201 3.9
      vertex 35.1728 7.645 3.9
    endloop
  endfacet
  facet normal 0 0 1
    outer loop
      vertex 34.7861 7.9841 3.9
      vertex 35.3984 9.46231 3.9
      vertex 35.1012 9.56322 3.9
    endloop
  endfacet
  facet normal 0 0 1
    outer loop
      vertex 36.1771 8.94206 3.9
      vertex 35.0457 7.81069 3.9
      vertex 35.1147 7.73201 3.9
    endloop
  endfacet
  facet normal 0 0 1
    outer loop
      vertex 35.941 9.14905 3.9
      vertex 34.967 7.87968 3.9
      vertex 35.0457 7.81069 3.9
    endloop
  endfacet
  facet normal 0 0 1
    outer loop
      vertex 35.68 9.32346 3.9
      vertex 34.88 7.93782 3.9
      vertex 34.967 7.87968 3.9
    endloop
  endfacet
  facet normal 0 0 1
    outer loop
      vertex 34.6871 8.01774 3.9
      vertex 35.1012 9.56322 3.9
      vertex 34.7933 9.62447 3.9
    endloop
  endfacet
  facet normal 0 0 1
    outer loop
      vertex 35.3984 9.46231 3.9
      vertex 34.7861 7.9841 3.9
      vertex 34.88 7.93782 3.9
    endloop
  endfacet
  facet normal 0 0 1
    outer loop
      vertex 35.1012 9.56322 3.9
      vertex 34.6871 8.01774 3.9
      vertex 34.7861 7.9841 3.9
    endloop
  endfacet
  facet normal 0 0 1
    outer loop
      vertex 34.7933 9.62447 3.9
      vertex 34.5844 8.03816 3.9
      vertex 34.6871 8.01774 3.9
    endloop
  endfacet
  facet normal 0 0 1
    outer loop
      vertex 34.48 9.645 3.9
      vertex 34.5844 8.03816 3.9
      vertex 34.7933 9.62447 3.9
    endloop
  endfacet
  facet normal 0 0 1
    outer loop
      vertex 34.48 9.645 3.9
      vertex 34.48 8.045 3.9
      vertex 34.5844 8.03816 3.9
    endloop
  endfacet
  facet normal 0 0 1
    outer loop
      vertex 34.48 9.645 3.9
      vertex 34.3756 8.03816 3.9
      vertex 34.48 8.045 3.9
    endloop
  endfacet
  facet normal -0 0 1
    outer loop
      vertex 34.1667 9.62447 3.9
      vertex 34.3756 8.03816 3.9
      vertex 34.48 9.645 3.9
    endloop
  endfacet
  facet normal 0 0 1
    outer loop
      vertex 34.3756 8.03816 3.9
      vertex 34.1667 9.62447 3.9
      vertex 34.2729 8.01774 3.9
    endloop
  endfacet
  facet normal -0 0 1
    outer loop
      vertex 33.8588 9.56322 3.9
      vertex 34.2729 8.01774 3.9
      vertex 34.1667 9.62447 3.9
    endloop
  endfacet
  facet normal 0 0 1
    outer loop
      vertex 34.2729 8.01774 3.9
      vertex 33.8588 9.56322 3.9
      vertex 34.1739 7.9841 3.9
    endloop
  endfacet
  facet normal -0 0 1
    outer loop
      vertex 33.5616 9.46231 3.9
      vertex 34.1739 7.9841 3.9
      vertex 33.8588 9.56322 3.9
    endloop
  endfacet
  facet normal 0 0 1
    outer loop
      vertex 34.1739 7.9841 3.9
      vertex 33.5616 9.46231 3.9
      vertex 34.08 7.93782 3.9
    endloop
  endfacet
  facet normal -0 0 1
    outer loop
      vertex 33.28 9.32346 3.9
      vertex 34.08 7.93782 3.9
      vertex 33.5616 9.46231 3.9
    endloop
  endfacet
  facet normal 0 0 1
    outer loop
      vertex 34.08 7.93782 3.9
      vertex 33.28 9.32346 3.9
      vertex 33.993 7.87968 3.9
    endloop
  endfacet
  facet normal -0 0 1
    outer loop
      vertex 33.019 9.14905 3.9
      vertex 33.993 7.87968 3.9
      vertex 33.28 9.32346 3.9
    endloop
  endfacet
  facet normal 0 0 1
    outer loop
      vertex 33.993 7.87968 3.9
      vertex 33.019 9.14905 3.9
      vertex 33.9143 7.81069 3.9
    endloop
  endfacet
  facet normal -0 0 1
    outer loop
      vertex 32.7829 8.94206 3.9
      vertex 33.9143 7.81069 3.9
      vertex 33.019 9.14905 3.9
    endloop
  endfacet
  facet normal 0 0 1
    outer loop
      vertex 33.9143 7.81069 3.9
      vertex 32.7829 8.94206 3.9
      vertex 33.8453 7.73201 3.9
    endloop
  endfacet
  facet normal 0 0 1
    outer loop
      vertex 33.8453 7.73201 3.9
      vertex 32.576 8.70603 3.9
      vertex 33.7872 7.645 3.9
    endloop
  endfacet
  facet normal -0 0 1
    outer loop
      vertex 32.576 8.70603 3.9
      vertex 33.8453 7.73201 3.9
      vertex 32.7829 8.94206 3.9
    endloop
  endfacet
  facet normal -0 0 1
    outer loop
      vertex 35.1147 6.75799 3.9
      vertex 36.384 5.78397 3.9
      vertex 35.1728 6.845 3.9
    endloop
  endfacet
  facet normal 0 0 1
    outer loop
      vertex 36.384 5.78397 3.9
      vertex 35.1147 6.75799 3.9
      vertex 36.1771 5.54794 3.9
    endloop
  endfacet
  facet normal -0 0 1
    outer loop
      vertex 35.0457 6.67931 3.9
      vertex 36.1771 5.54794 3.9
      vertex 35.1147 6.75799 3.9
    endloop
  endfacet
  facet normal 0 0 1
    outer loop
      vertex 36.1771 5.54794 3.9
      vertex 35.0457 6.67931 3.9
      vertex 35.941 5.34095 3.9
    endloop
  endfacet
  facet normal -0 0 1
    outer loop
      vertex 34.967 6.61032 3.9
      vertex 35.941 5.34095 3.9
      vertex 35.0457 6.67931 3.9
    endloop
  endfacet
  facet normal 0 0 1
    outer loop
      vertex 35.941 5.34095 3.9
      vertex 34.967 6.61032 3.9
      vertex 35.68 5.16654 3.9
    endloop
  endfacet
  facet normal -0 0 1
    outer loop
      vertex 34.88 6.55218 3.9
      vertex 35.68 5.16654 3.9
      vertex 34.967 6.61032 3.9
    endloop
  endfacet
  facet normal 0 0 1
    outer loop
      vertex 35.68 5.16654 3.9
      vertex 34.88 6.55218 3.9
      vertex 35.3984 5.02769 3.9
    endloop
  endfacet
  facet normal -0 0 1
    outer loop
      vertex 34.7861 6.5059 3.9
      vertex 35.3984 5.02769 3.9
      vertex 34.88 6.55218 3.9
    endloop
  endfacet
  facet normal 0 0 1
    outer loop
      vertex 35.3984 5.02769 3.9
      vertex 34.7861 6.5059 3.9
      vertex 35.1012 4.92678 3.9
    endloop
  endfacet
  facet normal -0 0 1
    outer loop
      vertex 34.6871 6.47226 3.9
      vertex 35.1012 4.92678 3.9
      vertex 34.7861 6.5059 3.9
    endloop
  endfacet
  facet normal 0 0 1
    outer loop
      vertex 35.1012 4.92678 3.9
      vertex 34.6871 6.47226 3.9
      vertex 34.7933 4.86553 3.9
    endloop
  endfacet
  facet normal -0 0 1
    outer loop
      vertex 34.5844 6.45184 3.9
      vertex 34.7933 4.86553 3.9
      vertex 34.6871 6.47226 3.9
    endloop
  endfacet
  facet normal -0 0 1
    outer loop
      vertex 34.48 6.445 3.9
      vertex 34.7933 4.86553 3.9
      vertex 34.5844 6.45184 3.9
    endloop
  endfacet
  facet normal 0 0 1
    outer loop
      vertex 34.48 6.445 3.9
      vertex 34.48 4.845 3.9
      vertex 34.7933 4.86553 3.9
    endloop
  endfacet
  facet normal 0 0 1
    outer loop
      vertex 34.3756 6.45184 3.9
      vertex 34.48 4.845 3.9
      vertex 34.48 6.445 3.9
    endloop
  endfacet
  facet normal 0 0 1
    outer loop
      vertex 34.1667 4.86553 3.9
      vertex 34.3756 6.45184 3.9
      vertex 34.2729 6.47226 3.9
    endloop
  endfacet
  facet normal 0 0 1
    outer loop
      vertex 33.8588 4.92678 3.9
      vertex 34.2729 6.47226 3.9
      vertex 34.1739 6.5059 3.9
    endloop
  endfacet
  facet normal 0 0 1
    outer loop
      vertex 34.3756 6.45184 3.9
      vertex 34.1667 4.86553 3.9
      vertex 34.48 4.845 3.9
    endloop
  endfacet
  facet normal 0 0 1
    outer loop
      vertex 33.5616 5.02769 3.9
      vertex 34.1739 6.5059 3.9
      vertex 34.08 6.55218 3.9
    endloop
  endfacet
  facet normal 0 0 1
    outer loop
      vertex 33.28 5.16654 3.9
      vertex 34.08 6.55218 3.9
      vertex 33.993 6.61032 3.9
    endloop
  endfacet
  facet normal 0 0 1
    outer loop
      vertex 33.019 5.34095 3.9
      vertex 33.993 6.61032 3.9
      vertex 33.9143 6.67931 3.9
    endloop
  endfacet
  facet normal 0 0 1
    outer loop
      vertex 34.2729 6.47226 3.9
      vertex 33.8588 4.92678 3.9
      vertex 34.1667 4.86553 3.9
    endloop
  endfacet
  facet normal 0 0 1
    outer loop
      vertex 32.7829 5.54794 3.9
      vertex 33.9143 6.67931 3.9
      vertex 33.8453 6.75799 3.9
    endloop
  endfacet
  facet normal 0 0 1
    outer loop
      vertex 32.576 5.78397 3.9
      vertex 33.8453 6.75799 3.9
      vertex 33.7872 6.845 3.9
    endloop
  endfacet
  facet normal 0 0 1
    outer loop
      vertex 32.4015 6.045 3.9
      vertex 33.7872 6.845 3.9
      vertex 33.7409 6.93885 3.9
    endloop
  endfacet
  facet normal 0 0 1
    outer loop
      vertex 32.2627 6.32656 3.9
      vertex 33.7409 6.93885 3.9
      vertex 33.7073 7.03794 3.9
    endloop
  endfacet
  facet normal 0 0 1
    outer loop
      vertex 32.1618 6.62383 3.9
      vertex 33.7073 7.03794 3.9
      vertex 33.6868 7.14058 3.9
    endloop
  endfacet
  facet normal 0 0 1
    outer loop
      vertex 34.1739 6.5059 3.9
      vertex 33.5616 5.02769 3.9
      vertex 33.8588 4.92678 3.9
    endloop
  endfacet
  facet normal 0 0 1
    outer loop
      vertex 32.1005 6.93174 3.9
      vertex 33.6868 7.14058 3.9
      vertex 33.68 7.245 3.9
    endloop
  endfacet
  facet normal -0 0 1
    outer loop
      vertex 32.4015 8.445 3.9
      vertex 33.7872 7.645 3.9
      vertex 32.576 8.70603 3.9
    endloop
  endfacet
  facet normal 0 0 1
    outer loop
      vertex 33.7872 7.645 3.9
      vertex 32.4015 8.445 3.9
      vertex 33.7409 7.55115 3.9
    endloop
  endfacet
  facet normal 0 0 1
    outer loop
      vertex 34.08 6.55218 3.9
      vertex 33.28 5.16654 3.9
      vertex 33.5616 5.02769 3.9
    endloop
  endfacet
  facet normal -0 0 1
    outer loop
      vertex 32.2627 8.16344 3.9
      vertex 33.7409 7.55115 3.9
      vertex 32.4015 8.445 3.9
    endloop
  endfacet
  facet normal 0 0 1
    outer loop
      vertex 33.993 6.61032 3.9
      vertex 33.019 5.34095 3.9
      vertex 33.28 5.16654 3.9
    endloop
  endfacet
  facet normal 0 0 1
    outer loop
      vertex 33.7409 7.55115 3.9
      vertex 32.2627 8.16344 3.9
      vertex 33.7073 7.45205 3.9
    endloop
  endfacet
  facet normal 0 0 1
    outer loop
      vertex 33.9143 6.67931 3.9
      vertex 32.7829 5.54794 3.9
      vertex 33.019 5.34095 3.9
    endloop
  endfacet
  facet normal -0 0 1
    outer loop
      vertex 32.1618 7.86617 3.9
      vertex 33.7073 7.45205 3.9
      vertex 32.2627 8.16344 3.9
    endloop
  endfacet
  facet normal 0 0 1
    outer loop
      vertex 33.8453 6.75799 3.9
      vertex 32.576 5.78397 3.9
      vertex 32.7829 5.54794 3.9
    endloop
  endfacet
  facet normal 0 0 1
    outer loop
      vertex 33.7073 7.45205 3.9
      vertex 32.1618 7.86617 3.9
      vertex 33.6868 7.34942 3.9
    endloop
  endfacet
  facet normal 0 0 1
    outer loop
      vertex 33.7872 6.845 3.9
      vertex 32.4015 6.045 3.9
      vertex 32.576 5.78397 3.9
    endloop
  endfacet
  facet normal -0 0 1
    outer loop
      vertex 32.1005 7.55826 3.9
      vertex 33.6868 7.34942 3.9
      vertex 32.1618 7.86617 3.9
    endloop
  endfacet
  facet normal 0 0 1
    outer loop
      vertex 33.7409 6.93885 3.9
      vertex 32.2627 6.32656 3.9
      vertex 32.4015 6.045 3.9
    endloop
  endfacet
  facet normal 0 0 1
    outer loop
      vertex 33.6868 7.34942 3.9
      vertex 32.1005 7.55826 3.9
      vertex 33.68 7.245 3.9
    endloop
  endfacet
  facet normal 0 0 1
    outer loop
      vertex 33.7073 7.03794 3.9
      vertex 32.1618 6.62383 3.9
      vertex 32.2627 6.32656 3.9
    endloop
  endfacet
  facet normal 0 0 1
    outer loop
      vertex 32.08 7.245 3.9
      vertex 33.68 7.245 3.9
      vertex 32.1005 7.55826 3.9
    endloop
  endfacet
  facet normal 0 0 1
    outer loop
      vertex 33.6868 7.14058 3.9
      vertex 32.1005 6.93174 3.9
      vertex 32.1618 6.62383 3.9
    endloop
  endfacet
  facet normal 0 0 1
    outer loop
      vertex 33.68 7.245 3.9
      vertex 32.08 7.245 3.9
      vertex 32.1005 6.93174 3.9
    endloop
  endfacet
  facet normal -0.32148 -0.946916 0
    outer loop
      vertex 33.5616 21.5377 2.4
      vertex 33.8588 21.4368 3.9
      vertex 33.5616 21.5377 3.9
    endloop
  endfacet
  facet normal -0.32148 -0.946916 -0
    outer loop
      vertex 33.8588 21.4368 3.9
      vertex 33.5616 21.5377 2.4
      vertex 33.8588 21.4368 2.4
    endloop
  endfacet
  facet normal 0.980752 0.195258 0
    outer loop
      vertex 36.8595 24.0683 3.9
      vertex 36.7982 24.3762 2.4
      vertex 36.7982 24.3762 3.9
    endloop
  endfacet
  facet normal 0.980752 0.195258 0
    outer loop
      vertex 36.7982 24.3762 2.4
      vertex 36.8595 24.0683 3.9
      vertex 36.8595 24.0683 2.4
    endloop
  endfacet
  facet normal 0.997866 0.0652929 0
    outer loop
      vertex 36.88 23.755 3.9
      vertex 36.8595 24.0683 2.4
      vertex 36.8595 24.0683 3.9
    endloop
  endfacet
  facet normal 0.997866 0.0652929 0
    outer loop
      vertex 36.8595 24.0683 2.4
      vertex 36.88 23.755 3.9
      vertex 36.88 23.755 2.4
    endloop
  endfacet
  facet normal 0.946916 0.32148 0
    outer loop
      vertex 36.7982 24.3762 3.9
      vertex 36.6973 24.6734 2.4
      vertex 36.6973 24.6734 3.9
    endloop
  endfacet
  facet normal 0.946916 0.32148 0
    outer loop
      vertex 36.6973 24.6734 2.4
      vertex 36.7982 24.3762 3.9
      vertex 36.7982 24.3762 2.4
    endloop
  endfacet
  facet normal 0.831315 -0.555802 0
    outer loop
      vertex 36.384 22.294 3.9
      vertex 36.5585 22.555 2.4
      vertex 36.5585 22.555 3.9
    endloop
  endfacet
  facet normal 0.831315 -0.555802 0
    outer loop
      vertex 36.5585 22.555 2.4
      vertex 36.384 22.294 3.9
      vertex 36.384 22.294 2.4
    endloop
  endfacet
  facet normal -0.831315 -0.555802 0
    outer loop
      vertex 32.576 22.294 2.4
      vertex 32.4015 22.555 3.9
      vertex 32.4015 22.555 2.4
    endloop
  endfacet
  facet normal -0.831315 -0.555802 0
    outer loop
      vertex 32.4015 22.555 3.9
      vertex 32.576 22.294 2.4
      vertex 32.576 22.294 3.9
    endloop
  endfacet
  facet normal 0.980752 -0.195258 0
    outer loop
      vertex 36.7982 23.1338 3.9
      vertex 36.8595 23.4417 2.4
      vertex 36.8595 23.4417 3.9
    endloop
  endfacet
  facet normal 0.980752 -0.195258 0
    outer loop
      vertex 36.8595 23.4417 2.4
      vertex 36.7982 23.1338 3.9
      vertex 36.7982 23.1338 2.4
    endloop
  endfacet
  facet normal -0.980752 0.195258 0
    outer loop
      vertex 32.1005 24.0683 2.4
      vertex 32.1618 24.3762 3.9
      vertex 32.1618 24.3762 2.4
    endloop
  endfacet
  facet normal -0.980752 0.195258 0
    outer loop
      vertex 32.1618 24.3762 3.9
      vertex 32.1005 24.0683 2.4
      vertex 32.1005 24.0683 3.9
    endloop
  endfacet
  facet normal 0.195258 0.980752 -0
    outer loop
      vertex 35.1012 26.0732 2.4
      vertex 34.7933 26.1345 3.9
      vertex 35.1012 26.0732 3.9
    endloop
  endfacet
  facet normal 0.195258 0.980752 0
    outer loop
      vertex 34.7933 26.1345 3.9
      vertex 35.1012 26.0732 2.4
      vertex 34.7933 26.1345 2.4
    endloop
  endfacet
  facet normal 0.946916 -0.32148 0
    outer loop
      vertex 36.6973 22.8366 3.9
      vertex 36.7982 23.1338 2.4
      vertex 36.7982 23.1338 3.9
    endloop
  endfacet
  facet normal 0.946916 -0.32148 0
    outer loop
      vertex 36.7982 23.1338 2.4
      vertex 36.6973 22.8366 3.9
      vertex 36.6973 22.8366 2.4
    endloop
  endfacet
  facet normal 0.0652929 0.997866 -0
    outer loop
      vertex 34.7933 26.1345 2.4
      vertex 34.48 26.155 3.9
      vertex 34.7933 26.1345 3.9
    endloop
  endfacet
  facet normal 0.0652929 0.997866 0
    outer loop
      vertex 34.48 26.155 3.9
      vertex 34.7933 26.1345 2.4
      vertex 34.48 26.155 2.4
    endloop
  endfacet
  facet normal -0.32148 0.946916 0
    outer loop
      vertex 33.8588 26.0732 2.4
      vertex 33.5616 25.9723 3.9
      vertex 33.8588 26.0732 3.9
    endloop
  endfacet
  facet normal -0.32148 0.946916 0
    outer loop
      vertex 33.5616 25.9723 3.9
      vertex 33.8588 26.0732 2.4
      vertex 33.5616 25.9723 2.4
    endloop
  endfacet
  facet normal 0.44211 -0.896961 0
    outer loop
      vertex 35.3984 21.5377 2.4
      vertex 35.68 21.6765 3.9
      vertex 35.3984 21.5377 3.9
    endloop
  endfacet
  facet normal 0.44211 -0.896961 0
    outer loop
      vertex 35.68 21.6765 3.9
      vertex 35.3984 21.5377 2.4
      vertex 35.68 21.6765 2.4
    endloop
  endfacet
  facet normal 0.32148 -0.946916 0
    outer loop
      vertex 35.1012 21.4368 2.4
      vertex 35.3984 21.5377 3.9
      vertex 35.1012 21.4368 3.9
    endloop
  endfacet
  facet normal 0.32148 -0.946916 0
    outer loop
      vertex 35.3984 21.5377 3.9
      vertex 35.1012 21.4368 2.4
      vertex 35.3984 21.5377 2.4
    endloop
  endfacet
  facet normal -0.659068 -0.752083 0
    outer loop
      vertex 32.7829 22.0579 2.4
      vertex 33.019 21.851 3.9
      vertex 32.7829 22.0579 3.9
    endloop
  endfacet
  facet normal -0.659068 -0.752083 -0
    outer loop
      vertex 33.019 21.851 3.9
      vertex 32.7829 22.0579 2.4
      vertex 33.019 21.851 2.4
    endloop
  endfacet
  facet normal -0.980752 -0.195258 0
    outer loop
      vertex 32.1618 23.1338 2.4
      vertex 32.1005 23.4417 3.9
      vertex 32.1005 23.4417 2.4
    endloop
  endfacet
  facet normal -0.980752 -0.195258 0
    outer loop
      vertex 32.1005 23.4417 3.9
      vertex 32.1618 23.1338 2.4
      vertex 32.1618 23.1338 3.9
    endloop
  endfacet
  facet normal -0.752083 -0.659068 0
    outer loop
      vertex 32.7829 22.0579 2.4
      vertex 32.576 22.294 3.9
      vertex 32.576 22.294 2.4
    endloop
  endfacet
  facet normal -0.752083 -0.659068 0
    outer loop
      vertex 32.576 22.294 3.9
      vertex 32.7829 22.0579 2.4
      vertex 32.7829 22.0579 3.9
    endloop
  endfacet
  facet normal -0.831315 0.555802 0
    outer loop
      vertex 32.4015 24.955 2.4
      vertex 32.576 25.216 3.9
      vertex 32.576 25.216 2.4
    endloop
  endfacet
  facet normal -0.831315 0.555802 0
    outer loop
      vertex 32.576 25.216 3.9
      vertex 32.4015 24.955 2.4
      vertex 32.4015 24.955 3.9
    endloop
  endfacet
  facet normal -0.44211 0.896961 0
    outer loop
      vertex 33.5616 25.9723 2.4
      vertex 33.28 25.8335 3.9
      vertex 33.5616 25.9723 3.9
    endloop
  endfacet
  facet normal -0.44211 0.896961 0
    outer loop
      vertex 33.28 25.8335 3.9
      vertex 33.5616 25.9723 2.4
      vertex 33.28 25.8335 2.4
    endloop
  endfacet
  facet normal -0.555802 0.831315 0
    outer loop
      vertex 33.28 25.8335 2.4
      vertex 33.019 25.659 3.9
      vertex 33.28 25.8335 3.9
    endloop
  endfacet
  facet normal -0.555802 0.831315 0
    outer loop
      vertex 33.019 25.659 3.9
      vertex 33.28 25.8335 2.4
      vertex 33.019 25.659 2.4
    endloop
  endfacet
  facet normal 0.659068 0.752083 -0
    outer loop
      vertex 36.1771 25.4521 2.4
      vertex 35.941 25.659 3.9
      vertex 36.1771 25.4521 3.9
    endloop
  endfacet
  facet normal 0.659068 0.752083 0
    outer loop
      vertex 35.941 25.659 3.9
      vertex 36.1771 25.4521 2.4
      vertex 35.941 25.659 2.4
    endloop
  endfacet
  facet normal 0.555802 -0.831315 0
    outer loop
      vertex 35.68 21.6765 2.4
      vertex 35.941 21.851 3.9
      vertex 35.68 21.6765 3.9
    endloop
  endfacet
  facet normal 0.555802 -0.831315 0
    outer loop
      vertex 35.941 21.851 3.9
      vertex 35.68 21.6765 2.4
      vertex 35.941 21.851 2.4
    endloop
  endfacet
  facet normal 0.997866 -0.0652929 0
    outer loop
      vertex 36.8595 23.4417 3.9
      vertex 36.88 23.755 2.4
      vertex 36.88 23.755 3.9
    endloop
  endfacet
  facet normal 0.997866 -0.0652929 0
    outer loop
      vertex 36.88 23.755 2.4
      vertex 36.8595 23.4417 3.9
      vertex 36.8595 23.4417 2.4
    endloop
  endfacet
  facet normal 0.44211 0.896961 -0
    outer loop
      vertex 35.68 25.8335 2.4
      vertex 35.3984 25.9723 3.9
      vertex 35.68 25.8335 3.9
    endloop
  endfacet
  facet normal 0.44211 0.896961 0
    outer loop
      vertex 35.3984 25.9723 3.9
      vertex 35.68 25.8335 2.4
      vertex 35.3984 25.9723 2.4
    endloop
  endfacet
  facet normal 0.752083 0.659068 0
    outer loop
      vertex 36.384 25.216 3.9
      vertex 36.1771 25.4521 2.4
      vertex 36.1771 25.4521 3.9
    endloop
  endfacet
  facet normal 0.752083 0.659068 0
    outer loop
      vertex 36.1771 25.4521 2.4
      vertex 36.384 25.216 3.9
      vertex 36.384 25.216 2.4
    endloop
  endfacet
  facet normal -0.946916 -0.32148 0
    outer loop
      vertex 32.2627 22.8366 2.4
      vertex 32.1618 23.1338 3.9
      vertex 32.1618 23.1338 2.4
    endloop
  endfacet
  facet normal -0.946916 -0.32148 0
    outer loop
      vertex 32.1618 23.1338 3.9
      vertex 32.2627 22.8366 2.4
      vertex 32.2627 22.8366 3.9
    endloop
  endfacet
  facet normal -0.0652929 0.997866 0
    outer loop
      vertex 34.48 26.155 2.4
      vertex 34.1667 26.1345 3.9
      vertex 34.48 26.155 3.9
    endloop
  endfacet
  facet normal -0.0652929 0.997866 0
    outer loop
      vertex 34.1667 26.1345 3.9
      vertex 34.48 26.155 2.4
      vertex 34.1667 26.1345 2.4
    endloop
  endfacet
  facet normal 0.659068 -0.752083 0
    outer loop
      vertex 35.941 21.851 2.4
      vertex 36.1771 22.0579 3.9
      vertex 35.941 21.851 3.9
    endloop
  endfacet
  facet normal 0.659068 -0.752083 0
    outer loop
      vertex 36.1771 22.0579 3.9
      vertex 35.941 21.851 2.4
      vertex 36.1771 22.0579 2.4
    endloop
  endfacet
  facet normal 0.0652929 -0.997866 0
    outer loop
      vertex 34.48 21.355 2.4
      vertex 34.7933 21.3755 3.9
      vertex 34.48 21.355 3.9
    endloop
  endfacet
  facet normal 0.0652929 -0.997866 0
    outer loop
      vertex 34.7933 21.3755 3.9
      vertex 34.48 21.355 2.4
      vertex 34.7933 21.3755 2.4
    endloop
  endfacet
  facet normal 0.195258 -0.980752 0
    outer loop
      vertex 34.7933 21.3755 2.4
      vertex 35.1012 21.4368 3.9
      vertex 34.7933 21.3755 3.9
    endloop
  endfacet
  facet normal 0.195258 -0.980752 0
    outer loop
      vertex 35.1012 21.4368 3.9
      vertex 34.7933 21.3755 2.4
      vertex 35.1012 21.4368 2.4
    endloop
  endfacet
  facet normal -0.0652929 -0.997866 0
    outer loop
      vertex 34.1667 21.3755 2.4
      vertex 34.48 21.355 3.9
      vertex 34.1667 21.3755 3.9
    endloop
  endfacet
  facet normal -0.0652929 -0.997866 -0
    outer loop
      vertex 34.48 21.355 3.9
      vertex 34.1667 21.3755 2.4
      vertex 34.48 21.355 2.4
    endloop
  endfacet
  facet normal -0.659068 0.752083 0
    outer loop
      vertex 33.019 25.659 2.4
      vertex 32.7829 25.4521 3.9
      vertex 33.019 25.659 3.9
    endloop
  endfacet
  facet normal -0.659068 0.752083 0
    outer loop
      vertex 32.7829 25.4521 3.9
      vertex 33.019 25.659 2.4
      vertex 32.7829 25.4521 2.4
    endloop
  endfacet
  facet normal 0.896961 0.44211 0
    outer loop
      vertex 36.6973 24.6734 3.9
      vertex 36.5585 24.955 2.4
      vertex 36.5585 24.955 3.9
    endloop
  endfacet
  facet normal 0.896961 0.44211 0
    outer loop
      vertex 36.5585 24.955 2.4
      vertex 36.6973 24.6734 3.9
      vertex 36.6973 24.6734 2.4
    endloop
  endfacet
  facet normal 0.831315 0.555802 0
    outer loop
      vertex 36.5585 24.955 3.9
      vertex 36.384 25.216 2.4
      vertex 36.384 25.216 3.9
    endloop
  endfacet
  facet normal 0.831315 0.555802 0
    outer loop
      vertex 36.384 25.216 2.4
      vertex 36.5585 24.955 3.9
      vertex 36.5585 24.955 2.4
    endloop
  endfacet
  facet normal -0.997866 0.0652929 0
    outer loop
      vertex 32.08 23.755 2.4
      vertex 32.1005 24.0683 3.9
      vertex 32.1005 24.0683 2.4
    endloop
  endfacet
  facet normal -0.997866 0.0652929 0
    outer loop
      vertex 32.1005 24.0683 3.9
      vertex 32.08 23.755 2.4
      vertex 32.08 23.755 3.9
    endloop
  endfacet
  facet normal 0.752083 -0.659068 0
    outer loop
      vertex 36.1771 22.0579 3.9
      vertex 36.384 22.294 2.4
      vertex 36.384 22.294 3.9
    endloop
  endfacet
  facet normal 0.752083 -0.659068 0
    outer loop
      vertex 36.384 22.294 2.4
      vertex 36.1771 22.0579 3.9
      vertex 36.1771 22.0579 2.4
    endloop
  endfacet
  facet normal -0.555802 -0.831315 0
    outer loop
      vertex 33.019 21.851 2.4
      vertex 33.28 21.6765 3.9
      vertex 33.019 21.851 3.9
    endloop
  endfacet
  facet normal -0.555802 -0.831315 -0
    outer loop
      vertex 33.28 21.6765 3.9
      vertex 33.019 21.851 2.4
      vertex 33.28 21.6765 2.4
    endloop
  endfacet
  facet normal -0.752083 0.659068 0
    outer loop
      vertex 32.576 25.216 2.4
      vertex 32.7829 25.4521 3.9
      vertex 32.7829 25.4521 2.4
    endloop
  endfacet
  facet normal -0.752083 0.659068 0
    outer loop
      vertex 32.7829 25.4521 3.9
      vertex 32.576 25.216 2.4
      vertex 32.576 25.216 3.9
    endloop
  endfacet
  facet normal -0.997866 -0.0652929 0
    outer loop
      vertex 32.1005 23.4417 2.4
      vertex 32.08 23.755 3.9
      vertex 32.08 23.755 2.4
    endloop
  endfacet
  facet normal -0.997866 -0.0652929 0
    outer loop
      vertex 32.08 23.755 3.9
      vertex 32.1005 23.4417 2.4
      vertex 32.1005 23.4417 3.9
    endloop
  endfacet
  facet normal 0.896961 -0.44211 0
    outer loop
      vertex 36.5585 22.555 3.9
      vertex 36.6973 22.8366 2.4
      vertex 36.6973 22.8366 3.9
    endloop
  endfacet
  facet normal 0.896961 -0.44211 0
    outer loop
      vertex 36.6973 22.8366 2.4
      vertex 36.5585 22.555 3.9
      vertex 36.5585 22.555 2.4
    endloop
  endfacet
  facet normal -0.946916 0.32148 0
    outer loop
      vertex 32.1618 24.3762 2.4
      vertex 32.2627 24.6734 3.9
      vertex 32.2627 24.6734 2.4
    endloop
  endfacet
  facet normal -0.946916 0.32148 0
    outer loop
      vertex 32.2627 24.6734 3.9
      vertex 32.1618 24.3762 2.4
      vertex 32.1618 24.3762 3.9
    endloop
  endfacet
  facet normal 0.555802 0.831315 -0
    outer loop
      vertex 35.941 25.659 2.4
      vertex 35.68 25.8335 3.9
      vertex 35.941 25.659 3.9
    endloop
  endfacet
  facet normal 0.555802 0.831315 0
    outer loop
      vertex 35.68 25.8335 3.9
      vertex 35.941 25.659 2.4
      vertex 35.68 25.8335 2.4
    endloop
  endfacet
  facet normal 0.32148 0.946916 -0
    outer loop
      vertex 35.3984 25.9723 2.4
      vertex 35.1012 26.0732 3.9
      vertex 35.3984 25.9723 3.9
    endloop
  endfacet
  facet normal 0.32148 0.946916 0
    outer loop
      vertex 35.1012 26.0732 3.9
      vertex 35.3984 25.9723 2.4
      vertex 35.1012 26.0732 2.4
    endloop
  endfacet
  facet normal -0.195258 0.980752 0
    outer loop
      vertex 34.1667 26.1345 2.4
      vertex 33.8588 26.0732 3.9
      vertex 34.1667 26.1345 3.9
    endloop
  endfacet
  facet normal -0.195258 0.980752 0
    outer loop
      vertex 33.8588 26.0732 3.9
      vertex 34.1667 26.1345 2.4
      vertex 33.8588 26.0732 2.4
    endloop
  endfacet
  facet normal -0.195258 -0.980752 0
    outer loop
      vertex 33.8588 21.4368 2.4
      vertex 34.1667 21.3755 3.9
      vertex 33.8588 21.4368 3.9
    endloop
  endfacet
  facet normal -0.195258 -0.980752 -0
    outer loop
      vertex 34.1667 21.3755 3.9
      vertex 33.8588 21.4368 2.4
      vertex 34.1667 21.3755 2.4
    endloop
  endfacet
  facet normal -0.896961 0.44211 0
    outer loop
      vertex 32.2627 24.6734 2.4
      vertex 32.4015 24.955 3.9
      vertex 32.4015 24.955 2.4
    endloop
  endfacet
  facet normal -0.896961 0.44211 0
    outer loop
      vertex 32.4015 24.955 3.9
      vertex 32.2627 24.6734 2.4
      vertex 32.2627 24.6734 3.9
    endloop
  endfacet
  facet normal -0.44211 -0.896961 0
    outer loop
      vertex 33.28 21.6765 2.4
      vertex 33.5616 21.5377 3.9
      vertex 33.28 21.6765 3.9
    endloop
  endfacet
  facet normal -0.44211 -0.896961 -0
    outer loop
      vertex 33.5616 21.5377 3.9
      vertex 33.28 21.6765 2.4
      vertex 33.5616 21.5377 2.4
    endloop
  endfacet
  facet normal -0.896961 -0.44211 0
    outer loop
      vertex 32.4015 22.555 2.4
      vertex 32.2627 22.8366 3.9
      vertex 32.2627 22.8366 2.4
    endloop
  endfacet
  facet normal -0.896961 -0.44211 0
    outer loop
      vertex 32.2627 22.8366 3.9
      vertex 32.4015 22.555 2.4
      vertex 32.4015 22.555 3.9
    endloop
  endfacet
  facet normal 0 0 1
    outer loop
      vertex 35.28 23.755 3.9
      vertex 36.88 23.755 3.9
      vertex 36.8595 24.0683 3.9
    endloop
  endfacet
  facet normal 0 0 1
    outer loop
      vertex 35.2732 23.8594 3.9
      vertex 36.8595 24.0683 3.9
      vertex 36.7982 24.3762 3.9
    endloop
  endfacet
  facet normal 0 0 1
    outer loop
      vertex 36.88 23.755 3.9
      vertex 35.28 23.755 3.9
      vertex 36.8595 23.4417 3.9
    endloop
  endfacet
  facet normal 0 0 1
    outer loop
      vertex 35.2527 23.9621 3.9
      vertex 36.7982 24.3762 3.9
      vertex 36.6973 24.6734 3.9
    endloop
  endfacet
  facet normal -0 0 1
    outer loop
      vertex 35.2732 23.6506 3.9
      vertex 36.8595 23.4417 3.9
      vertex 35.28 23.755 3.9
    endloop
  endfacet
  facet normal 0 0 1
    outer loop
      vertex 35.2191 24.0611 3.9
      vertex 36.6973 24.6734 3.9
      vertex 36.5585 24.955 3.9
    endloop
  endfacet
  facet normal 0 0 1
    outer loop
      vertex 36.8595 23.4417 3.9
      vertex 35.2732 23.6506 3.9
      vertex 36.7982 23.1338 3.9
    endloop
  endfacet
  facet normal 0 0 1
    outer loop
      vertex 35.1728 24.155 3.9
      vertex 36.5585 24.955 3.9
      vertex 36.384 25.216 3.9
    endloop
  endfacet
  facet normal -0 0 1
    outer loop
      vertex 35.2527 23.5479 3.9
      vertex 36.7982 23.1338 3.9
      vertex 35.2732 23.6506 3.9
    endloop
  endfacet
  facet normal 0 0 1
    outer loop
      vertex 35.1147 24.242 3.9
      vertex 36.384 25.216 3.9
      vertex 36.1771 25.4521 3.9
    endloop
  endfacet
  facet normal 0 0 1
    outer loop
      vertex 36.7982 23.1338 3.9
      vertex 35.2527 23.5479 3.9
      vertex 36.6973 22.8366 3.9
    endloop
  endfacet
  facet normal 0 0 1
    outer loop
      vertex 35.0457 24.3207 3.9
      vertex 36.1771 25.4521 3.9
      vertex 35.941 25.659 3.9
    endloop
  endfacet
  facet normal -0 0 1
    outer loop
      vertex 35.2191 23.4489 3.9
      vertex 36.6973 22.8366 3.9
      vertex 35.2527 23.5479 3.9
    endloop
  endfacet
  facet normal 0 0 1
    outer loop
      vertex 34.967 24.3897 3.9
      vertex 35.941 25.659 3.9
      vertex 35.68 25.8335 3.9
    endloop
  endfacet
  facet normal 0 0 1
    outer loop
      vertex 36.6973 22.8366 3.9
      vertex 35.2191 23.4489 3.9
      vertex 36.5585 22.555 3.9
    endloop
  endfacet
  facet normal 0 0 1
    outer loop
      vertex 34.88 24.4478 3.9
      vertex 35.68 25.8335 3.9
      vertex 35.3984 25.9723 3.9
    endloop
  endfacet
  facet normal -0 0 1
    outer loop
      vertex 35.1728 23.355 3.9
      vertex 36.5585 22.555 3.9
      vertex 35.2191 23.4489 3.9
    endloop
  endfacet
  facet normal 0 0 1
    outer loop
      vertex 36.5585 22.555 3.9
      vertex 35.1728 23.355 3.9
      vertex 36.384 22.294 3.9
    endloop
  endfacet
  facet normal 0 0 1
    outer loop
      vertex 36.8595 24.0683 3.9
      vertex 35.2732 23.8594 3.9
      vertex 35.28 23.755 3.9
    endloop
  endfacet
  facet normal 0 0 1
    outer loop
      vertex 36.7982 24.3762 3.9
      vertex 35.2527 23.9621 3.9
      vertex 35.2732 23.8594 3.9
    endloop
  endfacet
  facet normal 0 0 1
    outer loop
      vertex 36.6973 24.6734 3.9
      vertex 35.2191 24.0611 3.9
      vertex 35.2527 23.9621 3.9
    endloop
  endfacet
  facet normal 0 0 1
    outer loop
      vertex 36.5585 24.955 3.9
      vertex 35.1728 24.155 3.9
      vertex 35.2191 24.0611 3.9
    endloop
  endfacet
  facet normal 0 0 1
    outer loop
      vertex 36.384 25.216 3.9
      vertex 35.1147 24.242 3.9
      vertex 35.1728 24.155 3.9
    endloop
  endfacet
  facet normal 0 0 1
    outer loop
      vertex 34.7861 24.4941 3.9
      vertex 35.3984 25.9723 3.9
      vertex 35.1012 26.0732 3.9
    endloop
  endfacet
  facet normal 0 0 1
    outer loop
      vertex 36.1771 25.4521 3.9
      vertex 35.0457 24.3207 3.9
      vertex 35.1147 24.242 3.9
    endloop
  endfacet
  facet normal 0 0 1
    outer loop
      vertex 35.941 25.659 3.9
      vertex 34.967 24.3897 3.9
      vertex 35.0457 24.3207 3.9
    endloop
  endfacet
  facet normal 0 0 1
    outer loop
      vertex 35.68 25.8335 3.9
      vertex 34.88 24.4478 3.9
      vertex 34.967 24.3897 3.9
    endloop
  endfacet
  facet normal 0 0 1
    outer loop
      vertex 34.6871 24.5277 3.9
      vertex 35.1012 26.0732 3.9
      vertex 34.7933 26.1345 3.9
    endloop
  endfacet
  facet normal 0 0 1
    outer loop
      vertex 35.3984 25.9723 3.9
      vertex 34.7861 24.4941 3.9
      vertex 34.88 24.4478 3.9
    endloop
  endfacet
  facet normal 0 0 1
    outer loop
      vertex 35.1012 26.0732 3.9
      vertex 34.6871 24.5277 3.9
      vertex 34.7861 24.4941 3.9
    endloop
  endfacet
  facet normal 0 0 1
    outer loop
      vertex 34.7933 26.1345 3.9
      vertex 34.5844 24.5482 3.9
      vertex 34.6871 24.5277 3.9
    endloop
  endfacet
  facet normal 0 0 1
    outer loop
      vertex 34.48 26.155 3.9
      vertex 34.5844 24.5482 3.9
      vertex 34.7933 26.1345 3.9
    endloop
  endfacet
  facet normal 0 0 1
    outer loop
      vertex 34.48 26.155 3.9
      vertex 34.48 24.555 3.9
      vertex 34.5844 24.5482 3.9
    endloop
  endfacet
  facet normal 0 0 1
    outer loop
      vertex 34.48 26.155 3.9
      vertex 34.3756 24.5482 3.9
      vertex 34.48 24.555 3.9
    endloop
  endfacet
  facet normal -0 0 1
    outer loop
      vertex 34.1667 26.1345 3.9
      vertex 34.3756 24.5482 3.9
      vertex 34.48 26.155 3.9
    endloop
  endfacet
  facet normal 0 0 1
    outer loop
      vertex 34.3756 24.5482 3.9
      vertex 34.1667 26.1345 3.9
      vertex 34.2729 24.5277 3.9
    endloop
  endfacet
  facet normal -0 0 1
    outer loop
      vertex 33.8588 26.0732 3.9
      vertex 34.2729 24.5277 3.9
      vertex 34.1667 26.1345 3.9
    endloop
  endfacet
  facet normal 0 0 1
    outer loop
      vertex 34.2729 24.5277 3.9
      vertex 33.8588 26.0732 3.9
      vertex 34.1739 24.4941 3.9
    endloop
  endfacet
  facet normal -0 0 1
    outer loop
      vertex 33.5616 25.9723 3.9
      vertex 34.1739 24.4941 3.9
      vertex 33.8588 26.0732 3.9
    endloop
  endfacet
  facet normal 0 0 1
    outer loop
      vertex 34.1739 24.4941 3.9
      vertex 33.5616 25.9723 3.9
      vertex 34.08 24.4478 3.9
    endloop
  endfacet
  facet normal -0 0 1
    outer loop
      vertex 33.28 25.8335 3.9
      vertex 34.08 24.4478 3.9
      vertex 33.5616 25.9723 3.9
    endloop
  endfacet
  facet normal 0 0 1
    outer loop
      vertex 34.08 24.4478 3.9
      vertex 33.28 25.8335 3.9
      vertex 33.993 24.3897 3.9
    endloop
  endfacet
  facet normal -0 0 1
    outer loop
      vertex 33.019 25.659 3.9
      vertex 33.993 24.3897 3.9
      vertex 33.28 25.8335 3.9
    endloop
  endfacet
  facet normal 0 0 1
    outer loop
      vertex 33.993 24.3897 3.9
      vertex 33.019 25.659 3.9
      vertex 33.9143 24.3207 3.9
    endloop
  endfacet
  facet normal -0 0 1
    outer loop
      vertex 32.7829 25.4521 3.9
      vertex 33.9143 24.3207 3.9
      vertex 33.019 25.659 3.9
    endloop
  endfacet
  facet normal 0 0 1
    outer loop
      vertex 33.9143 24.3207 3.9
      vertex 32.7829 25.4521 3.9
      vertex 33.8453 24.242 3.9
    endloop
  endfacet
  facet normal 0 0 1
    outer loop
      vertex 33.8453 24.242 3.9
      vertex 32.576 25.216 3.9
      vertex 33.7872 24.155 3.9
    endloop
  endfacet
  facet normal -0 0 1
    outer loop
      vertex 32.576 25.216 3.9
      vertex 33.8453 24.242 3.9
      vertex 32.7829 25.4521 3.9
    endloop
  endfacet
  facet normal -0 0 1
    outer loop
      vertex 35.1147 23.268 3.9
      vertex 36.384 22.294 3.9
      vertex 35.1728 23.355 3.9
    endloop
  endfacet
  facet normal 0 0 1
    outer loop
      vertex 36.384 22.294 3.9
      vertex 35.1147 23.268 3.9
      vertex 36.1771 22.0579 3.9
    endloop
  endfacet
  facet normal -0 0 1
    outer loop
      vertex 35.0457 23.1893 3.9
      vertex 36.1771 22.0579 3.9
      vertex 35.1147 23.268 3.9
    endloop
  endfacet
  facet normal 0 0 1
    outer loop
      vertex 36.1771 22.0579 3.9
      vertex 35.0457 23.1893 3.9
      vertex 35.941 21.851 3.9
    endloop
  endfacet
  facet normal -0 0 1
    outer loop
      vertex 34.967 23.1203 3.9
      vertex 35.941 21.851 3.9
      vertex 35.0457 23.1893 3.9
    endloop
  endfacet
  facet normal 0 0 1
    outer loop
      vertex 35.941 21.851 3.9
      vertex 34.967 23.1203 3.9
      vertex 35.68 21.6765 3.9
    endloop
  endfacet
  facet normal -0 0 1
    outer loop
      vertex 34.88 23.0622 3.9
      vertex 35.68 21.6765 3.9
      vertex 34.967 23.1203 3.9
    endloop
  endfacet
  facet normal 0 0 1
    outer loop
      vertex 35.68 21.6765 3.9
      vertex 34.88 23.0622 3.9
      vertex 35.3984 21.5377 3.9
    endloop
  endfacet
  facet normal -0 0 1
    outer loop
      vertex 34.7861 23.0159 3.9
      vertex 35.3984 21.5377 3.9
      vertex 34.88 23.0622 3.9
    endloop
  endfacet
  facet normal 0 0 1
    outer loop
      vertex 35.3984 21.5377 3.9
      vertex 34.7861 23.0159 3.9
      vertex 35.1012 21.4368 3.9
    endloop
  endfacet
  facet normal -0 0 1
    outer loop
      vertex 34.6871 22.9823 3.9
      vertex 35.1012 21.4368 3.9
      vertex 34.7861 23.0159 3.9
    endloop
  endfacet
  facet normal 0 0 1
    outer loop
      vertex 35.1012 21.4368 3.9
      vertex 34.6871 22.9823 3.9
      vertex 34.7933 21.3755 3.9
    endloop
  endfacet
  facet normal -0 0 1
    outer loop
      vertex 34.5844 22.9618 3.9
      vertex 34.7933 21.3755 3.9
      vertex 34.6871 22.9823 3.9
    endloop
  endfacet
  facet normal -0 0 1
    outer loop
      vertex 34.48 22.955 3.9
      vertex 34.7933 21.3755 3.9
      vertex 34.5844 22.9618 3.9
    endloop
  endfacet
  facet normal 0 0 1
    outer loop
      vertex 34.48 22.955 3.9
      vertex 34.48 21.355 3.9
      vertex 34.7933 21.3755 3.9
    endloop
  endfacet
  facet normal 0 0 1
    outer loop
      vertex 34.3756 22.9618 3.9
      vertex 34.48 21.355 3.9
      vertex 34.48 22.955 3.9
    endloop
  endfacet
  facet normal 0 0 1
    outer loop
      vertex 34.1667 21.3755 3.9
      vertex 34.3756 22.9618 3.9
      vertex 34.2729 22.9823 3.9
    endloop
  endfacet
  facet normal 0 0 1
    outer loop
      vertex 33.8588 21.4368 3.9
      vertex 34.2729 22.9823 3.9
      vertex 34.1739 23.0159 3.9
    endloop
  endfacet
  facet normal 0 0 1
    outer loop
      vertex 34.3756 22.9618 3.9
      vertex 34.1667 21.3755 3.9
      vertex 34.48 21.355 3.9
    endloop
  endfacet
  facet normal 0 0 1
    outer loop
      vertex 33.5616 21.5377 3.9
      vertex 34.1739 23.0159 3.9
      vertex 34.08 23.0622 3.9
    endloop
  endfacet
  facet normal 0 0 1
    outer loop
      vertex 33.28 21.6765 3.9
      vertex 34.08 23.0622 3.9
      vertex 33.993 23.1203 3.9
    endloop
  endfacet
  facet normal 0 0 1
    outer loop
      vertex 33.019 21.851 3.9
      vertex 33.993 23.1203 3.9
      vertex 33.9143 23.1893 3.9
    endloop
  endfacet
  facet normal 0 0 1
    outer loop
      vertex 34.2729 22.9823 3.9
      vertex 33.8588 21.4368 3.9
      vertex 34.1667 21.3755 3.9
    endloop
  endfacet
  facet normal 0 0 1
    outer loop
      vertex 32.7829 22.0579 3.9
      vertex 33.9143 23.1893 3.9
      vertex 33.8453 23.268 3.9
    endloop
  endfacet
  facet normal 0 0 1
    outer loop
      vertex 32.576 22.294 3.9
      vertex 33.8453 23.268 3.9
      vertex 33.7872 23.355 3.9
    endloop
  endfacet
  facet normal 0 0 1
    outer loop
      vertex 32.4015 22.555 3.9
      vertex 33.7872 23.355 3.9
      vertex 33.7409 23.4489 3.9
    endloop
  endfacet
  facet normal 0 0 1
    outer loop
      vertex 32.2627 22.8366 3.9
      vertex 33.7409 23.4489 3.9
      vertex 33.7073 23.5479 3.9
    endloop
  endfacet
  facet normal 0 0 1
    outer loop
      vertex 32.1618 23.1338 3.9
      vertex 33.7073 23.5479 3.9
      vertex 33.6868 23.6506 3.9
    endloop
  endfacet
  facet normal 0 0 1
    outer loop
      vertex 34.1739 23.0159 3.9
      vertex 33.5616 21.5377 3.9
      vertex 33.8588 21.4368 3.9
    endloop
  endfacet
  facet normal 0 0 1
    outer loop
      vertex 32.1005 23.4417 3.9
      vertex 33.6868 23.6506 3.9
      vertex 33.68 23.755 3.9
    endloop
  endfacet
  facet normal -0 0 1
    outer loop
      vertex 32.4015 24.955 3.9
      vertex 33.7872 24.155 3.9
      vertex 32.576 25.216 3.9
    endloop
  endfacet
  facet normal 0 0 1
    outer loop
      vertex 33.7872 24.155 3.9
      vertex 32.4015 24.955 3.9
      vertex 33.7409 24.0611 3.9
    endloop
  endfacet
  facet normal 0 0 1
    outer loop
      vertex 34.08 23.0622 3.9
      vertex 33.28 21.6765 3.9
      vertex 33.5616 21.5377 3.9
    endloop
  endfacet
  facet normal -0 0 1
    outer loop
      vertex 32.2627 24.6734 3.9
      vertex 33.7409 24.0611 3.9
      vertex 32.4015 24.955 3.9
    endloop
  endfacet
  facet normal 0 0 1
    outer loop
      vertex 33.993 23.1203 3.9
      vertex 33.019 21.851 3.9
      vertex 33.28 21.6765 3.9
    endloop
  endfacet
  facet normal 0 0 1
    outer loop
      vertex 33.7409 24.0611 3.9
      vertex 32.2627 24.6734 3.9
      vertex 33.7073 23.9621 3.9
    endloop
  endfacet
  facet normal 0 0 1
    outer loop
      vertex 33.9143 23.1893 3.9
      vertex 32.7829 22.0579 3.9
      vertex 33.019 21.851 3.9
    endloop
  endfacet
  facet normal -0 0 1
    outer loop
      vertex 32.1618 24.3762 3.9
      vertex 33.7073 23.9621 3.9
      vertex 32.2627 24.6734 3.9
    endloop
  endfacet
  facet normal 0 0 1
    outer loop
      vertex 33.8453 23.268 3.9
      vertex 32.576 22.294 3.9
      vertex 32.7829 22.0579 3.9
    endloop
  endfacet
  facet normal 0 0 1
    outer loop
      vertex 33.7073 23.9621 3.9
      vertex 32.1618 24.3762 3.9
      vertex 33.6868 23.8594 3.9
    endloop
  endfacet
  facet normal 0 0 1
    outer loop
      vertex 33.7872 23.355 3.9
      vertex 32.4015 22.555 3.9
      vertex 32.576 22.294 3.9
    endloop
  endfacet
  facet normal -0 0 1
    outer loop
      vertex 32.1005 24.0683 3.9
      vertex 33.6868 23.8594 3.9
      vertex 32.1618 24.3762 3.9
    endloop
  endfacet
  facet normal 0 0 1
    outer loop
      vertex 33.7409 23.4489 3.9
      vertex 32.2627 22.8366 3.9
      vertex 32.4015 22.555 3.9
    endloop
  endfacet
  facet normal 0 0 1
    outer loop
      vertex 33.6868 23.8594 3.9
      vertex 32.1005 24.0683 3.9
      vertex 33.68 23.755 3.9
    endloop
  endfacet
  facet normal 0 0 1
    outer loop
      vertex 33.7073 23.5479 3.9
      vertex 32.1618 23.1338 3.9
      vertex 32.2627 22.8366 3.9
    endloop
  endfacet
  facet normal 0 0 1
    outer loop
      vertex 32.08 23.755 3.9
      vertex 33.68 23.755 3.9
      vertex 32.1005 24.0683 3.9
    endloop
  endfacet
  facet normal 0 0 1
    outer loop
      vertex 33.6868 23.6506 3.9
      vertex 32.1005 23.4417 3.9
      vertex 32.1618 23.1338 3.9
    endloop
  endfacet
  facet normal 0 0 1
    outer loop
      vertex 33.68 23.755 3.9
      vertex 32.08 23.755 3.9
      vertex 32.1005 23.4417 3.9
    endloop
  endfacet
  facet normal -0.980753 -0.195252 0
    outer loop
      vertex 53.1418 8.52883 2.4
      vertex 53.0805 8.83674 3.9
      vertex 53.0805 8.83674 2.4
    endloop
  endfacet
  facet normal -0.980753 -0.195252 0
    outer loop
      vertex 53.0805 8.83674 3.9
      vertex 53.1418 8.52883 2.4
      vertex 53.1418 8.52883 3.9
    endloop
  endfacet
  facet normal -0.831344 -0.555758 0
    outer loop
      vertex 53.556 7.68897 2.4
      vertex 53.3815 7.95 3.9
      vertex 53.3815 7.95 2.4
    endloop
  endfacet
  facet normal -0.831344 -0.555758 0
    outer loop
      vertex 53.3815 7.95 3.9
      vertex 53.556 7.68897 2.4
      vertex 53.556 7.68897 3.9
    endloop
  endfacet
  facet normal 0.980752 0.195258 0
    outer loop
      vertex 57.8395 9.46326 3.9
      vertex 57.7782 9.77116 2.4
      vertex 57.7782 9.77116 3.9
    endloop
  endfacet
  facet normal 0.980752 0.195258 0
    outer loop
      vertex 57.7782 9.77116 2.4
      vertex 57.8395 9.46326 3.9
      vertex 57.8395 9.46326 2.4
    endloop
  endfacet
  facet normal -0.752083 0.659068 0
    outer loop
      vertex 53.556 10.611 2.4
      vertex 53.7629 10.8471 3.9
      vertex 53.7629 10.8471 2.4
    endloop
  endfacet
  facet normal -0.752083 0.659068 0
    outer loop
      vertex 53.7629 10.8471 3.9
      vertex 53.556 10.611 2.4
      vertex 53.556 10.611 3.9
    endloop
  endfacet
  facet normal 0.065388 -0.99786 0
    outer loop
      vertex 55.46 6.75 2.4
      vertex 55.7733 6.77053 3.9
      vertex 55.46 6.75 3.9
    endloop
  endfacet
  facet normal 0.065388 -0.99786 0
    outer loop
      vertex 55.7733 6.77053 3.9
      vertex 55.46 6.75 2.4
      vertex 55.7733 6.77053 2.4
    endloop
  endfacet
  facet normal 0.997866 0.0653012 0
    outer loop
      vertex 57.86 9.15 3.9
      vertex 57.8395 9.46326 2.4
      vertex 57.8395 9.46326 3.9
    endloop
  endfacet
  facet normal 0.997866 0.0653012 0
    outer loop
      vertex 57.8395 9.46326 2.4
      vertex 57.86 9.15 3.9
      vertex 57.86 9.15 2.4
    endloop
  endfacet
  facet normal -0.831315 0.555802 0
    outer loop
      vertex 53.3815 10.35 2.4
      vertex 53.556 10.611 3.9
      vertex 53.556 10.611 2.4
    endloop
  endfacet
  facet normal -0.831315 0.555802 0
    outer loop
      vertex 53.556 10.611 3.9
      vertex 53.3815 10.35 2.4
      vertex 53.3815 10.35 3.9
    endloop
  endfacet
  facet normal 0.831344 -0.555758 0
    outer loop
      vertex 57.364 7.68897 3.9
      vertex 57.5385 7.95 2.4
      vertex 57.5385 7.95 3.9
    endloop
  endfacet
  facet normal 0.831344 -0.555758 0
    outer loop
      vertex 57.5385 7.95 2.4
      vertex 57.364 7.68897 3.9
      vertex 57.364 7.68897 2.4
    endloop
  endfacet
  facet normal 0.946939 -0.321412 0
    outer loop
      vertex 57.6773 8.23156 3.9
      vertex 57.7782 8.52883 2.4
      vertex 57.7782 8.52883 3.9
    endloop
  endfacet
  facet normal 0.946939 -0.321412 0
    outer loop
      vertex 57.7782 8.52883 2.4
      vertex 57.6773 8.23156 3.9
      vertex 57.6773 8.23156 2.4
    endloop
  endfacet
  facet normal -0.997866 0.0653012 0
    outer loop
      vertex 53.06 9.15 2.4
      vertex 53.0805 9.46326 3.9
      vertex 53.0805 9.46326 2.4
    endloop
  endfacet
  facet normal -0.997866 0.0653012 0
    outer loop
      vertex 53.0805 9.46326 3.9
      vertex 53.06 9.15 2.4
      vertex 53.06 9.15 3.9
    endloop
  endfacet
  facet normal -0.94693 0.321441 0
    outer loop
      vertex 53.1418 9.77116 2.4
      vertex 53.2427 10.0684 3.9
      vertex 53.2427 10.0684 2.4
    endloop
  endfacet
  facet normal -0.94693 0.321441 0
    outer loop
      vertex 53.2427 10.0684 3.9
      vertex 53.1418 9.77116 2.4
      vertex 53.1418 9.77116 3.9
    endloop
  endfacet
  facet normal -0.321509 -0.946907 0
    outer loop
      vertex 54.5416 6.93269 2.4
      vertex 54.8388 6.83178 3.9
      vertex 54.5416 6.93269 3.9
    endloop
  endfacet
  facet normal -0.321509 -0.946907 -0
    outer loop
      vertex 54.8388 6.83178 3.9
      vertex 54.5416 6.93269 2.4
      vertex 54.8388 6.83178 2.4
    endloop
  endfacet
  facet normal 0 0 1
    outer loop
      vertex 56.26 9.15 3.9
      vertex 57.86 9.15 3.9
      vertex 57.8395 9.46326 3.9
    endloop
  endfacet
  facet normal 0 0 1
    outer loop
      vertex 56.2532 9.25442 3.9
      vertex 57.8395 9.46326 3.9
      vertex 57.7782 9.77116 3.9
    endloop
  endfacet
  facet normal 0 0 1
    outer loop
      vertex 57.86 9.15 3.9
      vertex 56.26 9.15 3.9
      vertex 57.8395 8.83674 3.9
    endloop
  endfacet
  facet normal 0 0 1
    outer loop
      vertex 56.2327 9.35705 3.9
      vertex 57.7782 9.77116 3.9
      vertex 57.6773 10.0684 3.9
    endloop
  endfacet
  facet normal -0 0 1
    outer loop
      vertex 56.2532 9.04558 3.9
      vertex 57.8395 8.83674 3.9
      vertex 56.26 9.15 3.9
    endloop
  endfacet
  facet normal 0 0 1
    outer loop
      vertex 56.1991 9.45615 3.9
      vertex 57.6773 10.0684 3.9
      vertex 57.5385 10.35 3.9
    endloop
  endfacet
  facet normal 0 0 1
    outer loop
      vertex 57.8395 8.83674 3.9
      vertex 56.2532 9.04558 3.9
      vertex 57.7782 8.52883 3.9
    endloop
  endfacet
  facet normal 0 0 1
    outer loop
      vertex 56.1528 9.55 3.9
      vertex 57.5385 10.35 3.9
      vertex 57.364 10.611 3.9
    endloop
  endfacet
  facet normal -0 0 1
    outer loop
      vertex 56.2327 8.94294 3.9
      vertex 57.7782 8.52883 3.9
      vertex 56.2532 9.04558 3.9
    endloop
  endfacet
  facet normal 0 0 1
    outer loop
      vertex 56.0947 9.63701 3.9
      vertex 57.364 10.611 3.9
      vertex 57.1571 10.8471 3.9
    endloop
  endfacet
  facet normal 0 0 1
    outer loop
      vertex 57.7782 8.52883 3.9
      vertex 56.2327 8.94294 3.9
      vertex 57.6773 8.23156 3.9
    endloop
  endfacet
  facet normal 0 0 1
    outer loop
      vertex 56.0257 9.71568 3.9
      vertex 57.1571 10.8471 3.9
      vertex 56.921 11.054 3.9
    endloop
  endfacet
  facet normal -0 0 1
    outer loop
      vertex 56.1991 8.84385 3.9
      vertex 57.6773 8.23156 3.9
      vertex 56.2327 8.94294 3.9
    endloop
  endfacet
  facet normal 0 0 1
    outer loop
      vertex 55.947 9.78468 3.9
      vertex 56.921 11.054 3.9
      vertex 56.66 11.2285 3.9
    endloop
  endfacet
  facet normal 0 0 1
    outer loop
      vertex 57.6773 8.23156 3.9
      vertex 56.1991 8.84385 3.9
      vertex 57.5385 7.95 3.9
    endloop
  endfacet
  facet normal 0 0 1
    outer loop
      vertex 55.86 9.84282 3.9
      vertex 56.66 11.2285 3.9
      vertex 56.3784 11.3673 3.9
    endloop
  endfacet
  facet normal -0 0 1
    outer loop
      vertex 56.1528 8.75 3.9
      vertex 57.5385 7.95 3.9
      vertex 56.1991 8.84385 3.9
    endloop
  endfacet
  facet normal 0 0 1
    outer loop
      vertex 57.5385 7.95 3.9
      vertex 56.1528 8.75 3.9
      vertex 57.364 7.68897 3.9
    endloop
  endfacet
  facet normal 0 0 1
    outer loop
      vertex 57.8395 9.46326 3.9
      vertex 56.2532 9.25442 3.9
      vertex 56.26 9.15 3.9
    endloop
  endfacet
  facet normal 0 0 1
    outer loop
      vertex 57.7782 9.77116 3.9
      vertex 56.2327 9.35705 3.9
      vertex 56.2532 9.25442 3.9
    endloop
  endfacet
  facet normal 0 0 1
    outer loop
      vertex 57.6773 10.0684 3.9
      vertex 56.1991 9.45615 3.9
      vertex 56.2327 9.35705 3.9
    endloop
  endfacet
  facet normal 0 0 1
    outer loop
      vertex 57.5385 10.35 3.9
      vertex 56.1528 9.55 3.9
      vertex 56.1991 9.45615 3.9
    endloop
  endfacet
  facet normal 0 0 1
    outer loop
      vertex 57.364 10.611 3.9
      vertex 56.0947 9.63701 3.9
      vertex 56.1528 9.55 3.9
    endloop
  endfacet
  facet normal 0 0 1
    outer loop
      vertex 55.7661 9.8891 3.9
      vertex 56.3784 11.3673 3.9
      vertex 56.0812 11.4682 3.9
    endloop
  endfacet
  facet normal 0 0 1
    outer loop
      vertex 57.1571 10.8471 3.9
      vertex 56.0257 9.71568 3.9
      vertex 56.0947 9.63701 3.9
    endloop
  endfacet
  facet normal 0 0 1
    outer loop
      vertex 56.921 11.054 3.9
      vertex 55.947 9.78468 3.9
      vertex 56.0257 9.71568 3.9
    endloop
  endfacet
  facet normal 0 0 1
    outer loop
      vertex 56.66 11.2285 3.9
      vertex 55.86 9.84282 3.9
      vertex 55.947 9.78468 3.9
    endloop
  endfacet
  facet normal 0 0 1
    outer loop
      vertex 55.6671 9.92274 3.9
      vertex 56.0812 11.4682 3.9
      vertex 55.7733 11.5295 3.9
    endloop
  endfacet
  facet normal 0 0 1
    outer loop
      vertex 56.3784 11.3673 3.9
      vertex 55.7661 9.8891 3.9
      vertex 55.86 9.84282 3.9
    endloop
  endfacet
  facet normal 0 0 1
    outer loop
      vertex 56.0812 11.4682 3.9
      vertex 55.6671 9.92274 3.9
      vertex 55.7661 9.8891 3.9
    endloop
  endfacet
  facet normal 0 0 1
    outer loop
      vertex 55.7733 11.5295 3.9
      vertex 55.5644 9.94316 3.9
      vertex 55.6671 9.92274 3.9
    endloop
  endfacet
  facet normal 0 0 1
    outer loop
      vertex 55.46 11.55 3.9
      vertex 55.5644 9.94316 3.9
      vertex 55.7733 11.5295 3.9
    endloop
  endfacet
  facet normal 0 0 1
    outer loop
      vertex 55.46 11.55 3.9
      vertex 55.46 9.95 3.9
      vertex 55.5644 9.94316 3.9
    endloop
  endfacet
  facet normal 0 0 1
    outer loop
      vertex 55.46 11.55 3.9
      vertex 55.3556 9.94316 3.9
      vertex 55.46 9.95 3.9
    endloop
  endfacet
  facet normal -0 0 1
    outer loop
      vertex 55.1467 11.5295 3.9
      vertex 55.3556 9.94316 3.9
      vertex 55.46 11.55 3.9
    endloop
  endfacet
  facet normal 0 0 1
    outer loop
      vertex 55.3556 9.94316 3.9
      vertex 55.1467 11.5295 3.9
      vertex 55.2529 9.92274 3.9
    endloop
  endfacet
  facet normal -0 0 1
    outer loop
      vertex 54.8388 11.4682 3.9
      vertex 55.2529 9.92274 3.9
      vertex 55.1467 11.5295 3.9
    endloop
  endfacet
  facet normal 0 0 1
    outer loop
      vertex 55.2529 9.92274 3.9
      vertex 54.8388 11.4682 3.9
      vertex 55.1539 9.8891 3.9
    endloop
  endfacet
  facet normal -0 0 1
    outer loop
      vertex 54.5416 11.3673 3.9
      vertex 55.1539 9.8891 3.9
      vertex 54.8388 11.4682 3.9
    endloop
  endfacet
  facet normal 0 0 1
    outer loop
      vertex 55.1539 9.8891 3.9
      vertex 54.5416 11.3673 3.9
      vertex 55.06 9.84282 3.9
    endloop
  endfacet
  facet normal -0 0 1
    outer loop
      vertex 54.26 11.2285 3.9
      vertex 55.06 9.84282 3.9
      vertex 54.5416 11.3673 3.9
    endloop
  endfacet
  facet normal 0 0 1
    outer loop
      vertex 55.06 9.84282 3.9
      vertex 54.26 11.2285 3.9
      vertex 54.973 9.78468 3.9
    endloop
  endfacet
  facet normal -0 0 1
    outer loop
      vertex 53.999 11.054 3.9
      vertex 54.973 9.78468 3.9
      vertex 54.26 11.2285 3.9
    endloop
  endfacet
  facet normal 0 0 1
    outer loop
      vertex 54.973 9.78468 3.9
      vertex 53.999 11.054 3.9
      vertex 54.8943 9.71568 3.9
    endloop
  endfacet
  facet normal -0 0 1
    outer loop
      vertex 53.7629 10.8471 3.9
      vertex 54.8943 9.71568 3.9
      vertex 53.999 11.054 3.9
    endloop
  endfacet
  facet normal 0 0 1
    outer loop
      vertex 54.8943 9.71568 3.9
      vertex 53.7629 10.8471 3.9
      vertex 54.8253 9.63701 3.9
    endloop
  endfacet
  facet normal 0 0 1
    outer loop
      vertex 54.8253 9.63701 3.9
      vertex 53.556 10.611 3.9
      vertex 54.7672 9.55 3.9
    endloop
  endfacet
  facet normal -0 0 1
    outer loop
      vertex 53.556 10.611 3.9
      vertex 54.8253 9.63701 3.9
      vertex 53.7629 10.8471 3.9
    endloop
  endfacet
  facet normal -0 0 1
    outer loop
      vertex 56.0947 8.66299 3.9
      vertex 57.364 7.68897 3.9
      vertex 56.1528 8.75 3.9
    endloop
  endfacet
  facet normal 0 0 1
    outer loop
      vertex 57.364 7.68897 3.9
      vertex 56.0947 8.66299 3.9
      vertex 57.1571 7.45294 3.9
    endloop
  endfacet
  facet normal -0 0 1
    outer loop
      vertex 56.0257 8.58431 3.9
      vertex 57.1571 7.45294 3.9
      vertex 56.0947 8.66299 3.9
    endloop
  endfacet
  facet normal 0 0 1
    outer loop
      vertex 57.1571 7.45294 3.9
      vertex 56.0257 8.58431 3.9
      vertex 56.921 7.24595 3.9
    endloop
  endfacet
  facet normal -0 0 1
    outer loop
      vertex 55.947 8.51532 3.9
      vertex 56.921 7.24595 3.9
      vertex 56.0257 8.58431 3.9
    endloop
  endfacet
  facet normal 0 0 1
    outer loop
      vertex 56.921 7.24595 3.9
      vertex 55.947 8.51532 3.9
      vertex 56.66 7.07154 3.9
    endloop
  endfacet
  facet normal -0 0 1
    outer loop
      vertex 55.86 8.45718 3.9
      vertex 56.66 7.07154 3.9
      vertex 55.947 8.51532 3.9
    endloop
  endfacet
  facet normal 0 0 1
    outer loop
      vertex 56.66 7.07154 3.9
      vertex 55.86 8.45718 3.9
      vertex 56.3784 6.93269 3.9
    endloop
  endfacet
  facet normal -0 0 1
    outer loop
      vertex 55.7661 8.4109 3.9
      vertex 56.3784 6.93269 3.9
      vertex 55.86 8.45718 3.9
    endloop
  endfacet
  facet normal 0 0 1
    outer loop
      vertex 56.3784 6.93269 3.9
      vertex 55.7661 8.4109 3.9
      vertex 56.0812 6.83178 3.9
    endloop
  endfacet
  facet normal -0 0 1
    outer loop
      vertex 55.6671 8.37726 3.9
      vertex 56.0812 6.83178 3.9
      vertex 55.7661 8.4109 3.9
    endloop
  endfacet
  facet normal 0 0 1
    outer loop
      vertex 56.0812 6.83178 3.9
      vertex 55.6671 8.37726 3.9
      vertex 55.7733 6.77053 3.9
    endloop
  endfacet
  facet normal -0 0 1
    outer loop
      vertex 55.5644 8.35684 3.9
      vertex 55.7733 6.77053 3.9
      vertex 55.6671 8.37726 3.9
    endloop
  endfacet
  facet normal -0 0 1
    outer loop
      vertex 55.46 8.35 3.9
      vertex 55.7733 6.77053 3.9
      vertex 55.5644 8.35684 3.9
    endloop
  endfacet
  facet normal 0 0 1
    outer loop
      vertex 55.46 8.35 3.9
      vertex 55.46 6.75 3.9
      vertex 55.7733 6.77053 3.9
    endloop
  endfacet
  facet normal 0 0 1
    outer loop
      vertex 55.3556 8.35684 3.9
      vertex 55.46 6.75 3.9
      vertex 55.46 8.35 3.9
    endloop
  endfacet
  facet normal 0 0 1
    outer loop
      vertex 55.1467 6.77053 3.9
      vertex 55.3556 8.35684 3.9
      vertex 55.2529 8.37726 3.9
    endloop
  endfacet
  facet normal 0 0 1
    outer loop
      vertex 54.8388 6.83178 3.9
      vertex 55.2529 8.37726 3.9
      vertex 55.1539 8.4109 3.9
    endloop
  endfacet
  facet normal 0 0 1
    outer loop
      vertex 55.3556 8.35684 3.9
      vertex 55.1467 6.77053 3.9
      vertex 55.46 6.75 3.9
    endloop
  endfacet
  facet normal 0 0 1
    outer loop
      vertex 54.5416 6.93269 3.9
      vertex 55.1539 8.4109 3.9
      vertex 55.06 8.45718 3.9
    endloop
  endfacet
  facet normal 0 0 1
    outer loop
      vertex 54.26 7.07154 3.9
      vertex 55.06 8.45718 3.9
      vertex 54.973 8.51532 3.9
    endloop
  endfacet
  facet normal 0 0 1
    outer loop
      vertex 53.999 7.24595 3.9
      vertex 54.973 8.51532 3.9
      vertex 54.8943 8.58431 3.9
    endloop
  endfacet
  facet normal 0 0 1
    outer loop
      vertex 55.2529 8.37726 3.9
      vertex 54.8388 6.83178 3.9
      vertex 55.1467 6.77053 3.9
    endloop
  endfacet
  facet normal 0 0 1
    outer loop
      vertex 53.7629 7.45294 3.9
      vertex 54.8943 8.58431 3.9
      vertex 54.8253 8.66299 3.9
    endloop
  endfacet
  facet normal 0 0 1
    outer loop
      vertex 53.556 7.68897 3.9
      vertex 54.8253 8.66299 3.9
      vertex 54.7672 8.75 3.9
    endloop
  endfacet
  facet normal 0 0 1
    outer loop
      vertex 53.3815 7.95 3.9
      vertex 54.7672 8.75 3.9
      vertex 54.7209 8.84385 3.9
    endloop
  endfacet
  facet normal 0 0 1
    outer loop
      vertex 53.2427 8.23156 3.9
      vertex 54.7209 8.84385 3.9
      vertex 54.6873 8.94294 3.9
    endloop
  endfacet
  facet normal 0 0 1
    outer loop
      vertex 53.1418 8.52883 3.9
      vertex 54.6873 8.94294 3.9
      vertex 54.6668 9.04558 3.9
    endloop
  endfacet
  facet normal 0 0 1
    outer loop
      vertex 55.1539 8.4109 3.9
      vertex 54.5416 6.93269 3.9
      vertex 54.8388 6.83178 3.9
    endloop
  endfacet
  facet normal 0 0 1
    outer loop
      vertex 53.0805 8.83674 3.9
      vertex 54.6668 9.04558 3.9
      vertex 54.66 9.15 3.9
    endloop
  endfacet
  facet normal -0 0 1
    outer loop
      vertex 53.3815 10.35 3.9
      vertex 54.7672 9.55 3.9
      vertex 53.556 10.611 3.9
    endloop
  endfacet
  facet normal 0 0 1
    outer loop
      vertex 54.7672 9.55 3.9
      vertex 53.3815 10.35 3.9
      vertex 54.7209 9.45615 3.9
    endloop
  endfacet
  facet normal 0 0 1
    outer loop
      vertex 55.06 8.45718 3.9
      vertex 54.26 7.07154 3.9
      vertex 54.5416 6.93269 3.9
    endloop
  endfacet
  facet normal -0 0 1
    outer loop
      vertex 53.2427 10.0684 3.9
      vertex 54.7209 9.45615 3.9
      vertex 53.3815 10.35 3.9
    endloop
  endfacet
  facet normal 0 0 1
    outer loop
      vertex 54.973 8.51532 3.9
      vertex 53.999 7.24595 3.9
      vertex 54.26 7.07154 3.9
    endloop
  endfacet
  facet normal 0 0 1
    outer loop
      vertex 54.7209 9.45615 3.9
      vertex 53.2427 10.0684 3.9
      vertex 54.6873 9.35705 3.9
    endloop
  endfacet
  facet normal 0 0 1
    outer loop
      vertex 54.8943 8.58431 3.9
      vertex 53.7629 7.45294 3.9
      vertex 53.999 7.24595 3.9
    endloop
  endfacet
  facet normal -0 0 1
    outer loop
      vertex 53.1418 9.77116 3.9
      vertex 54.6873 9.35705 3.9
      vertex 53.2427 10.0684 3.9
    endloop
  endfacet
  facet normal 0 0 1
    outer loop
      vertex 54.8253 8.66299 3.9
      vertex 53.556 7.68897 3.9
      vertex 53.7629 7.45294 3.9
    endloop
  endfacet
  facet normal 0 0 1
    outer loop
      vertex 54.6873 9.35705 3.9
      vertex 53.1418 9.77116 3.9
      vertex 54.6668 9.25442 3.9
    endloop
  endfacet
  facet normal 0 0 1
    outer loop
      vertex 54.7672 8.75 3.9
      vertex 53.3815 7.95 3.9
      vertex 53.556 7.68897 3.9
    endloop
  endfacet
  facet normal -0 0 1
    outer loop
      vertex 53.0805 9.46326 3.9
      vertex 54.6668 9.25442 3.9
      vertex 53.1418 9.77116 3.9
    endloop
  endfacet
  facet normal 0 0 1
    outer loop
      vertex 54.7209 8.84385 3.9
      vertex 53.2427 8.23156 3.9
      vertex 53.3815 7.95 3.9
    endloop
  endfacet
  facet normal 0 0 1
    outer loop
      vertex 54.6668 9.25442 3.9
      vertex 53.0805 9.46326 3.9
      vertex 54.66 9.15 3.9
    endloop
  endfacet
  facet normal 0 0 1
    outer loop
      vertex 54.6873 8.94294 3.9
      vertex 53.1418 8.52883 3.9
      vertex 53.2427 8.23156 3.9
    endloop
  endfacet
  facet normal 0 0 1
    outer loop
      vertex 53.06 9.15 3.9
      vertex 54.66 9.15 3.9
      vertex 53.0805 9.46326 3.9
    endloop
  endfacet
  facet normal 0 0 1
    outer loop
      vertex 54.6668 9.04558 3.9
      vertex 53.0805 8.83674 3.9
      vertex 53.1418 8.52883 3.9
    endloop
  endfacet
  facet normal 0 0 1
    outer loop
      vertex 54.66 9.15 3.9
      vertex 53.06 9.15 3.9
      vertex 53.0805 8.83674 3.9
    endloop
  endfacet
  facet normal 0.896936 -0.44216 0
    outer loop
      vertex 57.5385 7.95 3.9
      vertex 57.6773 8.23156 2.4
      vertex 57.6773 8.23156 3.9
    endloop
  endfacet
  facet normal 0.896936 -0.44216 0
    outer loop
      vertex 57.6773 8.23156 2.4
      vertex 57.5385 7.95 3.9
      vertex 57.5385 7.95 2.4
    endloop
  endfacet
  facet normal -0.442238 -0.896898 0
    outer loop
      vertex 54.26 7.07154 2.4
      vertex 54.5416 6.93269 3.9
      vertex 54.26 7.07154 3.9
    endloop
  endfacet
  facet normal -0.442238 -0.896898 -0
    outer loop
      vertex 54.5416 6.93269 3.9
      vertex 54.26 7.07154 2.4
      vertex 54.5416 6.93269 2.4
    endloop
  endfacet
  facet normal 0.195258 0.980752 -0
    outer loop
      vertex 56.0812 11.4682 2.4
      vertex 55.7733 11.5295 3.9
      vertex 56.0812 11.4682 3.9
    endloop
  endfacet
  facet normal 0.195258 0.980752 0
    outer loop
      vertex 55.7733 11.5295 3.9
      vertex 56.0812 11.4682 2.4
      vertex 55.7733 11.5295 2.4
    endloop
  endfacet
  facet normal 0.752083 0.659068 0
    outer loop
      vertex 57.364 10.611 3.9
      vertex 57.1571 10.8471 2.4
      vertex 57.1571 10.8471 3.9
    endloop
  endfacet
  facet normal 0.752083 0.659068 0
    outer loop
      vertex 57.1571 10.8471 2.4
      vertex 57.364 10.611 3.9
      vertex 57.364 10.611 2.4
    endloop
  endfacet
  facet normal -0.65923 -0.751941 0
    outer loop
      vertex 53.7629 7.45294 2.4
      vertex 53.999 7.24595 3.9
      vertex 53.7629 7.45294 3.9
    endloop
  endfacet
  facet normal -0.65923 -0.751941 -0
    outer loop
      vertex 53.999 7.24595 3.9
      vertex 53.7629 7.45294 2.4
      vertex 53.999 7.24595 2.4
    endloop
  endfacet
  facet normal 0.896961 0.44211 0
    outer loop
      vertex 57.6773 10.0684 3.9
      vertex 57.5385 10.35 2.4
      vertex 57.5385 10.35 3.9
    endloop
  endfacet
  facet normal 0.896961 0.44211 0
    outer loop
      vertex 57.5385 10.35 2.4
      vertex 57.6773 10.0684 3.9
      vertex 57.6773 10.0684 2.4
    endloop
  endfacet
  facet normal 0.751986 -0.659179 0
    outer loop
      vertex 57.1571 7.45294 3.9
      vertex 57.364 7.68897 2.4
      vertex 57.364 7.68897 3.9
    endloop
  endfacet
  facet normal 0.751986 -0.659179 0
    outer loop
      vertex 57.364 7.68897 2.4
      vertex 57.1571 7.45294 3.9
      vertex 57.1571 7.45294 2.4
    endloop
  endfacet
  facet normal -0.896961 0.44211 0
    outer loop
      vertex 53.2427 10.0684 2.4
      vertex 53.3815 10.35 3.9
      vertex 53.3815 10.35 2.4
    endloop
  endfacet
  facet normal -0.896961 0.44211 0
    outer loop
      vertex 53.3815 10.35 3.9
      vertex 53.2427 10.0684 2.4
      vertex 53.2427 10.0684 3.9
    endloop
  endfacet
  facet normal 0.94693 0.321441 0
    outer loop
      vertex 57.7782 9.77116 3.9
      vertex 57.6773 10.0684 2.4
      vertex 57.6773 10.0684 3.9
    endloop
  endfacet
  facet normal 0.94693 0.321441 0
    outer loop
      vertex 57.6773 10.0684 2.4
      vertex 57.7782 9.77116 3.9
      vertex 57.7782 9.77116 2.4
    endloop
  endfacet
  facet normal -0.32148 0.946916 0
    outer loop
      vertex 54.8388 11.4682 2.4
      vertex 54.5416 11.3673 3.9
      vertex 54.8388 11.4682 3.9
    endloop
  endfacet
  facet normal -0.32148 0.946916 0
    outer loop
      vertex 54.5416 11.3673 3.9
      vertex 54.8388 11.4682 2.4
      vertex 54.5416 11.3673 2.4
    endloop
  endfacet
  facet normal 0.44211 0.896961 -0
    outer loop
      vertex 56.66 11.2285 2.4
      vertex 56.3784 11.3673 3.9
      vertex 56.66 11.2285 3.9
    endloop
  endfacet
  facet normal 0.44211 0.896961 0
    outer loop
      vertex 56.3784 11.3673 3.9
      vertex 56.66 11.2285 2.4
      vertex 56.3784 11.3673 2.4
    endloop
  endfacet
  facet normal 0.195105 -0.980782 0
    outer loop
      vertex 55.7733 6.77053 2.4
      vertex 56.0812 6.83178 3.9
      vertex 55.7733 6.77053 3.9
    endloop
  endfacet
  facet normal 0.195105 -0.980782 0
    outer loop
      vertex 56.0812 6.83178 3.9
      vertex 55.7733 6.77053 2.4
      vertex 56.0812 6.83178 2.4
    endloop
  endfacet
  facet normal 0.831315 0.555802 0
    outer loop
      vertex 57.5385 10.35 3.9
      vertex 57.364 10.611 2.4
      vertex 57.364 10.611 3.9
    endloop
  endfacet
  facet normal 0.831315 0.555802 0
    outer loop
      vertex 57.364 10.611 2.4
      vertex 57.5385 10.35 3.9
      vertex 57.5385 10.35 2.4
    endloop
  endfacet
  facet normal 0.321509 -0.946907 0
    outer loop
      vertex 56.0812 6.83178 2.4
      vertex 56.3784 6.93269 3.9
      vertex 56.0812 6.83178 3.9
    endloop
  endfacet
  facet normal 0.321509 -0.946907 0
    outer loop
      vertex 56.3784 6.93269 3.9
      vertex 56.0812 6.83178 2.4
      vertex 56.3784 6.93269 2.4
    endloop
  endfacet
  facet normal 0.442238 -0.896898 0
    outer loop
      vertex 56.3784 6.93269 2.4
      vertex 56.66 7.07154 3.9
      vertex 56.3784 6.93269 3.9
    endloop
  endfacet
  facet normal 0.442238 -0.896898 0
    outer loop
      vertex 56.66 7.07154 3.9
      vertex 56.3784 6.93269 2.4
      vertex 56.66 7.07154 2.4
    endloop
  endfacet
  facet normal 0.32148 0.946916 -0
    outer loop
      vertex 56.3784 11.3673 2.4
      vertex 56.0812 11.4682 3.9
      vertex 56.3784 11.3673 3.9
    endloop
  endfacet
  facet normal 0.32148 0.946916 0
    outer loop
      vertex 56.0812 11.4682 3.9
      vertex 56.3784 11.3673 2.4
      vertex 56.0812 11.4682 2.4
    endloop
  endfacet
  facet normal 0.997866 -0.0653012 0
    outer loop
      vertex 57.8395 8.83674 3.9
      vertex 57.86 9.15 2.4
      vertex 57.86 9.15 3.9
    endloop
  endfacet
  facet normal 0.997866 -0.0653012 0
    outer loop
      vertex 57.86 9.15 2.4
      vertex 57.8395 8.83674 3.9
      vertex 57.8395 8.83674 2.4
    endloop
  endfacet
  facet normal -0.946939 -0.321412 0
    outer loop
      vertex 53.2427 8.23156 2.4
      vertex 53.1418 8.52883 3.9
      vertex 53.1418 8.52883 2.4
    endloop
  endfacet
  facet normal -0.946939 -0.321412 0
    outer loop
      vertex 53.1418 8.52883 3.9
      vertex 53.2427 8.23156 2.4
      vertex 53.2427 8.23156 3.9
    endloop
  endfacet
  facet normal -0.195105 -0.980782 0
    outer loop
      vertex 54.8388 6.83178 2.4
      vertex 55.1467 6.77053 3.9
      vertex 54.8388 6.83178 3.9
    endloop
  endfacet
  facet normal -0.195105 -0.980782 -0
    outer loop
      vertex 55.1467 6.77053 3.9
      vertex 54.8388 6.83178 2.4
      vertex 55.1467 6.77053 2.4
    endloop
  endfacet
  facet normal -0.065388 -0.99786 0
    outer loop
      vertex 55.1467 6.77053 2.4
      vertex 55.46 6.75 3.9
      vertex 55.1467 6.77053 3.9
    endloop
  endfacet
  facet normal -0.065388 -0.99786 -0
    outer loop
      vertex 55.46 6.75 3.9
      vertex 55.1467 6.77053 2.4
      vertex 55.46 6.75 2.4
    endloop
  endfacet
  facet normal 0.555802 0.831315 -0
    outer loop
      vertex 56.921 11.054 2.4
      vertex 56.66 11.2285 3.9
      vertex 56.921 11.054 3.9
    endloop
  endfacet
  facet normal 0.555802 0.831315 0
    outer loop
      vertex 56.66 11.2285 3.9
      vertex 56.921 11.054 2.4
      vertex 56.66 11.2285 2.4
    endloop
  endfacet
  facet normal -0.0652929 0.997866 0
    outer loop
      vertex 55.46 11.55 2.4
      vertex 55.1467 11.5295 3.9
      vertex 55.46 11.55 3.9
    endloop
  endfacet
  facet normal -0.0652929 0.997866 0
    outer loop
      vertex 55.1467 11.5295 3.9
      vertex 55.46 11.55 2.4
      vertex 55.1467 11.5295 2.4
    endloop
  endfacet
  facet normal -0.555802 0.831315 0
    outer loop
      vertex 54.26 11.2285 2.4
      vertex 53.999 11.054 3.9
      vertex 54.26 11.2285 3.9
    endloop
  endfacet
  facet normal -0.555802 0.831315 0
    outer loop
      vertex 53.999 11.054 3.9
      vertex 54.26 11.2285 2.4
      vertex 53.999 11.054 2.4
    endloop
  endfacet
  facet normal -0.555604 -0.831447 0
    outer loop
      vertex 53.999 7.24595 2.4
      vertex 54.26 7.07154 3.9
      vertex 53.999 7.24595 3.9
    endloop
  endfacet
  facet normal -0.555604 -0.831447 -0
    outer loop
      vertex 54.26 7.07154 3.9
      vertex 53.999 7.24595 2.4
      vertex 54.26 7.07154 2.4
    endloop
  endfacet
  facet normal 0.659068 0.752083 -0
    outer loop
      vertex 57.1571 10.8471 2.4
      vertex 56.921 11.054 3.9
      vertex 57.1571 10.8471 3.9
    endloop
  endfacet
  facet normal 0.659068 0.752083 0
    outer loop
      vertex 56.921 11.054 3.9
      vertex 57.1571 10.8471 2.4
      vertex 56.921 11.054 2.4
    endloop
  endfacet
  facet normal 0.65923 -0.751941 0
    outer loop
      vertex 56.921 7.24595 2.4
      vertex 57.1571 7.45294 3.9
      vertex 56.921 7.24595 3.9
    endloop
  endfacet
  facet normal 0.65923 -0.751941 0
    outer loop
      vertex 57.1571 7.45294 3.9
      vertex 56.921 7.24595 2.4
      vertex 57.1571 7.45294 2.4
    endloop
  endfacet
  facet normal -0.44211 0.896961 0
    outer loop
      vertex 54.5416 11.3673 2.4
      vertex 54.26 11.2285 3.9
      vertex 54.5416 11.3673 3.9
    endloop
  endfacet
  facet normal -0.44211 0.896961 0
    outer loop
      vertex 54.26 11.2285 3.9
      vertex 54.5416 11.3673 2.4
      vertex 54.26 11.2285 2.4
    endloop
  endfacet
  facet normal -0.751986 -0.659179 0
    outer loop
      vertex 53.7629 7.45294 2.4
      vertex 53.556 7.68897 3.9
      vertex 53.556 7.68897 2.4
    endloop
  endfacet
  facet normal -0.751986 -0.659179 0
    outer loop
      vertex 53.556 7.68897 3.9
      vertex 53.7629 7.45294 2.4
      vertex 53.7629 7.45294 3.9
    endloop
  endfacet
  facet normal -0.997866 -0.0653012 0
    outer loop
      vertex 53.0805 8.83674 2.4
      vertex 53.06 9.15 3.9
      vertex 53.06 9.15 2.4
    endloop
  endfacet
  facet normal -0.997866 -0.0653012 0
    outer loop
      vertex 53.06 9.15 3.9
      vertex 53.0805 8.83674 2.4
      vertex 53.0805 8.83674 3.9
    endloop
  endfacet
  facet normal -0.896936 -0.44216 0
    outer loop
      vertex 53.3815 7.95 2.4
      vertex 53.2427 8.23156 3.9
      vertex 53.2427 8.23156 2.4
    endloop
  endfacet
  facet normal -0.896936 -0.44216 0
    outer loop
      vertex 53.2427 8.23156 3.9
      vertex 53.3815 7.95 2.4
      vertex 53.3815 7.95 3.9
    endloop
  endfacet
  facet normal 0.555604 -0.831447 0
    outer loop
      vertex 56.66 7.07154 2.4
      vertex 56.921 7.24595 3.9
      vertex 56.66 7.07154 3.9
    endloop
  endfacet
  facet normal 0.555604 -0.831447 0
    outer loop
      vertex 56.921 7.24595 3.9
      vertex 56.66 7.07154 2.4
      vertex 56.921 7.24595 2.4
    endloop
  endfacet
  facet normal 0.980753 -0.195252 0
    outer loop
      vertex 57.7782 8.52883 3.9
      vertex 57.8395 8.83674 2.4
      vertex 57.8395 8.83674 3.9
    endloop
  endfacet
  facet normal 0.980753 -0.195252 0
    outer loop
      vertex 57.8395 8.83674 2.4
      vertex 57.7782 8.52883 3.9
      vertex 57.7782 8.52883 2.4
    endloop
  endfacet
  facet normal 0.0652929 0.997866 -0
    outer loop
      vertex 55.7733 11.5295 2.4
      vertex 55.46 11.55 3.9
      vertex 55.7733 11.5295 3.9
    endloop
  endfacet
  facet normal 0.0652929 0.997866 0
    outer loop
      vertex 55.46 11.55 3.9
      vertex 55.7733 11.5295 2.4
      vertex 55.46 11.55 2.4
    endloop
  endfacet
  facet normal -0.195258 0.980752 0
    outer loop
      vertex 55.1467 11.5295 2.4
      vertex 54.8388 11.4682 3.9
      vertex 55.1467 11.5295 3.9
    endloop
  endfacet
  facet normal -0.195258 0.980752 0
    outer loop
      vertex 54.8388 11.4682 3.9
      vertex 55.1467 11.5295 2.4
      vertex 54.8388 11.4682 2.4
    endloop
  endfacet
  facet normal -0.659068 0.752083 0
    outer loop
      vertex 53.999 11.054 2.4
      vertex 53.7629 10.8471 3.9
      vertex 53.999 11.054 3.9
    endloop
  endfacet
  facet normal -0.659068 0.752083 0
    outer loop
      vertex 53.7629 10.8471 3.9
      vertex 53.999 11.054 2.4
      vertex 53.7629 10.8471 2.4
    endloop
  endfacet
  facet normal -0.980752 0.195258 0
    outer loop
      vertex 53.0805 9.46326 2.4
      vertex 53.1418 9.77116 3.9
      vertex 53.1418 9.77116 2.4
    endloop
  endfacet
  facet normal -0.980752 0.195258 0
    outer loop
      vertex 53.1418 9.77116 3.9
      vertex 53.0805 9.46326 2.4
      vertex 53.0805 9.46326 3.9
    endloop
  endfacet
  facet normal 0.980752 0.195258 0
    outer loop
      vertex 57.8395 22.1633 3.9
      vertex 57.7782 22.4712 2.4
      vertex 57.7782 22.4712 3.9
    endloop
  endfacet
  facet normal 0.980752 0.195258 0
    outer loop
      vertex 57.7782 22.4712 2.4
      vertex 57.8395 22.1633 3.9
      vertex 57.8395 22.1633 2.4
    endloop
  endfacet
  facet normal 0.997866 0.0652929 0
    outer loop
      vertex 57.86 21.85 3.9
      vertex 57.8395 22.1633 2.4
      vertex 57.8395 22.1633 3.9
    endloop
  endfacet
  facet normal 0.997866 0.0652929 0
    outer loop
      vertex 57.8395 22.1633 2.4
      vertex 57.86 21.85 3.9
      vertex 57.86 21.85 2.4
    endloop
  endfacet
  facet normal 0.831315 0.555802 0
    outer loop
      vertex 57.5385 23.05 3.9
      vertex 57.364 23.311 2.4
      vertex 57.364 23.311 3.9
    endloop
  endfacet
  facet normal 0.831315 0.555802 0
    outer loop
      vertex 57.364 23.311 2.4
      vertex 57.5385 23.05 3.9
      vertex 57.5385 23.05 2.4
    endloop
  endfacet
  facet normal 0.896961 0.44211 0
    outer loop
      vertex 57.6773 22.7684 3.9
      vertex 57.5385 23.05 2.4
      vertex 57.5385 23.05 3.9
    endloop
  endfacet
  facet normal 0.896961 0.44211 0
    outer loop
      vertex 57.5385 23.05 2.4
      vertex 57.6773 22.7684 3.9
      vertex 57.6773 22.7684 2.4
    endloop
  endfacet
  facet normal 0.831315 -0.555802 0
    outer loop
      vertex 57.364 20.389 3.9
      vertex 57.5385 20.65 2.4
      vertex 57.5385 20.65 3.9
    endloop
  endfacet
  facet normal 0.831315 -0.555802 0
    outer loop
      vertex 57.5385 20.65 2.4
      vertex 57.364 20.389 3.9
      vertex 57.364 20.389 2.4
    endloop
  endfacet
  facet normal 0.752083 0.659068 0
    outer loop
      vertex 57.364 23.311 3.9
      vertex 57.1571 23.5471 2.4
      vertex 57.1571 23.5471 3.9
    endloop
  endfacet
  facet normal 0.752083 0.659068 0
    outer loop
      vertex 57.1571 23.5471 2.4
      vertex 57.364 23.311 3.9
      vertex 57.364 23.311 2.4
    endloop
  endfacet
  facet normal 0.555802 -0.831315 0
    outer loop
      vertex 56.66 19.7715 2.4
      vertex 56.921 19.946 3.9
      vertex 56.66 19.7715 3.9
    endloop
  endfacet
  facet normal 0.555802 -0.831315 0
    outer loop
      vertex 56.921 19.946 3.9
      vertex 56.66 19.7715 2.4
      vertex 56.921 19.946 2.4
    endloop
  endfacet
  facet normal -0.946916 -0.32148 0
    outer loop
      vertex 53.2427 20.9316 2.4
      vertex 53.1418 21.2288 3.9
      vertex 53.1418 21.2288 2.4
    endloop
  endfacet
  facet normal -0.946916 -0.32148 0
    outer loop
      vertex 53.1418 21.2288 3.9
      vertex 53.2427 20.9316 2.4
      vertex 53.2427 20.9316 3.9
    endloop
  endfacet
  facet normal -0.0652929 0.997866 0
    outer loop
      vertex 55.46 24.25 2.4
      vertex 55.1467 24.2295 3.9
      vertex 55.46 24.25 3.9
    endloop
  endfacet
  facet normal -0.0652929 0.997866 0
    outer loop
      vertex 55.1467 24.2295 3.9
      vertex 55.46 24.25 2.4
      vertex 55.1467 24.2295 2.4
    endloop
  endfacet
  facet normal -0.946916 0.32148 0
    outer loop
      vertex 53.1418 22.4712 2.4
      vertex 53.2427 22.7684 3.9
      vertex 53.2427 22.7684 2.4
    endloop
  endfacet
  facet normal -0.946916 0.32148 0
    outer loop
      vertex 53.2427 22.7684 3.9
      vertex 53.1418 22.4712 2.4
      vertex 53.1418 22.4712 3.9
    endloop
  endfacet
  facet normal -0.659068 -0.752083 0
    outer loop
      vertex 53.7629 20.1529 2.4
      vertex 53.999 19.946 3.9
      vertex 53.7629 20.1529 3.9
    endloop
  endfacet
  facet normal -0.659068 -0.752083 -0
    outer loop
      vertex 53.999 19.946 3.9
      vertex 53.7629 20.1529 2.4
      vertex 53.999 19.946 2.4
    endloop
  endfacet
  facet normal 0.946916 -0.32148 0
    outer loop
      vertex 57.6773 20.9316 3.9
      vertex 57.7782 21.2288 2.4
      vertex 57.7782 21.2288 3.9
    endloop
  endfacet
  facet normal 0.946916 -0.32148 0
    outer loop
      vertex 57.7782 21.2288 2.4
      vertex 57.6773 20.9316 3.9
      vertex 57.6773 20.9316 2.4
    endloop
  endfacet
  facet normal -0.32148 -0.946916 0
    outer loop
      vertex 54.5416 19.6327 2.4
      vertex 54.8388 19.5318 3.9
      vertex 54.5416 19.6327 3.9
    endloop
  endfacet
  facet normal -0.32148 -0.946916 -0
    outer loop
      vertex 54.8388 19.5318 3.9
      vertex 54.5416 19.6327 2.4
      vertex 54.8388 19.5318 2.4
    endloop
  endfacet
  facet normal 0.980752 -0.195258 0
    outer loop
      vertex 57.7782 21.2288 3.9
      vertex 57.8395 21.5367 2.4
      vertex 57.8395 21.5367 3.9
    endloop
  endfacet
  facet normal 0.980752 -0.195258 0
    outer loop
      vertex 57.8395 21.5367 2.4
      vertex 57.7782 21.2288 3.9
      vertex 57.7782 21.2288 2.4
    endloop
  endfacet
  facet normal 0.896961 -0.44211 0
    outer loop
      vertex 57.5385 20.65 3.9
      vertex 57.6773 20.9316 2.4
      vertex 57.6773 20.9316 3.9
    endloop
  endfacet
  facet normal 0.896961 -0.44211 0
    outer loop
      vertex 57.6773 20.9316 2.4
      vertex 57.5385 20.65 3.9
      vertex 57.5385 20.65 2.4
    endloop
  endfacet
  facet normal 0 0 1
    outer loop
      vertex 56.26 21.85 3.9
      vertex 57.86 21.85 3.9
      vertex 57.8395 22.1633 3.9
    endloop
  endfacet
  facet normal 0 0 1
    outer loop
      vertex 56.2532 21.9544 3.9
      vertex 57.8395 22.1633 3.9
      vertex 57.7782 22.4712 3.9
    endloop
  endfacet
  facet normal 0 0 1
    outer loop
      vertex 57.86 21.85 3.9
      vertex 56.26 21.85 3.9
      vertex 57.8395 21.5367 3.9
    endloop
  endfacet
  facet normal 0 0 1
    outer loop
      vertex 56.2327 22.0571 3.9
      vertex 57.7782 22.4712 3.9
      vertex 57.6773 22.7684 3.9
    endloop
  endfacet
  facet normal -0 0 1
    outer loop
      vertex 56.2532 21.7456 3.9
      vertex 57.8395 21.5367 3.9
      vertex 56.26 21.85 3.9
    endloop
  endfacet
  facet normal 0 0 1
    outer loop
      vertex 56.1991 22.1561 3.9
      vertex 57.6773 22.7684 3.9
      vertex 57.5385 23.05 3.9
    endloop
  endfacet
  facet normal 0 0 1
    outer loop
      vertex 57.8395 21.5367 3.9
      vertex 56.2532 21.7456 3.9
      vertex 57.7782 21.2288 3.9
    endloop
  endfacet
  facet normal 0 0 1
    outer loop
      vertex 56.1528 22.25 3.9
      vertex 57.5385 23.05 3.9
      vertex 57.364 23.311 3.9
    endloop
  endfacet
  facet normal -0 0 1
    outer loop
      vertex 56.2327 21.6429 3.9
      vertex 57.7782 21.2288 3.9
      vertex 56.2532 21.7456 3.9
    endloop
  endfacet
  facet normal 0 0 1
    outer loop
      vertex 56.0947 22.337 3.9
      vertex 57.364 23.311 3.9
      vertex 57.1571 23.5471 3.9
    endloop
  endfacet
  facet normal 0 0 1
    outer loop
      vertex 57.7782 21.2288 3.9
      vertex 56.2327 21.6429 3.9
      vertex 57.6773 20.9316 3.9
    endloop
  endfacet
  facet normal 0 0 1
    outer loop
      vertex 56.0257 22.4157 3.9
      vertex 57.1571 23.5471 3.9
      vertex 56.921 23.754 3.9
    endloop
  endfacet
  facet normal -0 0 1
    outer loop
      vertex 56.1991 21.5439 3.9
      vertex 57.6773 20.9316 3.9
      vertex 56.2327 21.6429 3.9
    endloop
  endfacet
  facet normal 0 0 1
    outer loop
      vertex 55.947 22.4847 3.9
      vertex 56.921 23.754 3.9
      vertex 56.66 23.9285 3.9
    endloop
  endfacet
  facet normal 0 0 1
    outer loop
      vertex 57.6773 20.9316 3.9
      vertex 56.1991 21.5439 3.9
      vertex 57.5385 20.65 3.9
    endloop
  endfacet
  facet normal 0 0 1
    outer loop
      vertex 55.86 22.5428 3.9
      vertex 56.66 23.9285 3.9
      vertex 56.3784 24.0673 3.9
    endloop
  endfacet
  facet normal -0 0 1
    outer loop
      vertex 56.1528 21.45 3.9
      vertex 57.5385 20.65 3.9
      vertex 56.1991 21.5439 3.9
    endloop
  endfacet
  facet normal 0 0 1
    outer loop
      vertex 57.5385 20.65 3.9
      vertex 56.1528 21.45 3.9
      vertex 57.364 20.389 3.9
    endloop
  endfacet
  facet normal 0 0 1
    outer loop
      vertex 57.8395 22.1633 3.9
      vertex 56.2532 21.9544 3.9
      vertex 56.26 21.85 3.9
    endloop
  endfacet
  facet normal 0 0 1
    outer loop
      vertex 57.7782 22.4712 3.9
      vertex 56.2327 22.0571 3.9
      vertex 56.2532 21.9544 3.9
    endloop
  endfacet
  facet normal 0 0 1
    outer loop
      vertex 57.6773 22.7684 3.9
      vertex 56.1991 22.1561 3.9
      vertex 56.2327 22.0571 3.9
    endloop
  endfacet
  facet normal 0 0 1
    outer loop
      vertex 57.5385 23.05 3.9
      vertex 56.1528 22.25 3.9
      vertex 56.1991 22.1561 3.9
    endloop
  endfacet
  facet normal 0 0 1
    outer loop
      vertex 57.364 23.311 3.9
      vertex 56.0947 22.337 3.9
      vertex 56.1528 22.25 3.9
    endloop
  endfacet
  facet normal 0 0 1
    outer loop
      vertex 55.7661 22.5891 3.9
      vertex 56.3784 24.0673 3.9
      vertex 56.0812 24.1682 3.9
    endloop
  endfacet
  facet normal 0 0 1
    outer loop
      vertex 57.1571 23.5471 3.9
      vertex 56.0257 22.4157 3.9
      vertex 56.0947 22.337 3.9
    endloop
  endfacet
  facet normal 0 0 1
    outer loop
      vertex 56.921 23.754 3.9
      vertex 55.947 22.4847 3.9
      vertex 56.0257 22.4157 3.9
    endloop
  endfacet
  facet normal 0 0 1
    outer loop
      vertex 56.66 23.9285 3.9
      vertex 55.86 22.5428 3.9
      vertex 55.947 22.4847 3.9
    endloop
  endfacet
  facet normal 0 0 1
    outer loop
      vertex 55.6671 22.6227 3.9
      vertex 56.0812 24.1682 3.9
      vertex 55.7733 24.2295 3.9
    endloop
  endfacet
  facet normal 0 0 1
    outer loop
      vertex 56.3784 24.0673 3.9
      vertex 55.7661 22.5891 3.9
      vertex 55.86 22.5428 3.9
    endloop
  endfacet
  facet normal 0 0 1
    outer loop
      vertex 56.0812 24.1682 3.9
      vertex 55.6671 22.6227 3.9
      vertex 55.7661 22.5891 3.9
    endloop
  endfacet
  facet normal 0 0 1
    outer loop
      vertex 55.7733 24.2295 3.9
      vertex 55.5644 22.6432 3.9
      vertex 55.6671 22.6227 3.9
    endloop
  endfacet
  facet normal 0 0 1
    outer loop
      vertex 55.46 24.25 3.9
      vertex 55.5644 22.6432 3.9
      vertex 55.7733 24.2295 3.9
    endloop
  endfacet
  facet normal 0 0 1
    outer loop
      vertex 55.46 24.25 3.9
      vertex 55.46 22.65 3.9
      vertex 55.5644 22.6432 3.9
    endloop
  endfacet
  facet normal 0 0 1
    outer loop
      vertex 55.46 24.25 3.9
      vertex 55.3556 22.6432 3.9
      vertex 55.46 22.65 3.9
    endloop
  endfacet
  facet normal -0 0 1
    outer loop
      vertex 55.1467 24.2295 3.9
      vertex 55.3556 22.6432 3.9
      vertex 55.46 24.25 3.9
    endloop
  endfacet
  facet normal 0 0 1
    outer loop
      vertex 55.3556 22.6432 3.9
      vertex 55.1467 24.2295 3.9
      vertex 55.2529 22.6227 3.9
    endloop
  endfacet
  facet normal -0 0 1
    outer loop
      vertex 54.8388 24.1682 3.9
      vertex 55.2529 22.6227 3.9
      vertex 55.1467 24.2295 3.9
    endloop
  endfacet
  facet normal 0 0 1
    outer loop
      vertex 55.2529 22.6227 3.9
      vertex 54.8388 24.1682 3.9
      vertex 55.1539 22.5891 3.9
    endloop
  endfacet
  facet normal -0 0 1
    outer loop
      vertex 54.5416 24.0673 3.9
      vertex 55.1539 22.5891 3.9
      vertex 54.8388 24.1682 3.9
    endloop
  endfacet
  facet normal 0 0 1
    outer loop
      vertex 55.1539 22.5891 3.9
      vertex 54.5416 24.0673 3.9
      vertex 55.06 22.5428 3.9
    endloop
  endfacet
  facet normal -0 0 1
    outer loop
      vertex 54.26 23.9285 3.9
      vertex 55.06 22.5428 3.9
      vertex 54.5416 24.0673 3.9
    endloop
  endfacet
  facet normal 0 0 1
    outer loop
      vertex 55.06 22.5428 3.9
      vertex 54.26 23.9285 3.9
      vertex 54.973 22.4847 3.9
    endloop
  endfacet
  facet normal -0 0 1
    outer loop
      vertex 53.999 23.754 3.9
      vertex 54.973 22.4847 3.9
      vertex 54.26 23.9285 3.9
    endloop
  endfacet
  facet normal 0 0 1
    outer loop
      vertex 54.973 22.4847 3.9
      vertex 53.999 23.754 3.9
      vertex 54.8943 22.4157 3.9
    endloop
  endfacet
  facet normal -0 0 1
    outer loop
      vertex 53.7629 23.5471 3.9
      vertex 54.8943 22.4157 3.9
      vertex 53.999 23.754 3.9
    endloop
  endfacet
  facet normal 0 0 1
    outer loop
      vertex 54.8943 22.4157 3.9
      vertex 53.7629 23.5471 3.9
      vertex 54.8253 22.337 3.9
    endloop
  endfacet
  facet normal 0 0 1
    outer loop
      vertex 54.8253 22.337 3.9
      vertex 53.556 23.311 3.9
      vertex 54.7672 22.25 3.9
    endloop
  endfacet
  facet normal -0 0 1
    outer loop
      vertex 53.556 23.311 3.9
      vertex 54.8253 22.337 3.9
      vertex 53.7629 23.5471 3.9
    endloop
  endfacet
  facet normal -0 0 1
    outer loop
      vertex 56.0947 21.363 3.9
      vertex 57.364 20.389 3.9
      vertex 56.1528 21.45 3.9
    endloop
  endfacet
  facet normal 0 0 1
    outer loop
      vertex 57.364 20.389 3.9
      vertex 56.0947 21.363 3.9
      vertex 57.1571 20.1529 3.9
    endloop
  endfacet
  facet normal -0 0 1
    outer loop
      vertex 56.0257 21.2843 3.9
      vertex 57.1571 20.1529 3.9
      vertex 56.0947 21.363 3.9
    endloop
  endfacet
  facet normal 0 0 1
    outer loop
      vertex 57.1571 20.1529 3.9
      vertex 56.0257 21.2843 3.9
      vertex 56.921 19.946 3.9
    endloop
  endfacet
  facet normal -0 0 1
    outer loop
      vertex 55.947 21.2153 3.9
      vertex 56.921 19.946 3.9
      vertex 56.0257 21.2843 3.9
    endloop
  endfacet
  facet normal 0 0 1
    outer loop
      vertex 56.921 19.946 3.9
      vertex 55.947 21.2153 3.9
      vertex 56.66 19.7715 3.9
    endloop
  endfacet
  facet normal -0 0 1
    outer loop
      vertex 55.86 21.1572 3.9
      vertex 56.66 19.7715 3.9
      vertex 55.947 21.2153 3.9
    endloop
  endfacet
  facet normal 0 0 1
    outer loop
      vertex 56.66 19.7715 3.9
      vertex 55.86 21.1572 3.9
      vertex 56.3784 19.6327 3.9
    endloop
  endfacet
  facet normal -0 0 1
    outer loop
      vertex 55.7661 21.1109 3.9
      vertex 56.3784 19.6327 3.9
      vertex 55.86 21.1572 3.9
    endloop
  endfacet
  facet normal 0 0 1
    outer loop
      vertex 56.3784 19.6327 3.9
      vertex 55.7661 21.1109 3.9
      vertex 56.0812 19.5318 3.9
    endloop
  endfacet
  facet normal -0 0 1
    outer loop
      vertex 55.6671 21.0773 3.9
      vertex 56.0812 19.5318 3.9
      vertex 55.7661 21.1109 3.9
    endloop
  endfacet
  facet normal 0 0 1
    outer loop
      vertex 56.0812 19.5318 3.9
      vertex 55.6671 21.0773 3.9
      vertex 55.7733 19.4705 3.9
    endloop
  endfacet
  facet normal -0 0 1
    outer loop
      vertex 55.5644 21.0568 3.9
      vertex 55.7733 19.4705 3.9
      vertex 55.6671 21.0773 3.9
    endloop
  endfacet
  facet normal -0 0 1
    outer loop
      vertex 55.46 21.05 3.9
      vertex 55.7733 19.4705 3.9
      vertex 55.5644 21.0568 3.9
    endloop
  endfacet
  facet normal 0 0 1
    outer loop
      vertex 55.46 21.05 3.9
      vertex 55.46 19.45 3.9
      vertex 55.7733 19.4705 3.9
    endloop
  endfacet
  facet normal 0 0 1
    outer loop
      vertex 55.3556 21.0568 3.9
      vertex 55.46 19.45 3.9
      vertex 55.46 21.05 3.9
    endloop
  endfacet
  facet normal 0 0 1
    outer loop
      vertex 55.1467 19.4705 3.9
      vertex 55.3556 21.0568 3.9
      vertex 55.2529 21.0773 3.9
    endloop
  endfacet
  facet normal 0 0 1
    outer loop
      vertex 54.8388 19.5318 3.9
      vertex 55.2529 21.0773 3.9
      vertex 55.1539 21.1109 3.9
    endloop
  endfacet
  facet normal 0 0 1
    outer loop
      vertex 55.3556 21.0568 3.9
      vertex 55.1467 19.4705 3.9
      vertex 55.46 19.45 3.9
    endloop
  endfacet
  facet normal 0 0 1
    outer loop
      vertex 54.5416 19.6327 3.9
      vertex 55.1539 21.1109 3.9
      vertex 55.06 21.1572 3.9
    endloop
  endfacet
  facet normal 0 0 1
    outer loop
      vertex 54.26 19.7715 3.9
      vertex 55.06 21.1572 3.9
      vertex 54.973 21.2153 3.9
    endloop
  endfacet
  facet normal 0 0 1
    outer loop
      vertex 53.999 19.946 3.9
      vertex 54.973 21.2153 3.9
      vertex 54.8943 21.2843 3.9
    endloop
  endfacet
  facet normal 0 0 1
    outer loop
      vertex 55.2529 21.0773 3.9
      vertex 54.8388 19.5318 3.9
      vertex 55.1467 19.4705 3.9
    endloop
  endfacet
  facet normal 0 0 1
    outer loop
      vertex 53.7629 20.1529 3.9
      vertex 54.8943 21.2843 3.9
      vertex 54.8253 21.363 3.9
    endloop
  endfacet
  facet normal 0 0 1
    outer loop
      vertex 53.556 20.389 3.9
      vertex 54.8253 21.363 3.9
      vertex 54.7672 21.45 3.9
    endloop
  endfacet
  facet normal 0 0 1
    outer loop
      vertex 53.3815 20.65 3.9
      vertex 54.7672 21.45 3.9
      vertex 54.7209 21.5439 3.9
    endloop
  endfacet
  facet normal 0 0 1
    outer loop
      vertex 53.2427 20.9316 3.9
      vertex 54.7209 21.5439 3.9
      vertex 54.6873 21.6429 3.9
    endloop
  endfacet
  facet normal 0 0 1
    outer loop
      vertex 53.1418 21.2288 3.9
      vertex 54.6873 21.6429 3.9
      vertex 54.6668 21.7456 3.9
    endloop
  endfacet
  facet normal 0 0 1
    outer loop
      vertex 55.1539 21.1109 3.9
      vertex 54.5416 19.6327 3.9
      vertex 54.8388 19.5318 3.9
    endloop
  endfacet
  facet normal 0 0 1
    outer loop
      vertex 53.0805 21.5367 3.9
      vertex 54.6668 21.7456 3.9
      vertex 54.66 21.85 3.9
    endloop
  endfacet
  facet normal -0 0 1
    outer loop
      vertex 53.3815 23.05 3.9
      vertex 54.7672 22.25 3.9
      vertex 53.556 23.311 3.9
    endloop
  endfacet
  facet normal 0 0 1
    outer loop
      vertex 54.7672 22.25 3.9
      vertex 53.3815 23.05 3.9
      vertex 54.7209 22.1561 3.9
    endloop
  endfacet
  facet normal 0 0 1
    outer loop
      vertex 55.06 21.1572 3.9
      vertex 54.26 19.7715 3.9
      vertex 54.5416 19.6327 3.9
    endloop
  endfacet
  facet normal -0 0 1
    outer loop
      vertex 53.2427 22.7684 3.9
      vertex 54.7209 22.1561 3.9
      vertex 53.3815 23.05 3.9
    endloop
  endfacet
  facet normal 0 0 1
    outer loop
      vertex 54.973 21.2153 3.9
      vertex 53.999 19.946 3.9
      vertex 54.26 19.7715 3.9
    endloop
  endfacet
  facet normal 0 0 1
    outer loop
      vertex 54.7209 22.1561 3.9
      vertex 53.2427 22.7684 3.9
      vertex 54.6873 22.0571 3.9
    endloop
  endfacet
  facet normal 0 0 1
    outer loop
      vertex 54.8943 21.2843 3.9
      vertex 53.7629 20.1529 3.9
      vertex 53.999 19.946 3.9
    endloop
  endfacet
  facet normal -0 0 1
    outer loop
      vertex 53.1418 22.4712 3.9
      vertex 54.6873 22.0571 3.9
      vertex 53.2427 22.7684 3.9
    endloop
  endfacet
  facet normal 0 0 1
    outer loop
      vertex 54.8253 21.363 3.9
      vertex 53.556 20.389 3.9
      vertex 53.7629 20.1529 3.9
    endloop
  endfacet
  facet normal 0 0 1
    outer loop
      vertex 54.6873 22.0571 3.9
      vertex 53.1418 22.4712 3.9
      vertex 54.6668 21.9544 3.9
    endloop
  endfacet
  facet normal 0 0 1
    outer loop
      vertex 54.7672 21.45 3.9
      vertex 53.3815 20.65 3.9
      vertex 53.556 20.389 3.9
    endloop
  endfacet
  facet normal -0 0 1
    outer loop
      vertex 53.0805 22.1633 3.9
      vertex 54.6668 21.9544 3.9
      vertex 53.1418 22.4712 3.9
    endloop
  endfacet
  facet normal 0 0 1
    outer loop
      vertex 54.7209 21.5439 3.9
      vertex 53.2427 20.9316 3.9
      vertex 53.3815 20.65 3.9
    endloop
  endfacet
  facet normal 0 0 1
    outer loop
      vertex 54.6668 21.9544 3.9
      vertex 53.0805 22.1633 3.9
      vertex 54.66 21.85 3.9
    endloop
  endfacet
  facet normal 0 0 1
    outer loop
      vertex 54.6873 21.6429 3.9
      vertex 53.1418 21.2288 3.9
      vertex 53.2427 20.9316 3.9
    endloop
  endfacet
  facet normal 0 0 1
    outer loop
      vertex 53.06 21.85 3.9
      vertex 54.66 21.85 3.9
      vertex 53.0805 22.1633 3.9
    endloop
  endfacet
  facet normal 0 0 1
    outer loop
      vertex 54.6668 21.7456 3.9
      vertex 53.0805 21.5367 3.9
      vertex 53.1418 21.2288 3.9
    endloop
  endfacet
  facet normal 0 0 1
    outer loop
      vertex 54.66 21.85 3.9
      vertex 53.06 21.85 3.9
      vertex 53.0805 21.5367 3.9
    endloop
  endfacet
  facet normal -0.0652929 -0.997866 0
    outer loop
      vertex 55.1467 19.4705 2.4
      vertex 55.46 19.45 3.9
      vertex 55.1467 19.4705 3.9
    endloop
  endfacet
  facet normal -0.0652929 -0.997866 -0
    outer loop
      vertex 55.46 19.45 3.9
      vertex 55.1467 19.4705 2.4
      vertex 55.46 19.45 2.4
    endloop
  endfacet
  facet normal -0.896961 0.44211 0
    outer loop
      vertex 53.2427 22.7684 2.4
      vertex 53.3815 23.05 3.9
      vertex 53.3815 23.05 2.4
    endloop
  endfacet
  facet normal -0.896961 0.44211 0
    outer loop
      vertex 53.3815 23.05 3.9
      vertex 53.2427 22.7684 2.4
      vertex 53.2427 22.7684 3.9
    endloop
  endfacet
  facet normal -0.195258 -0.980752 0
    outer loop
      vertex 54.8388 19.5318 2.4
      vertex 55.1467 19.4705 3.9
      vertex 54.8388 19.5318 3.9
    endloop
  endfacet
  facet normal -0.195258 -0.980752 -0
    outer loop
      vertex 55.1467 19.4705 3.9
      vertex 54.8388 19.5318 2.4
      vertex 55.1467 19.4705 2.4
    endloop
  endfacet
  facet normal -0.752083 -0.659068 0
    outer loop
      vertex 53.7629 20.1529 2.4
      vertex 53.556 20.389 3.9
      vertex 53.556 20.389 2.4
    endloop
  endfacet
  facet normal -0.752083 -0.659068 0
    outer loop
      vertex 53.556 20.389 3.9
      vertex 53.7629 20.1529 2.4
      vertex 53.7629 20.1529 3.9
    endloop
  endfacet
  facet normal -0.659068 0.752083 0
    outer loop
      vertex 53.999 23.754 2.4
      vertex 53.7629 23.5471 3.9
      vertex 53.999 23.754 3.9
    endloop
  endfacet
  facet normal -0.659068 0.752083 0
    outer loop
      vertex 53.7629 23.5471 3.9
      vertex 53.999 23.754 2.4
      vertex 53.7629 23.5471 2.4
    endloop
  endfacet
  facet normal 0.44211 0.896961 -0
    outer loop
      vertex 56.66 23.9285 2.4
      vertex 56.3784 24.0673 3.9
      vertex 56.66 23.9285 3.9
    endloop
  endfacet
  facet normal 0.44211 0.896961 0
    outer loop
      vertex 56.3784 24.0673 3.9
      vertex 56.66 23.9285 2.4
      vertex 56.3784 24.0673 2.4
    endloop
  endfacet
  facet normal -0.980752 0.195258 0
    outer loop
      vertex 53.0805 22.1633 2.4
      vertex 53.1418 22.4712 3.9
      vertex 53.1418 22.4712 2.4
    endloop
  endfacet
  facet normal -0.980752 0.195258 0
    outer loop
      vertex 53.1418 22.4712 3.9
      vertex 53.0805 22.1633 2.4
      vertex 53.0805 22.1633 3.9
    endloop
  endfacet
  facet normal 0.32148 -0.946916 0
    outer loop
      vertex 56.0812 19.5318 2.4
      vertex 56.3784 19.6327 3.9
      vertex 56.0812 19.5318 3.9
    endloop
  endfacet
  facet normal 0.32148 -0.946916 0
    outer loop
      vertex 56.3784 19.6327 3.9
      vertex 56.0812 19.5318 2.4
      vertex 56.3784 19.6327 2.4
    endloop
  endfacet
  facet normal 0.44211 -0.896961 0
    outer loop
      vertex 56.3784 19.6327 2.4
      vertex 56.66 19.7715 3.9
      vertex 56.3784 19.6327 3.9
    endloop
  endfacet
  facet normal 0.44211 -0.896961 0
    outer loop
      vertex 56.66 19.7715 3.9
      vertex 56.3784 19.6327 2.4
      vertex 56.66 19.7715 2.4
    endloop
  endfacet
  facet normal 0.195258 -0.980752 0
    outer loop
      vertex 55.7733 19.4705 2.4
      vertex 56.0812 19.5318 3.9
      vertex 55.7733 19.4705 3.9
    endloop
  endfacet
  facet normal 0.195258 -0.980752 0
    outer loop
      vertex 56.0812 19.5318 3.9
      vertex 55.7733 19.4705 2.4
      vertex 56.0812 19.5318 2.4
    endloop
  endfacet
  facet normal 0.997866 -0.0652929 0
    outer loop
      vertex 57.8395 21.5367 3.9
      vertex 57.86 21.85 2.4
      vertex 57.86 21.85 3.9
    endloop
  endfacet
  facet normal 0.997866 -0.0652929 0
    outer loop
      vertex 57.86 21.85 2.4
      vertex 57.8395 21.5367 3.9
      vertex 57.8395 21.5367 2.4
    endloop
  endfacet
  facet normal 0.659068 0.752083 -0
    outer loop
      vertex 57.1571 23.5471 2.4
      vertex 56.921 23.754 3.9
      vertex 57.1571 23.5471 3.9
    endloop
  endfacet
  facet normal 0.659068 0.752083 0
    outer loop
      vertex 56.921 23.754 3.9
      vertex 57.1571 23.5471 2.4
      vertex 56.921 23.754 2.4
    endloop
  endfacet
  facet normal -0.997866 -0.0652929 0
    outer loop
      vertex 53.0805 21.5367 2.4
      vertex 53.06 21.85 3.9
      vertex 53.06 21.85 2.4
    endloop
  endfacet
  facet normal -0.997866 -0.0652929 0
    outer loop
      vertex 53.06 21.85 3.9
      vertex 53.0805 21.5367 2.4
      vertex 53.0805 21.5367 3.9
    endloop
  endfacet
  facet normal -0.32148 0.946916 0
    outer loop
      vertex 54.8388 24.1682 2.4
      vertex 54.5416 24.0673 3.9
      vertex 54.8388 24.1682 3.9
    endloop
  endfacet
  facet normal -0.32148 0.946916 0
    outer loop
      vertex 54.5416 24.0673 3.9
      vertex 54.8388 24.1682 2.4
      vertex 54.5416 24.0673 2.4
    endloop
  endfacet
  facet normal -0.555802 0.831315 0
    outer loop
      vertex 54.26 23.9285 2.4
      vertex 53.999 23.754 3.9
      vertex 54.26 23.9285 3.9
    endloop
  endfacet
  facet normal -0.555802 0.831315 0
    outer loop
      vertex 53.999 23.754 3.9
      vertex 54.26 23.9285 2.4
      vertex 53.999 23.754 2.4
    endloop
  endfacet
  facet normal 0.0652929 -0.997866 0
    outer loop
      vertex 55.46 19.45 2.4
      vertex 55.7733 19.4705 3.9
      vertex 55.46 19.45 3.9
    endloop
  endfacet
  facet normal 0.0652929 -0.997866 0
    outer loop
      vertex 55.7733 19.4705 3.9
      vertex 55.46 19.45 2.4
      vertex 55.7733 19.4705 2.4
    endloop
  endfacet
  facet normal -0.980752 -0.195258 0
    outer loop
      vertex 53.1418 21.2288 2.4
      vertex 53.0805 21.5367 3.9
      vertex 53.0805 21.5367 2.4
    endloop
  endfacet
  facet normal -0.980752 -0.195258 0
    outer loop
      vertex 53.0805 21.5367 3.9
      vertex 53.1418 21.2288 2.4
      vertex 53.1418 21.2288 3.9
    endloop
  endfacet
  facet normal -0.44211 -0.896961 0
    outer loop
      vertex 54.26 19.7715 2.4
      vertex 54.5416 19.6327 3.9
      vertex 54.26 19.7715 3.9
    endloop
  endfacet
  facet normal -0.44211 -0.896961 -0
    outer loop
      vertex 54.5416 19.6327 3.9
      vertex 54.26 19.7715 2.4
      vertex 54.5416 19.6327 2.4
    endloop
  endfacet
  facet normal -0.44211 0.896961 0
    outer loop
      vertex 54.5416 24.0673 2.4
      vertex 54.26 23.9285 3.9
      vertex 54.5416 24.0673 3.9
    endloop
  endfacet
  facet normal -0.44211 0.896961 0
    outer loop
      vertex 54.26 23.9285 3.9
      vertex 54.5416 24.0673 2.4
      vertex 54.26 23.9285 2.4
    endloop
  endfacet
  facet normal 0.0652929 0.997866 -0
    outer loop
      vertex 55.7733 24.2295 2.4
      vertex 55.46 24.25 3.9
      vertex 55.7733 24.2295 3.9
    endloop
  endfacet
  facet normal 0.0652929 0.997866 0
    outer loop
      vertex 55.46 24.25 3.9
      vertex 55.7733 24.2295 2.4
      vertex 55.46 24.25 2.4
    endloop
  endfacet
  facet normal 0.555802 0.831315 -0
    outer loop
      vertex 56.921 23.754 2.4
      vertex 56.66 23.9285 3.9
      vertex 56.921 23.754 3.9
    endloop
  endfacet
  facet normal 0.555802 0.831315 0
    outer loop
      vertex 56.66 23.9285 3.9
      vertex 56.921 23.754 2.4
      vertex 56.66 23.9285 2.4
    endloop
  endfacet
  facet normal 0.946916 0.32148 0
    outer loop
      vertex 57.7782 22.4712 3.9
      vertex 57.6773 22.7684 2.4
      vertex 57.6773 22.7684 3.9
    endloop
  endfacet
  facet normal 0.946916 0.32148 0
    outer loop
      vertex 57.6773 22.7684 2.4
      vertex 57.7782 22.4712 3.9
      vertex 57.7782 22.4712 2.4
    endloop
  endfacet
  facet normal -0.195258 0.980752 0
    outer loop
      vertex 55.1467 24.2295 2.4
      vertex 54.8388 24.1682 3.9
      vertex 55.1467 24.2295 3.9
    endloop
  endfacet
  facet normal -0.195258 0.980752 0
    outer loop
      vertex 54.8388 24.1682 3.9
      vertex 55.1467 24.2295 2.4
      vertex 54.8388 24.1682 2.4
    endloop
  endfacet
  facet normal -0.997866 0.0652929 0
    outer loop
      vertex 53.06 21.85 2.4
      vertex 53.0805 22.1633 3.9
      vertex 53.0805 22.1633 2.4
    endloop
  endfacet
  facet normal -0.997866 0.0652929 0
    outer loop
      vertex 53.0805 22.1633 3.9
      vertex 53.06 21.85 2.4
      vertex 53.06 21.85 3.9
    endloop
  endfacet
  facet normal -0.555802 -0.831315 0
    outer loop
      vertex 53.999 19.946 2.4
      vertex 54.26 19.7715 3.9
      vertex 53.999 19.946 3.9
    endloop
  endfacet
  facet normal -0.555802 -0.831315 -0
    outer loop
      vertex 54.26 19.7715 3.9
      vertex 53.999 19.946 2.4
      vertex 54.26 19.7715 2.4
    endloop
  endfacet
  facet normal -0.831315 0.555802 0
    outer loop
      vertex 53.3815 23.05 2.4
      vertex 53.556 23.311 3.9
      vertex 53.556 23.311 2.4
    endloop
  endfacet
  facet normal -0.831315 0.555802 0
    outer loop
      vertex 53.556 23.311 3.9
      vertex 53.3815 23.05 2.4
      vertex 53.3815 23.05 3.9
    endloop
  endfacet
  facet normal -0.752083 0.659068 0
    outer loop
      vertex 53.556 23.311 2.4
      vertex 53.7629 23.5471 3.9
      vertex 53.7629 23.5471 2.4
    endloop
  endfacet
  facet normal -0.752083 0.659068 0
    outer loop
      vertex 53.7629 23.5471 3.9
      vertex 53.556 23.311 2.4
      vertex 53.556 23.311 3.9
    endloop
  endfacet
  facet normal 0.32148 0.946916 -0
    outer loop
      vertex 56.3784 24.0673 2.4
      vertex 56.0812 24.1682 3.9
      vertex 56.3784 24.0673 3.9
    endloop
  endfacet
  facet normal 0.32148 0.946916 0
    outer loop
      vertex 56.0812 24.1682 3.9
      vertex 56.3784 24.0673 2.4
      vertex 56.0812 24.1682 2.4
    endloop
  endfacet
  facet normal 0.659068 -0.752083 0
    outer loop
      vertex 56.921 19.946 2.4
      vertex 57.1571 20.1529 3.9
      vertex 56.921 19.946 3.9
    endloop
  endfacet
  facet normal 0.659068 -0.752083 0
    outer loop
      vertex 57.1571 20.1529 3.9
      vertex 56.921 19.946 2.4
      vertex 57.1571 20.1529 2.4
    endloop
  endfacet
  facet normal 0.752083 -0.659068 0
    outer loop
      vertex 57.1571 20.1529 3.9
      vertex 57.364 20.389 2.4
      vertex 57.364 20.389 3.9
    endloop
  endfacet
  facet normal 0.752083 -0.659068 0
    outer loop
      vertex 57.364 20.389 2.4
      vertex 57.1571 20.1529 3.9
      vertex 57.1571 20.1529 2.4
    endloop
  endfacet
  facet normal 0.195258 0.980752 -0
    outer loop
      vertex 56.0812 24.1682 2.4
      vertex 55.7733 24.2295 3.9
      vertex 56.0812 24.1682 3.9
    endloop
  endfacet
  facet normal 0.195258 0.980752 0
    outer loop
      vertex 55.7733 24.2295 3.9
      vertex 56.0812 24.1682 2.4
      vertex 55.7733 24.2295 2.4
    endloop
  endfacet
  facet normal -0.831315 -0.555802 0
    outer loop
      vertex 53.556 20.389 2.4
      vertex 53.3815 20.65 3.9
      vertex 53.3815 20.65 2.4
    endloop
  endfacet
  facet normal -0.831315 -0.555802 0
    outer loop
      vertex 53.3815 20.65 3.9
      vertex 53.556 20.389 2.4
      vertex 53.556 20.389 3.9
    endloop
  endfacet
  facet normal -0.896961 -0.44211 0
    outer loop
      vertex 53.3815 20.65 2.4
      vertex 53.2427 20.9316 3.9
      vertex 53.2427 20.9316 2.4
    endloop
  endfacet
  facet normal -0.896961 -0.44211 0
    outer loop
      vertex 53.2427 20.9316 3.9
      vertex 53.3815 20.65 2.4
      vertex 53.3815 20.65 3.9
    endloop
  endfacet
  facet normal 0.442233 -0.8969 0
    outer loop
      vertex 43.629 7.76418 2.4
      vertex 43.805 7.85096 3.9
      vertex 43.629 7.76418 3.9
    endloop
  endfacet
  facet normal 0.442233 -0.8969 0
    outer loop
      vertex 43.805 7.85096 3.9
      vertex 43.629 7.76418 2.4
      vertex 43.805 7.85096 2.4
    endloop
  endfacet
  facet normal 0.980764 0.195195 0
    outer loop
      vertex 44.5422 9.34579 3.9
      vertex 44.5039 9.53823 2.4
      vertex 44.5039 9.53823 3.9
    endloop
  endfacet
  facet normal 0.980764 0.195195 0
    outer loop
      vertex 44.5039 9.53823 2.4
      vertex 44.5422 9.34579 3.9
      vertex 44.5422 9.34579 2.4
    endloop
  endfacet
  facet normal 0.99787 0.0652369 0
    outer loop
      vertex 44.555 9.15 3.9
      vertex 44.5422 9.34579 2.4
      vertex 44.5422 9.34579 3.9
    endloop
  endfacet
  facet normal 0.99787 0.0652369 0
    outer loop
      vertex 44.5422 9.34579 2.4
      vertex 44.555 9.15 3.9
      vertex 44.555 9.15 2.4
    endloop
  endfacet
  facet normal 0.946879 0.321589 0
    outer loop
      vertex 44.5039 9.53823 3.9
      vertex 44.4408 9.72402 2.4
      vertex 44.4408 9.72402 3.9
    endloop
  endfacet
  facet normal 0.946879 0.321589 0
    outer loop
      vertex 44.4408 9.72402 2.4
      vertex 44.5039 9.53823 3.9
      vertex 44.5039 9.53823 2.4
    endloop
  endfacet
  facet normal 0.752021 -0.65914 0
    outer loop
      vertex 44.1157 8.08934 3.9
      vertex 44.245 8.23686 2.4
      vertex 44.245 8.23686 3.9
    endloop
  endfacet
  facet normal 0.752021 -0.65914 0
    outer loop
      vertex 44.245 8.23686 2.4
      vertex 44.1157 8.08934 3.9
      vertex 44.1157 8.08934 2.4
    endloop
  endfacet
  facet normal -0.555641 0.831422 0
    outer loop
      vertex 42.305 10.449 2.4
      vertex 42.1419 10.34 3.9
      vertex 42.305 10.449 3.9
    endloop
  endfacet
  facet normal -0.555641 0.831422 0
    outer loop
      vertex 42.1419 10.34 3.9
      vertex 42.305 10.449 2.4
      vertex 42.1419 10.34 2.4
    endloop
  endfacet
  facet normal 0.321574 0.946885 -0
    outer loop
      vertex 43.629 10.5358 2.4
      vertex 43.4432 10.5989 3.9
      vertex 43.629 10.5358 3.9
    endloop
  endfacet
  facet normal 0.321574 0.946885 0
    outer loop
      vertex 43.4432 10.5989 3.9
      vertex 43.629 10.5358 2.4
      vertex 43.4432 10.5989 2.4
    endloop
  endfacet
  facet normal 0.555641 0.831422 -0
    outer loop
      vertex 43.9681 10.34 2.4
      vertex 43.805 10.449 3.9
      vertex 43.9681 10.34 3.9
    endloop
  endfacet
  facet normal 0.555641 0.831422 0
    outer loop
      vertex 43.805 10.449 3.9
      vertex 43.9681 10.34 2.4
      vertex 43.805 10.449 2.4
    endloop
  endfacet
  facet normal 0.321437 -0.946931 0
    outer loop
      vertex 43.4432 7.70111 2.4
      vertex 43.629 7.76418 3.9
      vertex 43.4432 7.70111 3.9
    endloop
  endfacet
  facet normal 0.321437 -0.946931 0
    outer loop
      vertex 43.629 7.76418 3.9
      vertex 43.4432 7.70111 2.4
      vertex 43.629 7.76418 2.4
    endloop
  endfacet
  facet normal 0.89684 0.442355 0
    outer loop
      vertex 44.4408 9.72402 3.9
      vertex 44.354 9.9 2.4
      vertex 44.354 9.9 3.9
    endloop
  endfacet
  facet normal 0.89684 0.442355 0
    outer loop
      vertex 44.354 9.9 2.4
      vertex 44.4408 9.72402 3.9
      vertex 44.4408 9.72402 2.4
    endloop
  endfacet
  facet normal -0.195234 0.980757 0
    outer loop
      vertex 42.8592 10.6372 2.4
      vertex 42.6668 10.5989 3.9
      vertex 42.8592 10.6372 3.9
    endloop
  endfacet
  facet normal -0.195234 0.980757 0
    outer loop
      vertex 42.6668 10.5989 3.9
      vertex 42.8592 10.6372 2.4
      vertex 42.6668 10.5989 2.4
    endloop
  endfacet
  facet normal 0.946885 -0.321574 0
    outer loop
      vertex 44.4408 8.57597 3.9
      vertex 44.5039 8.76177 2.4
      vertex 44.5039 8.76177 3.9
    endloop
  endfacet
  facet normal 0.946885 -0.321574 0
    outer loop
      vertex 44.5039 8.76177 2.4
      vertex 44.4408 8.57597 3.9
      vertex 44.4408 8.57597 2.4
    endloop
  endfacet
  facet normal -0.555676 -0.831399 0
    outer loop
      vertex 42.1419 7.95997 2.4
      vertex 42.305 7.85096 3.9
      vertex 42.1419 7.95997 3.9
    endloop
  endfacet
  facet normal -0.555676 -0.831399 -0
    outer loop
      vertex 42.305 7.85096 3.9
      vertex 42.1419 7.95997 2.4
      vertex 42.305 7.85096 2.4
    endloop
  endfacet
  facet normal -0.658937 0.752198 0
    outer loop
      vertex 42.1419 10.34 2.4
      vertex 41.9943 10.2107 3.9
      vertex 42.1419 10.34 3.9
    endloop
  endfacet
  facet normal -0.658937 0.752198 0
    outer loop
      vertex 41.9943 10.2107 3.9
      vertex 42.1419 10.34 2.4
      vertex 41.9943 10.2107 2.4
    endloop
  endfacet
  facet normal -0.980764 0.195195 0
    outer loop
      vertex 41.5678 9.34579 2.4
      vertex 41.6061 9.53823 3.9
      vertex 41.6061 9.53823 2.4
    endloop
  endfacet
  facet normal -0.980764 0.195195 0
    outer loop
      vertex 41.6061 9.53823 3.9
      vertex 41.5678 9.34579 2.4
      vertex 41.5678 9.34579 3.9
    endloop
  endfacet
  facet normal -0.321574 0.946885 0
    outer loop
      vertex 42.6668 10.5989 2.4
      vertex 42.481 10.5358 3.9
      vertex 42.6668 10.5989 3.9
    endloop
  endfacet
  facet normal -0.321574 0.946885 0
    outer loop
      vertex 42.481 10.5358 3.9
      vertex 42.6668 10.5989 2.4
      vertex 42.481 10.5358 2.4
    endloop
  endfacet
  facet normal 0.659139 -0.752021 0
    outer loop
      vertex 43.9681 7.95997 2.4
      vertex 44.1157 8.08934 3.9
      vertex 43.9681 7.95997 3.9
    endloop
  endfacet
  facet normal 0.659139 -0.752021 0
    outer loop
      vertex 44.1157 8.08934 3.9
      vertex 43.9681 7.95997 2.4
      vertex 44.1157 8.08934 2.4
    endloop
  endfacet
  facet normal -0.946885 -0.321574 0
    outer loop
      vertex 41.6692 8.57597 2.4
      vertex 41.6061 8.76177 3.9
      vertex 41.6061 8.76177 2.4
    endloop
  endfacet
  facet normal -0.946885 -0.321574 0
    outer loop
      vertex 41.6061 8.76177 3.9
      vertex 41.6692 8.57597 2.4
      vertex 41.6692 8.57597 3.9
    endloop
  endfacet
  facet normal 0.831422 0.555641 0
    outer loop
      vertex 44.354 9.9 3.9
      vertex 44.245 10.0631 2.4
      vertex 44.245 10.0631 3.9
    endloop
  endfacet
  facet normal 0.831422 0.555641 0
    outer loop
      vertex 44.245 10.0631 2.4
      vertex 44.354 9.9 3.9
      vertex 44.354 9.9 2.4
    endloop
  endfacet
  facet normal 0.195136 -0.980776 0
    outer loop
      vertex 43.2508 7.66283 2.4
      vertex 43.4432 7.70111 3.9
      vertex 43.2508 7.66283 3.9
    endloop
  endfacet
  facet normal 0.195136 -0.980776 0
    outer loop
      vertex 43.4432 7.70111 3.9
      vertex 43.2508 7.66283 2.4
      vertex 43.4432 7.70111 2.4
    endloop
  endfacet
  facet normal -0.980764 -0.195195 0
    outer loop
      vertex 41.6061 8.76177 2.4
      vertex 41.5678 8.95421 3.9
      vertex 41.5678 8.95421 2.4
    endloop
  endfacet
  facet normal -0.980764 -0.195195 0
    outer loop
      vertex 41.5678 8.95421 3.9
      vertex 41.6061 8.76177 2.4
      vertex 41.6061 8.76177 3.9
    endloop
  endfacet
  facet normal 0.658937 0.752198 -0
    outer loop
      vertex 44.1157 10.2107 2.4
      vertex 43.9681 10.34 3.9
      vertex 44.1157 10.2107 3.9
    endloop
  endfacet
  facet normal 0.658937 0.752198 0
    outer loop
      vertex 43.9681 10.34 3.9
      vertex 44.1157 10.2107 2.4
      vertex 43.9681 10.34 2.4
    endloop
  endfacet
  facet normal 0.99787 -0.0652369 0
    outer loop
      vertex 44.5422 8.95421 3.9
      vertex 44.555 9.15 2.4
      vertex 44.555 9.15 3.9
    endloop
  endfacet
  facet normal 0.99787 -0.0652369 0
    outer loop
      vertex 44.555 9.15 2.4
      vertex 44.5422 8.95421 3.9
      vertex 44.5422 8.95421 2.4
    endloop
  endfacet
  facet normal 0.980764 -0.195195 0
    outer loop
      vertex 44.5039 8.76177 3.9
      vertex 44.5422 8.95421 2.4
      vertex 44.5422 8.95421 3.9
    endloop
  endfacet
  facet normal 0.980764 -0.195195 0
    outer loop
      vertex 44.5422 8.95421 2.4
      vertex 44.5039 8.76177 3.9
      vertex 44.5039 8.76177 2.4
    endloop
  endfacet
  facet normal 0.555676 -0.831399 0
    outer loop
      vertex 43.805 7.85096 2.4
      vertex 43.9681 7.95997 3.9
      vertex 43.805 7.85096 3.9
    endloop
  endfacet
  facet normal 0.555676 -0.831399 0
    outer loop
      vertex 43.9681 7.95997 3.9
      vertex 43.805 7.85096 2.4
      vertex 43.9681 7.95997 2.4
    endloop
  endfacet
  facet normal 0.195234 0.980757 -0
    outer loop
      vertex 43.4432 10.5989 2.4
      vertex 43.2508 10.6372 3.9
      vertex 43.4432 10.5989 3.9
    endloop
  endfacet
  facet normal 0.195234 0.980757 0
    outer loop
      vertex 43.2508 10.6372 3.9
      vertex 43.4432 10.5989 2.4
      vertex 43.2508 10.6372 2.4
    endloop
  endfacet
  facet normal 0.752198 0.658937 0
    outer loop
      vertex 44.245 10.0631 3.9
      vertex 44.1157 10.2107 2.4
      vertex 44.1157 10.2107 3.9
    endloop
  endfacet
  facet normal 0.752198 0.658937 0
    outer loop
      vertex 44.1157 10.2107 2.4
      vertex 44.245 10.0631 3.9
      vertex 44.245 10.0631 2.4
    endloop
  endfacet
  facet normal 0.0652336 0.99787 -0
    outer loop
      vertex 43.2508 10.6372 2.4
      vertex 43.055 10.65 3.9
      vertex 43.2508 10.6372 3.9
    endloop
  endfacet
  facet normal 0.0652336 0.99787 0
    outer loop
      vertex 43.055 10.65 3.9
      vertex 43.2508 10.6372 2.4
      vertex 43.055 10.65 2.4
    endloop
  endfacet
  facet normal -0.946879 0.321589 0
    outer loop
      vertex 41.6061 9.53823 2.4
      vertex 41.6692 9.72402 3.9
      vertex 41.6692 9.72402 2.4
    endloop
  endfacet
  facet normal -0.946879 0.321589 0
    outer loop
      vertex 41.6692 9.72402 3.9
      vertex 41.6061 9.53823 2.4
      vertex 41.6061 9.53823 3.9
    endloop
  endfacet
  facet normal -0.0653858 -0.99786 0
    outer loop
      vertex 42.8592 7.66283 2.4
      vertex 43.055 7.65 3.9
      vertex 42.8592 7.66283 3.9
    endloop
  endfacet
  facet normal -0.0653858 -0.99786 -0
    outer loop
      vertex 43.055 7.65 3.9
      vertex 42.8592 7.66283 2.4
      vertex 43.055 7.65 2.4
    endloop
  endfacet
  facet normal 0.442315 0.89686 -0
    outer loop
      vertex 43.805 10.449 2.4
      vertex 43.629 10.5358 3.9
      vertex 43.805 10.449 3.9
    endloop
  endfacet
  facet normal 0.442315 0.89686 0
    outer loop
      vertex 43.629 10.5358 3.9
      vertex 43.805 10.449 2.4
      vertex 43.629 10.5358 2.4
    endloop
  endfacet
  facet normal -0.752198 0.658937 0
    outer loop
      vertex 41.865 10.0631 2.4
      vertex 41.9943 10.2107 3.9
      vertex 41.9943 10.2107 2.4
    endloop
  endfacet
  facet normal -0.752198 0.658937 0
    outer loop
      vertex 41.9943 10.2107 3.9
      vertex 41.865 10.0631 2.4
      vertex 41.865 10.0631 3.9
    endloop
  endfacet
  facet normal -0.99787 -0.0652369 0
    outer loop
      vertex 41.5678 8.95421 2.4
      vertex 41.555 9.15 3.9
      vertex 41.555 9.15 2.4
    endloop
  endfacet
  facet normal -0.99787 -0.0652369 0
    outer loop
      vertex 41.555 9.15 3.9
      vertex 41.5678 8.95421 2.4
      vertex 41.5678 8.95421 3.9
    endloop
  endfacet
  facet normal -0.659139 -0.752021 0
    outer loop
      vertex 41.9943 8.08934 2.4
      vertex 42.1419 7.95997 3.9
      vertex 41.9943 8.08934 3.9
    endloop
  endfacet
  facet normal -0.659139 -0.752021 -0
    outer loop
      vertex 42.1419 7.95997 3.9
      vertex 41.9943 8.08934 2.4
      vertex 42.1419 7.95997 2.4
    endloop
  endfacet
  facet normal 0.831485 -0.555547 0
    outer loop
      vertex 44.245 8.23686 3.9
      vertex 44.354 8.4 2.4
      vertex 44.354 8.4 3.9
    endloop
  endfacet
  facet normal 0.831485 -0.555547 0
    outer loop
      vertex 44.354 8.4 2.4
      vertex 44.245 8.23686 3.9
      vertex 44.245 8.23686 2.4
    endloop
  endfacet
  facet normal -0.752021 -0.65914 0
    outer loop
      vertex 41.9943 8.08934 2.4
      vertex 41.865 8.23686 3.9
      vertex 41.865 8.23686 2.4
    endloop
  endfacet
  facet normal -0.752021 -0.65914 0
    outer loop
      vertex 41.865 8.23686 3.9
      vertex 41.9943 8.08934 2.4
      vertex 41.9943 8.08934 3.9
    endloop
  endfacet
  facet normal -0.99787 0.0652369 0
    outer loop
      vertex 41.555 9.15 2.4
      vertex 41.5678 9.34579 3.9
      vertex 41.5678 9.34579 2.4
    endloop
  endfacet
  facet normal -0.99787 0.0652369 0
    outer loop
      vertex 41.5678 9.34579 3.9
      vertex 41.555 9.15 2.4
      vertex 41.555 9.15 3.9
    endloop
  endfacet
  facet normal -0.195136 -0.980776 0
    outer loop
      vertex 42.6668 7.70111 2.4
      vertex 42.8592 7.66283 3.9
      vertex 42.6668 7.70111 3.9
    endloop
  endfacet
  facet normal -0.195136 -0.980776 -0
    outer loop
      vertex 42.8592 7.66283 3.9
      vertex 42.6668 7.70111 2.4
      vertex 42.8592 7.66283 2.4
    endloop
  endfacet
  facet normal 0.0653858 -0.99786 0
    outer loop
      vertex 43.055 7.65 2.4
      vertex 43.2508 7.66283 3.9
      vertex 43.055 7.65 3.9
    endloop
  endfacet
  facet normal 0.0653858 -0.99786 0
    outer loop
      vertex 43.2508 7.66283 3.9
      vertex 43.055 7.65 2.4
      vertex 43.2508 7.66283 2.4
    endloop
  endfacet
  facet normal -0.442315 0.89686 0
    outer loop
      vertex 42.481 10.5358 2.4
      vertex 42.305 10.449 3.9
      vertex 42.481 10.5358 3.9
    endloop
  endfacet
  facet normal -0.442315 0.89686 0
    outer loop
      vertex 42.305 10.449 3.9
      vertex 42.481 10.5358 2.4
      vertex 42.305 10.449 2.4
    endloop
  endfacet
  facet normal -0.321437 -0.946931 0
    outer loop
      vertex 42.481 7.76418 2.4
      vertex 42.6668 7.70111 3.9
      vertex 42.481 7.76418 3.9
    endloop
  endfacet
  facet normal -0.321437 -0.946931 -0
    outer loop
      vertex 42.6668 7.70111 3.9
      vertex 42.481 7.76418 2.4
      vertex 42.6668 7.70111 2.4
    endloop
  endfacet
  facet normal -0.831485 -0.555547 0
    outer loop
      vertex 41.865 8.23686 2.4
      vertex 41.756 8.4 3.9
      vertex 41.756 8.4 2.4
    endloop
  endfacet
  facet normal -0.831485 -0.555547 0
    outer loop
      vertex 41.756 8.4 3.9
      vertex 41.865 8.23686 2.4
      vertex 41.865 8.23686 3.9
    endloop
  endfacet
  facet normal -0.0652336 0.99787 0
    outer loop
      vertex 43.055 10.65 2.4
      vertex 42.8592 10.6372 3.9
      vertex 43.055 10.65 3.9
    endloop
  endfacet
  facet normal -0.0652336 0.99787 0
    outer loop
      vertex 42.8592 10.6372 3.9
      vertex 43.055 10.65 2.4
      vertex 42.8592 10.6372 2.4
    endloop
  endfacet
  facet normal -0.442233 -0.8969 0
    outer loop
      vertex 42.305 7.85096 2.4
      vertex 42.481 7.76418 3.9
      vertex 42.305 7.85096 3.9
    endloop
  endfacet
  facet normal -0.442233 -0.8969 -0
    outer loop
      vertex 42.481 7.76418 3.9
      vertex 42.305 7.85096 2.4
      vertex 42.481 7.76418 2.4
    endloop
  endfacet
  facet normal 0.89683 -0.442376 0
    outer loop
      vertex 44.354 8.4 3.9
      vertex 44.4408 8.57597 2.4
      vertex 44.4408 8.57597 3.9
    endloop
  endfacet
  facet normal 0.89683 -0.442376 0
    outer loop
      vertex 44.4408 8.57597 2.4
      vertex 44.354 8.4 3.9
      vertex 44.354 8.4 2.4
    endloop
  endfacet
  facet normal -0.89683 -0.442376 0
    outer loop
      vertex 41.756 8.4 2.4
      vertex 41.6692 8.57597 3.9
      vertex 41.6692 8.57597 2.4
    endloop
  endfacet
  facet normal -0.89683 -0.442376 0
    outer loop
      vertex 41.6692 8.57597 3.9
      vertex 41.756 8.4 2.4
      vertex 41.756 8.4 3.9
    endloop
  endfacet
  facet normal -0.89684 0.442355 0
    outer loop
      vertex 41.6692 9.72402 2.4
      vertex 41.756 9.9 3.9
      vertex 41.756 9.9 2.4
    endloop
  endfacet
  facet normal -0.89684 0.442355 0
    outer loop
      vertex 41.756 9.9 3.9
      vertex 41.6692 9.72402 2.4
      vertex 41.6692 9.72402 3.9
    endloop
  endfacet
  facet normal -0.831422 0.555641 0
    outer loop
      vertex 41.756 9.9 2.4
      vertex 41.865 10.0631 3.9
      vertex 41.865 10.0631 2.4
    endloop
  endfacet
  facet normal -0.831422 0.555641 0
    outer loop
      vertex 41.865 10.0631 3.9
      vertex 41.756 9.9 2.4
      vertex 41.756 9.9 3.9
    endloop
  endfacet
  facet normal 0 0 1
    outer loop
      vertex 44.5422 9.34579 3.9
      vertex 44.5422 8.95421 3.9
      vertex 44.555 9.15 3.9
    endloop
  endfacet
  facet normal 0 0 1
    outer loop
      vertex 44.5039 9.53823 3.9
      vertex 44.5422 8.95421 3.9
      vertex 44.5422 9.34579 3.9
    endloop
  endfacet
  facet normal 0 0 1
    outer loop
      vertex 44.5039 9.53823 3.9
      vertex 44.5039 8.76177 3.9
      vertex 44.5422 8.95421 3.9
    endloop
  endfacet
  facet normal 0 0 1
    outer loop
      vertex 44.4408 9.72402 3.9
      vertex 44.5039 8.76177 3.9
      vertex 44.5039 9.53823 3.9
    endloop
  endfacet
  facet normal 0 0 1
    outer loop
      vertex 44.4408 9.72402 3.9
      vertex 44.4408 8.57597 3.9
      vertex 44.5039 8.76177 3.9
    endloop
  endfacet
  facet normal 0 0 1
    outer loop
      vertex 44.354 9.9 3.9
      vertex 44.4408 8.57597 3.9
      vertex 44.4408 9.72402 3.9
    endloop
  endfacet
  facet normal 0 0 1
    outer loop
      vertex 44.354 9.9 3.9
      vertex 44.354 8.4 3.9
      vertex 44.4408 8.57597 3.9
    endloop
  endfacet
  facet normal 0 0 1
    outer loop
      vertex 44.245 10.0631 3.9
      vertex 44.354 8.4 3.9
      vertex 44.354 9.9 3.9
    endloop
  endfacet
  facet normal 0 0 1
    outer loop
      vertex 44.245 10.0631 3.9
      vertex 44.245 8.23686 3.9
      vertex 44.354 8.4 3.9
    endloop
  endfacet
  facet normal 0 0 1
    outer loop
      vertex 44.1157 10.2107 3.9
      vertex 44.245 8.23686 3.9
      vertex 44.245 10.0631 3.9
    endloop
  endfacet
  facet normal 0 0 1
    outer loop
      vertex 44.1157 10.2107 3.9
      vertex 44.1157 8.08934 3.9
      vertex 44.245 8.23686 3.9
    endloop
  endfacet
  facet normal 0 0 1
    outer loop
      vertex 43.9681 10.34 3.9
      vertex 44.1157 8.08934 3.9
      vertex 44.1157 10.2107 3.9
    endloop
  endfacet
  facet normal 0 0 1
    outer loop
      vertex 43.9681 10.34 3.9
      vertex 43.9681 7.95997 3.9
      vertex 44.1157 8.08934 3.9
    endloop
  endfacet
  facet normal 0 0 1
    outer loop
      vertex 43.805 10.449 3.9
      vertex 43.9681 7.95997 3.9
      vertex 43.9681 10.34 3.9
    endloop
  endfacet
  facet normal 0 0 1
    outer loop
      vertex 43.805 10.449 3.9
      vertex 43.805 7.85096 3.9
      vertex 43.9681 7.95997 3.9
    endloop
  endfacet
  facet normal 0 0 1
    outer loop
      vertex 43.629 10.5358 3.9
      vertex 43.805 7.85096 3.9
      vertex 43.805 10.449 3.9
    endloop
  endfacet
  facet normal 0 0 1
    outer loop
      vertex 43.629 10.5358 3.9
      vertex 43.629 7.76418 3.9
      vertex 43.805 7.85096 3.9
    endloop
  endfacet
  facet normal 0 0 1
    outer loop
      vertex 43.4432 10.5989 3.9
      vertex 43.629 7.76418 3.9
      vertex 43.629 10.5358 3.9
    endloop
  endfacet
  facet normal 0 0 1
    outer loop
      vertex 43.4432 10.5989 3.9
      vertex 43.4432 7.70111 3.9
      vertex 43.629 7.76418 3.9
    endloop
  endfacet
  facet normal 0 0 1
    outer loop
      vertex 43.2508 10.6372 3.9
      vertex 43.4432 7.70111 3.9
      vertex 43.4432 10.5989 3.9
    endloop
  endfacet
  facet normal 0 0 1
    outer loop
      vertex 43.2508 10.6372 3.9
      vertex 43.2508 7.66283 3.9
      vertex 43.4432 7.70111 3.9
    endloop
  endfacet
  facet normal 0 0 1
    outer loop
      vertex 43.055 10.65 3.9
      vertex 43.2508 7.66283 3.9
      vertex 43.2508 10.6372 3.9
    endloop
  endfacet
  facet normal 0 0 1
    outer loop
      vertex 43.055 10.65 3.9
      vertex 43.055 7.65 3.9
      vertex 43.2508 7.66283 3.9
    endloop
  endfacet
  facet normal -0 0 1
    outer loop
      vertex 42.8592 10.6372 3.9
      vertex 43.055 7.65 3.9
      vertex 43.055 10.65 3.9
    endloop
  endfacet
  facet normal 0 0 1
    outer loop
      vertex 42.8592 10.6372 3.9
      vertex 42.8592 7.66283 3.9
      vertex 43.055 7.65 3.9
    endloop
  endfacet
  facet normal -0 0 1
    outer loop
      vertex 42.6668 10.5989 3.9
      vertex 42.8592 7.66283 3.9
      vertex 42.8592 10.6372 3.9
    endloop
  endfacet
  facet normal 0 0 1
    outer loop
      vertex 42.6668 10.5989 3.9
      vertex 42.6668 7.70111 3.9
      vertex 42.8592 7.66283 3.9
    endloop
  endfacet
  facet normal -0 0 1
    outer loop
      vertex 42.481 10.5358 3.9
      vertex 42.6668 7.70111 3.9
      vertex 42.6668 10.5989 3.9
    endloop
  endfacet
  facet normal 0 0 1
    outer loop
      vertex 42.481 10.5358 3.9
      vertex 42.481 7.76418 3.9
      vertex 42.6668 7.70111 3.9
    endloop
  endfacet
  facet normal -0 0 1
    outer loop
      vertex 42.305 10.449 3.9
      vertex 42.481 7.76418 3.9
      vertex 42.481 10.5358 3.9
    endloop
  endfacet
  facet normal 0 0 1
    outer loop
      vertex 42.305 10.449 3.9
      vertex 42.305 7.85096 3.9
      vertex 42.481 7.76418 3.9
    endloop
  endfacet
  facet normal -0 0 1
    outer loop
      vertex 42.1419 10.34 3.9
      vertex 42.305 7.85096 3.9
      vertex 42.305 10.449 3.9
    endloop
  endfacet
  facet normal 0 0 1
    outer loop
      vertex 42.1419 10.34 3.9
      vertex 42.1419 7.95997 3.9
      vertex 42.305 7.85096 3.9
    endloop
  endfacet
  facet normal -0 0 1
    outer loop
      vertex 41.9943 10.2107 3.9
      vertex 42.1419 7.95997 3.9
      vertex 42.1419 10.34 3.9
    endloop
  endfacet
  facet normal 0 0 1
    outer loop
      vertex 41.9943 10.2107 3.9
      vertex 41.9943 8.08934 3.9
      vertex 42.1419 7.95997 3.9
    endloop
  endfacet
  facet normal -0 0 1
    outer loop
      vertex 41.865 10.0631 3.9
      vertex 41.9943 8.08934 3.9
      vertex 41.9943 10.2107 3.9
    endloop
  endfacet
  facet normal 0 0 1
    outer loop
      vertex 41.865 10.0631 3.9
      vertex 41.865 8.23686 3.9
      vertex 41.9943 8.08934 3.9
    endloop
  endfacet
  facet normal -0 0 1
    outer loop
      vertex 41.756 9.9 3.9
      vertex 41.865 8.23686 3.9
      vertex 41.865 10.0631 3.9
    endloop
  endfacet
  facet normal 0 0 1
    outer loop
      vertex 41.756 9.9 3.9
      vertex 41.756 8.4 3.9
      vertex 41.865 8.23686 3.9
    endloop
  endfacet
  facet normal -0 0 1
    outer loop
      vertex 41.6692 9.72402 3.9
      vertex 41.756 8.4 3.9
      vertex 41.756 9.9 3.9
    endloop
  endfacet
  facet normal 0 0 1
    outer loop
      vertex 41.6692 9.72402 3.9
      vertex 41.6692 8.57597 3.9
      vertex 41.756 8.4 3.9
    endloop
  endfacet
  facet normal -0 0 1
    outer loop
      vertex 41.6061 9.53823 3.9
      vertex 41.6692 8.57597 3.9
      vertex 41.6692 9.72402 3.9
    endloop
  endfacet
  facet normal 0 0 1
    outer loop
      vertex 41.6061 9.53823 3.9
      vertex 41.6061 8.76177 3.9
      vertex 41.6692 8.57597 3.9
    endloop
  endfacet
  facet normal -0 0 1
    outer loop
      vertex 41.5678 9.34579 3.9
      vertex 41.6061 8.76177 3.9
      vertex 41.6061 9.53823 3.9
    endloop
  endfacet
  facet normal 0 0 1
    outer loop
      vertex 41.5678 9.34579 3.9
      vertex 41.5678 8.95421 3.9
      vertex 41.6061 8.76177 3.9
    endloop
  endfacet
  facet normal 0 -0 1
    outer loop
      vertex 41.5678 8.95421 3.9
      vertex 41.5678 9.34579 3.9
      vertex 41.555 9.15 3.9
    endloop
  endfacet
  facet normal 0.321574 -0.946885 0
    outer loop
      vertex 43.4432 20.4011 2.4
      vertex 43.629 20.4642 3.9
      vertex 43.4432 20.4011 3.9
    endloop
  endfacet
  facet normal 0.321574 -0.946885 0
    outer loop
      vertex 43.629 20.4642 3.9
      vertex 43.4432 20.4011 2.4
      vertex 43.629 20.4642 2.4
    endloop
  endfacet
  facet normal 0 0 1
    outer loop
      vertex 44.5422 22.0458 3.9
      vertex 44.5422 21.6542 3.9
      vertex 44.555 21.85 3.9
    endloop
  endfacet
  facet normal 0 0 1
    outer loop
      vertex 44.5039 22.2382 3.9
      vertex 44.5422 21.6542 3.9
      vertex 44.5422 22.0458 3.9
    endloop
  endfacet
  facet normal 0 0 1
    outer loop
      vertex 44.5039 22.2382 3.9
      vertex 44.5039 21.4618 3.9
      vertex 44.5422 21.6542 3.9
    endloop
  endfacet
  facet normal 0 0 1
    outer loop
      vertex 44.4408 22.424 3.9
      vertex 44.5039 21.4618 3.9
      vertex 44.5039 22.2382 3.9
    endloop
  endfacet
  facet normal 0 0 1
    outer loop
      vertex 44.4408 22.424 3.9
      vertex 44.4408 21.276 3.9
      vertex 44.5039 21.4618 3.9
    endloop
  endfacet
  facet normal 0 0 1
    outer loop
      vertex 44.354 22.6 3.9
      vertex 44.4408 21.276 3.9
      vertex 44.4408 22.424 3.9
    endloop
  endfacet
  facet normal 0 0 1
    outer loop
      vertex 44.354 22.6 3.9
      vertex 44.354 21.1 3.9
      vertex 44.4408 21.276 3.9
    endloop
  endfacet
  facet normal 0 0 1
    outer loop
      vertex 44.245 22.7631 3.9
      vertex 44.354 21.1 3.9
      vertex 44.354 22.6 3.9
    endloop
  endfacet
  facet normal 0 0 1
    outer loop
      vertex 44.245 22.7631 3.9
      vertex 44.245 20.9369 3.9
      vertex 44.354 21.1 3.9
    endloop
  endfacet
  facet normal 0 0 1
    outer loop
      vertex 44.1157 22.9107 3.9
      vertex 44.245 20.9369 3.9
      vertex 44.245 22.7631 3.9
    endloop
  endfacet
  facet normal 0 0 1
    outer loop
      vertex 44.1157 22.9107 3.9
      vertex 44.1157 20.7893 3.9
      vertex 44.245 20.9369 3.9
    endloop
  endfacet
  facet normal 0 0 1
    outer loop
      vertex 43.9681 23.04 3.9
      vertex 44.1157 20.7893 3.9
      vertex 44.1157 22.9107 3.9
    endloop
  endfacet
  facet normal 0 0 1
    outer loop
      vertex 43.9681 23.04 3.9
      vertex 43.9681 20.66 3.9
      vertex 44.1157 20.7893 3.9
    endloop
  endfacet
  facet normal 0 0 1
    outer loop
      vertex 43.805 23.149 3.9
      vertex 43.9681 20.66 3.9
      vertex 43.9681 23.04 3.9
    endloop
  endfacet
  facet normal 0 0 1
    outer loop
      vertex 43.805 23.149 3.9
      vertex 43.805 20.551 3.9
      vertex 43.9681 20.66 3.9
    endloop
  endfacet
  facet normal 0 0 1
    outer loop
      vertex 43.629 23.2358 3.9
      vertex 43.805 20.551 3.9
      vertex 43.805 23.149 3.9
    endloop
  endfacet
  facet normal 0 0 1
    outer loop
      vertex 43.629 23.2358 3.9
      vertex 43.629 20.4642 3.9
      vertex 43.805 20.551 3.9
    endloop
  endfacet
  facet normal 0 0 1
    outer loop
      vertex 43.4432 23.2989 3.9
      vertex 43.629 20.4642 3.9
      vertex 43.629 23.2358 3.9
    endloop
  endfacet
  facet normal 0 0 1
    outer loop
      vertex 43.4432 23.2989 3.9
      vertex 43.4432 20.4011 3.9
      vertex 43.629 20.4642 3.9
    endloop
  endfacet
  facet normal 0 0 1
    outer loop
      vertex 43.2508 23.3372 3.9
      vertex 43.4432 20.4011 3.9
      vertex 43.4432 23.2989 3.9
    endloop
  endfacet
  facet normal 0 0 1
    outer loop
      vertex 43.2508 23.3372 3.9
      vertex 43.2508 20.3628 3.9
      vertex 43.4432 20.4011 3.9
    endloop
  endfacet
  facet normal 0 0 1
    outer loop
      vertex 43.055 23.35 3.9
      vertex 43.2508 20.3628 3.9
      vertex 43.2508 23.3372 3.9
    endloop
  endfacet
  facet normal 0 0 1
    outer loop
      vertex 43.055 23.35 3.9
      vertex 43.055 20.35 3.9
      vertex 43.2508 20.3628 3.9
    endloop
  endfacet
  facet normal -0 0 1
    outer loop
      vertex 42.8592 23.3372 3.9
      vertex 43.055 20.35 3.9
      vertex 43.055 23.35 3.9
    endloop
  endfacet
  facet normal 0 0 1
    outer loop
      vertex 42.8592 23.3372 3.9
      vertex 42.8592 20.3628 3.9
      vertex 43.055 20.35 3.9
    endloop
  endfacet
  facet normal -0 0 1
    outer loop
      vertex 42.6668 23.2989 3.9
      vertex 42.8592 20.3628 3.9
      vertex 42.8592 23.3372 3.9
    endloop
  endfacet
  facet normal 0 0 1
    outer loop
      vertex 42.6668 23.2989 3.9
      vertex 42.6668 20.4011 3.9
      vertex 42.8592 20.3628 3.9
    endloop
  endfacet
  facet normal -0 0 1
    outer loop
      vertex 42.481 23.2358 3.9
      vertex 42.6668 20.4011 3.9
      vertex 42.6668 23.2989 3.9
    endloop
  endfacet
  facet normal 0 0 1
    outer loop
      vertex 42.481 23.2358 3.9
      vertex 42.481 20.4642 3.9
      vertex 42.6668 20.4011 3.9
    endloop
  endfacet
  facet normal -0 0 1
    outer loop
      vertex 42.305 23.149 3.9
      vertex 42.481 20.4642 3.9
      vertex 42.481 23.2358 3.9
    endloop
  endfacet
  facet normal 0 0 1
    outer loop
      vertex 42.305 23.149 3.9
      vertex 42.305 20.551 3.9
      vertex 42.481 20.4642 3.9
    endloop
  endfacet
  facet normal -0 0 1
    outer loop
      vertex 42.1419 23.04 3.9
      vertex 42.305 20.551 3.9
      vertex 42.305 23.149 3.9
    endloop
  endfacet
  facet normal 0 0 1
    outer loop
      vertex 42.1419 23.04 3.9
      vertex 42.1419 20.66 3.9
      vertex 42.305 20.551 3.9
    endloop
  endfacet
  facet normal -0 0 1
    outer loop
      vertex 41.9943 22.9107 3.9
      vertex 42.1419 20.66 3.9
      vertex 42.1419 23.04 3.9
    endloop
  endfacet
  facet normal 0 0 1
    outer loop
      vertex 41.9943 22.9107 3.9
      vertex 41.9943 20.7893 3.9
      vertex 42.1419 20.66 3.9
    endloop
  endfacet
  facet normal -0 0 1
    outer loop
      vertex 41.865 22.7631 3.9
      vertex 41.9943 20.7893 3.9
      vertex 41.9943 22.9107 3.9
    endloop
  endfacet
  facet normal 0 0 1
    outer loop
      vertex 41.865 22.7631 3.9
      vertex 41.865 20.9369 3.9
      vertex 41.9943 20.7893 3.9
    endloop
  endfacet
  facet normal -0 0 1
    outer loop
      vertex 41.756 22.6 3.9
      vertex 41.865 20.9369 3.9
      vertex 41.865 22.7631 3.9
    endloop
  endfacet
  facet normal 0 0 1
    outer loop
      vertex 41.756 22.6 3.9
      vertex 41.756 21.1 3.9
      vertex 41.865 20.9369 3.9
    endloop
  endfacet
  facet normal -0 0 1
    outer loop
      vertex 41.6692 22.424 3.9
      vertex 41.756 21.1 3.9
      vertex 41.756 22.6 3.9
    endloop
  endfacet
  facet normal 0 0 1
    outer loop
      vertex 41.6692 22.424 3.9
      vertex 41.6692 21.276 3.9
      vertex 41.756 21.1 3.9
    endloop
  endfacet
  facet normal -0 0 1
    outer loop
      vertex 41.6061 22.2382 3.9
      vertex 41.6692 21.276 3.9
      vertex 41.6692 22.424 3.9
    endloop
  endfacet
  facet normal 0 0 1
    outer loop
      vertex 41.6061 22.2382 3.9
      vertex 41.6061 21.4618 3.9
      vertex 41.6692 21.276 3.9
    endloop
  endfacet
  facet normal -0 0 1
    outer loop
      vertex 41.5678 22.0458 3.9
      vertex 41.6061 21.4618 3.9
      vertex 41.6061 22.2382 3.9
    endloop
  endfacet
  facet normal 0 0 1
    outer loop
      vertex 41.5678 22.0458 3.9
      vertex 41.5678 21.6542 3.9
      vertex 41.6061 21.4618 3.9
    endloop
  endfacet
  facet normal 0 -0 1
    outer loop
      vertex 41.5678 21.6542 3.9
      vertex 41.5678 22.0458 3.9
      vertex 41.555 21.85 3.9
    endloop
  endfacet
  facet normal 0.442315 0.89686 -0
    outer loop
      vertex 43.805 23.149 2.4
      vertex 43.629 23.2358 3.9
      vertex 43.805 23.149 3.9
    endloop
  endfacet
  facet normal 0.442315 0.89686 0
    outer loop
      vertex 43.629 23.2358 3.9
      vertex 43.805 23.149 2.4
      vertex 43.629 23.2358 2.4
    endloop
  endfacet
  facet normal 0.555641 -0.831422 0
    outer loop
      vertex 43.805 20.551 2.4
      vertex 43.9681 20.66 3.9
      vertex 43.805 20.551 3.9
    endloop
  endfacet
  facet normal 0.555641 -0.831422 0
    outer loop
      vertex 43.9681 20.66 3.9
      vertex 43.805 20.551 2.4
      vertex 43.9681 20.66 2.4
    endloop
  endfacet
  facet normal -0.442315 0.89686 0
    outer loop
      vertex 42.481 23.2358 2.4
      vertex 42.305 23.149 3.9
      vertex 42.481 23.2358 3.9
    endloop
  endfacet
  facet normal -0.442315 0.89686 0
    outer loop
      vertex 42.305 23.149 3.9
      vertex 42.481 23.2358 2.4
      vertex 42.305 23.149 2.4
    endloop
  endfacet
  facet normal 0.442315 -0.89686 0
    outer loop
      vertex 43.629 20.4642 2.4
      vertex 43.805 20.551 3.9
      vertex 43.629 20.4642 3.9
    endloop
  endfacet
  facet normal 0.442315 -0.89686 0
    outer loop
      vertex 43.805 20.551 3.9
      vertex 43.629 20.4642 2.4
      vertex 43.805 20.551 2.4
    endloop
  endfacet
  facet normal 0.89686 0.442315 0
    outer loop
      vertex 44.4408 22.424 3.9
      vertex 44.354 22.6 2.4
      vertex 44.354 22.6 3.9
    endloop
  endfacet
  facet normal 0.89686 0.442315 0
    outer loop
      vertex 44.354 22.6 2.4
      vertex 44.4408 22.424 3.9
      vertex 44.4408 22.424 2.4
    endloop
  endfacet
  facet normal -0.658937 -0.752198 0
    outer loop
      vertex 41.9943 20.7893 2.4
      vertex 42.1419 20.66 3.9
      vertex 41.9943 20.7893 3.9
    endloop
  endfacet
  facet normal -0.658937 -0.752198 -0
    outer loop
      vertex 42.1419 20.66 3.9
      vertex 41.9943 20.7893 2.4
      vertex 42.1419 20.66 2.4
    endloop
  endfacet
  facet normal -0.0652336 0.99787 0
    outer loop
      vertex 43.055 23.35 2.4
      vertex 42.8592 23.3372 3.9
      vertex 43.055 23.35 3.9
    endloop
  endfacet
  facet normal -0.0652336 0.99787 0
    outer loop
      vertex 42.8592 23.3372 3.9
      vertex 43.055 23.35 2.4
      vertex 42.8592 23.3372 2.4
    endloop
  endfacet
  facet normal -0.946885 0.321574 0
    outer loop
      vertex 41.6061 22.2382 2.4
      vertex 41.6692 22.424 3.9
      vertex 41.6692 22.424 2.4
    endloop
  endfacet
  facet normal -0.946885 0.321574 0
    outer loop
      vertex 41.6692 22.424 3.9
      vertex 41.6061 22.2382 2.4
      vertex 41.6061 22.2382 3.9
    endloop
  endfacet
  facet normal -0.555641 -0.831422 0
    outer loop
      vertex 42.1419 20.66 2.4
      vertex 42.305 20.551 3.9
      vertex 42.1419 20.66 3.9
    endloop
  endfacet
  facet normal -0.555641 -0.831422 -0
    outer loop
      vertex 42.305 20.551 3.9
      vertex 42.1419 20.66 2.4
      vertex 42.305 20.551 2.4
    endloop
  endfacet
  facet normal 0.980757 0.195234 0
    outer loop
      vertex 44.5422 22.0458 3.9
      vertex 44.5039 22.2382 2.4
      vertex 44.5039 22.2382 3.9
    endloop
  endfacet
  facet normal 0.980757 0.195234 0
    outer loop
      vertex 44.5039 22.2382 2.4
      vertex 44.5422 22.0458 3.9
      vertex 44.5422 22.0458 2.4
    endloop
  endfacet
  facet normal -0.831422 0.555641 0
    outer loop
      vertex 41.756 22.6 2.4
      vertex 41.865 22.7631 3.9
      vertex 41.865 22.7631 2.4
    endloop
  endfacet
  facet normal -0.831422 0.555641 0
    outer loop
      vertex 41.865 22.7631 3.9
      vertex 41.756 22.6 2.4
      vertex 41.756 22.6 3.9
    endloop
  endfacet
  facet normal -0.195234 0.980757 0
    outer loop
      vertex 42.8592 23.3372 2.4
      vertex 42.6668 23.2989 3.9
      vertex 42.8592 23.3372 3.9
    endloop
  endfacet
  facet normal -0.195234 0.980757 0
    outer loop
      vertex 42.6668 23.2989 3.9
      vertex 42.8592 23.3372 2.4
      vertex 42.6668 23.2989 2.4
    endloop
  endfacet
  facet normal -0.752198 -0.658937 0
    outer loop
      vertex 41.9943 20.7893 2.4
      vertex 41.865 20.9369 3.9
      vertex 41.865 20.9369 2.4
    endloop
  endfacet
  facet normal -0.752198 -0.658937 0
    outer loop
      vertex 41.865 20.9369 3.9
      vertex 41.9943 20.7893 2.4
      vertex 41.9943 20.7893 3.9
    endloop
  endfacet
  facet normal 0.195234 -0.980757 0
    outer loop
      vertex 43.2508 20.3628 2.4
      vertex 43.4432 20.4011 3.9
      vertex 43.2508 20.3628 3.9
    endloop
  endfacet
  facet normal 0.195234 -0.980757 0
    outer loop
      vertex 43.4432 20.4011 3.9
      vertex 43.2508 20.3628 2.4
      vertex 43.4432 20.4011 2.4
    endloop
  endfacet
  facet normal 0.752198 0.658937 0
    outer loop
      vertex 44.245 22.7631 3.9
      vertex 44.1157 22.9107 2.4
      vertex 44.1157 22.9107 3.9
    endloop
  endfacet
  facet normal 0.752198 0.658937 0
    outer loop
      vertex 44.1157 22.9107 2.4
      vertex 44.245 22.7631 3.9
      vertex 44.245 22.7631 2.4
    endloop
  endfacet
  facet normal 0.831422 -0.555641 0
    outer loop
      vertex 44.245 20.9369 3.9
      vertex 44.354 21.1 2.4
      vertex 44.354 21.1 3.9
    endloop
  endfacet
  facet normal 0.831422 -0.555641 0
    outer loop
      vertex 44.354 21.1 2.4
      vertex 44.245 20.9369 3.9
      vertex 44.245 20.9369 2.4
    endloop
  endfacet
  facet normal -0.89686 0.442315 0
    outer loop
      vertex 41.6692 22.424 2.4
      vertex 41.756 22.6 3.9
      vertex 41.756 22.6 2.4
    endloop
  endfacet
  facet normal -0.89686 0.442315 0
    outer loop
      vertex 41.756 22.6 3.9
      vertex 41.6692 22.424 2.4
      vertex 41.6692 22.424 3.9
    endloop
  endfacet
  facet normal 0.555641 0.831422 -0
    outer loop
      vertex 43.9681 23.04 2.4
      vertex 43.805 23.149 3.9
      vertex 43.9681 23.04 3.9
    endloop
  endfacet
  facet normal 0.555641 0.831422 0
    outer loop
      vertex 43.805 23.149 3.9
      vertex 43.9681 23.04 2.4
      vertex 43.805 23.149 2.4
    endloop
  endfacet
  facet normal -0.752198 0.658937 0
    outer loop
      vertex 41.865 22.7631 2.4
      vertex 41.9943 22.9107 3.9
      vertex 41.9943 22.9107 2.4
    endloop
  endfacet
  facet normal -0.752198 0.658937 0
    outer loop
      vertex 41.9943 22.9107 3.9
      vertex 41.865 22.7631 2.4
      vertex 41.865 22.7631 3.9
    endloop
  endfacet
  facet normal -0.946885 -0.321574 0
    outer loop
      vertex 41.6692 21.276 2.4
      vertex 41.6061 21.4618 3.9
      vertex 41.6061 21.4618 2.4
    endloop
  endfacet
  facet normal -0.946885 -0.321574 0
    outer loop
      vertex 41.6061 21.4618 3.9
      vertex 41.6692 21.276 2.4
      vertex 41.6692 21.276 3.9
    endloop
  endfacet
  facet normal 0.831422 0.555641 0
    outer loop
      vertex 44.354 22.6 3.9
      vertex 44.245 22.7631 2.4
      vertex 44.245 22.7631 3.9
    endloop
  endfacet
  facet normal 0.831422 0.555641 0
    outer loop
      vertex 44.245 22.7631 2.4
      vertex 44.354 22.6 3.9
      vertex 44.354 22.6 2.4
    endloop
  endfacet
  facet normal 0.99787 0.0652336 0
    outer loop
      vertex 44.555 21.85 3.9
      vertex 44.5422 22.0458 2.4
      vertex 44.5422 22.0458 3.9
    endloop
  endfacet
  facet normal 0.99787 0.0652336 0
    outer loop
      vertex 44.5422 22.0458 2.4
      vertex 44.555 21.85 3.9
      vertex 44.555 21.85 2.4
    endloop
  endfacet
  facet normal -0.658937 0.752198 0
    outer loop
      vertex 42.1419 23.04 2.4
      vertex 41.9943 22.9107 3.9
      vertex 42.1419 23.04 3.9
    endloop
  endfacet
  facet normal -0.658937 0.752198 0
    outer loop
      vertex 41.9943 22.9107 3.9
      vertex 42.1419 23.04 2.4
      vertex 41.9943 22.9107 2.4
    endloop
  endfacet
  facet normal 0.99787 -0.0652336 0
    outer loop
      vertex 44.5422 21.6542 3.9
      vertex 44.555 21.85 2.4
      vertex 44.555 21.85 3.9
    endloop
  endfacet
  facet normal 0.99787 -0.0652336 0
    outer loop
      vertex 44.555 21.85 2.4
      vertex 44.5422 21.6542 3.9
      vertex 44.5422 21.6542 2.4
    endloop
  endfacet
  facet normal -0.321574 -0.946885 0
    outer loop
      vertex 42.481 20.4642 2.4
      vertex 42.6668 20.4011 3.9
      vertex 42.481 20.4642 3.9
    endloop
  endfacet
  facet normal -0.321574 -0.946885 -0
    outer loop
      vertex 42.6668 20.4011 3.9
      vertex 42.481 20.4642 2.4
      vertex 42.6668 20.4011 2.4
    endloop
  endfacet
  facet normal 0.658937 0.752198 -0
    outer loop
      vertex 44.1157 22.9107 2.4
      vertex 43.9681 23.04 3.9
      vertex 44.1157 22.9107 3.9
    endloop
  endfacet
  facet normal 0.658937 0.752198 0
    outer loop
      vertex 43.9681 23.04 3.9
      vertex 44.1157 22.9107 2.4
      vertex 43.9681 23.04 2.4
    endloop
  endfacet
  facet normal 0.946885 -0.321574 0
    outer loop
      vertex 44.4408 21.276 3.9
      vertex 44.5039 21.4618 2.4
      vertex 44.5039 21.4618 3.9
    endloop
  endfacet
  facet normal 0.946885 -0.321574 0
    outer loop
      vertex 44.5039 21.4618 2.4
      vertex 44.4408 21.276 3.9
      vertex 44.4408 21.276 2.4
    endloop
  endfacet
  facet normal 0.946885 0.321574 0
    outer loop
      vertex 44.5039 22.2382 3.9
      vertex 44.4408 22.424 2.4
      vertex 44.4408 22.424 3.9
    endloop
  endfacet
  facet normal 0.946885 0.321574 0
    outer loop
      vertex 44.4408 22.424 2.4
      vertex 44.5039 22.2382 3.9
      vertex 44.5039 22.2382 2.4
    endloop
  endfacet
  facet normal 0.658937 -0.752198 0
    outer loop
      vertex 43.9681 20.66 2.4
      vertex 44.1157 20.7893 3.9
      vertex 43.9681 20.66 3.9
    endloop
  endfacet
  facet normal 0.658937 -0.752198 0
    outer loop
      vertex 44.1157 20.7893 3.9
      vertex 43.9681 20.66 2.4
      vertex 44.1157 20.7893 2.4
    endloop
  endfacet
  facet normal 0.0652336 -0.99787 0
    outer loop
      vertex 43.055 20.35 2.4
      vertex 43.2508 20.3628 3.9
      vertex 43.055 20.35 3.9
    endloop
  endfacet
  facet normal 0.0652336 -0.99787 0
    outer loop
      vertex 43.2508 20.3628 3.9
      vertex 43.055 20.35 2.4
      vertex 43.2508 20.3628 2.4
    endloop
  endfacet
  facet normal -0.99787 0.0652336 0
    outer loop
      vertex 41.555 21.85 2.4
      vertex 41.5678 22.0458 3.9
      vertex 41.5678 22.0458 2.4
    endloop
  endfacet
  facet normal -0.99787 0.0652336 0
    outer loop
      vertex 41.5678 22.0458 3.9
      vertex 41.555 21.85 2.4
      vertex 41.555 21.85 3.9
    endloop
  endfacet
  facet normal 0.321574 0.946885 -0
    outer loop
      vertex 43.629 23.2358 2.4
      vertex 43.4432 23.2989 3.9
      vertex 43.629 23.2358 3.9
    endloop
  endfacet
  facet normal 0.321574 0.946885 0
    outer loop
      vertex 43.4432 23.2989 3.9
      vertex 43.629 23.2358 2.4
      vertex 43.4432 23.2989 2.4
    endloop
  endfacet
  facet normal 0.752198 -0.658937 0
    outer loop
      vertex 44.1157 20.7893 3.9
      vertex 44.245 20.9369 2.4
      vertex 44.245 20.9369 3.9
    endloop
  endfacet
  facet normal 0.752198 -0.658937 0
    outer loop
      vertex 44.245 20.9369 2.4
      vertex 44.1157 20.7893 3.9
      vertex 44.1157 20.7893 2.4
    endloop
  endfacet
  facet normal -0.195234 -0.980757 0
    outer loop
      vertex 42.6668 20.4011 2.4
      vertex 42.8592 20.3628 3.9
      vertex 42.6668 20.4011 3.9
    endloop
  endfacet
  facet normal -0.195234 -0.980757 -0
    outer loop
      vertex 42.8592 20.3628 3.9
      vertex 42.6668 20.4011 2.4
      vertex 42.8592 20.3628 2.4
    endloop
  endfacet
  facet normal -0.555641 0.831422 0
    outer loop
      vertex 42.305 23.149 2.4
      vertex 42.1419 23.04 3.9
      vertex 42.305 23.149 3.9
    endloop
  endfacet
  facet normal -0.555641 0.831422 0
    outer loop
      vertex 42.1419 23.04 3.9
      vertex 42.305 23.149 2.4
      vertex 42.1419 23.04 2.4
    endloop
  endfacet
  facet normal -0.321574 0.946885 0
    outer loop
      vertex 42.6668 23.2989 2.4
      vertex 42.481 23.2358 3.9
      vertex 42.6668 23.2989 3.9
    endloop
  endfacet
  facet normal -0.321574 0.946885 0
    outer loop
      vertex 42.481 23.2358 3.9
      vertex 42.6668 23.2989 2.4
      vertex 42.481 23.2358 2.4
    endloop
  endfacet
  facet normal 0.980757 -0.195234 0
    outer loop
      vertex 44.5039 21.4618 3.9
      vertex 44.5422 21.6542 2.4
      vertex 44.5422 21.6542 3.9
    endloop
  endfacet
  facet normal 0.980757 -0.195234 0
    outer loop
      vertex 44.5422 21.6542 2.4
      vertex 44.5039 21.4618 3.9
      vertex 44.5039 21.4618 2.4
    endloop
  endfacet
  facet normal -0.99787 -0.0652336 0
    outer loop
      vertex 41.5678 21.6542 2.4
      vertex 41.555 21.85 3.9
      vertex 41.555 21.85 2.4
    endloop
  endfacet
  facet normal -0.99787 -0.0652336 0
    outer loop
      vertex 41.555 21.85 3.9
      vertex 41.5678 21.6542 2.4
      vertex 41.5678 21.6542 3.9
    endloop
  endfacet
  facet normal 0.89686 -0.442315 0
    outer loop
      vertex 44.354 21.1 3.9
      vertex 44.4408 21.276 2.4
      vertex 44.4408 21.276 3.9
    endloop
  endfacet
  facet normal 0.89686 -0.442315 0
    outer loop
      vertex 44.4408 21.276 2.4
      vertex 44.354 21.1 3.9
      vertex 44.354 21.1 2.4
    endloop
  endfacet
  facet normal 0.195234 0.980757 -0
    outer loop
      vertex 43.4432 23.2989 2.4
      vertex 43.2508 23.3372 3.9
      vertex 43.4432 23.2989 3.9
    endloop
  endfacet
  facet normal 0.195234 0.980757 0
    outer loop
      vertex 43.2508 23.3372 3.9
      vertex 43.4432 23.2989 2.4
      vertex 43.2508 23.3372 2.4
    endloop
  endfacet
  facet normal -0.0652336 -0.99787 0
    outer loop
      vertex 42.8592 20.3628 2.4
      vertex 43.055 20.35 3.9
      vertex 42.8592 20.3628 3.9
    endloop
  endfacet
  facet normal -0.0652336 -0.99787 -0
    outer loop
      vertex 43.055 20.35 3.9
      vertex 42.8592 20.3628 2.4
      vertex 43.055 20.35 2.4
    endloop
  endfacet
  facet normal -0.89686 -0.442315 0
    outer loop
      vertex 41.756 21.1 2.4
      vertex 41.6692 21.276 3.9
      vertex 41.6692 21.276 2.4
    endloop
  endfacet
  facet normal -0.89686 -0.442315 0
    outer loop
      vertex 41.6692 21.276 3.9
      vertex 41.756 21.1 2.4
      vertex 41.756 21.1 3.9
    endloop
  endfacet
  facet normal -0.831422 -0.555641 0
    outer loop
      vertex 41.865 20.9369 2.4
      vertex 41.756 21.1 3.9
      vertex 41.756 21.1 2.4
    endloop
  endfacet
  facet normal -0.831422 -0.555641 0
    outer loop
      vertex 41.756 21.1 3.9
      vertex 41.865 20.9369 2.4
      vertex 41.865 20.9369 3.9
    endloop
  endfacet
  facet normal -0.980757 -0.195234 0
    outer loop
      vertex 41.6061 21.4618 2.4
      vertex 41.5678 21.6542 3.9
      vertex 41.5678 21.6542 2.4
    endloop
  endfacet
  facet normal -0.980757 -0.195234 0
    outer loop
      vertex 41.5678 21.6542 3.9
      vertex 41.6061 21.4618 2.4
      vertex 41.6061 21.4618 3.9
    endloop
  endfacet
  facet normal -0.980757 0.195234 0
    outer loop
      vertex 41.5678 22.0458 2.4
      vertex 41.6061 22.2382 3.9
      vertex 41.6061 22.2382 2.4
    endloop
  endfacet
  facet normal -0.980757 0.195234 0
    outer loop
      vertex 41.6061 22.2382 3.9
      vertex 41.5678 22.0458 2.4
      vertex 41.5678 22.0458 3.9
    endloop
  endfacet
  facet normal 0.0652336 0.99787 -0
    outer loop
      vertex 43.2508 23.3372 2.4
      vertex 43.055 23.35 3.9
      vertex 43.2508 23.3372 3.9
    endloop
  endfacet
  facet normal 0.0652336 0.99787 0
    outer loop
      vertex 43.055 23.35 3.9
      vertex 43.2508 23.3372 2.4
      vertex 43.055 23.35 2.4
    endloop
  endfacet
  facet normal -0.442315 -0.89686 0
    outer loop
      vertex 42.305 20.551 2.4
      vertex 42.481 20.4642 3.9
      vertex 42.305 20.551 3.9
    endloop
  endfacet
  facet normal -0.442315 -0.89686 -0
    outer loop
      vertex 42.481 20.4642 3.9
      vertex 42.305 20.551 2.4
      vertex 42.481 20.4642 2.4
    endloop
  endfacet
  facet normal 0.321446 -0.946928 0
    outer loop
      vertex 57.7765 0.102219 0
      vertex 58.1481 0.228363 2.4
      vertex 57.7765 0.102219 2.4
    endloop
  endfacet
  facet normal 0.321446 -0.946928 0
    outer loop
      vertex 58.1481 0.228363 2.4
      vertex 57.7765 0.102219 0
      vertex 58.1481 0.228363 0
    endloop
  endfacet
  facet normal 0 -1 0
    outer loop
      vertex 3 0 0
      vertex 57 0 2.4
      vertex 3 0 2.4
    endloop
  endfacet
  facet normal 0 -1 -0
    outer loop
      vertex 57 0 2.4
      vertex 3 0 0
      vertex 57 0 0
    endloop
  endfacet
  facet normal 0.195072 -0.980789 0
    outer loop
      vertex 57.3916 0.0256653 0
      vertex 57.7765 0.102219 2.4
      vertex 57.3916 0.0256653 2.4
    endloop
  endfacet
  facet normal 0.195072 -0.980789 0
    outer loop
      vertex 57.7765 0.102219 2.4
      vertex 57.3916 0.0256653 0
      vertex 57.7765 0.102219 0
    endloop
  endfacet
  facet normal 0.0654873 0.997853 -0
    outer loop
      vertex 57.3916 30.9743 0
      vertex 57 31 2.4
      vertex 57.3916 30.9743 2.4
    endloop
  endfacet
  facet normal 0.0654873 0.997853 0
    outer loop
      vertex 57 31 2.4
      vertex 57.3916 30.9743 0
      vertex 57 31 0
    endloop
  endfacet
  facet normal 0.0653993 -0.997859 0
    outer loop
      vertex 57 0 0
      vertex 57.3916 0.0256653 2.4
      vertex 57 0 2.4
    endloop
  endfacet
  facet normal 0.0653993 -0.997859 0
    outer loop
      vertex 57.3916 0.0256653 2.4
      vertex 57 0 0
      vertex 57.3916 0.0256653 0
    endloop
  endfacet
  facet normal -0.896876 -0.442281 0
    outer loop
      vertex 0.401917 1.5 0
      vertex 0.228363 1.85194 2.4
      vertex 0.228363 1.85194 0
    endloop
  endfacet
  facet normal -0.896876 -0.442281 0
    outer loop
      vertex 0.228363 1.85194 2.4
      vertex 0.401917 1.5 0
      vertex 0.401917 1.5 2.4
    endloop
  endfacet
  facet normal -0.0654043 -0.997859 0
    outer loop
      vertex 2.60843 0.0256653 0
      vertex 3 0 2.4
      vertex 2.60843 0.0256653 2.4
    endloop
  endfacet
  facet normal -0.0654043 -0.997859 -0
    outer loop
      vertex 3 0 2.4
      vertex 2.60843 0.0256653 0
      vertex 3 0 0
    endloop
  endfacet
  facet normal -0.321446 -0.946928 0
    outer loop
      vertex 1.85194 0.228363 0
      vertex 2.22354 0.102219 2.4
      vertex 1.85194 0.228363 2.4
    endloop
  endfacet
  facet normal -0.321446 -0.946928 -0
    outer loop
      vertex 2.22354 0.102219 2.4
      vertex 1.85194 0.228363 0
      vertex 2.22354 0.102219 0
    endloop
  endfacet
  facet normal -0.659424 0.751771 0
    outer loop
      vertex 1.17372 30.3801 0
      vertex 0.878677 30.1213 2.4
      vertex 1.17372 30.3801 2.4
    endloop
  endfacet
  facet normal -0.659424 0.751771 0
    outer loop
      vertex 0.878677 30.1213 2.4
      vertex 1.17372 30.3801 0
      vertex 0.878677 30.1213 0
    endloop
  endfacet
  facet normal -0.896856 0.442322 0
    outer loop
      vertex 0.228363 29.1481 0
      vertex 0.401917 29.5 2.4
      vertex 0.401917 29.5 0
    endloop
  endfacet
  facet normal -0.896856 0.442322 0
    outer loop
      vertex 0.401917 29.5 2.4
      vertex 0.228363 29.1481 0
      vertex 0.228363 29.1481 2.4
    endloop
  endfacet
  facet normal -0.442171 0.896931 0
    outer loop
      vertex 1.85194 30.7716 0
      vertex 1.5 30.5981 2.4
      vertex 1.85194 30.7716 2.4
    endloop
  endfacet
  facet normal -0.442171 0.896931 0
    outer loop
      vertex 1.5 30.5981 2.4
      vertex 1.85194 30.7716 0
      vertex 1.5 30.5981 0
    endloop
  endfacet
  facet normal 1 -0 0
    outer loop
      vertex 60 3 2.4
      vertex 60 28 0
      vertex 60 28 2.4
    endloop
  endfacet
  facet normal 1 0 0
    outer loop
      vertex 60 28 0
      vertex 60 3 2.4
      vertex 60 3 0
    endloop
  endfacet
  facet normal -1 0 0
    outer loop
      vertex 0 3 0
      vertex 0 28 2.4
      vertex 0 28 0
    endloop
  endfacet
  facet normal -1 -0 0
    outer loop
      vertex 0 28 2.4
      vertex 0 3 0
      vertex 0 3 2.4
    endloop
  endfacet
  facet normal -0.0654923 0.997853 0
    outer loop
      vertex 3 31 0
      vertex 2.60843 30.9743 2.4
      vertex 3 31 2.4
    endloop
  endfacet
  facet normal -0.0654923 0.997853 0
    outer loop
      vertex 2.60843 30.9743 2.4
      vertex 3 31 0
      vertex 2.60843 30.9743 0
    endloop
  endfacet
  facet normal 0.321574 0.946885 -0
    outer loop
      vertex 58.1481 30.7716 0
      vertex 57.7765 30.8978 2.4
      vertex 58.1481 30.7716 2.4
    endloop
  endfacet
  facet normal 0.321574 0.946885 0
    outer loop
      vertex 57.7765 30.8978 2.4
      vertex 58.1481 30.7716 0
      vertex 57.7765 30.8978 0
    endloop
  endfacet
  facet normal -0.659342 -0.751843 0
    outer loop
      vertex 0.878677 0.878677 0
      vertex 1.17372 0.619934 2.4
      vertex 0.878677 0.878677 2.4
    endloop
  endfacet
  facet normal -0.659342 -0.751843 -0
    outer loop
      vertex 1.17372 0.619934 2.4
      vertex 0.878677 0.878677 0
      vertex 1.17372 0.619934 0
    endloop
  endfacet
  facet normal -0.946928 0.321446 0
    outer loop
      vertex 0.102219 28.7765 0
      vertex 0.228363 29.1481 2.4
      vertex 0.228363 29.1481 0
    endloop
  endfacet
  facet normal -0.946928 0.321446 0
    outer loop
      vertex 0.228363 29.1481 2.4
      vertex 0.102219 28.7765 0
      vertex 0.102219 28.7765 2.4
    endloop
  endfacet
  facet normal -0.195076 -0.980788 0
    outer loop
      vertex 2.22354 0.102219 0
      vertex 2.60843 0.0256653 2.4
      vertex 2.22354 0.102219 2.4
    endloop
  endfacet
  facet normal -0.195076 -0.980788 -0
    outer loop
      vertex 2.60843 0.0256653 2.4
      vertex 2.22354 0.102219 0
      vertex 2.60843 0.0256653 0
    endloop
  endfacet
  facet normal -0.751796 0.659396 0
    outer loop
      vertex 0.619934 29.8263 0
      vertex 0.878677 30.1213 2.4
      vertex 0.878677 30.1213 0
    endloop
  endfacet
  facet normal -0.751796 0.659396 0
    outer loop
      vertex 0.878677 30.1213 2.4
      vertex 0.619934 29.8263 0
      vertex 0.619934 29.8263 2.4
    endloop
  endfacet
  facet normal 0.980814 -0.194945 0
    outer loop
      vertex 59.8978 2.22354 2.4
      vertex 59.9743 2.60843 0
      vertex 59.9743 2.60843 2.4
    endloop
  endfacet
  facet normal 0.980814 -0.194945 0
    outer loop
      vertex 59.9743 2.60843 0
      vertex 59.8978 2.22354 2.4
      vertex 59.8978 2.22354 0
    endloop
  endfacet
  facet normal -0.442281 -0.896876 0
    outer loop
      vertex 1.5 0.401917 0
      vertex 1.85194 0.228363 2.4
      vertex 1.5 0.401917 2.4
    endloop
  endfacet
  facet normal -0.442281 -0.896876 -0
    outer loop
      vertex 1.85194 0.228363 2.4
      vertex 1.5 0.401917 0
      vertex 1.85194 0.228363 0
    endloop
  endfacet
  facet normal 0 1 -0
    outer loop
      vertex 57 31 0
      vertex 3 31 2.4
      vertex 57 31 2.4
    endloop
  endfacet
  facet normal 0 1 0
    outer loop
      vertex 3 31 2.4
      vertex 57 31 0
      vertex 3 31 0
    endloop
  endfacet
  facet normal 0.831501 0.555523 0
    outer loop
      vertex 59.5981 29.5 2.4
      vertex 59.3801 29.8263 0
      vertex 59.3801 29.8263 2.4
    endloop
  endfacet
  facet normal 0.831501 0.555523 0
    outer loop
      vertex 59.3801 29.8263 0
      vertex 59.5981 29.5 2.4
      vertex 59.5981 29.5 0
    endloop
  endfacet
  facet normal -0.321574 0.946885 0
    outer loop
      vertex 2.22354 30.8978 0
      vertex 1.85194 30.7716 2.4
      vertex 2.22354 30.8978 2.4
    endloop
  endfacet
  facet normal -0.321574 0.946885 0
    outer loop
      vertex 1.85194 30.7716 2.4
      vertex 2.22354 30.8978 0
      vertex 1.85194 30.7716 0
    endloop
  endfacet
  facet normal -0.831481 0.555553 0
    outer loop
      vertex 0.401917 29.5 0
      vertex 0.619934 29.8263 2.4
      vertex 0.619934 29.8263 0
    endloop
  endfacet
  facet normal -0.831481 0.555553 0
    outer loop
      vertex 0.619934 29.8263 2.4
      vertex 0.401917 29.5 0
      vertex 0.401917 29.5 2.4
    endloop
  endfacet
  facet normal -0.997859 0.0653993 0
    outer loop
      vertex 0 28 0
      vertex 0.0256653 28.3916 2.4
      vertex 0.0256653 28.3916 0
    endloop
  endfacet
  facet normal -0.997859 0.0653993 0
    outer loop
      vertex 0.0256653 28.3916 2.4
      vertex 0 28 0
      vertex 0 28 2.4
    endloop
  endfacet
  facet normal -0.555577 -0.831465 0
    outer loop
      vertex 1.17372 0.619934 0
      vertex 1.5 0.401917 2.4
      vertex 1.17372 0.619934 2.4
    endloop
  endfacet
  facet normal -0.555577 -0.831465 -0
    outer loop
      vertex 1.5 0.401917 2.4
      vertex 1.17372 0.619934 0
      vertex 1.5 0.401917 0
    endloop
  endfacet
  facet normal -0.194945 0.980814 0
    outer loop
      vertex 2.60843 30.9743 0
      vertex 2.22354 30.8978 2.4
      vertex 2.60843 30.9743 2.4
    endloop
  endfacet
  facet normal -0.194945 0.980814 0
    outer loop
      vertex 2.22354 30.8978 2.4
      vertex 2.60843 30.9743 0
      vertex 2.22354 30.8978 0
    endloop
  endfacet
  facet normal 0.896931 -0.442171 0
    outer loop
      vertex 59.5981 1.5 2.4
      vertex 59.7716 1.85194 0
      vertex 59.7716 1.85194 2.4
    endloop
  endfacet
  facet normal 0.896931 -0.442171 0
    outer loop
      vertex 59.7716 1.85194 0
      vertex 59.5981 1.5 2.4
      vertex 59.5981 1.5 0
    endloop
  endfacet
  facet normal 0.659396 -0.751796 0
    outer loop
      vertex 58.8263 0.619934 0
      vertex 59.1213 0.878677 2.4
      vertex 58.8263 0.619934 2.4
    endloop
  endfacet
  facet normal 0.659396 -0.751796 0
    outer loop
      vertex 59.1213 0.878677 2.4
      vertex 58.8263 0.619934 0
      vertex 59.1213 0.878677 0
    endloop
  endfacet
  facet normal 0.555523 0.831501 -0
    outer loop
      vertex 58.8263 30.3801 0
      vertex 58.5 30.5981 2.4
      vertex 58.8263 30.3801 2.4
    endloop
  endfacet
  facet normal 0.555523 0.831501 0
    outer loop
      vertex 58.5 30.5981 2.4
      vertex 58.8263 30.3801 0
      vertex 58.5 30.5981 0
    endloop
  endfacet
  facet normal 0.442211 0.896911 -0
    outer loop
      vertex 58.5 30.5981 0
      vertex 58.1481 30.7716 2.4
      vertex 58.5 30.5981 2.4
    endloop
  endfacet
  facet normal 0.442211 0.896911 0
    outer loop
      vertex 58.1481 30.7716 2.4
      vertex 58.5 30.5981 0
      vertex 58.1481 30.7716 0
    endloop
  endfacet
  facet normal 0.946885 0.321574 0
    outer loop
      vertex 59.8978 28.7765 2.4
      vertex 59.7716 29.1481 0
      vertex 59.7716 29.1481 2.4
    endloop
  endfacet
  facet normal 0.946885 0.321574 0
    outer loop
      vertex 59.7716 29.1481 0
      vertex 59.8978 28.7765 2.4
      vertex 59.8978 28.7765 0
    endloop
  endfacet
  facet normal 0.19494 0.980815 -0
    outer loop
      vertex 57.7765 30.8978 0
      vertex 57.3916 30.9743 2.4
      vertex 57.7765 30.8978 2.4
    endloop
  endfacet
  facet normal 0.19494 0.980815 0
    outer loop
      vertex 57.3916 30.9743 2.4
      vertex 57.7765 30.8978 0
      vertex 57.3916 30.9743 0
    endloop
  endfacet
  facet normal 0.997853 0.0654873 0
    outer loop
      vertex 60 28 2.4
      vertex 59.9743 28.3916 0
      vertex 59.9743 28.3916 2.4
    endloop
  endfacet
  facet normal 0.997853 0.0654873 0
    outer loop
      vertex 59.9743 28.3916 0
      vertex 60 28 2.4
      vertex 60 28 0
    endloop
  endfacet
  facet normal -0.555547 0.831485 0
    outer loop
      vertex 1.5 30.5981 0
      vertex 1.17372 30.3801 2.4
      vertex 1.5 30.5981 2.4
    endloop
  endfacet
  facet normal -0.555547 0.831485 0
    outer loop
      vertex 1.17372 30.3801 2.4
      vertex 1.5 30.5981 0
      vertex 1.17372 30.3801 0
    endloop
  endfacet
  facet normal 0.831485 -0.555547 0
    outer loop
      vertex 59.3801 1.17372 2.4
      vertex 59.5981 1.5 0
      vertex 59.5981 1.5 2.4
    endloop
  endfacet
  facet normal 0.831485 -0.555547 0
    outer loop
      vertex 59.5981 1.5 0
      vertex 59.3801 1.17372 2.4
      vertex 59.3801 1.17372 0
    endloop
  endfacet
  facet normal 0.751771 -0.659424 0
    outer loop
      vertex 59.1213 0.878677 2.4
      vertex 59.3801 1.17372 0
      vertex 59.3801 1.17372 2.4
    endloop
  endfacet
  facet normal 0.751771 -0.659424 0
    outer loop
      vertex 59.3801 1.17372 0
      vertex 59.1213 0.878677 2.4
      vertex 59.1213 0.878677 0
    endloop
  endfacet
  facet normal -0.997859 -0.0654043 0
    outer loop
      vertex 0.0256653 2.60843 0
      vertex 0 3 2.4
      vertex 0 3 0
    endloop
  endfacet
  facet normal -0.997859 -0.0654043 0
    outer loop
      vertex 0 3 2.4
      vertex 0.0256653 2.60843 0
      vertex 0.0256653 2.60843 2.4
    endloop
  endfacet
  facet normal -0.980789 0.195072 0
    outer loop
      vertex 0.0256653 28.3916 0
      vertex 0.102219 28.7765 2.4
      vertex 0.102219 28.7765 0
    endloop
  endfacet
  facet normal -0.980789 0.195072 0
    outer loop
      vertex 0.102219 28.7765 2.4
      vertex 0.0256653 28.3916 0
      vertex 0.0256653 28.3916 2.4
    endloop
  endfacet
  facet normal 0.751724 0.659478 0
    outer loop
      vertex 59.3801 29.8263 2.4
      vertex 59.1213 30.1213 0
      vertex 59.1213 30.1213 2.4
    endloop
  endfacet
  facet normal 0.751724 0.659478 0
    outer loop
      vertex 59.1213 30.1213 0
      vertex 59.3801 29.8263 2.4
      vertex 59.3801 29.8263 0
    endloop
  endfacet
  facet normal 0.946885 -0.321574 0
    outer loop
      vertex 59.7716 1.85194 2.4
      vertex 59.8978 2.22354 0
      vertex 59.8978 2.22354 2.4
    endloop
  endfacet
  facet normal 0.946885 -0.321574 0
    outer loop
      vertex 59.8978 2.22354 0
      vertex 59.7716 1.85194 2.4
      vertex 59.7716 1.85194 0
    endloop
  endfacet
  facet normal 0.659478 0.751724 -0
    outer loop
      vertex 59.1213 30.1213 0
      vertex 58.8263 30.3801 2.4
      vertex 59.1213 30.1213 2.4
    endloop
  endfacet
  facet normal 0.659478 0.751724 0
    outer loop
      vertex 58.8263 30.3801 2.4
      vertex 59.1213 30.1213 0
      vertex 58.8263 30.3801 0
    endloop
  endfacet
  facet normal 0.896911 0.442211 0
    outer loop
      vertex 59.7716 29.1481 2.4
      vertex 59.5981 29.5 0
      vertex 59.5981 29.5 2.4
    endloop
  endfacet
  facet normal 0.896911 0.442211 0
    outer loop
      vertex 59.5981 29.5 0
      vertex 59.7716 29.1481 2.4
      vertex 59.7716 29.1481 0
    endloop
  endfacet
  facet normal 0.980815 0.19494 0
    outer loop
      vertex 59.9743 28.3916 2.4
      vertex 59.8978 28.7765 0
      vertex 59.8978 28.7765 2.4
    endloop
  endfacet
  facet normal 0.980815 0.19494 0
    outer loop
      vertex 59.8978 28.7765 0
      vertex 59.9743 28.3916 2.4
      vertex 59.9743 28.3916 0
    endloop
  endfacet
  facet normal -0.980788 -0.195076 0
    outer loop
      vertex 0.102219 2.22354 0
      vertex 0.0256653 2.60843 2.4
      vertex 0.0256653 2.60843 0
    endloop
  endfacet
  facet normal -0.980788 -0.195076 0
    outer loop
      vertex 0.0256653 2.60843 2.4
      vertex 0.102219 2.22354 0
      vertex 0.102219 2.22354 2.4
    endloop
  endfacet
  facet normal -0.946928 -0.321446 0
    outer loop
      vertex 0.228363 1.85194 0
      vertex 0.102219 2.22354 2.4
      vertex 0.102219 2.22354 0
    endloop
  endfacet
  facet normal -0.946928 -0.321446 0
    outer loop
      vertex 0.102219 2.22354 2.4
      vertex 0.228363 1.85194 0
      vertex 0.228363 1.85194 2.4
    endloop
  endfacet
  facet normal -0.831465 -0.555577 0
    outer loop
      vertex 0.619934 1.17372 0
      vertex 0.401917 1.5 2.4
      vertex 0.401917 1.5 0
    endloop
  endfacet
  facet normal -0.831465 -0.555577 0
    outer loop
      vertex 0.401917 1.5 2.4
      vertex 0.619934 1.17372 0
      vertex 0.619934 1.17372 2.4
    endloop
  endfacet
  facet normal -0.751843 -0.659342 0
    outer loop
      vertex 0.878677 0.878677 0
      vertex 0.619934 1.17372 2.4
      vertex 0.619934 1.17372 0
    endloop
  endfacet
  facet normal -0.751843 -0.659342 0
    outer loop
      vertex 0.619934 1.17372 2.4
      vertex 0.878677 0.878677 0
      vertex 0.878677 0.878677 2.4
    endloop
  endfacet
  facet normal 0 0 -1
    outer loop
      vertex 57 0 0
      vertex 60 3 0
      vertex 59.9743 2.60843 0
    endloop
  endfacet
  facet normal 0 0 -1
    outer loop
      vertex 60 3 0
      vertex 33.51 11.25 0
      vertex 60 28 0
    endloop
  endfacet
  facet normal 0 0 -1
    outer loop
      vertex 57 0 0
      vertex 59.9743 2.60843 0
      vertex 59.8978 2.22354 0
    endloop
  endfacet
  facet normal 0 0 -1
    outer loop
      vertex 33.51 19.75 0
      vertex 60 28 0
      vertex 33.51 11.25 0
    endloop
  endfacet
  facet normal 0 0 -1
    outer loop
      vertex 57 0 0
      vertex 59.8978 2.22354 0
      vertex 59.7716 1.85194 0
    endloop
  endfacet
  facet normal 0 -0 -1
    outer loop
      vertex 57 31 0
      vertex 60 28 0
      vertex 33.51 19.75 0
    endloop
  endfacet
  facet normal 0 0 -1
    outer loop
      vertex 57 0 0
      vertex 59.7716 1.85194 0
      vertex 59.5981 1.5 0
    endloop
  endfacet
  facet normal -0 0 -1
    outer loop
      vertex 60 3 0
      vertex 57 0 0
      vertex 33.51 11.25 0
    endloop
  endfacet
  facet normal 0 0 -1
    outer loop
      vertex 57 0 0
      vertex 59.5981 1.5 0
      vertex 59.3801 1.17372 0
    endloop
  endfacet
  facet normal 0 0 -1
    outer loop
      vertex 60 28 0
      vertex 57 31 0
      vertex 59.9743 28.3916 0
    endloop
  endfacet
  facet normal 0 0 -1
    outer loop
      vertex 57 0 0
      vertex 59.3801 1.17372 0
      vertex 59.1213 0.878677 0
    endloop
  endfacet
  facet normal 0 0 -1
    outer loop
      vertex 59.9743 28.3916 0
      vertex 57 31 0
      vertex 59.8978 28.7765 0
    endloop
  endfacet
  facet normal 0 0 -1
    outer loop
      vertex 57 0 0
      vertex 59.1213 0.878677 0
      vertex 58.8263 0.619934 0
    endloop
  endfacet
  facet normal 0 0 -1
    outer loop
      vertex 59.5981 29.5 0
      vertex 57 31 0
      vertex 59.3801 29.8263 0
    endloop
  endfacet
  facet normal 0 0 -1
    outer loop
      vertex 57 0 0
      vertex 58.8263 0.619934 0
      vertex 58.5 0.401917 0
    endloop
  endfacet
  facet normal 0 0 -1
    outer loop
      vertex 59.3801 29.8263 0
      vertex 57 31 0
      vertex 59.1213 30.1213 0
    endloop
  endfacet
  facet normal 0 0 -1
    outer loop
      vertex 57 0 0
      vertex 58.5 0.401917 0
      vertex 58.1481 0.228363 0
    endloop
  endfacet
  facet normal 0 0 -1
    outer loop
      vertex 59.1213 30.1213 0
      vertex 57 31 0
      vertex 58.8263 30.3801 0
    endloop
  endfacet
  facet normal 0 0 -1
    outer loop
      vertex 57 0 0
      vertex 58.1481 0.228363 0
      vertex 57.7765 0.102219 0
    endloop
  endfacet
  facet normal 0 0 -1
    outer loop
      vertex 58.8263 30.3801 0
      vertex 57 31 0
      vertex 58.5 30.5981 0
    endloop
  endfacet
  facet normal 0 0 -1
    outer loop
      vertex 57 0 0
      vertex 57.7765 0.102219 0
      vertex 57.3916 0.0256653 0
    endloop
  endfacet
  facet normal 0 0 -1
    outer loop
      vertex 58.5 30.5981 0
      vertex 57 31 0
      vertex 58.1481 30.7716 0
    endloop
  endfacet
  facet normal 0 0 -1
    outer loop
      vertex 58.1481 30.7716 0
      vertex 57 31 0
      vertex 57.7765 30.8978 0
    endloop
  endfacet
  facet normal 0 0 -1
    outer loop
      vertex 57.7765 30.8978 0
      vertex 57 31 0
      vertex 57.3916 30.9743 0
    endloop
  endfacet
  facet normal 0 0 -1
    outer loop
      vertex 59.7716 29.1481 0
      vertex 57 31 0
      vertex 59.5981 29.5 0
    endloop
  endfacet
  facet normal 0 0 -1
    outer loop
      vertex 3 0 0
      vertex 33.51 11.25 0
      vertex 57 0 0
    endloop
  endfacet
  facet normal 0 0 -1
    outer loop
      vertex 0 3 0
      vertex 7.51 11.25 0
      vertex 3 0 0
    endloop
  endfacet
  facet normal -0 0 -1
    outer loop
      vertex 33.51 11.25 0
      vertex 3 0 0
      vertex 7.51 11.25 0
    endloop
  endfacet
  facet normal 0 0 -1
    outer loop
      vertex 59.8978 28.7765 0
      vertex 57 31 0
      vertex 59.7716 29.1481 0
    endloop
  endfacet
  facet normal 0 0 -1
    outer loop
      vertex 3 31 0
      vertex 33.51 19.75 0
      vertex 7.51 19.75 0
    endloop
  endfacet
  facet normal 0 0 -1
    outer loop
      vertex 33.51 19.75 0
      vertex 3 31 0
      vertex 57 31 0
    endloop
  endfacet
  facet normal -0 0 -1
    outer loop
      vertex 7.51 11.25 0
      vertex 0 3 0
      vertex 7.51 19.75 0
    endloop
  endfacet
  facet normal 0 0 -1
    outer loop
      vertex 0 3 0
      vertex 3 0 0
      vertex 2.60843 0.0256653 0
    endloop
  endfacet
  facet normal 0 0 -1
    outer loop
      vertex 0 28 0
      vertex 7.51 19.75 0
      vertex 0 3 0
    endloop
  endfacet
  facet normal 0 0 -1
    outer loop
      vertex 0 3 0
      vertex 2.60843 0.0256653 0
      vertex 2.22354 0.102219 0
    endloop
  endfacet
  facet normal 0 0 -1
    outer loop
      vertex 7.51 19.75 0
      vertex 0 28 0
      vertex 3 31 0
    endloop
  endfacet
  facet normal 0 0 -1
    outer loop
      vertex 0 3 0
      vertex 2.22354 0.102219 0
      vertex 1.85194 0.228363 0
    endloop
  endfacet
  facet normal 0 0 -1
    outer loop
      vertex 3 31 0
      vertex 0 28 0
      vertex 2.60843 30.9743 0
    endloop
  endfacet
  facet normal 0 0 -1
    outer loop
      vertex 0 3 0
      vertex 1.85194 0.228363 0
      vertex 1.5 0.401917 0
    endloop
  endfacet
  facet normal 0 0 -1
    outer loop
      vertex 2.60843 30.9743 0
      vertex 0 28 0
      vertex 2.22354 30.8978 0
    endloop
  endfacet
  facet normal 0 0 -1
    outer loop
      vertex 0 3 0
      vertex 1.5 0.401917 0
      vertex 1.17372 0.619934 0
    endloop
  endfacet
  facet normal 0 0 -1
    outer loop
      vertex 2.22354 30.8978 0
      vertex 0 28 0
      vertex 1.85194 30.7716 0
    endloop
  endfacet
  facet normal 0 0 -1
    outer loop
      vertex 0 3 0
      vertex 1.17372 0.619934 0
      vertex 0.878677 0.878677 0
    endloop
  endfacet
  facet normal 0 0 -1
    outer loop
      vertex 1.85194 30.7716 0
      vertex 0 28 0
      vertex 1.5 30.5981 0
    endloop
  endfacet
  facet normal 0 0 -1
    outer loop
      vertex 0 3 0
      vertex 0.878677 0.878677 0
      vertex 0.619934 1.17372 0
    endloop
  endfacet
  facet normal 0 0 -1
    outer loop
      vertex 1.5 30.5981 0
      vertex 0 28 0
      vertex 1.17372 30.3801 0
    endloop
  endfacet
  facet normal 0 0 -1
    outer loop
      vertex 0 3 0
      vertex 0.619934 1.17372 0
      vertex 0.401917 1.5 0
    endloop
  endfacet
  facet normal 0 0 -1
    outer loop
      vertex 1.17372 30.3801 0
      vertex 0 28 0
      vertex 0.878677 30.1213 0
    endloop
  endfacet
  facet normal 0 0 -1
    outer loop
      vertex 0 3 0
      vertex 0.401917 1.5 0
      vertex 0.228363 1.85194 0
    endloop
  endfacet
  facet normal 0 0 -1
    outer loop
      vertex 0.878677 30.1213 0
      vertex 0 28 0
      vertex 0.619934 29.8263 0
    endloop
  endfacet
  facet normal 0 0 -1
    outer loop
      vertex 0 3 0
      vertex 0.228363 1.85194 0
      vertex 0.102219 2.22354 0
    endloop
  endfacet
  facet normal 0 0 -1
    outer loop
      vertex 0.619934 29.8263 0
      vertex 0 28 0
      vertex 0.401917 29.5 0
    endloop
  endfacet
  facet normal 0 0 -1
    outer loop
      vertex 0 3 0
      vertex 0.102219 2.22354 0
      vertex 0.0256653 2.60843 0
    endloop
  endfacet
  facet normal 0 0 -1
    outer loop
      vertex 0.401917 29.5 0
      vertex 0 28 0
      vertex 0.228363 29.1481 0
    endloop
  endfacet
  facet normal 0 0 -1
    outer loop
      vertex 0.228363 29.1481 0
      vertex 0 28 0
      vertex 0.102219 28.7765 0
    endloop
  endfacet
  facet normal 0 0 -1
    outer loop
      vertex 0.102219 28.7765 0
      vertex 0 28 0
      vertex 0.0256653 28.3916 0
    endloop
  endfacet
  facet normal 0.997853 -0.0654923 0
    outer loop
      vertex 59.9743 2.60843 2.4
      vertex 60 3 0
      vertex 60 3 2.4
    endloop
  endfacet
  facet normal 0.997853 -0.0654923 0
    outer loop
      vertex 60 3 0
      vertex 59.9743 2.60843 2.4
      vertex 59.9743 2.60843 0
    endloop
  endfacet
  facet normal 0.442322 -0.896856 0
    outer loop
      vertex 58.1481 0.228363 0
      vertex 58.5 0.401917 2.4
      vertex 58.1481 0.228363 2.4
    endloop
  endfacet
  facet normal 0.442322 -0.896856 0
    outer loop
      vertex 58.5 0.401917 2.4
      vertex 58.1481 0.228363 0
      vertex 58.5 0.401917 0
    endloop
  endfacet
  facet normal 0.555553 -0.831481 0
    outer loop
      vertex 58.5 0.401917 0
      vertex 58.8263 0.619934 2.4
      vertex 58.5 0.401917 2.4
    endloop
  endfacet
  facet normal 0.555553 -0.831481 0
    outer loop
      vertex 58.8263 0.619934 2.4
      vertex 58.5 0.401917 0
      vertex 58.8263 0.619934 0
    endloop
  endfacet
  facet normal -1 0 0
    outer loop
      vertex 17 2.3 3.15
      vertex 17 3.5 4.45
      vertex 17 3.5 3.15
    endloop
  endfacet
  facet normal -1 -0 0
    outer loop
      vertex 17 3.5 4.45
      vertex 17 2.3 3.15
      vertex 17 2.3 4.45
    endloop
  endfacet
  facet normal 0 0 -1
    outer loop
      vertex 11 2.3 4.45
      vertex 17 3.5 4.45
      vertex 17 2.3 4.45
    endloop
  endfacet
  facet normal -0 0 -1
    outer loop
      vertex 17 3.5 4.45
      vertex 11 2.3 4.45
      vertex 11 3.5 4.45
    endloop
  endfacet
  facet normal -0 0 1
    outer loop
      vertex 11 3.5 3.15
      vertex 17 2.3 3.15
      vertex 17 3.5 3.15
    endloop
  endfacet
  facet normal 0 0 1
    outer loop
      vertex 17 2.3 3.15
      vertex 11 3.5 3.15
      vertex 11 2.3 3.15
    endloop
  endfacet
  facet normal 1 -0 0
    outer loop
      vertex 11 2.3 4.45
      vertex 11 3.5 3.15
      vertex 11 3.5 4.45
    endloop
  endfacet
  facet normal 1 0 0
    outer loop
      vertex 11 3.5 3.15
      vertex 11 2.3 4.45
      vertex 11 2.3 3.15
    endloop
  endfacet
  facet normal -1 0 0
    outer loop
      vertex 17 27.5 3.15
      vertex 17 28.7 4.45
      vertex 17 28.7 3.15
    endloop
  endfacet
  facet normal -1 -0 0
    outer loop
      vertex 17 28.7 4.45
      vertex 17 27.5 3.15
      vertex 17 27.5 4.45
    endloop
  endfacet
  facet normal 0 0 -1
    outer loop
      vertex 11 27.5 4.45
      vertex 17 28.7 4.45
      vertex 17 27.5 4.45
    endloop
  endfacet
  facet normal -0 0 -1
    outer loop
      vertex 17 28.7 4.45
      vertex 11 27.5 4.45
      vertex 11 28.7 4.45
    endloop
  endfacet
  facet normal -0 0 1
    outer loop
      vertex 11 28.7 3.15
      vertex 17 27.5 3.15
      vertex 17 28.7 3.15
    endloop
  endfacet
  facet normal 0 0 1
    outer loop
      vertex 17 27.5 3.15
      vertex 11 28.7 3.15
      vertex 11 27.5 3.15
    endloop
  endfacet
  facet normal 1 -0 0
    outer loop
      vertex 11 27.5 4.45
      vertex 11 28.7 3.15
      vertex 11 28.7 4.45
    endloop
  endfacet
  facet normal 1 0 0
    outer loop
      vertex 11 28.7 3.15
      vertex 11 27.5 4.45
      vertex 11 27.5 3.15
    endloop
  endfacet
  facet normal -1 0 0
    outer loop
      vertex 39 2.3 3.15
      vertex 39 3.5 4.45
      vertex 39 3.5 3.15
    endloop
  endfacet
  facet normal -1 -0 0
    outer loop
      vertex 39 3.5 4.45
      vertex 39 2.3 3.15
      vertex 39 2.3 4.45
    endloop
  endfacet
  facet normal 0 0 -1
    outer loop
      vertex 33 2.3 4.45
      vertex 39 3.5 4.45
      vertex 39 2.3 4.45
    endloop
  endfacet
  facet normal -0 0 -1
    outer loop
      vertex 39 3.5 4.45
      vertex 33 2.3 4.45
      vertex 33 3.5 4.45
    endloop
  endfacet
  facet normal -0 0 1
    outer loop
      vertex 33 3.5 3.15
      vertex 39 2.3 3.15
      vertex 39 3.5 3.15
    endloop
  endfacet
  facet normal 0 0 1
    outer loop
      vertex 39 2.3 3.15
      vertex 33 3.5 3.15
      vertex 33 2.3 3.15
    endloop
  endfacet
  facet normal 1 -0 0
    outer loop
      vertex 33 2.3 4.45
      vertex 33 3.5 3.15
      vertex 33 3.5 4.45
    endloop
  endfacet
  facet normal 1 0 0
    outer loop
      vertex 33 3.5 3.15
      vertex 33 2.3 4.45
      vertex 33 2.3 3.15
    endloop
  endfacet
  facet normal -1 0 0
    outer loop
      vertex 39 27.5 3.15
      vertex 39 28.7 4.45
      vertex 39 28.7 3.15
    endloop
  endfacet
  facet normal -1 -0 0
    outer loop
      vertex 39 28.7 4.45
      vertex 39 27.5 3.15
      vertex 39 27.5 4.45
    endloop
  endfacet
  facet normal 0 0 -1
    outer loop
      vertex 33 27.5 4.45
      vertex 39 28.7 4.45
      vertex 39 27.5 4.45
    endloop
  endfacet
  facet normal -0 0 -1
    outer loop
      vertex 39 28.7 4.45
      vertex 33 27.5 4.45
      vertex 33 28.7 4.45
    endloop
  endfacet
  facet normal -0 0 1
    outer loop
      vertex 33 28.7 3.15
      vertex 39 27.5 3.15
      vertex 39 28.7 3.15
    endloop
  endfacet
  facet normal 0 0 1
    outer loop
      vertex 39 27.5 3.15
      vertex 33 28.7 3.15
      vertex 33 27.5 3.15
    endloop
  endfacet
  facet normal 1 -0 0
    outer loop
      vertex 33 27.5 4.45
      vertex 33 28.7 3.15
      vertex 33 28.7 4.45
    endloop
  endfacet
  facet normal 1 0 0
    outer loop
      vertex 33 28.7 3.15
      vertex 33 27.5 4.45
      vertex 33 27.5 3.15
    endloop
  endfacet
  facet normal 0.0653646 0.997861 -0
    outer loop
      vertex 6.54 6.445 1.2
      vertex 6.43558 6.45184 3.9
      vertex 6.54 6.445 3.9
    endloop
  endfacet
  facet normal 0.0653646 0.997861 0
    outer loop
      vertex 6.43558 6.45184 3.9
      vertex 6.54 6.445 1.2
      vertex 6.43558 6.45184 1.2
    endloop
  endfacet
  facet normal -0.980775 -0.195142 0
    outer loop
      vertex 7.33316 7.34942 1.2
      vertex 7.31274 7.45205 3.9
      vertex 7.31274 7.45205 1.2
    endloop
  endfacet
  facet normal -0.980775 -0.195142 0
    outer loop
      vertex 7.31274 7.45205 3.9
      vertex 7.33316 7.34942 1.2
      vertex 7.33316 7.34942 3.9
    endloop
  endfacet
  facet normal -0.997861 -0.0653646 0
    outer loop
      vertex 7.34 7.245 1.2
      vertex 7.33316 7.34942 3.9
      vertex 7.33316 7.34942 1.2
    endloop
  endfacet
  facet normal -0.997861 -0.0653646 0
    outer loop
      vertex 7.33316 7.34942 3.9
      vertex 7.34 7.245 1.2
      vertex 7.34 7.245 3.9
    endloop
  endfacet
  facet normal -0.94693 -0.32144 0
    outer loop
      vertex 7.31274 7.45205 1.2
      vertex 7.2791 7.55115 3.9
      vertex 7.2791 7.55115 1.2
    endloop
  endfacet
  facet normal -0.94693 -0.32144 0
    outer loop
      vertex 7.2791 7.55115 3.9
      vertex 7.31274 7.45205 1.2
      vertex 7.31274 7.45205 3.9
    endloop
  endfacet
  facet normal -0.831462 -0.555582 0
    outer loop
      vertex 7.23282 7.645 1.2
      vertex 7.17468 7.73201 3.9
      vertex 7.17468 7.73201 1.2
    endloop
  endfacet
  facet normal -0.831462 -0.555582 0
    outer loop
      vertex 7.17468 7.73201 3.9
      vertex 7.23282 7.645 1.2
      vertex 7.23282 7.645 3.9
    endloop
  endfacet
  facet normal -0.896879 0.442276 0
    outer loop
      vertex 7.23282 6.845 1.2
      vertex 7.2791 6.93885 3.9
      vertex 7.2791 6.93885 1.2
    endloop
  endfacet
  facet normal -0.896879 0.442276 0
    outer loop
      vertex 7.2791 6.93885 3.9
      vertex 7.23282 6.845 1.2
      vertex 7.23282 6.845 3.9
    endloop
  endfacet
  facet normal -0.980779 0.195124 0
    outer loop
      vertex 7.31274 7.03794 1.2
      vertex 7.33316 7.14058 3.9
      vertex 7.33316 7.14058 1.2
    endloop
  endfacet
  facet normal -0.980779 0.195124 0
    outer loop
      vertex 7.33316 7.14058 3.9
      vertex 7.31274 7.03794 1.2
      vertex 7.31274 7.03794 3.9
    endloop
  endfacet
  facet normal -0.195124 0.980779 0
    outer loop
      vertex 6.74706 6.47226 1.2
      vertex 6.64442 6.45184 3.9
      vertex 6.74706 6.47226 3.9
    endloop
  endfacet
  facet normal -0.195124 0.980779 0
    outer loop
      vertex 6.64442 6.45184 3.9
      vertex 6.74706 6.47226 1.2
      vertex 6.64442 6.45184 1.2
    endloop
  endfacet
  facet normal 0.321469 0.94692 -0
    outer loop
      vertex 6.33294 6.47226 1.2
      vertex 6.23385 6.5059 3.9
      vertex 6.33294 6.47226 3.9
    endloop
  endfacet
  facet normal 0.321469 0.94692 0
    outer loop
      vertex 6.23385 6.5059 3.9
      vertex 6.33294 6.47226 1.2
      vertex 6.23385 6.5059 1.2
    endloop
  endfacet
  facet normal 0.94693 -0.32144 0
    outer loop
      vertex 5.76726 7.45205 3.9
      vertex 5.8009 7.55115 1.2
      vertex 5.8009 7.55115 3.9
    endloop
  endfacet
  facet normal 0.94693 -0.32144 0
    outer loop
      vertex 5.8009 7.55115 1.2
      vertex 5.76726 7.45205 3.9
      vertex 5.76726 7.45205 1.2
    endloop
  endfacet
  facet normal -0.321469 -0.94692 0
    outer loop
      vertex 6.74706 8.01774 1.2
      vertex 6.84615 7.9841 3.9
      vertex 6.74706 8.01774 3.9
    endloop
  endfacet
  facet normal -0.321469 -0.94692 -0
    outer loop
      vertex 6.84615 7.9841 3.9
      vertex 6.74706 8.01774 1.2
      vertex 6.84615 7.9841 1.2
    endloop
  endfacet
  facet normal -0.94692 0.321469 0
    outer loop
      vertex 7.2791 6.93885 1.2
      vertex 7.31274 7.03794 3.9
      vertex 7.31274 7.03794 1.2
    endloop
  endfacet
  facet normal -0.94692 0.321469 0
    outer loop
      vertex 7.31274 7.03794 3.9
      vertex 7.2791 6.93885 1.2
      vertex 7.2791 6.93885 3.9
    endloop
  endfacet
  facet normal -0.442276 0.896879 0
    outer loop
      vertex 6.94 6.55218 1.2
      vertex 6.84615 6.5059 3.9
      vertex 6.94 6.55218 3.9
    endloop
  endfacet
  facet normal -0.442276 0.896879 0
    outer loop
      vertex 6.84615 6.5059 3.9
      vertex 6.94 6.55218 1.2
      vertex 6.84615 6.5059 1.2
    endloop
  endfacet
  facet normal 0.659289 -0.75189 0
    outer loop
      vertex 5.97431 7.81069 1.2
      vertex 6.05299 7.87968 3.9
      vertex 5.97431 7.81069 3.9
    endloop
  endfacet
  facet normal 0.659289 -0.75189 0
    outer loop
      vertex 6.05299 7.87968 3.9
      vertex 5.97431 7.81069 1.2
      vertex 6.05299 7.87968 1.2
    endloop
  endfacet
  facet normal -0.896879 -0.442276 0
    outer loop
      vertex 7.2791 7.55115 1.2
      vertex 7.23282 7.645 3.9
      vertex 7.23282 7.645 1.2
    endloop
  endfacet
  facet normal -0.896879 -0.442276 0
    outer loop
      vertex 7.23282 7.645 3.9
      vertex 7.2791 7.55115 1.2
      vertex 7.2791 7.55115 3.9
    endloop
  endfacet
  facet normal -0.831462 0.555582 0
    outer loop
      vertex 7.17468 6.75799 1.2
      vertex 7.23282 6.845 3.9
      vertex 7.23282 6.845 1.2
    endloop
  endfacet
  facet normal -0.831462 0.555582 0
    outer loop
      vertex 7.23282 6.845 3.9
      vertex 7.17468 6.75799 1.2
      vertex 7.17468 6.75799 3.9
    endloop
  endfacet
  facet normal 0.195124 -0.980779 0
    outer loop
      vertex 6.33294 8.01774 1.2
      vertex 6.43558 8.03816 3.9
      vertex 6.33294 8.01774 3.9
    endloop
  endfacet
  facet normal 0.195124 -0.980779 0
    outer loop
      vertex 6.43558 8.03816 3.9
      vertex 6.33294 8.01774 1.2
      vertex 6.43558 8.03816 1.2
    endloop
  endfacet
  facet normal 0.980775 -0.195142 0
    outer loop
      vertex 5.74684 7.34942 3.9
      vertex 5.76726 7.45205 1.2
      vertex 5.76726 7.45205 3.9
    endloop
  endfacet
  facet normal 0.980775 -0.195142 0
    outer loop
      vertex 5.76726 7.45205 1.2
      vertex 5.74684 7.34942 3.9
      vertex 5.74684 7.34942 1.2
    endloop
  endfacet
  facet normal 0.896879 -0.442276 0
    outer loop
      vertex 5.8009 7.55115 3.9
      vertex 5.84718 7.645 1.2
      vertex 5.84718 7.645 3.9
    endloop
  endfacet
  facet normal 0.896879 -0.442276 0
    outer loop
      vertex 5.84718 7.645 1.2
      vertex 5.8009 7.55115 3.9
      vertex 5.8009 7.55115 1.2
    endloop
  endfacet
  facet normal 0.896879 0.442276 0
    outer loop
      vertex 5.84718 6.845 3.9
      vertex 5.8009 6.93885 1.2
      vertex 5.8009 6.93885 3.9
    endloop
  endfacet
  facet normal 0.896879 0.442276 0
    outer loop
      vertex 5.8009 6.93885 1.2
      vertex 5.84718 6.845 3.9
      vertex 5.84718 6.845 1.2
    endloop
  endfacet
  facet normal -0.0653646 0.997861 0
    outer loop
      vertex 6.64442 6.45184 1.2
      vertex 6.54 6.445 3.9
      vertex 6.64442 6.45184 3.9
    endloop
  endfacet
  facet normal -0.0653646 0.997861 0
    outer loop
      vertex 6.54 6.445 3.9
      vertex 6.64442 6.45184 1.2
      vertex 6.54 6.445 1.2
    endloop
  endfacet
  facet normal -0.442276 -0.896879 0
    outer loop
      vertex 6.84615 7.9841 1.2
      vertex 6.94 7.93782 3.9
      vertex 6.84615 7.9841 3.9
    endloop
  endfacet
  facet normal -0.442276 -0.896879 -0
    outer loop
      vertex 6.94 7.93782 3.9
      vertex 6.84615 7.9841 1.2
      vertex 6.94 7.93782 1.2
    endloop
  endfacet
  facet normal 0.659289 0.75189 -0
    outer loop
      vertex 6.05299 6.61032 1.2
      vertex 5.97431 6.67931 3.9
      vertex 6.05299 6.61032 3.9
    endloop
  endfacet
  facet normal 0.659289 0.75189 0
    outer loop
      vertex 5.97431 6.67931 3.9
      vertex 6.05299 6.61032 1.2
      vertex 5.97431 6.67931 1.2
    endloop
  endfacet
  facet normal 0.555582 -0.831462 0
    outer loop
      vertex 6.05299 7.87968 1.2
      vertex 6.14 7.93782 3.9
      vertex 6.05299 7.87968 3.9
    endloop
  endfacet
  facet normal 0.555582 -0.831462 0
    outer loop
      vertex 6.14 7.93782 3.9
      vertex 6.05299 7.87968 1.2
      vertex 6.14 7.93782 1.2
    endloop
  endfacet
  facet normal 0.442276 -0.896879 0
    outer loop
      vertex 6.14 7.93782 1.2
      vertex 6.23385 7.9841 3.9
      vertex 6.14 7.93782 3.9
    endloop
  endfacet
  facet normal 0.442276 -0.896879 0
    outer loop
      vertex 6.23385 7.9841 3.9
      vertex 6.14 7.93782 1.2
      vertex 6.23385 7.9841 1.2
    endloop
  endfacet
  facet normal 0.442276 0.896879 -0
    outer loop
      vertex 6.23385 6.5059 1.2
      vertex 6.14 6.55218 3.9
      vertex 6.23385 6.5059 3.9
    endloop
  endfacet
  facet normal 0.442276 0.896879 0
    outer loop
      vertex 6.14 6.55218 3.9
      vertex 6.23385 6.5059 1.2
      vertex 6.14 6.55218 1.2
    endloop
  endfacet
  facet normal -0.195124 -0.980779 0
    outer loop
      vertex 6.64442 8.03816 1.2
      vertex 6.74706 8.01774 3.9
      vertex 6.64442 8.03816 3.9
    endloop
  endfacet
  facet normal -0.195124 -0.980779 -0
    outer loop
      vertex 6.74706 8.01774 3.9
      vertex 6.64442 8.03816 1.2
      vertex 6.74706 8.01774 1.2
    endloop
  endfacet
  facet normal 0.75189 -0.659289 0
    outer loop
      vertex 5.90532 7.73201 3.9
      vertex 5.97431 7.81069 1.2
      vertex 5.97431 7.81069 3.9
    endloop
  endfacet
  facet normal 0.75189 -0.659289 0
    outer loop
      vertex 5.97431 7.81069 1.2
      vertex 5.90532 7.73201 3.9
      vertex 5.90532 7.73201 1.2
    endloop
  endfacet
  facet normal -0.997861 0.0653646 0
    outer loop
      vertex 7.33316 7.14058 1.2
      vertex 7.34 7.245 3.9
      vertex 7.34 7.245 1.2
    endloop
  endfacet
  facet normal -0.997861 0.0653646 0
    outer loop
      vertex 7.34 7.245 3.9
      vertex 7.33316 7.14058 1.2
      vertex 7.33316 7.14058 3.9
    endloop
  endfacet
  facet normal -0.555582 0.831462 0
    outer loop
      vertex 7.02701 6.61032 1.2
      vertex 6.94 6.55218 3.9
      vertex 7.02701 6.61032 3.9
    endloop
  endfacet
  facet normal -0.555582 0.831462 0
    outer loop
      vertex 6.94 6.55218 3.9
      vertex 7.02701 6.61032 1.2
      vertex 6.94 6.55218 1.2
    endloop
  endfacet
  facet normal -0.75189 0.659289 0
    outer loop
      vertex 7.10569 6.67931 1.2
      vertex 7.17468 6.75799 3.9
      vertex 7.17468 6.75799 1.2
    endloop
  endfacet
  facet normal -0.75189 0.659289 0
    outer loop
      vertex 7.17468 6.75799 3.9
      vertex 7.10569 6.67931 1.2
      vertex 7.10569 6.67931 3.9
    endloop
  endfacet
  facet normal 0.94692 0.321469 0
    outer loop
      vertex 5.8009 6.93885 3.9
      vertex 5.76726 7.03794 1.2
      vertex 5.76726 7.03794 3.9
    endloop
  endfacet
  facet normal 0.94692 0.321469 0
    outer loop
      vertex 5.76726 7.03794 1.2
      vertex 5.8009 6.93885 3.9
      vertex 5.8009 6.93885 1.2
    endloop
  endfacet
  facet normal 0 0 1
    outer loop
      vertex 7.33316 7.34942 1.2
      vertex 7.33316 7.14058 1.2
      vertex 7.34 7.245 1.2
    endloop
  endfacet
  facet normal 0 0 1
    outer loop
      vertex 7.31274 7.45205 1.2
      vertex 7.33316 7.14058 1.2
      vertex 7.33316 7.34942 1.2
    endloop
  endfacet
  facet normal 0 0 1
    outer loop
      vertex 7.31274 7.45205 1.2
      vertex 7.31274 7.03794 1.2
      vertex 7.33316 7.14058 1.2
    endloop
  endfacet
  facet normal 0 0 1
    outer loop
      vertex 7.2791 7.55115 1.2
      vertex 7.31274 7.03794 1.2
      vertex 7.31274 7.45205 1.2
    endloop
  endfacet
  facet normal 0 0 1
    outer loop
      vertex 7.2791 7.55115 1.2
      vertex 7.2791 6.93885 1.2
      vertex 7.31274 7.03794 1.2
    endloop
  endfacet
  facet normal 0 0 1
    outer loop
      vertex 7.23282 7.645 1.2
      vertex 7.2791 6.93885 1.2
      vertex 7.2791 7.55115 1.2
    endloop
  endfacet
  facet normal 0 0 1
    outer loop
      vertex 7.23282 7.645 1.2
      vertex 7.23282 6.845 1.2
      vertex 7.2791 6.93885 1.2
    endloop
  endfacet
  facet normal 0 0 1
    outer loop
      vertex 7.17468 7.73201 1.2
      vertex 7.23282 6.845 1.2
      vertex 7.23282 7.645 1.2
    endloop
  endfacet
  facet normal 0 0 1
    outer loop
      vertex 7.17468 7.73201 1.2
      vertex 7.17468 6.75799 1.2
      vertex 7.23282 6.845 1.2
    endloop
  endfacet
  facet normal 0 0 1
    outer loop
      vertex 7.10569 7.81069 1.2
      vertex 7.17468 6.75799 1.2
      vertex 7.17468 7.73201 1.2
    endloop
  endfacet
  facet normal 0 0 1
    outer loop
      vertex 7.10569 7.81069 1.2
      vertex 7.10569 6.67931 1.2
      vertex 7.17468 6.75799 1.2
    endloop
  endfacet
  facet normal 0 0 1
    outer loop
      vertex 7.02701 7.87968 1.2
      vertex 7.10569 6.67931 1.2
      vertex 7.10569 7.81069 1.2
    endloop
  endfacet
  facet normal 0 0 1
    outer loop
      vertex 7.02701 7.87968 1.2
      vertex 7.02701 6.61032 1.2
      vertex 7.10569 6.67931 1.2
    endloop
  endfacet
  facet normal 0 0 1
    outer loop
      vertex 6.94 7.93782 1.2
      vertex 7.02701 6.61032 1.2
      vertex 7.02701 7.87968 1.2
    endloop
  endfacet
  facet normal 0 0 1
    outer loop
      vertex 6.94 7.93782 1.2
      vertex 6.94 6.55218 1.2
      vertex 7.02701 6.61032 1.2
    endloop
  endfacet
  facet normal 0 0 1
    outer loop
      vertex 6.84615 7.9841 1.2
      vertex 6.94 6.55218 1.2
      vertex 6.94 7.93782 1.2
    endloop
  endfacet
  facet normal 0 0 1
    outer loop
      vertex 6.84615 7.9841 1.2
      vertex 6.84615 6.5059 1.2
      vertex 6.94 6.55218 1.2
    endloop
  endfacet
  facet normal 0 0 1
    outer loop
      vertex 6.74706 8.01774 1.2
      vertex 6.84615 6.5059 1.2
      vertex 6.84615 7.9841 1.2
    endloop
  endfacet
  facet normal 0 0 1
    outer loop
      vertex 6.74706 8.01774 1.2
      vertex 6.74706 6.47226 1.2
      vertex 6.84615 6.5059 1.2
    endloop
  endfacet
  facet normal 0 0 1
    outer loop
      vertex 6.64442 8.03816 1.2
      vertex 6.74706 6.47226 1.2
      vertex 6.74706 8.01774 1.2
    endloop
  endfacet
  facet normal 0 0 1
    outer loop
      vertex 6.64442 8.03816 1.2
      vertex 6.64442 6.45184 1.2
      vertex 6.74706 6.47226 1.2
    endloop
  endfacet
  facet normal 0 0 1
    outer loop
      vertex 6.54 8.045 1.2
      vertex 6.64442 6.45184 1.2
      vertex 6.64442 8.03816 1.2
    endloop
  endfacet
  facet normal 0 0 1
    outer loop
      vertex 6.54 8.045 1.2
      vertex 6.54 6.445 1.2
      vertex 6.64442 6.45184 1.2
    endloop
  endfacet
  facet normal -0 0 1
    outer loop
      vertex 6.43558 8.03816 1.2
      vertex 6.54 6.445 1.2
      vertex 6.54 8.045 1.2
    endloop
  endfacet
  facet normal 0 0 1
    outer loop
      vertex 6.43558 8.03816 1.2
      vertex 6.43558 6.45184 1.2
      vertex 6.54 6.445 1.2
    endloop
  endfacet
  facet normal -0 0 1
    outer loop
      vertex 6.33294 8.01774 1.2
      vertex 6.43558 6.45184 1.2
      vertex 6.43558 8.03816 1.2
    endloop
  endfacet
  facet normal 0 0 1
    outer loop
      vertex 6.33294 8.01774 1.2
      vertex 6.33294 6.47226 1.2
      vertex 6.43558 6.45184 1.2
    endloop
  endfacet
  facet normal -0 0 1
    outer loop
      vertex 6.23385 7.9841 1.2
      vertex 6.33294 6.47226 1.2
      vertex 6.33294 8.01774 1.2
    endloop
  endfacet
  facet normal 0 0 1
    outer loop
      vertex 6.23385 7.9841 1.2
      vertex 6.23385 6.5059 1.2
      vertex 6.33294 6.47226 1.2
    endloop
  endfacet
  facet normal -0 0 1
    outer loop
      vertex 6.14 7.93782 1.2
      vertex 6.23385 6.5059 1.2
      vertex 6.23385 7.9841 1.2
    endloop
  endfacet
  facet normal 0 0 1
    outer loop
      vertex 6.14 7.93782 1.2
      vertex 6.14 6.55218 1.2
      vertex 6.23385 6.5059 1.2
    endloop
  endfacet
  facet normal -0 0 1
    outer loop
      vertex 6.05299 7.87968 1.2
      vertex 6.14 6.55218 1.2
      vertex 6.14 7.93782 1.2
    endloop
  endfacet
  facet normal 0 0 1
    outer loop
      vertex 6.05299 7.87968 1.2
      vertex 6.05299 6.61032 1.2
      vertex 6.14 6.55218 1.2
    endloop
  endfacet
  facet normal -0 0 1
    outer loop
      vertex 5.97431 7.81069 1.2
      vertex 6.05299 6.61032 1.2
      vertex 6.05299 7.87968 1.2
    endloop
  endfacet
  facet normal 0 0 1
    outer loop
      vertex 5.97431 7.81069 1.2
      vertex 5.97431 6.67931 1.2
      vertex 6.05299 6.61032 1.2
    endloop
  endfacet
  facet normal -0 0 1
    outer loop
      vertex 5.90532 7.73201 1.2
      vertex 5.97431 6.67931 1.2
      vertex 5.97431 7.81069 1.2
    endloop
  endfacet
  facet normal 0 0 1
    outer loop
      vertex 5.90532 7.73201 1.2
      vertex 5.90532 6.75799 1.2
      vertex 5.97431 6.67931 1.2
    endloop
  endfacet
  facet normal -0 0 1
    outer loop
      vertex 5.84718 7.645 1.2
      vertex 5.90532 6.75799 1.2
      vertex 5.90532 7.73201 1.2
    endloop
  endfacet
  facet normal 0 0 1
    outer loop
      vertex 5.84718 7.645 1.2
      vertex 5.84718 6.845 1.2
      vertex 5.90532 6.75799 1.2
    endloop
  endfacet
  facet normal -0 0 1
    outer loop
      vertex 5.8009 7.55115 1.2
      vertex 5.84718 6.845 1.2
      vertex 5.84718 7.645 1.2
    endloop
  endfacet
  facet normal 0 0 1
    outer loop
      vertex 5.8009 7.55115 1.2
      vertex 5.8009 6.93885 1.2
      vertex 5.84718 6.845 1.2
    endloop
  endfacet
  facet normal -0 0 1
    outer loop
      vertex 5.76726 7.45205 1.2
      vertex 5.8009 6.93885 1.2
      vertex 5.8009 7.55115 1.2
    endloop
  endfacet
  facet normal 0 0 1
    outer loop
      vertex 5.76726 7.45205 1.2
      vertex 5.76726 7.03794 1.2
      vertex 5.8009 6.93885 1.2
    endloop
  endfacet
  facet normal -0 0 1
    outer loop
      vertex 5.74684 7.34942 1.2
      vertex 5.76726 7.03794 1.2
      vertex 5.76726 7.45205 1.2
    endloop
  endfacet
  facet normal 0 0 1
    outer loop
      vertex 5.74684 7.34942 1.2
      vertex 5.74684 7.14058 1.2
      vertex 5.76726 7.03794 1.2
    endloop
  endfacet
  facet normal 0 -0 1
    outer loop
      vertex 5.74684 7.14058 1.2
      vertex 5.74684 7.34942 1.2
      vertex 5.74 7.245 1.2
    endloop
  endfacet
  facet normal 0.997861 0.0653646 0
    outer loop
      vertex 5.74684 7.14058 3.9
      vertex 5.74 7.245 1.2
      vertex 5.74 7.245 3.9
    endloop
  endfacet
  facet normal 0.997861 0.0653646 0
    outer loop
      vertex 5.74 7.245 1.2
      vertex 5.74684 7.14058 3.9
      vertex 5.74684 7.14058 1.2
    endloop
  endfacet
  facet normal -0.321469 0.94692 0
    outer loop
      vertex 6.84615 6.5059 1.2
      vertex 6.74706 6.47226 3.9
      vertex 6.84615 6.5059 3.9
    endloop
  endfacet
  facet normal -0.321469 0.94692 0
    outer loop
      vertex 6.74706 6.47226 3.9
      vertex 6.84615 6.5059 1.2
      vertex 6.74706 6.47226 1.2
    endloop
  endfacet
  facet normal -0.659289 -0.75189 0
    outer loop
      vertex 7.02701 7.87968 1.2
      vertex 7.10569 7.81069 3.9
      vertex 7.02701 7.87968 3.9
    endloop
  endfacet
  facet normal -0.659289 -0.75189 -0
    outer loop
      vertex 7.10569 7.81069 3.9
      vertex 7.02701 7.87968 1.2
      vertex 7.10569 7.81069 1.2
    endloop
  endfacet
  facet normal 0.555582 0.831462 -0
    outer loop
      vertex 6.14 6.55218 1.2
      vertex 6.05299 6.61032 3.9
      vertex 6.14 6.55218 3.9
    endloop
  endfacet
  facet normal 0.555582 0.831462 0
    outer loop
      vertex 6.05299 6.61032 3.9
      vertex 6.14 6.55218 1.2
      vertex 6.05299 6.61032 1.2
    endloop
  endfacet
  facet normal 0.0653646 -0.997861 0
    outer loop
      vertex 6.43558 8.03816 1.2
      vertex 6.54 8.045 3.9
      vertex 6.43558 8.03816 3.9
    endloop
  endfacet
  facet normal 0.0653646 -0.997861 0
    outer loop
      vertex 6.54 8.045 3.9
      vertex 6.43558 8.03816 1.2
      vertex 6.54 8.045 1.2
    endloop
  endfacet
  facet normal -0.555582 -0.831462 0
    outer loop
      vertex 6.94 7.93782 1.2
      vertex 7.02701 7.87968 3.9
      vertex 6.94 7.93782 3.9
    endloop
  endfacet
  facet normal -0.555582 -0.831462 -0
    outer loop
      vertex 7.02701 7.87968 3.9
      vertex 6.94 7.93782 1.2
      vertex 7.02701 7.87968 1.2
    endloop
  endfacet
  facet normal 0.321469 -0.94692 0
    outer loop
      vertex 6.23385 7.9841 1.2
      vertex 6.33294 8.01774 3.9
      vertex 6.23385 7.9841 3.9
    endloop
  endfacet
  facet normal 0.321469 -0.94692 0
    outer loop
      vertex 6.33294 8.01774 3.9
      vertex 6.23385 7.9841 1.2
      vertex 6.33294 8.01774 1.2
    endloop
  endfacet
  facet normal 0.980779 0.195124 0
    outer loop
      vertex 5.76726 7.03794 3.9
      vertex 5.74684 7.14058 1.2
      vertex 5.74684 7.14058 3.9
    endloop
  endfacet
  facet normal 0.980779 0.195124 0
    outer loop
      vertex 5.74684 7.14058 1.2
      vertex 5.76726 7.03794 3.9
      vertex 5.76726 7.03794 1.2
    endloop
  endfacet
  facet normal -0.0653646 -0.997861 0
    outer loop
      vertex 6.54 8.045 1.2
      vertex 6.64442 8.03816 3.9
      vertex 6.54 8.045 3.9
    endloop
  endfacet
  facet normal -0.0653646 -0.997861 -0
    outer loop
      vertex 6.64442 8.03816 3.9
      vertex 6.54 8.045 1.2
      vertex 6.64442 8.03816 1.2
    endloop
  endfacet
  facet normal -0.659289 0.75189 0
    outer loop
      vertex 7.10569 6.67931 1.2
      vertex 7.02701 6.61032 3.9
      vertex 7.10569 6.67931 3.9
    endloop
  endfacet
  facet normal -0.659289 0.75189 0
    outer loop
      vertex 7.02701 6.61032 3.9
      vertex 7.10569 6.67931 1.2
      vertex 7.02701 6.61032 1.2
    endloop
  endfacet
  facet normal 0.195124 0.980779 -0
    outer loop
      vertex 6.43558 6.45184 1.2
      vertex 6.33294 6.47226 3.9
      vertex 6.43558 6.45184 3.9
    endloop
  endfacet
  facet normal 0.195124 0.980779 0
    outer loop
      vertex 6.33294 6.47226 3.9
      vertex 6.43558 6.45184 1.2
      vertex 6.33294 6.47226 1.2
    endloop
  endfacet
  facet normal -0.75189 -0.659289 0
    outer loop
      vertex 7.17468 7.73201 1.2
      vertex 7.10569 7.81069 3.9
      vertex 7.10569 7.81069 1.2
    endloop
  endfacet
  facet normal -0.75189 -0.659289 0
    outer loop
      vertex 7.10569 7.81069 3.9
      vertex 7.17468 7.73201 1.2
      vertex 7.17468 7.73201 3.9
    endloop
  endfacet
  facet normal 0.997861 -0.0653646 0
    outer loop
      vertex 5.74 7.245 3.9
      vertex 5.74684 7.34942 1.2
      vertex 5.74684 7.34942 3.9
    endloop
  endfacet
  facet normal 0.997861 -0.0653646 0
    outer loop
      vertex 5.74684 7.34942 1.2
      vertex 5.74 7.245 3.9
      vertex 5.74 7.245 1.2
    endloop
  endfacet
  facet normal 0.75189 0.659289 0
    outer loop
      vertex 5.97431 6.67931 3.9
      vertex 5.90532 6.75799 1.2
      vertex 5.90532 6.75799 3.9
    endloop
  endfacet
  facet normal 0.75189 0.659289 0
    outer loop
      vertex 5.90532 6.75799 1.2
      vertex 5.97431 6.67931 3.9
      vertex 5.97431 6.67931 1.2
    endloop
  endfacet
  facet normal 0.831462 0.555582 0
    outer loop
      vertex 5.90532 6.75799 3.9
      vertex 5.84718 6.845 1.2
      vertex 5.84718 6.845 3.9
    endloop
  endfacet
  facet normal 0.831462 0.555582 0
    outer loop
      vertex 5.84718 6.845 1.2
      vertex 5.90532 6.75799 3.9
      vertex 5.90532 6.75799 1.2
    endloop
  endfacet
  facet normal 0.831462 -0.555582 0
    outer loop
      vertex 5.84718 7.645 3.9
      vertex 5.90532 7.73201 1.2
      vertex 5.90532 7.73201 3.9
    endloop
  endfacet
  facet normal 0.831462 -0.555582 0
    outer loop
      vertex 5.90532 7.73201 1.2
      vertex 5.84718 7.645 3.9
      vertex 5.84718 7.645 1.2
    endloop
  endfacet
  facet normal -0.9808 -0.195014 0
    outer loop
      vertex 7.33316 23.8594 1.2
      vertex 7.31274 23.9621 3.9
      vertex 7.31274 23.9621 1.2
    endloop
  endfacet
  facet normal -0.9808 -0.195014 0
    outer loop
      vertex 7.31274 23.9621 3.9
      vertex 7.33316 23.8594 1.2
      vertex 7.33316 23.8594 3.9
    endloop
  endfacet
  facet normal -0.997861 -0.0653771 0
    outer loop
      vertex 7.34 23.755 1.2
      vertex 7.33316 23.8594 3.9
      vertex 7.33316 23.8594 1.2
    endloop
  endfacet
  facet normal -0.997861 -0.0653771 0
    outer loop
      vertex 7.33316 23.8594 3.9
      vertex 7.34 23.755 1.2
      vertex 7.34 23.755 3.9
    endloop
  endfacet
  facet normal -0.946831 -0.321731 0
    outer loop
      vertex 7.31274 23.9621 1.2
      vertex 7.2791 24.0611 3.9
      vertex 7.2791 24.0611 1.2
    endloop
  endfacet
  facet normal -0.946831 -0.321731 0
    outer loop
      vertex 7.2791 24.0611 3.9
      vertex 7.31274 23.9621 1.2
      vertex 7.31274 23.9621 3.9
    endloop
  endfacet
  facet normal -0.321126 -0.947036 0
    outer loop
      vertex 6.74706 24.5277 1.2
      vertex 6.84615 24.4941 3.9
      vertex 6.74706 24.5277 3.9
    endloop
  endfacet
  facet normal -0.321126 -0.947036 -0
    outer loop
      vertex 6.84615 24.4941 3.9
      vertex 6.74706 24.5277 1.2
      vertex 6.84615 24.4941 1.2
    endloop
  endfacet
  facet normal 0.946831 0.321731 0
    outer loop
      vertex 5.8009 23.4489 3.9
      vertex 5.76726 23.5479 1.2
      vertex 5.76726 23.5479 3.9
    endloop
  endfacet
  facet normal 0.946831 0.321731 0
    outer loop
      vertex 5.76726 23.5479 1.2
      vertex 5.8009 23.4489 3.9
      vertex 5.8009 23.4489 1.2
    endloop
  endfacet
  facet normal -0.195859 0.980632 0
    outer loop
      vertex 6.74706 22.9823 1.2
      vertex 6.64442 22.9618 3.9
      vertex 6.74706 22.9823 3.9
    endloop
  endfacet
  facet normal -0.195859 0.980632 0
    outer loop
      vertex 6.64442 22.9618 3.9
      vertex 6.74706 22.9823 1.2
      vertex 6.64442 22.9618 1.2
    endloop
  endfacet
  facet normal -0.064984 -0.997886 0
    outer loop
      vertex 6.54 24.555 1.2
      vertex 6.64442 24.5482 3.9
      vertex 6.54 24.555 3.9
    endloop
  endfacet
  facet normal -0.064984 -0.997886 -0
    outer loop
      vertex 6.64442 24.5482 3.9
      vertex 6.54 24.555 1.2
      vertex 6.64442 24.5482 1.2
    endloop
  endfacet
  facet normal -0.896973 -0.442086 0
    outer loop
      vertex 7.2791 24.0611 1.2
      vertex 7.23282 24.155 3.9
      vertex 7.23282 24.155 1.2
    endloop
  endfacet
  facet normal -0.896973 -0.442086 0
    outer loop
      vertex 7.23282 24.155 3.9
      vertex 7.2791 24.0611 1.2
      vertex 7.2791 24.0611 3.9
    endloop
  endfacet
  facet normal 0.195859 -0.980632 0
    outer loop
      vertex 6.33294 24.5277 1.2
      vertex 6.43558 24.5482 3.9
      vertex 6.33294 24.5277 3.9
    endloop
  endfacet
  facet normal 0.195859 -0.980632 0
    outer loop
      vertex 6.43558 24.5482 3.9
      vertex 6.33294 24.5277 1.2
      vertex 6.43558 24.5482 1.2
    endloop
  endfacet
  facet normal -0.442429 0.896803 0
    outer loop
      vertex 6.94 23.0622 1.2
      vertex 6.84615 23.0159 3.9
      vertex 6.94 23.0622 3.9
    endloop
  endfacet
  facet normal -0.442429 0.896803 0
    outer loop
      vertex 6.84615 23.0159 3.9
      vertex 6.94 23.0622 1.2
      vertex 6.84615 23.0159 1.2
    endloop
  endfacet
  facet normal -0.946831 0.321731 0
    outer loop
      vertex 7.2791 23.4489 1.2
      vertex 7.31274 23.5479 3.9
      vertex 7.31274 23.5479 1.2
    endloop
  endfacet
  facet normal -0.946831 0.321731 0
    outer loop
      vertex 7.31274 23.5479 3.9
      vertex 7.2791 23.4489 1.2
      vertex 7.2791 23.4489 3.9
    endloop
  endfacet
  facet normal 0.896973 0.442086 0
    outer loop
      vertex 5.84718 23.355 3.9
      vertex 5.8009 23.4489 1.2
      vertex 5.8009 23.4489 3.9
    endloop
  endfacet
  facet normal 0.896973 0.442086 0
    outer loop
      vertex 5.8009 23.4489 1.2
      vertex 5.84718 23.355 3.9
      vertex 5.84718 23.355 1.2
    endloop
  endfacet
  facet normal -0.555318 0.831638 0
    outer loop
      vertex 7.02701 23.1203 1.2
      vertex 6.94 23.0622 3.9
      vertex 7.02701 23.1203 3.9
    endloop
  endfacet
  facet normal -0.555318 0.831638 0
    outer loop
      vertex 6.94 23.0622 3.9
      vertex 7.02701 23.1203 1.2
      vertex 6.94 23.0622 1.2
    endloop
  endfacet
  facet normal 0.321126 -0.947036 0
    outer loop
      vertex 6.23385 24.4941 1.2
      vertex 6.33294 24.5277 3.9
      vertex 6.23385 24.4941 3.9
    endloop
  endfacet
  facet normal 0.321126 -0.947036 0
    outer loop
      vertex 6.33294 24.5277 3.9
      vertex 6.23385 24.4941 1.2
      vertex 6.33294 24.5277 1.2
    endloop
  endfacet
  facet normal -0.555318 -0.831638 0
    outer loop
      vertex 6.94 24.4478 1.2
      vertex 7.02701 24.3897 3.9
      vertex 6.94 24.4478 3.9
    endloop
  endfacet
  facet normal -0.555318 -0.831638 -0
    outer loop
      vertex 7.02701 24.3897 3.9
      vertex 6.94 24.4478 1.2
      vertex 7.02701 24.3897 1.2
    endloop
  endfacet
  facet normal 0.195859 0.980632 -0
    outer loop
      vertex 6.43558 22.9618 1.2
      vertex 6.33294 22.9823 3.9
      vertex 6.43558 22.9618 3.9
    endloop
  endfacet
  facet normal 0.195859 0.980632 0
    outer loop
      vertex 6.33294 22.9823 3.9
      vertex 6.43558 22.9618 1.2
      vertex 6.33294 22.9823 1.2
    endloop
  endfacet
  facet normal -0.321126 0.947036 0
    outer loop
      vertex 6.84615 23.0159 1.2
      vertex 6.74706 22.9823 3.9
      vertex 6.84615 23.0159 3.9
    endloop
  endfacet
  facet normal -0.321126 0.947036 0
    outer loop
      vertex 6.74706 22.9823 3.9
      vertex 6.84615 23.0159 1.2
      vertex 6.74706 22.9823 1.2
    endloop
  endfacet
  facet normal 0.831432 -0.555626 0
    outer loop
      vertex 5.84718 24.155 3.9
      vertex 5.90532 24.242 1.2
      vertex 5.90532 24.242 3.9
    endloop
  endfacet
  facet normal 0.831432 -0.555626 0
    outer loop
      vertex 5.90532 24.242 1.2
      vertex 5.84718 24.155 3.9
      vertex 5.84718 24.155 1.2
    endloop
  endfacet
  facet normal -0.831432 -0.555626 0
    outer loop
      vertex 7.23282 24.155 1.2
      vertex 7.17468 24.242 3.9
      vertex 7.17468 24.242 1.2
    endloop
  endfacet
  facet normal -0.831432 -0.555626 0
    outer loop
      vertex 7.17468 24.242 3.9
      vertex 7.23282 24.155 1.2
      vertex 7.23282 24.155 3.9
    endloop
  endfacet
  facet normal -0.751973 -0.659194 0
    outer loop
      vertex 7.17468 24.242 1.2
      vertex 7.10569 24.3207 3.9
      vertex 7.10569 24.3207 1.2
    endloop
  endfacet
  facet normal -0.751973 -0.659194 0
    outer loop
      vertex 7.10569 24.3207 3.9
      vertex 7.17468 24.242 1.2
      vertex 7.17468 24.242 3.9
    endloop
  endfacet
  facet normal -0.659343 -0.751842 0
    outer loop
      vertex 7.02701 24.3897 1.2
      vertex 7.10569 24.3207 3.9
      vertex 7.02701 24.3897 3.9
    endloop
  endfacet
  facet normal -0.659343 -0.751842 -0
    outer loop
      vertex 7.10569 24.3207 3.9
      vertex 7.02701 24.3897 1.2
      vertex 7.10569 24.3207 1.2
    endloop
  endfacet
  facet normal 0.442429 -0.896803 0
    outer loop
      vertex 6.14 24.4478 1.2
      vertex 6.23385 24.4941 3.9
      vertex 6.14 24.4478 3.9
    endloop
  endfacet
  facet normal 0.442429 -0.896803 0
    outer loop
      vertex 6.23385 24.4941 3.9
      vertex 6.14 24.4478 1.2
      vertex 6.23385 24.4941 1.2
    endloop
  endfacet
  facet normal -0.9808 0.195014 0
    outer loop
      vertex 7.31274 23.5479 1.2
      vertex 7.33316 23.6506 3.9
      vertex 7.33316 23.6506 1.2
    endloop
  endfacet
  facet normal -0.9808 0.195014 0
    outer loop
      vertex 7.33316 23.6506 3.9
      vertex 7.31274 23.5479 1.2
      vertex 7.31274 23.5479 3.9
    endloop
  endfacet
  facet normal -0.997861 0.0653771 0
    outer loop
      vertex 7.33316 23.6506 1.2
      vertex 7.34 23.755 3.9
      vertex 7.34 23.755 1.2
    endloop
  endfacet
  facet normal -0.997861 0.0653771 0
    outer loop
      vertex 7.34 23.755 3.9
      vertex 7.33316 23.6506 1.2
      vertex 7.33316 23.6506 3.9
    endloop
  endfacet
  facet normal 0.751973 -0.659194 0
    outer loop
      vertex 5.90532 24.242 3.9
      vertex 5.97431 24.3207 1.2
      vertex 5.97431 24.3207 3.9
    endloop
  endfacet
  facet normal 0.751973 -0.659194 0
    outer loop
      vertex 5.97431 24.3207 1.2
      vertex 5.90532 24.242 3.9
      vertex 5.90532 24.242 1.2
    endloop
  endfacet
  facet normal 0.321126 0.947036 -0
    outer loop
      vertex 6.33294 22.9823 1.2
      vertex 6.23385 23.0159 3.9
      vertex 6.33294 22.9823 3.9
    endloop
  endfacet
  facet normal 0.321126 0.947036 0
    outer loop
      vertex 6.23385 23.0159 3.9
      vertex 6.33294 22.9823 1.2
      vertex 6.23385 23.0159 1.2
    endloop
  endfacet
  facet normal -0.442429 -0.896803 0
    outer loop
      vertex 6.84615 24.4941 1.2
      vertex 6.94 24.4478 3.9
      vertex 6.84615 24.4941 3.9
    endloop
  endfacet
  facet normal -0.442429 -0.896803 -0
    outer loop
      vertex 6.94 24.4478 3.9
      vertex 6.84615 24.4941 1.2
      vertex 6.94 24.4478 1.2
    endloop
  endfacet
  facet normal 0.064984 0.997886 -0
    outer loop
      vertex 6.54 22.955 1.2
      vertex 6.43558 22.9618 3.9
      vertex 6.54 22.955 3.9
    endloop
  endfacet
  facet normal 0.064984 0.997886 0
    outer loop
      vertex 6.43558 22.9618 3.9
      vertex 6.54 22.955 1.2
      vertex 6.43558 22.9618 1.2
    endloop
  endfacet
  facet normal -0.064984 0.997886 0
    outer loop
      vertex 6.64442 22.9618 1.2
      vertex 6.54 22.955 3.9
      vertex 6.64442 22.9618 3.9
    endloop
  endfacet
  facet normal -0.064984 0.997886 0
    outer loop
      vertex 6.54 22.955 3.9
      vertex 6.64442 22.9618 1.2
      vertex 6.54 22.955 1.2
    endloop
  endfacet
  facet normal 0.946831 -0.321731 0
    outer loop
      vertex 5.76726 23.9621 3.9
      vertex 5.8009 24.0611 1.2
      vertex 5.8009 24.0611 3.9
    endloop
  endfacet
  facet normal 0.946831 -0.321731 0
    outer loop
      vertex 5.8009 24.0611 1.2
      vertex 5.76726 23.9621 3.9
      vertex 5.76726 23.9621 1.2
    endloop
  endfacet
  facet normal 0.064984 -0.997886 0
    outer loop
      vertex 6.43558 24.5482 1.2
      vertex 6.54 24.555 3.9
      vertex 6.43558 24.5482 3.9
    endloop
  endfacet
  facet normal 0.064984 -0.997886 0
    outer loop
      vertex 6.54 24.555 3.9
      vertex 6.43558 24.5482 1.2
      vertex 6.54 24.555 1.2
    endloop
  endfacet
  facet normal 0.9808 0.195014 0
    outer loop
      vertex 5.76726 23.5479 3.9
      vertex 5.74684 23.6506 1.2
      vertex 5.74684 23.6506 3.9
    endloop
  endfacet
  facet normal 0.9808 0.195014 0
    outer loop
      vertex 5.74684 23.6506 1.2
      vertex 5.76726 23.5479 3.9
      vertex 5.76726 23.5479 1.2
    endloop
  endfacet
  facet normal -0.896973 0.442086 0
    outer loop
      vertex 7.23282 23.355 1.2
      vertex 7.2791 23.4489 3.9
      vertex 7.2791 23.4489 1.2
    endloop
  endfacet
  facet normal -0.896973 0.442086 0
    outer loop
      vertex 7.2791 23.4489 3.9
      vertex 7.23282 23.355 1.2
      vertex 7.23282 23.355 3.9
    endloop
  endfacet
  facet normal -0.831432 0.555626 0
    outer loop
      vertex 7.17468 23.268 1.2
      vertex 7.23282 23.355 3.9
      vertex 7.23282 23.355 1.2
    endloop
  endfacet
  facet normal -0.831432 0.555626 0
    outer loop
      vertex 7.23282 23.355 3.9
      vertex 7.17468 23.268 1.2
      vertex 7.17468 23.268 3.9
    endloop
  endfacet
  facet normal -0.751973 0.659194 0
    outer loop
      vertex 7.10569 23.1893 1.2
      vertex 7.17468 23.268 3.9
      vertex 7.17468 23.268 1.2
    endloop
  endfacet
  facet normal -0.751973 0.659194 0
    outer loop
      vertex 7.17468 23.268 3.9
      vertex 7.10569 23.1893 1.2
      vertex 7.10569 23.1893 3.9
    endloop
  endfacet
  facet normal -0.195859 -0.980632 0
    outer loop
      vertex 6.64442 24.5482 1.2
      vertex 6.74706 24.5277 3.9
      vertex 6.64442 24.5482 3.9
    endloop
  endfacet
  facet normal -0.195859 -0.980632 -0
    outer loop
      vertex 6.74706 24.5277 3.9
      vertex 6.64442 24.5482 1.2
      vertex 6.74706 24.5277 1.2
    endloop
  endfacet
  facet normal 0.659343 -0.751842 0
    outer loop
      vertex 5.97431 24.3207 1.2
      vertex 6.05299 24.3897 3.9
      vertex 5.97431 24.3207 3.9
    endloop
  endfacet
  facet normal 0.659343 -0.751842 0
    outer loop
      vertex 6.05299 24.3897 3.9
      vertex 5.97431 24.3207 1.2
      vertex 6.05299 24.3897 1.2
    endloop
  endfacet
  facet normal 0.555318 -0.831638 0
    outer loop
      vertex 6.05299 24.3897 1.2
      vertex 6.14 24.4478 3.9
      vertex 6.05299 24.3897 3.9
    endloop
  endfacet
  facet normal 0.555318 -0.831638 0
    outer loop
      vertex 6.14 24.4478 3.9
      vertex 6.05299 24.3897 1.2
      vertex 6.14 24.4478 1.2
    endloop
  endfacet
  facet normal 0.896973 -0.442086 0
    outer loop
      vertex 5.8009 24.0611 3.9
      vertex 5.84718 24.155 1.2
      vertex 5.84718 24.155 3.9
    endloop
  endfacet
  facet normal 0.896973 -0.442086 0
    outer loop
      vertex 5.84718 24.155 1.2
      vertex 5.8009 24.0611 3.9
      vertex 5.8009 24.0611 1.2
    endloop
  endfacet
  facet normal 0.997861 -0.0653771 0
    outer loop
      vertex 5.74 23.755 3.9
      vertex 5.74684 23.8594 1.2
      vertex 5.74684 23.8594 3.9
    endloop
  endfacet
  facet normal 0.997861 -0.0653771 0
    outer loop
      vertex 5.74684 23.8594 1.2
      vertex 5.74 23.755 3.9
      vertex 5.74 23.755 1.2
    endloop
  endfacet
  facet normal 0.659343 0.751842 -0
    outer loop
      vertex 6.05299 23.1203 1.2
      vertex 5.97431 23.1893 3.9
      vertex 6.05299 23.1203 3.9
    endloop
  endfacet
  facet normal 0.659343 0.751842 0
    outer loop
      vertex 5.97431 23.1893 3.9
      vertex 6.05299 23.1203 1.2
      vertex 5.97431 23.1893 1.2
    endloop
  endfacet
  facet normal 0.751973 0.659194 0
    outer loop
      vertex 5.97431 23.1893 3.9
      vertex 5.90532 23.268 1.2
      vertex 5.90532 23.268 3.9
    endloop
  endfacet
  facet normal 0.751973 0.659194 0
    outer loop
      vertex 5.90532 23.268 1.2
      vertex 5.97431 23.1893 3.9
      vertex 5.97431 23.1893 1.2
    endloop
  endfacet
  facet normal 0.9808 -0.195014 0
    outer loop
      vertex 5.74684 23.8594 3.9
      vertex 5.76726 23.9621 1.2
      vertex 5.76726 23.9621 3.9
    endloop
  endfacet
  facet normal 0.9808 -0.195014 0
    outer loop
      vertex 5.76726 23.9621 1.2
      vertex 5.74684 23.8594 3.9
      vertex 5.74684 23.8594 1.2
    endloop
  endfacet
  facet normal 0 0 1
    outer loop
      vertex 7.33316 23.8594 1.2
      vertex 7.33316 23.6506 1.2
      vertex 7.34 23.755 1.2
    endloop
  endfacet
  facet normal 0 0 1
    outer loop
      vertex 7.31274 23.9621 1.2
      vertex 7.33316 23.6506 1.2
      vertex 7.33316 23.8594 1.2
    endloop
  endfacet
  facet normal 0 0 1
    outer loop
      vertex 7.31274 23.9621 1.2
      vertex 7.31274 23.5479 1.2
      vertex 7.33316 23.6506 1.2
    endloop
  endfacet
  facet normal 0 0 1
    outer loop
      vertex 7.2791 24.0611 1.2
      vertex 7.31274 23.5479 1.2
      vertex 7.31274 23.9621 1.2
    endloop
  endfacet
  facet normal 0 0 1
    outer loop
      vertex 7.2791 24.0611 1.2
      vertex 7.2791 23.4489 1.2
      vertex 7.31274 23.5479 1.2
    endloop
  endfacet
  facet normal 0 0 1
    outer loop
      vertex 7.23282 24.155 1.2
      vertex 7.2791 23.4489 1.2
      vertex 7.2791 24.0611 1.2
    endloop
  endfacet
  facet normal 0 0 1
    outer loop
      vertex 7.23282 24.155 1.2
      vertex 7.23282 23.355 1.2
      vertex 7.2791 23.4489 1.2
    endloop
  endfacet
  facet normal 0 0 1
    outer loop
      vertex 7.17468 24.242 1.2
      vertex 7.23282 23.355 1.2
      vertex 7.23282 24.155 1.2
    endloop
  endfacet
  facet normal 0 0 1
    outer loop
      vertex 7.17468 24.242 1.2
      vertex 7.17468 23.268 1.2
      vertex 7.23282 23.355 1.2
    endloop
  endfacet
  facet normal 0 0 1
    outer loop
      vertex 7.10569 24.3207 1.2
      vertex 7.17468 23.268 1.2
      vertex 7.17468 24.242 1.2
    endloop
  endfacet
  facet normal 0 0 1
    outer loop
      vertex 7.10569 24.3207 1.2
      vertex 7.10569 23.1893 1.2
      vertex 7.17468 23.268 1.2
    endloop
  endfacet
  facet normal 0 0 1
    outer loop
      vertex 7.02701 24.3897 1.2
      vertex 7.10569 23.1893 1.2
      vertex 7.10569 24.3207 1.2
    endloop
  endfacet
  facet normal 0 0 1
    outer loop
      vertex 7.02701 24.3897 1.2
      vertex 7.02701 23.1203 1.2
      vertex 7.10569 23.1893 1.2
    endloop
  endfacet
  facet normal 0 0 1
    outer loop
      vertex 6.94 24.4478 1.2
      vertex 7.02701 23.1203 1.2
      vertex 7.02701 24.3897 1.2
    endloop
  endfacet
  facet normal 0 0 1
    outer loop
      vertex 6.94 24.4478 1.2
      vertex 6.94 23.0622 1.2
      vertex 7.02701 23.1203 1.2
    endloop
  endfacet
  facet normal 0 0 1
    outer loop
      vertex 6.84615 24.4941 1.2
      vertex 6.94 23.0622 1.2
      vertex 6.94 24.4478 1.2
    endloop
  endfacet
  facet normal 0 0 1
    outer loop
      vertex 6.84615 24.4941 1.2
      vertex 6.84615 23.0159 1.2
      vertex 6.94 23.0622 1.2
    endloop
  endfacet
  facet normal 0 0 1
    outer loop
      vertex 6.74706 24.5277 1.2
      vertex 6.84615 23.0159 1.2
      vertex 6.84615 24.4941 1.2
    endloop
  endfacet
  facet normal 0 0 1
    outer loop
      vertex 6.74706 24.5277 1.2
      vertex 6.74706 22.9823 1.2
      vertex 6.84615 23.0159 1.2
    endloop
  endfacet
  facet normal 0 0 1
    outer loop
      vertex 6.64442 24.5482 1.2
      vertex 6.74706 22.9823 1.2
      vertex 6.74706 24.5277 1.2
    endloop
  endfacet
  facet normal 0 0 1
    outer loop
      vertex 6.64442 24.5482 1.2
      vertex 6.64442 22.9618 1.2
      vertex 6.74706 22.9823 1.2
    endloop
  endfacet
  facet normal 0 0 1
    outer loop
      vertex 6.54 24.555 1.2
      vertex 6.64442 22.9618 1.2
      vertex 6.64442 24.5482 1.2
    endloop
  endfacet
  facet normal 0 0 1
    outer loop
      vertex 6.54 24.555 1.2
      vertex 6.54 22.955 1.2
      vertex 6.64442 22.9618 1.2
    endloop
  endfacet
  facet normal -0 0 1
    outer loop
      vertex 6.43558 24.5482 1.2
      vertex 6.54 22.955 1.2
      vertex 6.54 24.555 1.2
    endloop
  endfacet
  facet normal 0 0 1
    outer loop
      vertex 6.43558 24.5482 1.2
      vertex 6.43558 22.9618 1.2
      vertex 6.54 22.955 1.2
    endloop
  endfacet
  facet normal -0 0 1
    outer loop
      vertex 6.33294 24.5277 1.2
      vertex 6.43558 22.9618 1.2
      vertex 6.43558 24.5482 1.2
    endloop
  endfacet
  facet normal 0 0 1
    outer loop
      vertex 6.33294 24.5277 1.2
      vertex 6.33294 22.9823 1.2
      vertex 6.43558 22.9618 1.2
    endloop
  endfacet
  facet normal -0 0 1
    outer loop
      vertex 6.23385 24.4941 1.2
      vertex 6.33294 22.9823 1.2
      vertex 6.33294 24.5277 1.2
    endloop
  endfacet
  facet normal 0 0 1
    outer loop
      vertex 6.23385 24.4941 1.2
      vertex 6.23385 23.0159 1.2
      vertex 6.33294 22.9823 1.2
    endloop
  endfacet
  facet normal -0 0 1
    outer loop
      vertex 6.14 24.4478 1.2
      vertex 6.23385 23.0159 1.2
      vertex 6.23385 24.4941 1.2
    endloop
  endfacet
  facet normal 0 0 1
    outer loop
      vertex 6.14 24.4478 1.2
      vertex 6.14 23.0622 1.2
      vertex 6.23385 23.0159 1.2
    endloop
  endfacet
  facet normal -0 0 1
    outer loop
      vertex 6.05299 24.3897 1.2
      vertex 6.14 23.0622 1.2
      vertex 6.14 24.4478 1.2
    endloop
  endfacet
  facet normal 0 0 1
    outer loop
      vertex 6.05299 24.3897 1.2
      vertex 6.05299 23.1203 1.2
      vertex 6.14 23.0622 1.2
    endloop
  endfacet
  facet normal -0 0 1
    outer loop
      vertex 5.97431 24.3207 1.2
      vertex 6.05299 23.1203 1.2
      vertex 6.05299 24.3897 1.2
    endloop
  endfacet
  facet normal 0 0 1
    outer loop
      vertex 5.97431 24.3207 1.2
      vertex 5.97431 23.1893 1.2
      vertex 6.05299 23.1203 1.2
    endloop
  endfacet
  facet normal -0 0 1
    outer loop
      vertex 5.90532 24.242 1.2
      vertex 5.97431 23.1893 1.2
      vertex 5.97431 24.3207 1.2
    endloop
  endfacet
  facet normal 0 0 1
    outer loop
      vertex 5.90532 24.242 1.2
      vertex 5.90532 23.268 1.2
      vertex 5.97431 23.1893 1.2
    endloop
  endfacet
  facet normal -0 0 1
    outer loop
      vertex 5.84718 24.155 1.2
      vertex 5.90532 23.268 1.2
      vertex 5.90532 24.242 1.2
    endloop
  endfacet
  facet normal 0 0 1
    outer loop
      vertex 5.84718 24.155 1.2
      vertex 5.84718 23.355 1.2
      vertex 5.90532 23.268 1.2
    endloop
  endfacet
  facet normal -0 0 1
    outer loop
      vertex 5.8009 24.0611 1.2
      vertex 5.84718 23.355 1.2
      vertex 5.84718 24.155 1.2
    endloop
  endfacet
  facet normal 0 0 1
    outer loop
      vertex 5.8009 24.0611 1.2
      vertex 5.8009 23.4489 1.2
      vertex 5.84718 23.355 1.2
    endloop
  endfacet
  facet normal -0 0 1
    outer loop
      vertex 5.76726 23.9621 1.2
      vertex 5.8009 23.4489 1.2
      vertex 5.8009 24.0611 1.2
    endloop
  endfacet
  facet normal 0 0 1
    outer loop
      vertex 5.76726 23.9621 1.2
      vertex 5.76726 23.5479 1.2
      vertex 5.8009 23.4489 1.2
    endloop
  endfacet
  facet normal -0 0 1
    outer loop
      vertex 5.74684 23.8594 1.2
      vertex 5.76726 23.5479 1.2
      vertex 5.76726 23.9621 1.2
    endloop
  endfacet
  facet normal 0 0 1
    outer loop
      vertex 5.74684 23.8594 1.2
      vertex 5.74684 23.6506 1.2
      vertex 5.76726 23.5479 1.2
    endloop
  endfacet
  facet normal 0 -0 1
    outer loop
      vertex 5.74684 23.6506 1.2
      vertex 5.74684 23.8594 1.2
      vertex 5.74 23.755 1.2
    endloop
  endfacet
  facet normal 0.555318 0.831638 -0
    outer loop
      vertex 6.14 23.0622 1.2
      vertex 6.05299 23.1203 3.9
      vertex 6.14 23.0622 3.9
    endloop
  endfacet
  facet normal 0.555318 0.831638 0
    outer loop
      vertex 6.05299 23.1203 3.9
      vertex 6.14 23.0622 1.2
      vertex 6.05299 23.1203 1.2
    endloop
  endfacet
  facet normal 0.442429 0.896803 -0
    outer loop
      vertex 6.23385 23.0159 1.2
      vertex 6.14 23.0622 3.9
      vertex 6.23385 23.0159 3.9
    endloop
  endfacet
  facet normal 0.442429 0.896803 0
    outer loop
      vertex 6.14 23.0622 3.9
      vertex 6.23385 23.0159 1.2
      vertex 6.14 23.0622 1.2
    endloop
  endfacet
  facet normal 0.997861 0.0653771 0
    outer loop
      vertex 5.74684 23.6506 3.9
      vertex 5.74 23.755 1.2
      vertex 5.74 23.755 3.9
    endloop
  endfacet
  facet normal 0.997861 0.0653771 0
    outer loop
      vertex 5.74 23.755 1.2
      vertex 5.74684 23.6506 3.9
      vertex 5.74684 23.6506 1.2
    endloop
  endfacet
  facet normal -0.659343 0.751842 0
    outer loop
      vertex 7.10569 23.1893 1.2
      vertex 7.02701 23.1203 3.9
      vertex 7.10569 23.1893 3.9
    endloop
  endfacet
  facet normal -0.659343 0.751842 0
    outer loop
      vertex 7.02701 23.1203 3.9
      vertex 7.10569 23.1893 1.2
      vertex 7.02701 23.1203 1.2
    endloop
  endfacet
  facet normal 0.831432 0.555626 0
    outer loop
      vertex 5.90532 23.268 3.9
      vertex 5.84718 23.355 1.2
      vertex 5.84718 23.355 3.9
    endloop
  endfacet
  facet normal 0.831432 0.555626 0
    outer loop
      vertex 5.84718 23.355 1.2
      vertex 5.90532 23.268 3.9
      vertex 5.90532 23.268 1.2
    endloop
  endfacet
  facet normal -0.980628 -0.195877 0
    outer loop
      vertex 35.2732 7.34942 1.2
      vertex 35.2527 7.45205 3.9
      vertex 35.2527 7.45205 1.2
    endloop
  endfacet
  facet normal -0.980628 -0.195877 0
    outer loop
      vertex 35.2527 7.45205 3.9
      vertex 35.2732 7.34942 1.2
      vertex 35.2732 7.34942 3.9
    endloop
  endfacet
  facet normal -0.997886 -0.064984 0
    outer loop
      vertex 35.28 7.245 1.2
      vertex 35.2732 7.34942 3.9
      vertex 35.2732 7.34942 1.2
    endloop
  endfacet
  facet normal -0.997886 -0.064984 0
    outer loop
      vertex 35.2732 7.34942 3.9
      vertex 35.28 7.245 1.2
      vertex 35.28 7.245 3.9
    endloop
  endfacet
  facet normal 0.831638 -0.555318 0
    outer loop
      vertex 33.7872 7.645 3.9
      vertex 33.8453 7.73201 1.2
      vertex 33.8453 7.73201 3.9
    endloop
  endfacet
  facet normal 0.831638 -0.555318 0
    outer loop
      vertex 33.8453 7.73201 1.2
      vertex 33.7872 7.645 3.9
      vertex 33.7872 7.645 1.2
    endloop
  endfacet
  facet normal 0.896803 -0.442429 0
    outer loop
      vertex 33.7409 7.55115 3.9
      vertex 33.7872 7.645 1.2
      vertex 33.7872 7.645 3.9
    endloop
  endfacet
  facet normal 0.896803 -0.442429 0
    outer loop
      vertex 33.7872 7.645 1.2
      vertex 33.7409 7.55115 3.9
      vertex 33.7409 7.55115 1.2
    endloop
  endfacet
  facet normal -0.442086 -0.896973 0
    outer loop
      vertex 34.7861 7.9841 1.2
      vertex 34.88 7.93782 3.9
      vertex 34.7861 7.9841 3.9
    endloop
  endfacet
  facet normal -0.442086 -0.896973 -0
    outer loop
      vertex 34.88 7.93782 3.9
      vertex 34.7861 7.9841 1.2
      vertex 34.88 7.93782 1.2
    endloop
  endfacet
  facet normal 0.555626 -0.831432 0
    outer loop
      vertex 33.993 7.87968 1.2
      vertex 34.08 7.93782 3.9
      vertex 33.993 7.87968 3.9
    endloop
  endfacet
  facet normal 0.555626 -0.831432 0
    outer loop
      vertex 34.08 7.93782 3.9
      vertex 33.993 7.87968 1.2
      vertex 34.08 7.93782 1.2
    endloop
  endfacet
  facet normal -0.0653771 0.997861 0
    outer loop
      vertex 34.5844 6.45184 1.2
      vertex 34.48 6.445 3.9
      vertex 34.5844 6.45184 3.9
    endloop
  endfacet
  facet normal -0.0653771 0.997861 0
    outer loop
      vertex 34.48 6.445 3.9
      vertex 34.5844 6.45184 1.2
      vertex 34.48 6.445 1.2
    endloop
  endfacet
  facet normal 0.195014 -0.9808 0
    outer loop
      vertex 34.2729 8.01774 1.2
      vertex 34.3756 8.03816 3.9
      vertex 34.2729 8.01774 3.9
    endloop
  endfacet
  facet normal 0.195014 -0.9808 0
    outer loop
      vertex 34.3756 8.03816 3.9
      vertex 34.2729 8.01774 1.2
      vertex 34.3756 8.03816 1.2
    endloop
  endfacet
  facet normal -0.751842 0.659343 0
    outer loop
      vertex 35.0457 6.67931 1.2
      vertex 35.1147 6.75799 3.9
      vertex 35.1147 6.75799 1.2
    endloop
  endfacet
  facet normal -0.751842 0.659343 0
    outer loop
      vertex 35.1147 6.75799 3.9
      vertex 35.0457 6.67931 1.2
      vertex 35.0457 6.67931 3.9
    endloop
  endfacet
  facet normal -0.947036 0.321126 0
    outer loop
      vertex 35.2191 6.93885 1.2
      vertex 35.2527 7.03794 3.9
      vertex 35.2527 7.03794 1.2
    endloop
  endfacet
  facet normal -0.947036 0.321126 0
    outer loop
      vertex 35.2527 7.03794 3.9
      vertex 35.2191 6.93885 1.2
      vertex 35.2191 6.93885 3.9
    endloop
  endfacet
  facet normal 0.980632 0.195859 0
    outer loop
      vertex 33.7073 7.03794 3.9
      vertex 33.6868 7.14058 1.2
      vertex 33.6868 7.14058 3.9
    endloop
  endfacet
  facet normal 0.980632 0.195859 0
    outer loop
      vertex 33.6868 7.14058 1.2
      vertex 33.7073 7.03794 3.9
      vertex 33.7073 7.03794 1.2
    endloop
  endfacet
  facet normal -0.831638 0.555318 0
    outer loop
      vertex 35.1147 6.75799 1.2
      vertex 35.1728 6.845 3.9
      vertex 35.1728 6.845 1.2
    endloop
  endfacet
  facet normal -0.831638 0.555318 0
    outer loop
      vertex 35.1728 6.845 3.9
      vertex 35.1147 6.75799 1.2
      vertex 35.1147 6.75799 3.9
    endloop
  endfacet
  facet normal -0.442086 0.896973 0
    outer loop
      vertex 34.88 6.55218 1.2
      vertex 34.7861 6.5059 3.9
      vertex 34.88 6.55218 3.9
    endloop
  endfacet
  facet normal -0.442086 0.896973 0
    outer loop
      vertex 34.7861 6.5059 3.9
      vertex 34.88 6.55218 1.2
      vertex 34.7861 6.5059 1.2
    endloop
  endfacet
  facet normal 0.555626 0.831432 -0
    outer loop
      vertex 34.08 6.55218 1.2
      vertex 33.993 6.61032 3.9
      vertex 34.08 6.55218 3.9
    endloop
  endfacet
  facet normal 0.555626 0.831432 0
    outer loop
      vertex 33.993 6.61032 3.9
      vertex 34.08 6.55218 1.2
      vertex 33.993 6.61032 1.2
    endloop
  endfacet
  facet normal -0.831638 -0.555318 0
    outer loop
      vertex 35.1728 7.645 1.2
      vertex 35.1147 7.73201 3.9
      vertex 35.1147 7.73201 1.2
    endloop
  endfacet
  facet normal -0.831638 -0.555318 0
    outer loop
      vertex 35.1147 7.73201 3.9
      vertex 35.1728 7.645 1.2
      vertex 35.1728 7.645 3.9
    endloop
  endfacet
  facet normal -0.321731 -0.946831 0
    outer loop
      vertex 34.6871 8.01774 1.2
      vertex 34.7861 7.9841 3.9
      vertex 34.6871 8.01774 3.9
    endloop
  endfacet
  facet normal -0.321731 -0.946831 -0
    outer loop
      vertex 34.7861 7.9841 3.9
      vertex 34.6871 8.01774 1.2
      vertex 34.7861 7.9841 1.2
    endloop
  endfacet
  facet normal -0.555626 0.831432 0
    outer loop
      vertex 34.967 6.61032 1.2
      vertex 34.88 6.55218 3.9
      vertex 34.967 6.61032 3.9
    endloop
  endfacet
  facet normal -0.555626 0.831432 0
    outer loop
      vertex 34.88 6.55218 3.9
      vertex 34.967 6.61032 1.2
      vertex 34.88 6.55218 1.2
    endloop
  endfacet
  facet normal -0.751842 -0.659343 0
    outer loop
      vertex 35.1147 7.73201 1.2
      vertex 35.0457 7.81069 3.9
      vertex 35.0457 7.81069 1.2
    endloop
  endfacet
  facet normal -0.751842 -0.659343 0
    outer loop
      vertex 35.0457 7.81069 3.9
      vertex 35.1147 7.73201 1.2
      vertex 35.1147 7.73201 3.9
    endloop
  endfacet
  facet normal -0.555626 -0.831432 0
    outer loop
      vertex 34.88 7.93782 1.2
      vertex 34.967 7.87968 3.9
      vertex 34.88 7.93782 3.9
    endloop
  endfacet
  facet normal -0.555626 -0.831432 -0
    outer loop
      vertex 34.967 7.87968 3.9
      vertex 34.88 7.93782 1.2
      vertex 34.967 7.87968 1.2
    endloop
  endfacet
  facet normal 0.442086 0.896973 -0
    outer loop
      vertex 34.1739 6.5059 1.2
      vertex 34.08 6.55218 3.9
      vertex 34.1739 6.5059 3.9
    endloop
  endfacet
  facet normal 0.442086 0.896973 0
    outer loop
      vertex 34.08 6.55218 3.9
      vertex 34.1739 6.5059 1.2
      vertex 34.08 6.55218 1.2
    endloop
  endfacet
  facet normal 0.659194 -0.751973 0
    outer loop
      vertex 33.9143 7.81069 1.2
      vertex 33.993 7.87968 3.9
      vertex 33.9143 7.81069 3.9
    endloop
  endfacet
  facet normal 0.659194 -0.751973 0
    outer loop
      vertex 33.993 7.87968 3.9
      vertex 33.9143 7.81069 1.2
      vertex 33.993 7.87968 1.2
    endloop
  endfacet
  facet normal -0.997886 0.064984 0
    outer loop
      vertex 35.2732 7.14058 1.2
      vertex 35.28 7.245 3.9
      vertex 35.28 7.245 1.2
    endloop
  endfacet
  facet normal -0.997886 0.064984 0
    outer loop
      vertex 35.28 7.245 3.9
      vertex 35.2732 7.14058 1.2
      vertex 35.2732 7.14058 3.9
    endloop
  endfacet
  facet normal -0.321731 0.946831 0
    outer loop
      vertex 34.7861 6.5059 1.2
      vertex 34.6871 6.47226 3.9
      vertex 34.7861 6.5059 3.9
    endloop
  endfacet
  facet normal -0.321731 0.946831 0
    outer loop
      vertex 34.6871 6.47226 3.9
      vertex 34.7861 6.5059 1.2
      vertex 34.6871 6.47226 1.2
    endloop
  endfacet
  facet normal 0.751842 0.659343 0
    outer loop
      vertex 33.9143 6.67931 3.9
      vertex 33.8453 6.75799 1.2
      vertex 33.8453 6.75799 3.9
    endloop
  endfacet
  facet normal 0.751842 0.659343 0
    outer loop
      vertex 33.8453 6.75799 1.2
      vertex 33.9143 6.67931 3.9
      vertex 33.9143 6.67931 1.2
    endloop
  endfacet
  facet normal -0.659194 -0.751973 0
    outer loop
      vertex 34.967 7.87968 1.2
      vertex 35.0457 7.81069 3.9
      vertex 34.967 7.87968 3.9
    endloop
  endfacet
  facet normal -0.659194 -0.751973 -0
    outer loop
      vertex 35.0457 7.81069 3.9
      vertex 34.967 7.87968 1.2
      vertex 35.0457 7.81069 1.2
    endloop
  endfacet
  facet normal 0.442086 -0.896973 0
    outer loop
      vertex 34.08 7.93782 1.2
      vertex 34.1739 7.9841 3.9
      vertex 34.08 7.93782 3.9
    endloop
  endfacet
  facet normal 0.442086 -0.896973 0
    outer loop
      vertex 34.1739 7.9841 3.9
      vertex 34.08 7.93782 1.2
      vertex 34.1739 7.9841 1.2
    endloop
  endfacet
  facet normal 0.997886 0.064984 0
    outer loop
      vertex 33.6868 7.14058 3.9
      vertex 33.68 7.245 1.2
      vertex 33.68 7.245 3.9
    endloop
  endfacet
  facet normal 0.997886 0.064984 0
    outer loop
      vertex 33.68 7.245 1.2
      vertex 33.6868 7.14058 3.9
      vertex 33.6868 7.14058 1.2
    endloop
  endfacet
  facet normal 0.0653771 -0.997861 0
    outer loop
      vertex 34.3756 8.03816 1.2
      vertex 34.48 8.045 3.9
      vertex 34.3756 8.03816 3.9
    endloop
  endfacet
  facet normal 0.0653771 -0.997861 0
    outer loop
      vertex 34.48 8.045 3.9
      vertex 34.3756 8.03816 1.2
      vertex 34.48 8.045 1.2
    endloop
  endfacet
  facet normal 0.947036 0.321126 0
    outer loop
      vertex 33.7409 6.93885 3.9
      vertex 33.7073 7.03794 1.2
      vertex 33.7073 7.03794 3.9
    endloop
  endfacet
  facet normal 0.947036 0.321126 0
    outer loop
      vertex 33.7073 7.03794 1.2
      vertex 33.7409 6.93885 3.9
      vertex 33.7409 6.93885 1.2
    endloop
  endfacet
  facet normal 0.896803 0.442429 0
    outer loop
      vertex 33.7872 6.845 3.9
      vertex 33.7409 6.93885 1.2
      vertex 33.7409 6.93885 3.9
    endloop
  endfacet
  facet normal 0.896803 0.442429 0
    outer loop
      vertex 33.7409 6.93885 1.2
      vertex 33.7872 6.845 3.9
      vertex 33.7872 6.845 1.2
    endloop
  endfacet
  facet normal -0.195014 0.9808 0
    outer loop
      vertex 34.6871 6.47226 1.2
      vertex 34.5844 6.45184 3.9
      vertex 34.6871 6.47226 3.9
    endloop
  endfacet
  facet normal -0.195014 0.9808 0
    outer loop
      vertex 34.5844 6.45184 3.9
      vertex 34.6871 6.47226 1.2
      vertex 34.5844 6.45184 1.2
    endloop
  endfacet
  facet normal -0.980632 0.195859 0
    outer loop
      vertex 35.2527 7.03794 1.2
      vertex 35.2732 7.14058 3.9
      vertex 35.2732 7.14058 1.2
    endloop
  endfacet
  facet normal -0.980632 0.195859 0
    outer loop
      vertex 35.2732 7.14058 3.9
      vertex 35.2527 7.03794 1.2
      vertex 35.2527 7.03794 3.9
    endloop
  endfacet
  facet normal 0.659194 0.751973 -0
    outer loop
      vertex 33.993 6.61032 1.2
      vertex 33.9143 6.67931 3.9
      vertex 33.993 6.61032 3.9
    endloop
  endfacet
  facet normal 0.659194 0.751973 0
    outer loop
      vertex 33.9143 6.67931 3.9
      vertex 33.993 6.61032 1.2
      vertex 33.9143 6.67931 1.2
    endloop
  endfacet
  facet normal 0.0653771 0.997861 -0
    outer loop
      vertex 34.48 6.445 1.2
      vertex 34.3756 6.45184 3.9
      vertex 34.48 6.445 3.9
    endloop
  endfacet
  facet normal 0.0653771 0.997861 0
    outer loop
      vertex 34.3756 6.45184 3.9
      vertex 34.48 6.445 1.2
      vertex 34.3756 6.45184 1.2
    endloop
  endfacet
  facet normal 0.980628 -0.195877 0
    outer loop
      vertex 33.6868 7.34942 3.9
      vertex 33.7073 7.45205 1.2
      vertex 33.7073 7.45205 3.9
    endloop
  endfacet
  facet normal 0.980628 -0.195877 0
    outer loop
      vertex 33.7073 7.45205 1.2
      vertex 33.6868 7.34942 3.9
      vertex 33.6868 7.34942 1.2
    endloop
  endfacet
  facet normal -0.195014 -0.9808 0
    outer loop
      vertex 34.5844 8.03816 1.2
      vertex 34.6871 8.01774 3.9
      vertex 34.5844 8.03816 3.9
    endloop
  endfacet
  facet normal -0.195014 -0.9808 -0
    outer loop
      vertex 34.6871 8.01774 3.9
      vertex 34.5844 8.03816 1.2
      vertex 34.6871 8.01774 1.2
    endloop
  endfacet
  facet normal -0.896803 -0.442429 0
    outer loop
      vertex 35.2191 7.55115 1.2
      vertex 35.1728 7.645 3.9
      vertex 35.1728 7.645 1.2
    endloop
  endfacet
  facet normal -0.896803 -0.442429 0
    outer loop
      vertex 35.1728 7.645 3.9
      vertex 35.2191 7.55115 1.2
      vertex 35.2191 7.55115 3.9
    endloop
  endfacet
  facet normal 0.997886 -0.064984 0
    outer loop
      vertex 33.68 7.245 3.9
      vertex 33.6868 7.34942 1.2
      vertex 33.6868 7.34942 3.9
    endloop
  endfacet
  facet normal 0.997886 -0.064984 0
    outer loop
      vertex 33.6868 7.34942 1.2
      vertex 33.68 7.245 3.9
      vertex 33.68 7.245 1.2
    endloop
  endfacet
  facet normal 0.751842 -0.659343 0
    outer loop
      vertex 33.8453 7.73201 3.9
      vertex 33.9143 7.81069 1.2
      vertex 33.9143 7.81069 3.9
    endloop
  endfacet
  facet normal 0.751842 -0.659343 0
    outer loop
      vertex 33.9143 7.81069 1.2
      vertex 33.8453 7.73201 3.9
      vertex 33.8453 7.73201 1.2
    endloop
  endfacet
  facet normal -0.947046 -0.321097 0
    outer loop
      vertex 35.2527 7.45205 1.2
      vertex 35.2191 7.55115 3.9
      vertex 35.2191 7.55115 1.2
    endloop
  endfacet
  facet normal -0.947046 -0.321097 0
    outer loop
      vertex 35.2191 7.55115 3.9
      vertex 35.2527 7.45205 1.2
      vertex 35.2527 7.45205 3.9
    endloop
  endfacet
  facet normal 0.321731 -0.946831 0
    outer loop
      vertex 34.1739 7.9841 1.2
      vertex 34.2729 8.01774 3.9
      vertex 34.1739 7.9841 3.9
    endloop
  endfacet
  facet normal 0.321731 -0.946831 0
    outer loop
      vertex 34.2729 8.01774 3.9
      vertex 34.1739 7.9841 1.2
      vertex 34.2729 8.01774 1.2
    endloop
  endfacet
  facet normal -0.0653771 -0.997861 0
    outer loop
      vertex 34.48 8.045 1.2
      vertex 34.5844 8.03816 3.9
      vertex 34.48 8.045 3.9
    endloop
  endfacet
  facet normal -0.0653771 -0.997861 -0
    outer loop
      vertex 34.5844 8.03816 3.9
      vertex 34.48 8.045 1.2
      vertex 34.5844 8.03816 1.2
    endloop
  endfacet
  facet normal 0.195014 0.9808 -0
    outer loop
      vertex 34.3756 6.45184 1.2
      vertex 34.2729 6.47226 3.9
      vertex 34.3756 6.45184 3.9
    endloop
  endfacet
  facet normal 0.195014 0.9808 0
    outer loop
      vertex 34.2729 6.47226 3.9
      vertex 34.3756 6.45184 1.2
      vertex 34.2729 6.47226 1.2
    endloop
  endfacet
  facet normal -0.896803 0.442429 0
    outer loop
      vertex 35.1728 6.845 1.2
      vertex 35.2191 6.93885 3.9
      vertex 35.2191 6.93885 1.2
    endloop
  endfacet
  facet normal -0.896803 0.442429 0
    outer loop
      vertex 35.2191 6.93885 3.9
      vertex 35.1728 6.845 1.2
      vertex 35.1728 6.845 3.9
    endloop
  endfacet
  facet normal -0.659194 0.751973 0
    outer loop
      vertex 35.0457 6.67931 1.2
      vertex 34.967 6.61032 3.9
      vertex 35.0457 6.67931 3.9
    endloop
  endfacet
  facet normal -0.659194 0.751973 0
    outer loop
      vertex 34.967 6.61032 3.9
      vertex 35.0457 6.67931 1.2
      vertex 34.967 6.61032 1.2
    endloop
  endfacet
  facet normal 0.831638 0.555318 0
    outer loop
      vertex 33.8453 6.75799 3.9
      vertex 33.7872 6.845 1.2
      vertex 33.7872 6.845 3.9
    endloop
  endfacet
  facet normal 0.831638 0.555318 0
    outer loop
      vertex 33.7872 6.845 1.2
      vertex 33.8453 6.75799 3.9
      vertex 33.8453 6.75799 1.2
    endloop
  endfacet
  facet normal 0.321731 0.946831 -0
    outer loop
      vertex 34.2729 6.47226 1.2
      vertex 34.1739 6.5059 3.9
      vertex 34.2729 6.47226 3.9
    endloop
  endfacet
  facet normal 0.321731 0.946831 0
    outer loop
      vertex 34.1739 6.5059 3.9
      vertex 34.2729 6.47226 1.2
      vertex 34.1739 6.5059 1.2
    endloop
  endfacet
  facet normal 0.947046 -0.321097 0
    outer loop
      vertex 33.7073 7.45205 3.9
      vertex 33.7409 7.55115 1.2
      vertex 33.7409 7.55115 3.9
    endloop
  endfacet
  facet normal 0.947046 -0.321097 0
    outer loop
      vertex 33.7409 7.55115 1.2
      vertex 33.7073 7.45205 3.9
      vertex 33.7073 7.45205 1.2
    endloop
  endfacet
  facet normal 0 0 1
    outer loop
      vertex 35.2732 7.34942 1.2
      vertex 35.2732 7.14058 1.2
      vertex 35.28 7.245 1.2
    endloop
  endfacet
  facet normal 0 0 1
    outer loop
      vertex 35.2527 7.45205 1.2
      vertex 35.2732 7.14058 1.2
      vertex 35.2732 7.34942 1.2
    endloop
  endfacet
  facet normal 0 0 1
    outer loop
      vertex 35.2527 7.45205 1.2
      vertex 35.2527 7.03794 1.2
      vertex 35.2732 7.14058 1.2
    endloop
  endfacet
  facet normal 0 0 1
    outer loop
      vertex 35.2191 7.55115 1.2
      vertex 35.2527 7.03794 1.2
      vertex 35.2527 7.45205 1.2
    endloop
  endfacet
  facet normal 0 0 1
    outer loop
      vertex 35.2191 7.55115 1.2
      vertex 35.2191 6.93885 1.2
      vertex 35.2527 7.03794 1.2
    endloop
  endfacet
  facet normal 0 0 1
    outer loop
      vertex 35.1728 7.645 1.2
      vertex 35.2191 6.93885 1.2
      vertex 35.2191 7.55115 1.2
    endloop
  endfacet
  facet normal 0 0 1
    outer loop
      vertex 35.1728 7.645 1.2
      vertex 35.1728 6.845 1.2
      vertex 35.2191 6.93885 1.2
    endloop
  endfacet
  facet normal 0 0 1
    outer loop
      vertex 35.1147 7.73201 1.2
      vertex 35.1728 6.845 1.2
      vertex 35.1728 7.645 1.2
    endloop
  endfacet
  facet normal 0 0 1
    outer loop
      vertex 35.1147 7.73201 1.2
      vertex 35.1147 6.75799 1.2
      vertex 35.1728 6.845 1.2
    endloop
  endfacet
  facet normal 0 0 1
    outer loop
      vertex 35.0457 7.81069 1.2
      vertex 35.1147 6.75799 1.2
      vertex 35.1147 7.73201 1.2
    endloop
  endfacet
  facet normal 0 0 1
    outer loop
      vertex 35.0457 7.81069 1.2
      vertex 35.0457 6.67931 1.2
      vertex 35.1147 6.75799 1.2
    endloop
  endfacet
  facet normal 0 0 1
    outer loop
      vertex 34.967 7.87968 1.2
      vertex 35.0457 6.67931 1.2
      vertex 35.0457 7.81069 1.2
    endloop
  endfacet
  facet normal 0 0 1
    outer loop
      vertex 34.967 7.87968 1.2
      vertex 34.967 6.61032 1.2
      vertex 35.0457 6.67931 1.2
    endloop
  endfacet
  facet normal 0 0 1
    outer loop
      vertex 34.88 7.93782 1.2
      vertex 34.967 6.61032 1.2
      vertex 34.967 7.87968 1.2
    endloop
  endfacet
  facet normal 0 0 1
    outer loop
      vertex 34.88 7.93782 1.2
      vertex 34.88 6.55218 1.2
      vertex 34.967 6.61032 1.2
    endloop
  endfacet
  facet normal 0 0 1
    outer loop
      vertex 34.7861 7.9841 1.2
      vertex 34.88 6.55218 1.2
      vertex 34.88 7.93782 1.2
    endloop
  endfacet
  facet normal 0 0 1
    outer loop
      vertex 34.7861 7.9841 1.2
      vertex 34.7861 6.5059 1.2
      vertex 34.88 6.55218 1.2
    endloop
  endfacet
  facet normal 0 0 1
    outer loop
      vertex 34.6871 8.01774 1.2
      vertex 34.7861 6.5059 1.2
      vertex 34.7861 7.9841 1.2
    endloop
  endfacet
  facet normal 0 0 1
    outer loop
      vertex 34.6871 8.01774 1.2
      vertex 34.6871 6.47226 1.2
      vertex 34.7861 6.5059 1.2
    endloop
  endfacet
  facet normal 0 0 1
    outer loop
      vertex 34.5844 8.03816 1.2
      vertex 34.6871 6.47226 1.2
      vertex 34.6871 8.01774 1.2
    endloop
  endfacet
  facet normal 0 0 1
    outer loop
      vertex 34.5844 8.03816 1.2
      vertex 34.5844 6.45184 1.2
      vertex 34.6871 6.47226 1.2
    endloop
  endfacet
  facet normal 0 0 1
    outer loop
      vertex 34.48 8.045 1.2
      vertex 34.5844 6.45184 1.2
      vertex 34.5844 8.03816 1.2
    endloop
  endfacet
  facet normal 0 0 1
    outer loop
      vertex 34.48 8.045 1.2
      vertex 34.48 6.445 1.2
      vertex 34.5844 6.45184 1.2
    endloop
  endfacet
  facet normal -0 0 1
    outer loop
      vertex 34.3756 8.03816 1.2
      vertex 34.48 6.445 1.2
      vertex 34.48 8.045 1.2
    endloop
  endfacet
  facet normal 0 0 1
    outer loop
      vertex 34.3756 8.03816 1.2
      vertex 34.3756 6.45184 1.2
      vertex 34.48 6.445 1.2
    endloop
  endfacet
  facet normal -0 0 1
    outer loop
      vertex 34.2729 8.01774 1.2
      vertex 34.3756 6.45184 1.2
      vertex 34.3756 8.03816 1.2
    endloop
  endfacet
  facet normal 0 0 1
    outer loop
      vertex 34.2729 8.01774 1.2
      vertex 34.2729 6.47226 1.2
      vertex 34.3756 6.45184 1.2
    endloop
  endfacet
  facet normal -0 0 1
    outer loop
      vertex 34.1739 7.9841 1.2
      vertex 34.2729 6.47226 1.2
      vertex 34.2729 8.01774 1.2
    endloop
  endfacet
  facet normal 0 0 1
    outer loop
      vertex 34.1739 7.9841 1.2
      vertex 34.1739 6.5059 1.2
      vertex 34.2729 6.47226 1.2
    endloop
  endfacet
  facet normal -0 0 1
    outer loop
      vertex 34.08 7.93782 1.2
      vertex 34.1739 6.5059 1.2
      vertex 34.1739 7.9841 1.2
    endloop
  endfacet
  facet normal 0 0 1
    outer loop
      vertex 34.08 7.93782 1.2
      vertex 34.08 6.55218 1.2
      vertex 34.1739 6.5059 1.2
    endloop
  endfacet
  facet normal -0 0 1
    outer loop
      vertex 33.993 7.87968 1.2
      vertex 34.08 6.55218 1.2
      vertex 34.08 7.93782 1.2
    endloop
  endfacet
  facet normal 0 0 1
    outer loop
      vertex 33.993 7.87968 1.2
      vertex 33.993 6.61032 1.2
      vertex 34.08 6.55218 1.2
    endloop
  endfacet
  facet normal -0 0 1
    outer loop
      vertex 33.9143 7.81069 1.2
      vertex 33.993 6.61032 1.2
      vertex 33.993 7.87968 1.2
    endloop
  endfacet
  facet normal 0 0 1
    outer loop
      vertex 33.9143 7.81069 1.2
      vertex 33.9143 6.67931 1.2
      vertex 33.993 6.61032 1.2
    endloop
  endfacet
  facet normal -0 0 1
    outer loop
      vertex 33.8453 7.73201 1.2
      vertex 33.9143 6.67931 1.2
      vertex 33.9143 7.81069 1.2
    endloop
  endfacet
  facet normal 0 0 1
    outer loop
      vertex 33.8453 7.73201 1.2
      vertex 33.8453 6.75799 1.2
      vertex 33.9143 6.67931 1.2
    endloop
  endfacet
  facet normal -0 0 1
    outer loop
      vertex 33.7872 7.645 1.2
      vertex 33.8453 6.75799 1.2
      vertex 33.8453 7.73201 1.2
    endloop
  endfacet
  facet normal 0 0 1
    outer loop
      vertex 33.7872 7.645 1.2
      vertex 33.7872 6.845 1.2
      vertex 33.8453 6.75799 1.2
    endloop
  endfacet
  facet normal -0 0 1
    outer loop
      vertex 33.7409 7.55115 1.2
      vertex 33.7872 6.845 1.2
      vertex 33.7872 7.645 1.2
    endloop
  endfacet
  facet normal 0 0 1
    outer loop
      vertex 33.7409 7.55115 1.2
      vertex 33.7409 6.93885 1.2
      vertex 33.7872 6.845 1.2
    endloop
  endfacet
  facet normal -0 0 1
    outer loop
      vertex 33.7073 7.45205 1.2
      vertex 33.7409 6.93885 1.2
      vertex 33.7409 7.55115 1.2
    endloop
  endfacet
  facet normal 0 0 1
    outer loop
      vertex 33.7073 7.45205 1.2
      vertex 33.7073 7.03794 1.2
      vertex 33.7409 6.93885 1.2
    endloop
  endfacet
  facet normal -0 0 1
    outer loop
      vertex 33.6868 7.34942 1.2
      vertex 33.7073 7.03794 1.2
      vertex 33.7073 7.45205 1.2
    endloop
  endfacet
  facet normal 0 0 1
    outer loop
      vertex 33.6868 7.34942 1.2
      vertex 33.6868 7.14058 1.2
      vertex 33.7073 7.03794 1.2
    endloop
  endfacet
  facet normal 0 -0 1
    outer loop
      vertex 33.6868 7.14058 1.2
      vertex 33.6868 7.34942 1.2
      vertex 33.68 7.245 1.2
    endloop
  endfacet
  facet normal -0.980654 -0.195749 0
    outer loop
      vertex 35.2732 23.8594 1.2
      vertex 35.2527 23.9621 3.9
      vertex 35.2527 23.9621 1.2
    endloop
  endfacet
  facet normal -0.980654 -0.195749 0
    outer loop
      vertex 35.2527 23.9621 3.9
      vertex 35.2732 23.8594 1.2
      vertex 35.2732 23.8594 3.9
    endloop
  endfacet
  facet normal -0.997886 -0.0649964 0
    outer loop
      vertex 35.28 23.755 1.2
      vertex 35.2732 23.8594 3.9
      vertex 35.2732 23.8594 1.2
    endloop
  endfacet
  facet normal -0.997886 -0.0649964 0
    outer loop
      vertex 35.2732 23.8594 3.9
      vertex 35.28 23.755 1.2
      vertex 35.28 23.755 3.9
    endloop
  endfacet
  facet normal -0.555362 -0.831609 0
    outer loop
      vertex 34.88 24.4478 1.2
      vertex 34.967 24.3897 3.9
      vertex 34.88 24.4478 3.9
    endloop
  endfacet
  facet normal -0.555362 -0.831609 -0
    outer loop
      vertex 34.967 24.3897 3.9
      vertex 34.88 24.4478 1.2
      vertex 34.967 24.3897 1.2
    endloop
  endfacet
  facet normal -0.44224 -0.896897 0
    outer loop
      vertex 34.7861 24.4941 1.2
      vertex 34.88 24.4478 3.9
      vertex 34.7861 24.4941 3.9
    endloop
  endfacet
  facet normal -0.44224 -0.896897 -0
    outer loop
      vertex 34.88 24.4478 3.9
      vertex 34.7861 24.4941 1.2
      vertex 34.88 24.4478 1.2
    endloop
  endfacet
  facet normal -0.659248 -0.751925 0
    outer loop
      vertex 34.967 24.3897 1.2
      vertex 35.0457 24.3207 3.9
      vertex 34.967 24.3897 3.9
    endloop
  endfacet
  facet normal -0.659248 -0.751925 -0
    outer loop
      vertex 35.0457 24.3207 3.9
      vertex 34.967 24.3897 1.2
      vertex 35.0457 24.3207 1.2
    endloop
  endfacet
  facet normal 0.831609 -0.555362 0
    outer loop
      vertex 33.7872 24.155 3.9
      vertex 33.8453 24.242 1.2
      vertex 33.8453 24.242 3.9
    endloop
  endfacet
  facet normal 0.831609 -0.555362 0
    outer loop
      vertex 33.8453 24.242 1.2
      vertex 33.7872 24.155 3.9
      vertex 33.7872 24.155 1.2
    endloop
  endfacet
  facet normal 0.896897 -0.44224 0
    outer loop
      vertex 33.7409 24.0611 3.9
      vertex 33.7872 24.155 1.2
      vertex 33.7872 24.155 3.9
    endloop
  endfacet
  facet normal 0.896897 -0.44224 0
    outer loop
      vertex 33.7872 24.155 1.2
      vertex 33.7409 24.0611 3.9
      vertex 33.7409 24.0611 1.2
    endloop
  endfacet
  facet normal -0.44224 0.896897 0
    outer loop
      vertex 34.88 23.0622 1.2
      vertex 34.7861 23.0159 3.9
      vertex 34.88 23.0622 3.9
    endloop
  endfacet
  facet normal -0.44224 0.896897 0
    outer loop
      vertex 34.7861 23.0159 3.9
      vertex 34.88 23.0622 1.2
      vertex 34.7861 23.0159 1.2
    endloop
  endfacet
  facet normal 0.659248 0.751925 -0
    outer loop
      vertex 33.993 23.1203 1.2
      vertex 33.9143 23.1893 3.9
      vertex 33.993 23.1203 3.9
    endloop
  endfacet
  facet normal 0.659248 0.751925 0
    outer loop
      vertex 33.9143 23.1893 3.9
      vertex 33.993 23.1203 1.2
      vertex 33.9143 23.1893 1.2
    endloop
  endfacet
  facet normal -0.751925 0.659248 0
    outer loop
      vertex 35.0457 23.1893 1.2
      vertex 35.1147 23.268 3.9
      vertex 35.1147 23.268 1.2
    endloop
  endfacet
  facet normal -0.751925 0.659248 0
    outer loop
      vertex 35.1147 23.268 3.9
      vertex 35.0457 23.1893 1.2
      vertex 35.0457 23.1893 3.9
    endloop
  endfacet
  facet normal -0.321388 -0.946948 0
    outer loop
      vertex 34.6871 24.5277 1.2
      vertex 34.7861 24.4941 3.9
      vertex 34.6871 24.5277 3.9
    endloop
  endfacet
  facet normal -0.321388 -0.946948 -0
    outer loop
      vertex 34.7861 24.4941 3.9
      vertex 34.6871 24.5277 1.2
      vertex 34.7861 24.4941 1.2
    endloop
  endfacet
  facet normal 0.997886 -0.0649964 0
    outer loop
      vertex 33.68 23.755 3.9
      vertex 33.6868 23.8594 1.2
      vertex 33.6868 23.8594 3.9
    endloop
  endfacet
  facet normal 0.997886 -0.0649964 0
    outer loop
      vertex 33.6868 23.8594 1.2
      vertex 33.68 23.755 3.9
      vertex 33.68 23.755 1.2
    endloop
  endfacet
  facet normal -0.896897 0.44224 0
    outer loop
      vertex 35.1728 23.355 1.2
      vertex 35.2191 23.4489 3.9
      vertex 35.2191 23.4489 1.2
    endloop
  endfacet
  facet normal -0.896897 0.44224 0
    outer loop
      vertex 35.2191 23.4489 3.9
      vertex 35.1728 23.355 1.2
      vertex 35.1728 23.355 3.9
    endloop
  endfacet
  facet normal 0.946948 0.321388 0
    outer loop
      vertex 33.7409 23.4489 3.9
      vertex 33.7073 23.5479 1.2
      vertex 33.7073 23.5479 3.9
    endloop
  endfacet
  facet normal 0.946948 0.321388 0
    outer loop
      vertex 33.7073 23.5479 1.2
      vertex 33.7409 23.4489 3.9
      vertex 33.7409 23.4489 1.2
    endloop
  endfacet
  facet normal 0.44224 -0.896897 0
    outer loop
      vertex 34.08 24.4478 1.2
      vertex 34.1739 24.4941 3.9
      vertex 34.08 24.4478 3.9
    endloop
  endfacet
  facet normal 0.44224 -0.896897 0
    outer loop
      vertex 34.1739 24.4941 3.9
      vertex 34.08 24.4478 1.2
      vertex 34.1739 24.4941 1.2
    endloop
  endfacet
  facet normal -0.946948 0.321388 0
    outer loop
      vertex 35.2191 23.4489 1.2
      vertex 35.2527 23.5479 3.9
      vertex 35.2527 23.5479 1.2
    endloop
  endfacet
  facet normal -0.946948 0.321388 0
    outer loop
      vertex 35.2527 23.5479 3.9
      vertex 35.2191 23.4489 1.2
      vertex 35.2191 23.4489 3.9
    endloop
  endfacet
  facet normal 0.0649964 0.997886 -0
    outer loop
      vertex 34.48 22.955 1.2
      vertex 34.3756 22.9618 3.9
      vertex 34.48 22.955 3.9
    endloop
  endfacet
  facet normal 0.0649964 0.997886 0
    outer loop
      vertex 34.3756 22.9618 3.9
      vertex 34.48 22.955 1.2
      vertex 34.3756 22.9618 1.2
    endloop
  endfacet
  facet normal -0.555362 0.831609 0
    outer loop
      vertex 34.967 23.1203 1.2
      vertex 34.88 23.0622 3.9
      vertex 34.967 23.1203 3.9
    endloop
  endfacet
  facet normal -0.555362 0.831609 0
    outer loop
      vertex 34.88 23.0622 3.9
      vertex 34.967 23.1203 1.2
      vertex 34.88 23.0622 1.2
    endloop
  endfacet
  facet normal 0.831609 0.555362 0
    outer loop
      vertex 33.8453 23.268 3.9
      vertex 33.7872 23.355 1.2
      vertex 33.7872 23.355 3.9
    endloop
  endfacet
  facet normal 0.831609 0.555362 0
    outer loop
      vertex 33.7872 23.355 1.2
      vertex 33.8453 23.268 3.9
      vertex 33.8453 23.268 1.2
    endloop
  endfacet
  facet normal 0.44224 0.896897 -0
    outer loop
      vertex 34.1739 23.0159 1.2
      vertex 34.08 23.0622 3.9
      vertex 34.1739 23.0159 3.9
    endloop
  endfacet
  facet normal 0.44224 0.896897 0
    outer loop
      vertex 34.08 23.0622 3.9
      vertex 34.1739 23.0159 1.2
      vertex 34.08 23.0622 1.2
    endloop
  endfacet
  facet normal -0.195749 0.980654 0
    outer loop
      vertex 34.6871 22.9823 1.2
      vertex 34.5844 22.9618 3.9
      vertex 34.6871 22.9823 3.9
    endloop
  endfacet
  facet normal -0.195749 0.980654 0
    outer loop
      vertex 34.5844 22.9618 3.9
      vertex 34.6871 22.9823 1.2
      vertex 34.5844 22.9618 1.2
    endloop
  endfacet
  facet normal -0.980654 0.195749 0
    outer loop
      vertex 35.2527 23.5479 1.2
      vertex 35.2732 23.6506 3.9
      vertex 35.2732 23.6506 1.2
    endloop
  endfacet
  facet normal -0.980654 0.195749 0
    outer loop
      vertex 35.2732 23.6506 3.9
      vertex 35.2527 23.5479 1.2
      vertex 35.2527 23.5479 3.9
    endloop
  endfacet
  facet normal -0.321388 0.946948 0
    outer loop
      vertex 34.7861 23.0159 1.2
      vertex 34.6871 22.9823 3.9
      vertex 34.7861 23.0159 3.9
    endloop
  endfacet
  facet normal -0.321388 0.946948 0
    outer loop
      vertex 34.6871 22.9823 3.9
      vertex 34.7861 23.0159 1.2
      vertex 34.6871 22.9823 1.2
    endloop
  endfacet
  facet normal 0.896897 0.44224 0
    outer loop
      vertex 33.7872 23.355 3.9
      vertex 33.7409 23.4489 1.2
      vertex 33.7409 23.4489 3.9
    endloop
  endfacet
  facet normal 0.896897 0.44224 0
    outer loop
      vertex 33.7409 23.4489 1.2
      vertex 33.7872 23.355 3.9
      vertex 33.7872 23.355 1.2
    endloop
  endfacet
  facet normal 0.980654 -0.195749 0
    outer loop
      vertex 33.6868 23.8594 3.9
      vertex 33.7073 23.9621 1.2
      vertex 33.7073 23.9621 3.9
    endloop
  endfacet
  facet normal 0.980654 -0.195749 0
    outer loop
      vertex 33.7073 23.9621 1.2
      vertex 33.6868 23.8594 3.9
      vertex 33.6868 23.8594 1.2
    endloop
  endfacet
  facet normal 0.555362 -0.831609 0
    outer loop
      vertex 33.993 24.3897 1.2
      vertex 34.08 24.4478 3.9
      vertex 33.993 24.3897 3.9
    endloop
  endfacet
  facet normal 0.555362 -0.831609 0
    outer loop
      vertex 34.08 24.4478 3.9
      vertex 33.993 24.3897 1.2
      vertex 34.08 24.4478 1.2
    endloop
  endfacet
  facet normal -0.831609 -0.555362 0
    outer loop
      vertex 35.1728 24.155 1.2
      vertex 35.1147 24.242 3.9
      vertex 35.1147 24.242 1.2
    endloop
  endfacet
  facet normal -0.831609 -0.555362 0
    outer loop
      vertex 35.1147 24.242 3.9
      vertex 35.1728 24.155 1.2
      vertex 35.1728 24.155 3.9
    endloop
  endfacet
  facet normal -0.831609 0.555362 0
    outer loop
      vertex 35.1147 23.268 1.2
      vertex 35.1728 23.355 3.9
      vertex 35.1728 23.355 1.2
    endloop
  endfacet
  facet normal -0.831609 0.555362 0
    outer loop
      vertex 35.1728 23.355 3.9
      vertex 35.1147 23.268 1.2
      vertex 35.1147 23.268 3.9
    endloop
  endfacet
  facet normal 0.321388 -0.946948 0
    outer loop
      vertex 34.1739 24.4941 1.2
      vertex 34.2729 24.5277 3.9
      vertex 34.1739 24.4941 3.9
    endloop
  endfacet
  facet normal 0.321388 -0.946948 0
    outer loop
      vertex 34.2729 24.5277 3.9
      vertex 34.1739 24.4941 1.2
      vertex 34.2729 24.5277 1.2
    endloop
  endfacet
  facet normal -0.0649964 -0.997886 0
    outer loop
      vertex 34.48 24.555 1.2
      vertex 34.5844 24.5482 3.9
      vertex 34.48 24.555 3.9
    endloop
  endfacet
  facet normal -0.0649964 -0.997886 -0
    outer loop
      vertex 34.5844 24.5482 3.9
      vertex 34.48 24.555 1.2
      vertex 34.5844 24.5482 1.2
    endloop
  endfacet
  facet normal 0.659248 -0.751925 0
    outer loop
      vertex 33.9143 24.3207 1.2
      vertex 33.993 24.3897 3.9
      vertex 33.9143 24.3207 3.9
    endloop
  endfacet
  facet normal 0.659248 -0.751925 0
    outer loop
      vertex 33.993 24.3897 3.9
      vertex 33.9143 24.3207 1.2
      vertex 33.993 24.3897 1.2
    endloop
  endfacet
  facet normal 0.195749 -0.980654 0
    outer loop
      vertex 34.2729 24.5277 1.2
      vertex 34.3756 24.5482 3.9
      vertex 34.2729 24.5277 3.9
    endloop
  endfacet
  facet normal 0.195749 -0.980654 0
    outer loop
      vertex 34.3756 24.5482 3.9
      vertex 34.2729 24.5277 1.2
      vertex 34.3756 24.5482 1.2
    endloop
  endfacet
  facet normal -0.997886 0.0649964 0
    outer loop
      vertex 35.2732 23.6506 1.2
      vertex 35.28 23.755 3.9
      vertex 35.28 23.755 1.2
    endloop
  endfacet
  facet normal -0.997886 0.0649964 0
    outer loop
      vertex 35.28 23.755 3.9
      vertex 35.2732 23.6506 1.2
      vertex 35.2732 23.6506 3.9
    endloop
  endfacet
  facet normal 0.555362 0.831609 -0
    outer loop
      vertex 34.08 23.0622 1.2
      vertex 33.993 23.1203 3.9
      vertex 34.08 23.0622 3.9
    endloop
  endfacet
  facet normal 0.555362 0.831609 0
    outer loop
      vertex 33.993 23.1203 3.9
      vertex 34.08 23.0622 1.2
      vertex 33.993 23.1203 1.2
    endloop
  endfacet
  facet normal -0.896897 -0.44224 0
    outer loop
      vertex 35.2191 24.0611 1.2
      vertex 35.1728 24.155 3.9
      vertex 35.1728 24.155 1.2
    endloop
  endfacet
  facet normal -0.896897 -0.44224 0
    outer loop
      vertex 35.1728 24.155 3.9
      vertex 35.2191 24.0611 1.2
      vertex 35.2191 24.0611 3.9
    endloop
  endfacet
  facet normal 0.946948 -0.321388 0
    outer loop
      vertex 33.7073 23.9621 3.9
      vertex 33.7409 24.0611 1.2
      vertex 33.7409 24.0611 3.9
    endloop
  endfacet
  facet normal 0.946948 -0.321388 0
    outer loop
      vertex 33.7409 24.0611 1.2
      vertex 33.7073 23.9621 3.9
      vertex 33.7073 23.9621 1.2
    endloop
  endfacet
  facet normal 0.751925 0.659248 0
    outer loop
      vertex 33.9143 23.1893 3.9
      vertex 33.8453 23.268 1.2
      vertex 33.8453 23.268 3.9
    endloop
  endfacet
  facet normal 0.751925 0.659248 0
    outer loop
      vertex 33.8453 23.268 1.2
      vertex 33.9143 23.1893 3.9
      vertex 33.9143 23.1893 1.2
    endloop
  endfacet
  facet normal -0.0649964 0.997886 0
    outer loop
      vertex 34.5844 22.9618 1.2
      vertex 34.48 22.955 3.9
      vertex 34.5844 22.9618 3.9
    endloop
  endfacet
  facet normal -0.0649964 0.997886 0
    outer loop
      vertex 34.48 22.955 3.9
      vertex 34.5844 22.9618 1.2
      vertex 34.48 22.955 1.2
    endloop
  endfacet
  facet normal -0.195749 -0.980654 0
    outer loop
      vertex 34.5844 24.5482 1.2
      vertex 34.6871 24.5277 3.9
      vertex 34.5844 24.5482 3.9
    endloop
  endfacet
  facet normal -0.195749 -0.980654 -0
    outer loop
      vertex 34.6871 24.5277 3.9
      vertex 34.5844 24.5482 1.2
      vertex 34.6871 24.5277 1.2
    endloop
  endfacet
  facet normal -0.751925 -0.659248 0
    outer loop
      vertex 35.1147 24.242 1.2
      vertex 35.0457 24.3207 3.9
      vertex 35.0457 24.3207 1.2
    endloop
  endfacet
  facet normal -0.751925 -0.659248 0
    outer loop
      vertex 35.0457 24.3207 3.9
      vertex 35.1147 24.242 1.2
      vertex 35.1147 24.242 3.9
    endloop
  endfacet
  facet normal -0.946948 -0.321388 0
    outer loop
      vertex 35.2527 23.9621 1.2
      vertex 35.2191 24.0611 3.9
      vertex 35.2191 24.0611 1.2
    endloop
  endfacet
  facet normal -0.946948 -0.321388 0
    outer loop
      vertex 35.2191 24.0611 3.9
      vertex 35.2527 23.9621 1.2
      vertex 35.2527 23.9621 3.9
    endloop
  endfacet
  facet normal 0.980654 0.195749 0
    outer loop
      vertex 33.7073 23.5479 3.9
      vertex 33.6868 23.6506 1.2
      vertex 33.6868 23.6506 3.9
    endloop
  endfacet
  facet normal 0.980654 0.195749 0
    outer loop
      vertex 33.6868 23.6506 1.2
      vertex 33.7073 23.5479 3.9
      vertex 33.7073 23.5479 1.2
    endloop
  endfacet
  facet normal 0.997886 0.0649964 0
    outer loop
      vertex 33.6868 23.6506 3.9
      vertex 33.68 23.755 1.2
      vertex 33.68 23.755 3.9
    endloop
  endfacet
  facet normal 0.997886 0.0649964 0
    outer loop
      vertex 33.68 23.755 1.2
      vertex 33.6868 23.6506 3.9
      vertex 33.6868 23.6506 1.2
    endloop
  endfacet
  facet normal 0.321388 0.946948 -0
    outer loop
      vertex 34.2729 22.9823 1.2
      vertex 34.1739 23.0159 3.9
      vertex 34.2729 22.9823 3.9
    endloop
  endfacet
  facet normal 0.321388 0.946948 0
    outer loop
      vertex 34.1739 23.0159 3.9
      vertex 34.2729 22.9823 1.2
      vertex 34.1739 23.0159 1.2
    endloop
  endfacet
  facet normal 0.195749 0.980654 -0
    outer loop
      vertex 34.3756 22.9618 1.2
      vertex 34.2729 22.9823 3.9
      vertex 34.3756 22.9618 3.9
    endloop
  endfacet
  facet normal 0.195749 0.980654 0
    outer loop
      vertex 34.2729 22.9823 3.9
      vertex 34.3756 22.9618 1.2
      vertex 34.2729 22.9823 1.2
    endloop
  endfacet
  facet normal 0 0 1
    outer loop
      vertex 35.2732 23.8594 1.2
      vertex 35.2732 23.6506 1.2
      vertex 35.28 23.755 1.2
    endloop
  endfacet
  facet normal 0 0 1
    outer loop
      vertex 35.2527 23.9621 1.2
      vertex 35.2732 23.6506 1.2
      vertex 35.2732 23.8594 1.2
    endloop
  endfacet
  facet normal 0 0 1
    outer loop
      vertex 35.2527 23.9621 1.2
      vertex 35.2527 23.5479 1.2
      vertex 35.2732 23.6506 1.2
    endloop
  endfacet
  facet normal 0 0 1
    outer loop
      vertex 35.2191 24.0611 1.2
      vertex 35.2527 23.5479 1.2
      vertex 35.2527 23.9621 1.2
    endloop
  endfacet
  facet normal 0 0 1
    outer loop
      vertex 35.2191 24.0611 1.2
      vertex 35.2191 23.4489 1.2
      vertex 35.2527 23.5479 1.2
    endloop
  endfacet
  facet normal 0 0 1
    outer loop
      vertex 35.1728 24.155 1.2
      vertex 35.2191 23.4489 1.2
      vertex 35.2191 24.0611 1.2
    endloop
  endfacet
  facet normal 0 0 1
    outer loop
      vertex 35.1728 24.155 1.2
      vertex 35.1728 23.355 1.2
      vertex 35.2191 23.4489 1.2
    endloop
  endfacet
  facet normal 0 0 1
    outer loop
      vertex 35.1147 24.242 1.2
      vertex 35.1728 23.355 1.2
      vertex 35.1728 24.155 1.2
    endloop
  endfacet
  facet normal 0 0 1
    outer loop
      vertex 35.1147 24.242 1.2
      vertex 35.1147 23.268 1.2
      vertex 35.1728 23.355 1.2
    endloop
  endfacet
  facet normal 0 0 1
    outer loop
      vertex 35.0457 24.3207 1.2
      vertex 35.1147 23.268 1.2
      vertex 35.1147 24.242 1.2
    endloop
  endfacet
  facet normal 0 0 1
    outer loop
      vertex 35.0457 24.3207 1.2
      vertex 35.0457 23.1893 1.2
      vertex 35.1147 23.268 1.2
    endloop
  endfacet
  facet normal 0 0 1
    outer loop
      vertex 34.967 24.3897 1.2
      vertex 35.0457 23.1893 1.2
      vertex 35.0457 24.3207 1.2
    endloop
  endfacet
  facet normal 0 0 1
    outer loop
      vertex 34.967 24.3897 1.2
      vertex 34.967 23.1203 1.2
      vertex 35.0457 23.1893 1.2
    endloop
  endfacet
  facet normal 0 0 1
    outer loop
      vertex 34.88 24.4478 1.2
      vertex 34.967 23.1203 1.2
      vertex 34.967 24.3897 1.2
    endloop
  endfacet
  facet normal 0 0 1
    outer loop
      vertex 34.88 24.4478 1.2
      vertex 34.88 23.0622 1.2
      vertex 34.967 23.1203 1.2
    endloop
  endfacet
  facet normal 0 0 1
    outer loop
      vertex 34.7861 24.4941 1.2
      vertex 34.88 23.0622 1.2
      vertex 34.88 24.4478 1.2
    endloop
  endfacet
  facet normal 0 0 1
    outer loop
      vertex 34.7861 24.4941 1.2
      vertex 34.7861 23.0159 1.2
      vertex 34.88 23.0622 1.2
    endloop
  endfacet
  facet normal 0 0 1
    outer loop
      vertex 34.6871 24.5277 1.2
      vertex 34.7861 23.0159 1.2
      vertex 34.7861 24.4941 1.2
    endloop
  endfacet
  facet normal 0 0 1
    outer loop
      vertex 34.6871 24.5277 1.2
      vertex 34.6871 22.9823 1.2
      vertex 34.7861 23.0159 1.2
    endloop
  endfacet
  facet normal 0 0 1
    outer loop
      vertex 34.5844 24.5482 1.2
      vertex 34.6871 22.9823 1.2
      vertex 34.6871 24.5277 1.2
    endloop
  endfacet
  facet normal 0 0 1
    outer loop
      vertex 34.5844 24.5482 1.2
      vertex 34.5844 22.9618 1.2
      vertex 34.6871 22.9823 1.2
    endloop
  endfacet
  facet normal 0 0 1
    outer loop
      vertex 34.48 24.555 1.2
      vertex 34.5844 22.9618 1.2
      vertex 34.5844 24.5482 1.2
    endloop
  endfacet
  facet normal 0 0 1
    outer loop
      vertex 34.48 24.555 1.2
      vertex 34.48 22.955 1.2
      vertex 34.5844 22.9618 1.2
    endloop
  endfacet
  facet normal -0 0 1
    outer loop
      vertex 34.3756 24.5482 1.2
      vertex 34.48 22.955 1.2
      vertex 34.48 24.555 1.2
    endloop
  endfacet
  facet normal 0 0 1
    outer loop
      vertex 34.3756 24.5482 1.2
      vertex 34.3756 22.9618 1.2
      vertex 34.48 22.955 1.2
    endloop
  endfacet
  facet normal -0 0 1
    outer loop
      vertex 34.2729 24.5277 1.2
      vertex 34.3756 22.9618 1.2
      vertex 34.3756 24.5482 1.2
    endloop
  endfacet
  facet normal 0 0 1
    outer loop
      vertex 34.2729 24.5277 1.2
      vertex 34.2729 22.9823 1.2
      vertex 34.3756 22.9618 1.2
    endloop
  endfacet
  facet normal -0 0 1
    outer loop
      vertex 34.1739 24.4941 1.2
      vertex 34.2729 22.9823 1.2
      vertex 34.2729 24.5277 1.2
    endloop
  endfacet
  facet normal 0 0 1
    outer loop
      vertex 34.1739 24.4941 1.2
      vertex 34.1739 23.0159 1.2
      vertex 34.2729 22.9823 1.2
    endloop
  endfacet
  facet normal -0 0 1
    outer loop
      vertex 34.08 24.4478 1.2
      vertex 34.1739 23.0159 1.2
      vertex 34.1739 24.4941 1.2
    endloop
  endfacet
  facet normal 0 0 1
    outer loop
      vertex 34.08 24.4478 1.2
      vertex 34.08 23.0622 1.2
      vertex 34.1739 23.0159 1.2
    endloop
  endfacet
  facet normal -0 0 1
    outer loop
      vertex 33.993 24.3897 1.2
      vertex 34.08 23.0622 1.2
      vertex 34.08 24.4478 1.2
    endloop
  endfacet
  facet normal 0 0 1
    outer loop
      vertex 33.993 24.3897 1.2
      vertex 33.993 23.1203 1.2
      vertex 34.08 23.0622 1.2
    endloop
  endfacet
  facet normal -0 0 1
    outer loop
      vertex 33.9143 24.3207 1.2
      vertex 33.993 23.1203 1.2
      vertex 33.993 24.3897 1.2
    endloop
  endfacet
  facet normal 0 0 1
    outer loop
      vertex 33.9143 24.3207 1.2
      vertex 33.9143 23.1893 1.2
      vertex 33.993 23.1203 1.2
    endloop
  endfacet
  facet normal -0 0 1
    outer loop
      vertex 33.8453 24.242 1.2
      vertex 33.9143 23.1893 1.2
      vertex 33.9143 24.3207 1.2
    endloop
  endfacet
  facet normal 0 0 1
    outer loop
      vertex 33.8453 24.242 1.2
      vertex 33.8453 23.268 1.2
      vertex 33.9143 23.1893 1.2
    endloop
  endfacet
  facet normal -0 0 1
    outer loop
      vertex 33.7872 24.155 1.2
      vertex 33.8453 23.268 1.2
      vertex 33.8453 24.242 1.2
    endloop
  endfacet
  facet normal 0 0 1
    outer loop
      vertex 33.7872 24.155 1.2
      vertex 33.7872 23.355 1.2
      vertex 33.8453 23.268 1.2
    endloop
  endfacet
  facet normal -0 0 1
    outer loop
      vertex 33.7409 24.0611 1.2
      vertex 33.7872 23.355 1.2
      vertex 33.7872 24.155 1.2
    endloop
  endfacet
  facet normal 0 0 1
    outer loop
      vertex 33.7409 24.0611 1.2
      vertex 33.7409 23.4489 1.2
      vertex 33.7872 23.355 1.2
    endloop
  endfacet
  facet normal -0 0 1
    outer loop
      vertex 33.7073 23.9621 1.2
      vertex 33.7409 23.4489 1.2
      vertex 33.7409 24.0611 1.2
    endloop
  endfacet
  facet normal 0 0 1
    outer loop
      vertex 33.7073 23.9621 1.2
      vertex 33.7073 23.5479 1.2
      vertex 33.7409 23.4489 1.2
    endloop
  endfacet
  facet normal -0 0 1
    outer loop
      vertex 33.6868 23.8594 1.2
      vertex 33.7073 23.5479 1.2
      vertex 33.7073 23.9621 1.2
    endloop
  endfacet
  facet normal 0 0 1
    outer loop
      vertex 33.6868 23.8594 1.2
      vertex 33.6868 23.6506 1.2
      vertex 33.7073 23.5479 1.2
    endloop
  endfacet
  facet normal 0 -0 1
    outer loop
      vertex 33.6868 23.6506 1.2
      vertex 33.6868 23.8594 1.2
      vertex 33.68 23.755 1.2
    endloop
  endfacet
  facet normal 0.751925 -0.659248 0
    outer loop
      vertex 33.8453 24.242 3.9
      vertex 33.9143 24.3207 1.2
      vertex 33.9143 24.3207 3.9
    endloop
  endfacet
  facet normal 0.751925 -0.659248 0
    outer loop
      vertex 33.9143 24.3207 1.2
      vertex 33.8453 24.242 3.9
      vertex 33.8453 24.242 1.2
    endloop
  endfacet
  facet normal 0.0649964 -0.997886 0
    outer loop
      vertex 34.3756 24.5482 1.2
      vertex 34.48 24.555 3.9
      vertex 34.3756 24.5482 3.9
    endloop
  endfacet
  facet normal 0.0649964 -0.997886 0
    outer loop
      vertex 34.48 24.555 3.9
      vertex 34.3756 24.5482 1.2
      vertex 34.48 24.555 1.2
    endloop
  endfacet
  facet normal -0.659248 0.751925 0
    outer loop
      vertex 35.0457 23.1893 1.2
      vertex 34.967 23.1203 3.9
      vertex 35.0457 23.1893 3.9
    endloop
  endfacet
  facet normal -0.659248 0.751925 0
    outer loop
      vertex 34.967 23.1203 3.9
      vertex 35.0457 23.1893 1.2
      vertex 34.967 23.1203 1.2
    endloop
  endfacet
  facet normal -0.980628 -0.195877 0
    outer loop
      vertex 56.2532 9.25442 1.2
      vertex 56.2327 9.35705 3.9
      vertex 56.2327 9.35705 1.2
    endloop
  endfacet
  facet normal -0.980628 -0.195877 0
    outer loop
      vertex 56.2327 9.35705 3.9
      vertex 56.2532 9.25442 1.2
      vertex 56.2532 9.25442 3.9
    endloop
  endfacet
  facet normal -0.997886 -0.064984 0
    outer loop
      vertex 56.26 9.15 1.2
      vertex 56.2532 9.25442 3.9
      vertex 56.2532 9.25442 1.2
    endloop
  endfacet
  facet normal -0.997886 -0.064984 0
    outer loop
      vertex 56.2532 9.25442 3.9
      vertex 56.26 9.15 1.2
      vertex 56.26 9.15 3.9
    endloop
  endfacet
  facet normal -0.947046 -0.321097 0
    outer loop
      vertex 56.2327 9.35705 1.2
      vertex 56.1991 9.45615 3.9
      vertex 56.1991 9.45615 1.2
    endloop
  endfacet
  facet normal -0.947046 -0.321097 0
    outer loop
      vertex 56.1991 9.45615 3.9
      vertex 56.2327 9.35705 1.2
      vertex 56.2327 9.35705 3.9
    endloop
  endfacet
  facet normal 0.980628 -0.195877 0
    outer loop
      vertex 54.6668 9.25442 3.9
      vertex 54.6873 9.35705 1.2
      vertex 54.6873 9.35705 3.9
    endloop
  endfacet
  facet normal 0.980628 -0.195877 0
    outer loop
      vertex 54.6873 9.35705 1.2
      vertex 54.6668 9.25442 3.9
      vertex 54.6668 9.25442 1.2
    endloop
  endfacet
  facet normal -0.442086 0.896973 0
    outer loop
      vertex 55.86 8.45718 1.2
      vertex 55.7661 8.4109 3.9
      vertex 55.86 8.45718 3.9
    endloop
  endfacet
  facet normal -0.442086 0.896973 0
    outer loop
      vertex 55.7661 8.4109 3.9
      vertex 55.86 8.45718 1.2
      vertex 55.7661 8.4109 1.2
    endloop
  endfacet
  facet normal 0.751801 -0.65939 0
    outer loop
      vertex 54.8253 9.63701 3.9
      vertex 54.8943 9.71568 1.2
      vertex 54.8943 9.71568 3.9
    endloop
  endfacet
  facet normal 0.751801 -0.65939 0
    outer loop
      vertex 54.8943 9.71568 1.2
      vertex 54.8253 9.63701 3.9
      vertex 54.8253 9.63701 1.2
    endloop
  endfacet
  facet normal -0.659194 0.751973 0
    outer loop
      vertex 56.0257 8.58431 1.2
      vertex 55.947 8.51532 3.9
      vertex 56.0257 8.58431 3.9
    endloop
  endfacet
  facet normal -0.659194 0.751973 0
    outer loop
      vertex 55.947 8.51532 3.9
      vertex 56.0257 8.58431 1.2
      vertex 55.947 8.51532 1.2
    endloop
  endfacet
  facet normal 0.831638 0.555318 0
    outer loop
      vertex 54.8253 8.66299 3.9
      vertex 54.7672 8.75 1.2
      vertex 54.7672 8.75 3.9
    endloop
  endfacet
  facet normal 0.831638 0.555318 0
    outer loop
      vertex 54.7672 8.75 1.2
      vertex 54.8253 8.66299 3.9
      vertex 54.8253 8.66299 1.2
    endloop
  endfacet
  facet normal 0.321731 -0.946831 0
    outer loop
      vertex 55.1539 9.8891 1.2
      vertex 55.2529 9.92274 3.9
      vertex 55.1539 9.8891 3.9
    endloop
  endfacet
  facet normal 0.321731 -0.946831 0
    outer loop
      vertex 55.2529 9.92274 3.9
      vertex 55.1539 9.8891 1.2
      vertex 55.2529 9.92274 1.2
    endloop
  endfacet
  facet normal -0.659248 -0.751925 0
    outer loop
      vertex 55.947 9.78468 1.2
      vertex 56.0257 9.71568 3.9
      vertex 55.947 9.78468 3.9
    endloop
  endfacet
  facet normal -0.659248 -0.751925 -0
    outer loop
      vertex 56.0257 9.71568 3.9
      vertex 55.947 9.78468 1.2
      vertex 56.0257 9.71568 1.2
    endloop
  endfacet
  facet normal -0.896803 0.442429 0
    outer loop
      vertex 56.1528 8.75 1.2
      vertex 56.1991 8.84385 3.9
      vertex 56.1991 8.84385 1.2
    endloop
  endfacet
  facet normal -0.896803 0.442429 0
    outer loop
      vertex 56.1991 8.84385 3.9
      vertex 56.1528 8.75 1.2
      vertex 56.1528 8.75 3.9
    endloop
  endfacet
  facet normal -0.321731 0.946831 0
    outer loop
      vertex 55.7661 8.4109 1.2
      vertex 55.6671 8.37726 3.9
      vertex 55.7661 8.4109 3.9
    endloop
  endfacet
  facet normal -0.321731 0.946831 0
    outer loop
      vertex 55.6671 8.37726 3.9
      vertex 55.7661 8.4109 1.2
      vertex 55.6671 8.37726 1.2
    endloop
  endfacet
  facet normal -0.896803 -0.442429 0
    outer loop
      vertex 56.1991 9.45615 1.2
      vertex 56.1528 9.55 3.9
      vertex 56.1528 9.55 1.2
    endloop
  endfacet
  facet normal -0.896803 -0.442429 0
    outer loop
      vertex 56.1528 9.55 3.9
      vertex 56.1991 9.45615 1.2
      vertex 56.1991 9.45615 3.9
    endloop
  endfacet
  facet normal 0.195014 0.9808 -0
    outer loop
      vertex 55.3556 8.35684 1.2
      vertex 55.2529 8.37726 3.9
      vertex 55.3556 8.35684 3.9
    endloop
  endfacet
  facet normal 0.195014 0.9808 0
    outer loop
      vertex 55.2529 8.37726 3.9
      vertex 55.3556 8.35684 1.2
      vertex 55.2529 8.37726 1.2
    endloop
  endfacet
  facet normal 0.947046 -0.321097 0
    outer loop
      vertex 54.6873 9.35705 3.9
      vertex 54.7209 9.45615 1.2
      vertex 54.7209 9.45615 3.9
    endloop
  endfacet
  facet normal 0.947046 -0.321097 0
    outer loop
      vertex 54.7209 9.45615 1.2
      vertex 54.6873 9.35705 3.9
      vertex 54.6873 9.35705 1.2
    endloop
  endfacet
  facet normal -0.195014 -0.9808 0
    outer loop
      vertex 55.5644 9.94316 1.2
      vertex 55.6671 9.92274 3.9
      vertex 55.5644 9.94316 3.9
    endloop
  endfacet
  facet normal -0.195014 -0.9808 -0
    outer loop
      vertex 55.6671 9.92274 3.9
      vertex 55.5644 9.94316 1.2
      vertex 55.6671 9.92274 1.2
    endloop
  endfacet
  facet normal 0.751842 0.659343 0
    outer loop
      vertex 54.8943 8.58431 3.9
      vertex 54.8253 8.66299 1.2
      vertex 54.8253 8.66299 3.9
    endloop
  endfacet
  facet normal 0.751842 0.659343 0
    outer loop
      vertex 54.8253 8.66299 1.2
      vertex 54.8943 8.58431 3.9
      vertex 54.8943 8.58431 1.2
    endloop
  endfacet
  facet normal 0.555626 0.831432 -0
    outer loop
      vertex 55.06 8.45718 1.2
      vertex 54.973 8.51532 3.9
      vertex 55.06 8.45718 3.9
    endloop
  endfacet
  facet normal 0.555626 0.831432 0
    outer loop
      vertex 54.973 8.51532 3.9
      vertex 55.06 8.45718 1.2
      vertex 54.973 8.51532 1.2
    endloop
  endfacet
  facet normal 0.980632 0.195859 0
    outer loop
      vertex 54.6873 8.94294 3.9
      vertex 54.6668 9.04558 1.2
      vertex 54.6668 9.04558 3.9
    endloop
  endfacet
  facet normal 0.980632 0.195859 0
    outer loop
      vertex 54.6668 9.04558 1.2
      vertex 54.6873 8.94294 3.9
      vertex 54.6873 8.94294 1.2
    endloop
  endfacet
  facet normal 0.442086 -0.896973 0
    outer loop
      vertex 55.06 9.84282 1.2
      vertex 55.1539 9.8891 3.9
      vertex 55.06 9.84282 3.9
    endloop
  endfacet
  facet normal 0.442086 -0.896973 0
    outer loop
      vertex 55.1539 9.8891 3.9
      vertex 55.06 9.84282 1.2
      vertex 55.1539 9.8891 1.2
    endloop
  endfacet
  facet normal -0.980632 0.195859 0
    outer loop
      vertex 56.2327 8.94294 1.2
      vertex 56.2532 9.04558 3.9
      vertex 56.2532 9.04558 1.2
    endloop
  endfacet
  facet normal -0.980632 0.195859 0
    outer loop
      vertex 56.2532 9.04558 3.9
      vertex 56.2327 8.94294 1.2
      vertex 56.2327 8.94294 3.9
    endloop
  endfacet
  facet normal -0.195014 0.9808 0
    outer loop
      vertex 55.6671 8.37726 1.2
      vertex 55.5644 8.35684 3.9
      vertex 55.6671 8.37726 3.9
    endloop
  endfacet
  facet normal -0.195014 0.9808 0
    outer loop
      vertex 55.5644 8.35684 3.9
      vertex 55.6671 8.37726 1.2
      vertex 55.5644 8.35684 1.2
    endloop
  endfacet
  facet normal 0.555626 -0.831432 0
    outer loop
      vertex 54.973 9.78468 1.2
      vertex 55.06 9.84282 3.9
      vertex 54.973 9.78468 3.9
    endloop
  endfacet
  facet normal 0.555626 -0.831432 0
    outer loop
      vertex 55.06 9.84282 3.9
      vertex 54.973 9.78468 1.2
      vertex 55.06 9.84282 1.2
    endloop
  endfacet
  facet normal 0.0653771 0.997861 -0
    outer loop
      vertex 55.46 8.35 1.2
      vertex 55.3556 8.35684 3.9
      vertex 55.46 8.35 3.9
    endloop
  endfacet
  facet normal 0.0653771 0.997861 0
    outer loop
      vertex 55.3556 8.35684 3.9
      vertex 55.46 8.35 1.2
      vertex 55.3556 8.35684 1.2
    endloop
  endfacet
  facet normal -0.997886 0.064984 0
    outer loop
      vertex 56.2532 9.04558 1.2
      vertex 56.26 9.15 3.9
      vertex 56.26 9.15 1.2
    endloop
  endfacet
  facet normal -0.997886 0.064984 0
    outer loop
      vertex 56.26 9.15 3.9
      vertex 56.2532 9.04558 1.2
      vertex 56.2532 9.04558 3.9
    endloop
  endfacet
  facet normal 0.659248 -0.751925 0
    outer loop
      vertex 54.8943 9.71568 1.2
      vertex 54.973 9.78468 3.9
      vertex 54.8943 9.71568 3.9
    endloop
  endfacet
  facet normal 0.659248 -0.751925 0
    outer loop
      vertex 54.973 9.78468 3.9
      vertex 54.8943 9.71568 1.2
      vertex 54.973 9.78468 1.2
    endloop
  endfacet
  facet normal -0.555626 -0.831432 0
    outer loop
      vertex 55.86 9.84282 1.2
      vertex 55.947 9.78468 3.9
      vertex 55.86 9.84282 3.9
    endloop
  endfacet
  facet normal -0.555626 -0.831432 -0
    outer loop
      vertex 55.947 9.78468 3.9
      vertex 55.86 9.84282 1.2
      vertex 55.947 9.78468 1.2
    endloop
  endfacet
  facet normal -0.442086 -0.896973 0
    outer loop
      vertex 55.7661 9.8891 1.2
      vertex 55.86 9.84282 3.9
      vertex 55.7661 9.8891 3.9
    endloop
  endfacet
  facet normal -0.442086 -0.896973 -0
    outer loop
      vertex 55.86 9.84282 3.9
      vertex 55.7661 9.8891 1.2
      vertex 55.86 9.84282 1.2
    endloop
  endfacet
  facet normal -0.751801 -0.65939 0
    outer loop
      vertex 56.0947 9.63701 1.2
      vertex 56.0257 9.71568 3.9
      vertex 56.0257 9.71568 1.2
    endloop
  endfacet
  facet normal -0.751801 -0.65939 0
    outer loop
      vertex 56.0257 9.71568 3.9
      vertex 56.0947 9.63701 1.2
      vertex 56.0947 9.63701 3.9
    endloop
  endfacet
  facet normal 0.831638 -0.555318 0
    outer loop
      vertex 54.7672 9.55 3.9
      vertex 54.8253 9.63701 1.2
      vertex 54.8253 9.63701 3.9
    endloop
  endfacet
  facet normal 0.831638 -0.555318 0
    outer loop
      vertex 54.8253 9.63701 1.2
      vertex 54.7672 9.55 3.9
      vertex 54.7672 9.55 1.2
    endloop
  endfacet
  facet normal 0.321731 0.946831 -0
    outer loop
      vertex 55.2529 8.37726 1.2
      vertex 55.1539 8.4109 3.9
      vertex 55.2529 8.37726 3.9
    endloop
  endfacet
  facet normal 0.321731 0.946831 0
    outer loop
      vertex 55.1539 8.4109 3.9
      vertex 55.2529 8.37726 1.2
      vertex 55.1539 8.4109 1.2
    endloop
  endfacet
  facet normal -0.321731 -0.946831 0
    outer loop
      vertex 55.6671 9.92274 1.2
      vertex 55.7661 9.8891 3.9
      vertex 55.6671 9.92274 3.9
    endloop
  endfacet
  facet normal -0.321731 -0.946831 -0
    outer loop
      vertex 55.7661 9.8891 3.9
      vertex 55.6671 9.92274 1.2
      vertex 55.7661 9.8891 1.2
    endloop
  endfacet
  facet normal -0.831638 -0.555318 0
    outer loop
      vertex 56.1528 9.55 1.2
      vertex 56.0947 9.63701 3.9
      vertex 56.0947 9.63701 1.2
    endloop
  endfacet
  facet normal -0.831638 -0.555318 0
    outer loop
      vertex 56.0947 9.63701 3.9
      vertex 56.1528 9.55 1.2
      vertex 56.1528 9.55 3.9
    endloop
  endfacet
  facet normal -0.0653771 0.997861 0
    outer loop
      vertex 55.5644 8.35684 1.2
      vertex 55.46 8.35 3.9
      vertex 55.5644 8.35684 3.9
    endloop
  endfacet
  facet normal -0.0653771 0.997861 0
    outer loop
      vertex 55.46 8.35 3.9
      vertex 55.5644 8.35684 1.2
      vertex 55.46 8.35 1.2
    endloop
  endfacet
  facet normal -0.0653771 -0.997861 0
    outer loop
      vertex 55.46 9.95 1.2
      vertex 55.5644 9.94316 3.9
      vertex 55.46 9.95 3.9
    endloop
  endfacet
  facet normal -0.0653771 -0.997861 -0
    outer loop
      vertex 55.5644 9.94316 3.9
      vertex 55.46 9.95 1.2
      vertex 55.5644 9.94316 1.2
    endloop
  endfacet
  facet normal -0.831638 0.555318 0
    outer loop
      vertex 56.0947 8.66299 1.2
      vertex 56.1528 8.75 3.9
      vertex 56.1528 8.75 1.2
    endloop
  endfacet
  facet normal -0.831638 0.555318 0
    outer loop
      vertex 56.1528 8.75 3.9
      vertex 56.0947 8.66299 1.2
      vertex 56.0947 8.66299 3.9
    endloop
  endfacet
  facet normal -0.751842 0.659343 0
    outer loop
      vertex 56.0257 8.58431 1.2
      vertex 56.0947 8.66299 3.9
      vertex 56.0947 8.66299 1.2
    endloop
  endfacet
  facet normal -0.751842 0.659343 0
    outer loop
      vertex 56.0947 8.66299 3.9
      vertex 56.0257 8.58431 1.2
      vertex 56.0257 8.58431 3.9
    endloop
  endfacet
  facet normal 0.659194 0.751973 -0
    outer loop
      vertex 54.973 8.51532 1.2
      vertex 54.8943 8.58431 3.9
      vertex 54.973 8.51532 3.9
    endloop
  endfacet
  facet normal 0.659194 0.751973 0
    outer loop
      vertex 54.8943 8.58431 3.9
      vertex 54.973 8.51532 1.2
      vertex 54.8943 8.58431 1.2
    endloop
  endfacet
  facet normal 0.997886 0.064984 0
    outer loop
      vertex 54.6668 9.04558 3.9
      vertex 54.66 9.15 1.2
      vertex 54.66 9.15 3.9
    endloop
  endfacet
  facet normal 0.997886 0.064984 0
    outer loop
      vertex 54.66 9.15 1.2
      vertex 54.6668 9.04558 3.9
      vertex 54.6668 9.04558 1.2
    endloop
  endfacet
  facet normal -0.947036 0.321126 0
    outer loop
      vertex 56.1991 8.84385 1.2
      vertex 56.2327 8.94294 3.9
      vertex 56.2327 8.94294 1.2
    endloop
  endfacet
  facet normal -0.947036 0.321126 0
    outer loop
      vertex 56.2327 8.94294 3.9
      vertex 56.1991 8.84385 1.2
      vertex 56.1991 8.84385 3.9
    endloop
  endfacet
  facet normal 0.0653771 -0.997861 0
    outer loop
      vertex 55.3556 9.94316 1.2
      vertex 55.46 9.95 3.9
      vertex 55.3556 9.94316 3.9
    endloop
  endfacet
  facet normal 0.0653771 -0.997861 0
    outer loop
      vertex 55.46 9.95 3.9
      vertex 55.3556 9.94316 1.2
      vertex 55.46 9.95 1.2
    endloop
  endfacet
  facet normal 0.195014 -0.9808 0
    outer loop
      vertex 55.2529 9.92274 1.2
      vertex 55.3556 9.94316 3.9
      vertex 55.2529 9.92274 3.9
    endloop
  endfacet
  facet normal 0.195014 -0.9808 0
    outer loop
      vertex 55.3556 9.94316 3.9
      vertex 55.2529 9.92274 1.2
      vertex 55.3556 9.94316 1.2
    endloop
  endfacet
  facet normal 0.997886 -0.064984 0
    outer loop
      vertex 54.66 9.15 3.9
      vertex 54.6668 9.25442 1.2
      vertex 54.6668 9.25442 3.9
    endloop
  endfacet
  facet normal 0.997886 -0.064984 0
    outer loop
      vertex 54.6668 9.25442 1.2
      vertex 54.66 9.15 3.9
      vertex 54.66 9.15 1.2
    endloop
  endfacet
  facet normal 0.947036 0.321126 0
    outer loop
      vertex 54.7209 8.84385 3.9
      vertex 54.6873 8.94294 1.2
      vertex 54.6873 8.94294 3.9
    endloop
  endfacet
  facet normal 0.947036 0.321126 0
    outer loop
      vertex 54.6873 8.94294 1.2
      vertex 54.7209 8.84385 3.9
      vertex 54.7209 8.84385 1.2
    endloop
  endfacet
  facet normal 0.442086 0.896973 -0
    outer loop
      vertex 55.1539 8.4109 1.2
      vertex 55.06 8.45718 3.9
      vertex 55.1539 8.4109 3.9
    endloop
  endfacet
  facet normal 0.442086 0.896973 0
    outer loop
      vertex 55.06 8.45718 3.9
      vertex 55.1539 8.4109 1.2
      vertex 55.06 8.45718 1.2
    endloop
  endfacet
  facet normal 0.896803 0.442429 0
    outer loop
      vertex 54.7672 8.75 3.9
      vertex 54.7209 8.84385 1.2
      vertex 54.7209 8.84385 3.9
    endloop
  endfacet
  facet normal 0.896803 0.442429 0
    outer loop
      vertex 54.7209 8.84385 1.2
      vertex 54.7672 8.75 3.9
      vertex 54.7672 8.75 1.2
    endloop
  endfacet
  facet normal 0.896803 -0.442429 0
    outer loop
      vertex 54.7209 9.45615 3.9
      vertex 54.7672 9.55 1.2
      vertex 54.7672 9.55 3.9
    endloop
  endfacet
  facet normal 0.896803 -0.442429 0
    outer loop
      vertex 54.7672 9.55 1.2
      vertex 54.7209 9.45615 3.9
      vertex 54.7209 9.45615 1.2
    endloop
  endfacet
  facet normal 0 0 1
    outer loop
      vertex 56.2532 9.25442 1.2
      vertex 56.2532 9.04558 1.2
      vertex 56.26 9.15 1.2
    endloop
  endfacet
  facet normal 0 0 1
    outer loop
      vertex 56.2327 9.35705 1.2
      vertex 56.2532 9.04558 1.2
      vertex 56.2532 9.25442 1.2
    endloop
  endfacet
  facet normal 0 0 1
    outer loop
      vertex 56.2327 9.35705 1.2
      vertex 56.2327 8.94294 1.2
      vertex 56.2532 9.04558 1.2
    endloop
  endfacet
  facet normal 0 0 1
    outer loop
      vertex 56.1991 9.45615 1.2
      vertex 56.2327 8.94294 1.2
      vertex 56.2327 9.35705 1.2
    endloop
  endfacet
  facet normal 0 0 1
    outer loop
      vertex 56.1991 9.45615 1.2
      vertex 56.1991 8.84385 1.2
      vertex 56.2327 8.94294 1.2
    endloop
  endfacet
  facet normal 0 0 1
    outer loop
      vertex 56.1528 9.55 1.2
      vertex 56.1991 8.84385 1.2
      vertex 56.1991 9.45615 1.2
    endloop
  endfacet
  facet normal 0 0 1
    outer loop
      vertex 56.1528 9.55 1.2
      vertex 56.1528 8.75 1.2
      vertex 56.1991 8.84385 1.2
    endloop
  endfacet
  facet normal 0 0 1
    outer loop
      vertex 56.0947 9.63701 1.2
      vertex 56.1528 8.75 1.2
      vertex 56.1528 9.55 1.2
    endloop
  endfacet
  facet normal 0 0 1
    outer loop
      vertex 56.0947 9.63701 1.2
      vertex 56.0947 8.66299 1.2
      vertex 56.1528 8.75 1.2
    endloop
  endfacet
  facet normal 0 0 1
    outer loop
      vertex 56.0257 9.71568 1.2
      vertex 56.0947 8.66299 1.2
      vertex 56.0947 9.63701 1.2
    endloop
  endfacet
  facet normal 0 0 1
    outer loop
      vertex 56.0257 9.71568 1.2
      vertex 56.0257 8.58431 1.2
      vertex 56.0947 8.66299 1.2
    endloop
  endfacet
  facet normal 0 0 1
    outer loop
      vertex 55.947 9.78468 1.2
      vertex 56.0257 8.58431 1.2
      vertex 56.0257 9.71568 1.2
    endloop
  endfacet
  facet normal 0 0 1
    outer loop
      vertex 55.947 9.78468 1.2
      vertex 55.947 8.51532 1.2
      vertex 56.0257 8.58431 1.2
    endloop
  endfacet
  facet normal 0 0 1
    outer loop
      vertex 55.86 9.84282 1.2
      vertex 55.947 8.51532 1.2
      vertex 55.947 9.78468 1.2
    endloop
  endfacet
  facet normal 0 0 1
    outer loop
      vertex 55.86 9.84282 1.2
      vertex 55.86 8.45718 1.2
      vertex 55.947 8.51532 1.2
    endloop
  endfacet
  facet normal 0 0 1
    outer loop
      vertex 55.7661 9.8891 1.2
      vertex 55.86 8.45718 1.2
      vertex 55.86 9.84282 1.2
    endloop
  endfacet
  facet normal 0 0 1
    outer loop
      vertex 55.7661 9.8891 1.2
      vertex 55.7661 8.4109 1.2
      vertex 55.86 8.45718 1.2
    endloop
  endfacet
  facet normal 0 0 1
    outer loop
      vertex 55.6671 9.92274 1.2
      vertex 55.7661 8.4109 1.2
      vertex 55.7661 9.8891 1.2
    endloop
  endfacet
  facet normal 0 0 1
    outer loop
      vertex 55.6671 9.92274 1.2
      vertex 55.6671 8.37726 1.2
      vertex 55.7661 8.4109 1.2
    endloop
  endfacet
  facet normal 0 0 1
    outer loop
      vertex 55.5644 9.94316 1.2
      vertex 55.6671 8.37726 1.2
      vertex 55.6671 9.92274 1.2
    endloop
  endfacet
  facet normal 0 0 1
    outer loop
      vertex 55.5644 9.94316 1.2
      vertex 55.5644 8.35684 1.2
      vertex 55.6671 8.37726 1.2
    endloop
  endfacet
  facet normal 0 0 1
    outer loop
      vertex 55.46 9.95 1.2
      vertex 55.5644 8.35684 1.2
      vertex 55.5644 9.94316 1.2
    endloop
  endfacet
  facet normal 0 0 1
    outer loop
      vertex 55.46 9.95 1.2
      vertex 55.46 8.35 1.2
      vertex 55.5644 8.35684 1.2
    endloop
  endfacet
  facet normal -0 0 1
    outer loop
      vertex 55.3556 9.94316 1.2
      vertex 55.46 8.35 1.2
      vertex 55.46 9.95 1.2
    endloop
  endfacet
  facet normal 0 0 1
    outer loop
      vertex 55.3556 9.94316 1.2
      vertex 55.3556 8.35684 1.2
      vertex 55.46 8.35 1.2
    endloop
  endfacet
  facet normal -0 0 1
    outer loop
      vertex 55.2529 9.92274 1.2
      vertex 55.3556 8.35684 1.2
      vertex 55.3556 9.94316 1.2
    endloop
  endfacet
  facet normal 0 0 1
    outer loop
      vertex 55.2529 9.92274 1.2
      vertex 55.2529 8.37726 1.2
      vertex 55.3556 8.35684 1.2
    endloop
  endfacet
  facet normal -0 0 1
    outer loop
      vertex 55.1539 9.8891 1.2
      vertex 55.2529 8.37726 1.2
      vertex 55.2529 9.92274 1.2
    endloop
  endfacet
  facet normal 0 0 1
    outer loop
      vertex 55.1539 9.8891 1.2
      vertex 55.1539 8.4109 1.2
      vertex 55.2529 8.37726 1.2
    endloop
  endfacet
  facet normal -0 0 1
    outer loop
      vertex 55.06 9.84282 1.2
      vertex 55.1539 8.4109 1.2
      vertex 55.1539 9.8891 1.2
    endloop
  endfacet
  facet normal 0 0 1
    outer loop
      vertex 55.06 9.84282 1.2
      vertex 55.06 8.45718 1.2
      vertex 55.1539 8.4109 1.2
    endloop
  endfacet
  facet normal -0 0 1
    outer loop
      vertex 54.973 9.78468 1.2
      vertex 55.06 8.45718 1.2
      vertex 55.06 9.84282 1.2
    endloop
  endfacet
  facet normal 0 0 1
    outer loop
      vertex 54.973 9.78468 1.2
      vertex 54.973 8.51532 1.2
      vertex 55.06 8.45718 1.2
    endloop
  endfacet
  facet normal -0 0 1
    outer loop
      vertex 54.8943 9.71568 1.2
      vertex 54.973 8.51532 1.2
      vertex 54.973 9.78468 1.2
    endloop
  endfacet
  facet normal 0 0 1
    outer loop
      vertex 54.8943 9.71568 1.2
      vertex 54.8943 8.58431 1.2
      vertex 54.973 8.51532 1.2
    endloop
  endfacet
  facet normal -0 0 1
    outer loop
      vertex 54.8253 9.63701 1.2
      vertex 54.8943 8.58431 1.2
      vertex 54.8943 9.71568 1.2
    endloop
  endfacet
  facet normal 0 0 1
    outer loop
      vertex 54.8253 9.63701 1.2
      vertex 54.8253 8.66299 1.2
      vertex 54.8943 8.58431 1.2
    endloop
  endfacet
  facet normal -0 0 1
    outer loop
      vertex 54.7672 9.55 1.2
      vertex 54.8253 8.66299 1.2
      vertex 54.8253 9.63701 1.2
    endloop
  endfacet
  facet normal 0 0 1
    outer loop
      vertex 54.7672 9.55 1.2
      vertex 54.7672 8.75 1.2
      vertex 54.8253 8.66299 1.2
    endloop
  endfacet
  facet normal -0 0 1
    outer loop
      vertex 54.7209 9.45615 1.2
      vertex 54.7672 8.75 1.2
      vertex 54.7672 9.55 1.2
    endloop
  endfacet
  facet normal 0 0 1
    outer loop
      vertex 54.7209 9.45615 1.2
      vertex 54.7209 8.84385 1.2
      vertex 54.7672 8.75 1.2
    endloop
  endfacet
  facet normal -0 0 1
    outer loop
      vertex 54.6873 9.35705 1.2
      vertex 54.7209 8.84385 1.2
      vertex 54.7209 9.45615 1.2
    endloop
  endfacet
  facet normal 0 0 1
    outer loop
      vertex 54.6873 9.35705 1.2
      vertex 54.6873 8.94294 1.2
      vertex 54.7209 8.84385 1.2
    endloop
  endfacet
  facet normal -0 0 1
    outer loop
      vertex 54.6668 9.25442 1.2
      vertex 54.6873 8.94294 1.2
      vertex 54.6873 9.35705 1.2
    endloop
  endfacet
  facet normal 0 0 1
    outer loop
      vertex 54.6668 9.25442 1.2
      vertex 54.6668 9.04558 1.2
      vertex 54.6873 8.94294 1.2
    endloop
  endfacet
  facet normal 0 -0 1
    outer loop
      vertex 54.6668 9.04558 1.2
      vertex 54.6668 9.25442 1.2
      vertex 54.66 9.15 1.2
    endloop
  endfacet
  facet normal -0.555626 0.831432 0
    outer loop
      vertex 55.947 8.51532 1.2
      vertex 55.86 8.45718 3.9
      vertex 55.947 8.51532 3.9
    endloop
  endfacet
  facet normal -0.555626 0.831432 0
    outer loop
      vertex 55.86 8.45718 3.9
      vertex 55.947 8.51532 1.2
      vertex 55.86 8.45718 1.2
    endloop
  endfacet
  facet normal -0.980654 -0.195749 0
    outer loop
      vertex 56.2532 21.9544 1.2
      vertex 56.2327 22.0571 3.9
      vertex 56.2327 22.0571 1.2
    endloop
  endfacet
  facet normal -0.980654 -0.195749 0
    outer loop
      vertex 56.2327 22.0571 3.9
      vertex 56.2532 21.9544 1.2
      vertex 56.2532 21.9544 3.9
    endloop
  endfacet
  facet normal -0.997886 -0.0649964 0
    outer loop
      vertex 56.26 21.85 1.2
      vertex 56.2532 21.9544 3.9
      vertex 56.2532 21.9544 1.2
    endloop
  endfacet
  facet normal -0.997886 -0.0649964 0
    outer loop
      vertex 56.2532 21.9544 3.9
      vertex 56.26 21.85 1.2
      vertex 56.26 21.85 3.9
    endloop
  endfacet
  facet normal -0.946948 -0.321388 0
    outer loop
      vertex 56.2327 22.0571 1.2
      vertex 56.1991 22.1561 3.9
      vertex 56.1991 22.1561 1.2
    endloop
  endfacet
  facet normal -0.946948 -0.321388 0
    outer loop
      vertex 56.1991 22.1561 3.9
      vertex 56.2327 22.0571 1.2
      vertex 56.2327 22.0571 3.9
    endloop
  endfacet
  facet normal 0.980654 -0.195749 0
    outer loop
      vertex 54.6668 21.9544 3.9
      vertex 54.6873 22.0571 1.2
      vertex 54.6873 22.0571 3.9
    endloop
  endfacet
  facet normal 0.980654 -0.195749 0
    outer loop
      vertex 54.6873 22.0571 1.2
      vertex 54.6668 21.9544 3.9
      vertex 54.6668 21.9544 1.2
    endloop
  endfacet
  facet normal -0.44224 0.896897 0
    outer loop
      vertex 55.86 21.1572 1.2
      vertex 55.7661 21.1109 3.9
      vertex 55.86 21.1572 3.9
    endloop
  endfacet
  facet normal -0.44224 0.896897 0
    outer loop
      vertex 55.7661 21.1109 3.9
      vertex 55.86 21.1572 1.2
      vertex 55.7661 21.1109 1.2
    endloop
  endfacet
  facet normal 0.751925 -0.659248 0
    outer loop
      vertex 54.8253 22.337 3.9
      vertex 54.8943 22.4157 1.2
      vertex 54.8943 22.4157 3.9
    endloop
  endfacet
  facet normal 0.751925 -0.659248 0
    outer loop
      vertex 54.8943 22.4157 1.2
      vertex 54.8253 22.337 3.9
      vertex 54.8253 22.337 1.2
    endloop
  endfacet
  facet normal -0.659248 0.751925 0
    outer loop
      vertex 56.0257 21.2843 1.2
      vertex 55.947 21.2153 3.9
      vertex 56.0257 21.2843 3.9
    endloop
  endfacet
  facet normal -0.659248 0.751925 0
    outer loop
      vertex 55.947 21.2153 3.9
      vertex 56.0257 21.2843 1.2
      vertex 55.947 21.2153 1.2
    endloop
  endfacet
  facet normal 0.831609 0.555362 0
    outer loop
      vertex 54.8253 21.363 3.9
      vertex 54.7672 21.45 1.2
      vertex 54.7672 21.45 3.9
    endloop
  endfacet
  facet normal 0.831609 0.555362 0
    outer loop
      vertex 54.7672 21.45 1.2
      vertex 54.8253 21.363 3.9
      vertex 54.8253 21.363 1.2
    endloop
  endfacet
  facet normal 0.321388 -0.946948 0
    outer loop
      vertex 55.1539 22.5891 1.2
      vertex 55.2529 22.6227 3.9
      vertex 55.1539 22.5891 3.9
    endloop
  endfacet
  facet normal 0.321388 -0.946948 0
    outer loop
      vertex 55.2529 22.6227 3.9
      vertex 55.1539 22.5891 1.2
      vertex 55.2529 22.6227 1.2
    endloop
  endfacet
  facet normal -0.659248 -0.751925 0
    outer loop
      vertex 55.947 22.4847 1.2
      vertex 56.0257 22.4157 3.9
      vertex 55.947 22.4847 3.9
    endloop
  endfacet
  facet normal -0.659248 -0.751925 -0
    outer loop
      vertex 56.0257 22.4157 3.9
      vertex 55.947 22.4847 1.2
      vertex 56.0257 22.4157 1.2
    endloop
  endfacet
  facet normal -0.896897 0.44224 0
    outer loop
      vertex 56.1528 21.45 1.2
      vertex 56.1991 21.5439 3.9
      vertex 56.1991 21.5439 1.2
    endloop
  endfacet
  facet normal -0.896897 0.44224 0
    outer loop
      vertex 56.1991 21.5439 3.9
      vertex 56.1528 21.45 1.2
      vertex 56.1528 21.45 3.9
    endloop
  endfacet
  facet normal -0.321388 0.946948 0
    outer loop
      vertex 55.7661 21.1109 1.2
      vertex 55.6671 21.0773 3.9
      vertex 55.7661 21.1109 3.9
    endloop
  endfacet
  facet normal -0.321388 0.946948 0
    outer loop
      vertex 55.6671 21.0773 3.9
      vertex 55.7661 21.1109 1.2
      vertex 55.6671 21.0773 1.2
    endloop
  endfacet
  facet normal -0.896897 -0.44224 0
    outer loop
      vertex 56.1991 22.1561 1.2
      vertex 56.1528 22.25 3.9
      vertex 56.1528 22.25 1.2
    endloop
  endfacet
  facet normal -0.896897 -0.44224 0
    outer loop
      vertex 56.1528 22.25 3.9
      vertex 56.1991 22.1561 1.2
      vertex 56.1991 22.1561 3.9
    endloop
  endfacet
  facet normal 0.195749 0.980654 -0
    outer loop
      vertex 55.3556 21.0568 1.2
      vertex 55.2529 21.0773 3.9
      vertex 55.3556 21.0568 3.9
    endloop
  endfacet
  facet normal 0.195749 0.980654 0
    outer loop
      vertex 55.2529 21.0773 3.9
      vertex 55.3556 21.0568 1.2
      vertex 55.2529 21.0773 1.2
    endloop
  endfacet
  facet normal 0.946948 -0.321388 0
    outer loop
      vertex 54.6873 22.0571 3.9
      vertex 54.7209 22.1561 1.2
      vertex 54.7209 22.1561 3.9
    endloop
  endfacet
  facet normal 0.946948 -0.321388 0
    outer loop
      vertex 54.7209 22.1561 1.2
      vertex 54.6873 22.0571 3.9
      vertex 54.6873 22.0571 1.2
    endloop
  endfacet
  facet normal -0.195749 -0.980654 0
    outer loop
      vertex 55.5644 22.6432 1.2
      vertex 55.6671 22.6227 3.9
      vertex 55.5644 22.6432 3.9
    endloop
  endfacet
  facet normal -0.195749 -0.980654 -0
    outer loop
      vertex 55.6671 22.6227 3.9
      vertex 55.5644 22.6432 1.2
      vertex 55.6671 22.6227 1.2
    endloop
  endfacet
  facet normal 0.751925 0.659248 0
    outer loop
      vertex 54.8943 21.2843 3.9
      vertex 54.8253 21.363 1.2
      vertex 54.8253 21.363 3.9
    endloop
  endfacet
  facet normal 0.751925 0.659248 0
    outer loop
      vertex 54.8253 21.363 1.2
      vertex 54.8943 21.2843 3.9
      vertex 54.8943 21.2843 1.2
    endloop
  endfacet
  facet normal 0.555362 0.831609 -0
    outer loop
      vertex 55.06 21.1572 1.2
      vertex 54.973 21.2153 3.9
      vertex 55.06 21.1572 3.9
    endloop
  endfacet
  facet normal 0.555362 0.831609 0
    outer loop
      vertex 54.973 21.2153 3.9
      vertex 55.06 21.1572 1.2
      vertex 54.973 21.2153 1.2
    endloop
  endfacet
  facet normal 0.980654 0.195749 0
    outer loop
      vertex 54.6873 21.6429 3.9
      vertex 54.6668 21.7456 1.2
      vertex 54.6668 21.7456 3.9
    endloop
  endfacet
  facet normal 0.980654 0.195749 0
    outer loop
      vertex 54.6668 21.7456 1.2
      vertex 54.6873 21.6429 3.9
      vertex 54.6873 21.6429 1.2
    endloop
  endfacet
  facet normal 0.44224 -0.896897 0
    outer loop
      vertex 55.06 22.5428 1.2
      vertex 55.1539 22.5891 3.9
      vertex 55.06 22.5428 3.9
    endloop
  endfacet
  facet normal 0.44224 -0.896897 0
    outer loop
      vertex 55.1539 22.5891 3.9
      vertex 55.06 22.5428 1.2
      vertex 55.1539 22.5891 1.2
    endloop
  endfacet
  facet normal -0.980654 0.195749 0
    outer loop
      vertex 56.2327 21.6429 1.2
      vertex 56.2532 21.7456 3.9
      vertex 56.2532 21.7456 1.2
    endloop
  endfacet
  facet normal -0.980654 0.195749 0
    outer loop
      vertex 56.2532 21.7456 3.9
      vertex 56.2327 21.6429 1.2
      vertex 56.2327 21.6429 3.9
    endloop
  endfacet
  facet normal -0.195749 0.980654 0
    outer loop
      vertex 55.6671 21.0773 1.2
      vertex 55.5644 21.0568 3.9
      vertex 55.6671 21.0773 3.9
    endloop
  endfacet
  facet normal -0.195749 0.980654 0
    outer loop
      vertex 55.5644 21.0568 3.9
      vertex 55.6671 21.0773 1.2
      vertex 55.5644 21.0568 1.2
    endloop
  endfacet
  facet normal 0.555362 -0.831609 0
    outer loop
      vertex 54.973 22.4847 1.2
      vertex 55.06 22.5428 3.9
      vertex 54.973 22.4847 3.9
    endloop
  endfacet
  facet normal 0.555362 -0.831609 0
    outer loop
      vertex 55.06 22.5428 3.9
      vertex 54.973 22.4847 1.2
      vertex 55.06 22.5428 1.2
    endloop
  endfacet
  facet normal 0.0649964 0.997886 -0
    outer loop
      vertex 55.46 21.05 1.2
      vertex 55.3556 21.0568 3.9
      vertex 55.46 21.05 3.9
    endloop
  endfacet
  facet normal 0.0649964 0.997886 0
    outer loop
      vertex 55.3556 21.0568 3.9
      vertex 55.46 21.05 1.2
      vertex 55.3556 21.0568 1.2
    endloop
  endfacet
  facet normal -0.997886 0.0649964 0
    outer loop
      vertex 56.2532 21.7456 1.2
      vertex 56.26 21.85 3.9
      vertex 56.26 21.85 1.2
    endloop
  endfacet
  facet normal -0.997886 0.0649964 0
    outer loop
      vertex 56.26 21.85 3.9
      vertex 56.2532 21.7456 1.2
      vertex 56.2532 21.7456 3.9
    endloop
  endfacet
  facet normal 0.659248 -0.751925 0
    outer loop
      vertex 54.8943 22.4157 1.2
      vertex 54.973 22.4847 3.9
      vertex 54.8943 22.4157 3.9
    endloop
  endfacet
  facet normal 0.659248 -0.751925 0
    outer loop
      vertex 54.973 22.4847 3.9
      vertex 54.8943 22.4157 1.2
      vertex 54.973 22.4847 1.2
    endloop
  endfacet
  facet normal -0.555362 -0.831609 0
    outer loop
      vertex 55.86 22.5428 1.2
      vertex 55.947 22.4847 3.9
      vertex 55.86 22.5428 3.9
    endloop
  endfacet
  facet normal -0.555362 -0.831609 -0
    outer loop
      vertex 55.947 22.4847 3.9
      vertex 55.86 22.5428 1.2
      vertex 55.947 22.4847 1.2
    endloop
  endfacet
  facet normal -0.44224 -0.896897 0
    outer loop
      vertex 55.7661 22.5891 1.2
      vertex 55.86 22.5428 3.9
      vertex 55.7661 22.5891 3.9
    endloop
  endfacet
  facet normal -0.44224 -0.896897 -0
    outer loop
      vertex 55.86 22.5428 3.9
      vertex 55.7661 22.5891 1.2
      vertex 55.86 22.5428 1.2
    endloop
  endfacet
  facet normal 0.321388 0.946948 -0
    outer loop
      vertex 55.2529 21.0773 1.2
      vertex 55.1539 21.1109 3.9
      vertex 55.2529 21.0773 3.9
    endloop
  endfacet
  facet normal 0.321388 0.946948 0
    outer loop
      vertex 55.1539 21.1109 3.9
      vertex 55.2529 21.0773 1.2
      vertex 55.1539 21.1109 1.2
    endloop
  endfacet
  facet normal -0.751925 -0.659248 0
    outer loop
      vertex 56.0947 22.337 1.2
      vertex 56.0257 22.4157 3.9
      vertex 56.0257 22.4157 1.2
    endloop
  endfacet
  facet normal -0.751925 -0.659248 0
    outer loop
      vertex 56.0257 22.4157 3.9
      vertex 56.0947 22.337 1.2
      vertex 56.0947 22.337 3.9
    endloop
  endfacet
  facet normal 0.831609 -0.555362 0
    outer loop
      vertex 54.7672 22.25 3.9
      vertex 54.8253 22.337 1.2
      vertex 54.8253 22.337 3.9
    endloop
  endfacet
  facet normal 0.831609 -0.555362 0
    outer loop
      vertex 54.8253 22.337 1.2
      vertex 54.7672 22.25 3.9
      vertex 54.7672 22.25 1.2
    endloop
  endfacet
  facet normal -0.321388 -0.946948 0
    outer loop
      vertex 55.6671 22.6227 1.2
      vertex 55.7661 22.5891 3.9
      vertex 55.6671 22.6227 3.9
    endloop
  endfacet
  facet normal -0.321388 -0.946948 -0
    outer loop
      vertex 55.7661 22.5891 3.9
      vertex 55.6671 22.6227 1.2
      vertex 55.7661 22.5891 1.2
    endloop
  endfacet
  facet normal -0.831609 -0.555362 0
    outer loop
      vertex 56.1528 22.25 1.2
      vertex 56.0947 22.337 3.9
      vertex 56.0947 22.337 1.2
    endloop
  endfacet
  facet normal -0.831609 -0.555362 0
    outer loop
      vertex 56.0947 22.337 3.9
      vertex 56.1528 22.25 1.2
      vertex 56.1528 22.25 3.9
    endloop
  endfacet
  facet normal -0.0649964 0.997886 0
    outer loop
      vertex 55.5644 21.0568 1.2
      vertex 55.46 21.05 3.9
      vertex 55.5644 21.0568 3.9
    endloop
  endfacet
  facet normal -0.0649964 0.997886 0
    outer loop
      vertex 55.46 21.05 3.9
      vertex 55.5644 21.0568 1.2
      vertex 55.46 21.05 1.2
    endloop
  endfacet
  facet normal -0.0649964 -0.997886 0
    outer loop
      vertex 55.46 22.65 1.2
      vertex 55.5644 22.6432 3.9
      vertex 55.46 22.65 3.9
    endloop
  endfacet
  facet normal -0.0649964 -0.997886 -0
    outer loop
      vertex 55.5644 22.6432 3.9
      vertex 55.46 22.65 1.2
      vertex 55.5644 22.6432 1.2
    endloop
  endfacet
  facet normal -0.831609 0.555362 0
    outer loop
      vertex 56.0947 21.363 1.2
      vertex 56.1528 21.45 3.9
      vertex 56.1528 21.45 1.2
    endloop
  endfacet
  facet normal -0.831609 0.555362 0
    outer loop
      vertex 56.1528 21.45 3.9
      vertex 56.0947 21.363 1.2
      vertex 56.0947 21.363 3.9
    endloop
  endfacet
  facet normal -0.751925 0.659248 0
    outer loop
      vertex 56.0257 21.2843 1.2
      vertex 56.0947 21.363 3.9
      vertex 56.0947 21.363 1.2
    endloop
  endfacet
  facet normal -0.751925 0.659248 0
    outer loop
      vertex 56.0947 21.363 3.9
      vertex 56.0257 21.2843 1.2
      vertex 56.0257 21.2843 3.9
    endloop
  endfacet
  facet normal 0.659248 0.751925 -0
    outer loop
      vertex 54.973 21.2153 1.2
      vertex 54.8943 21.2843 3.9
      vertex 54.973 21.2153 3.9
    endloop
  endfacet
  facet normal 0.659248 0.751925 0
    outer loop
      vertex 54.8943 21.2843 3.9
      vertex 54.973 21.2153 1.2
      vertex 54.8943 21.2843 1.2
    endloop
  endfacet
  facet normal 0.997886 0.0649964 0
    outer loop
      vertex 54.6668 21.7456 3.9
      vertex 54.66 21.85 1.2
      vertex 54.66 21.85 3.9
    endloop
  endfacet
  facet normal 0.997886 0.0649964 0
    outer loop
      vertex 54.66 21.85 1.2
      vertex 54.6668 21.7456 3.9
      vertex 54.6668 21.7456 1.2
    endloop
  endfacet
  facet normal -0.946948 0.321388 0
    outer loop
      vertex 56.1991 21.5439 1.2
      vertex 56.2327 21.6429 3.9
      vertex 56.2327 21.6429 1.2
    endloop
  endfacet
  facet normal -0.946948 0.321388 0
    outer loop
      vertex 56.2327 21.6429 3.9
      vertex 56.1991 21.5439 1.2
      vertex 56.1991 21.5439 3.9
    endloop
  endfacet
  facet normal 0.0649964 -0.997886 0
    outer loop
      vertex 55.3556 22.6432 1.2
      vertex 55.46 22.65 3.9
      vertex 55.3556 22.6432 3.9
    endloop
  endfacet
  facet normal 0.0649964 -0.997886 0
    outer loop
      vertex 55.46 22.65 3.9
      vertex 55.3556 22.6432 1.2
      vertex 55.46 22.65 1.2
    endloop
  endfacet
  facet normal 0.195749 -0.980654 0
    outer loop
      vertex 55.2529 22.6227 1.2
      vertex 55.3556 22.6432 3.9
      vertex 55.2529 22.6227 3.9
    endloop
  endfacet
  facet normal 0.195749 -0.980654 0
    outer loop
      vertex 55.3556 22.6432 3.9
      vertex 55.2529 22.6227 1.2
      vertex 55.3556 22.6432 1.2
    endloop
  endfacet
  facet normal 0.997886 -0.0649964 0
    outer loop
      vertex 54.66 21.85 3.9
      vertex 54.6668 21.9544 1.2
      vertex 54.6668 21.9544 3.9
    endloop
  endfacet
  facet normal 0.997886 -0.0649964 0
    outer loop
      vertex 54.6668 21.9544 1.2
      vertex 54.66 21.85 3.9
      vertex 54.66 21.85 1.2
    endloop
  endfacet
  facet normal 0.946948 0.321388 0
    outer loop
      vertex 54.7209 21.5439 3.9
      vertex 54.6873 21.6429 1.2
      vertex 54.6873 21.6429 3.9
    endloop
  endfacet
  facet normal 0.946948 0.321388 0
    outer loop
      vertex 54.6873 21.6429 1.2
      vertex 54.7209 21.5439 3.9
      vertex 54.7209 21.5439 1.2
    endloop
  endfacet
  facet normal 0.44224 0.896897 -0
    outer loop
      vertex 55.1539 21.1109 1.2
      vertex 55.06 21.1572 3.9
      vertex 55.1539 21.1109 3.9
    endloop
  endfacet
  facet normal 0.44224 0.896897 0
    outer loop
      vertex 55.06 21.1572 3.9
      vertex 55.1539 21.1109 1.2
      vertex 55.06 21.1572 1.2
    endloop
  endfacet
  facet normal 0.896897 0.44224 0
    outer loop
      vertex 54.7672 21.45 3.9
      vertex 54.7209 21.5439 1.2
      vertex 54.7209 21.5439 3.9
    endloop
  endfacet
  facet normal 0.896897 0.44224 0
    outer loop
      vertex 54.7209 21.5439 1.2
      vertex 54.7672 21.45 3.9
      vertex 54.7672 21.45 1.2
    endloop
  endfacet
  facet normal 0.896897 -0.44224 0
    outer loop
      vertex 54.7209 22.1561 3.9
      vertex 54.7672 22.25 1.2
      vertex 54.7672 22.25 3.9
    endloop
  endfacet
  facet normal 0.896897 -0.44224 0
    outer loop
      vertex 54.7672 22.25 1.2
      vertex 54.7209 22.1561 3.9
      vertex 54.7209 22.1561 1.2
    endloop
  endfacet
  facet normal 0 0 1
    outer loop
      vertex 56.2532 21.9544 1.2
      vertex 56.2532 21.7456 1.2
      vertex 56.26 21.85 1.2
    endloop
  endfacet
  facet normal 0 0 1
    outer loop
      vertex 56.2327 22.0571 1.2
      vertex 56.2532 21.7456 1.2
      vertex 56.2532 21.9544 1.2
    endloop
  endfacet
  facet normal 0 0 1
    outer loop
      vertex 56.2327 22.0571 1.2
      vertex 56.2327 21.6429 1.2
      vertex 56.2532 21.7456 1.2
    endloop
  endfacet
  facet normal 0 0 1
    outer loop
      vertex 56.1991 22.1561 1.2
      vertex 56.2327 21.6429 1.2
      vertex 56.2327 22.0571 1.2
    endloop
  endfacet
  facet normal 0 0 1
    outer loop
      vertex 56.1991 22.1561 1.2
      vertex 56.1991 21.5439 1.2
      vertex 56.2327 21.6429 1.2
    endloop
  endfacet
  facet normal 0 0 1
    outer loop
      vertex 56.1528 22.25 1.2
      vertex 56.1991 21.5439 1.2
      vertex 56.1991 22.1561 1.2
    endloop
  endfacet
  facet normal 0 0 1
    outer loop
      vertex 56.1528 22.25 1.2
      vertex 56.1528 21.45 1.2
      vertex 56.1991 21.5439 1.2
    endloop
  endfacet
  facet normal 0 0 1
    outer loop
      vertex 56.0947 22.337 1.2
      vertex 56.1528 21.45 1.2
      vertex 56.1528 22.25 1.2
    endloop
  endfacet
  facet normal 0 0 1
    outer loop
      vertex 56.0947 22.337 1.2
      vertex 56.0947 21.363 1.2
      vertex 56.1528 21.45 1.2
    endloop
  endfacet
  facet normal 0 0 1
    outer loop
      vertex 56.0257 22.4157 1.2
      vertex 56.0947 21.363 1.2
      vertex 56.0947 22.337 1.2
    endloop
  endfacet
  facet normal 0 0 1
    outer loop
      vertex 56.0257 22.4157 1.2
      vertex 56.0257 21.2843 1.2
      vertex 56.0947 21.363 1.2
    endloop
  endfacet
  facet normal 0 0 1
    outer loop
      vertex 55.947 22.4847 1.2
      vertex 56.0257 21.2843 1.2
      vertex 56.0257 22.4157 1.2
    endloop
  endfacet
  facet normal 0 0 1
    outer loop
      vertex 55.947 22.4847 1.2
      vertex 55.947 21.2153 1.2
      vertex 56.0257 21.2843 1.2
    endloop
  endfacet
  facet normal 0 0 1
    outer loop
      vertex 55.86 22.5428 1.2
      vertex 55.947 21.2153 1.2
      vertex 55.947 22.4847 1.2
    endloop
  endfacet
  facet normal 0 0 1
    outer loop
      vertex 55.86 22.5428 1.2
      vertex 55.86 21.1572 1.2
      vertex 55.947 21.2153 1.2
    endloop
  endfacet
  facet normal 0 0 1
    outer loop
      vertex 55.7661 22.5891 1.2
      vertex 55.86 21.1572 1.2
      vertex 55.86 22.5428 1.2
    endloop
  endfacet
  facet normal 0 0 1
    outer loop
      vertex 55.7661 22.5891 1.2
      vertex 55.7661 21.1109 1.2
      vertex 55.86 21.1572 1.2
    endloop
  endfacet
  facet normal 0 0 1
    outer loop
      vertex 55.6671 22.6227 1.2
      vertex 55.7661 21.1109 1.2
      vertex 55.7661 22.5891 1.2
    endloop
  endfacet
  facet normal 0 0 1
    outer loop
      vertex 55.6671 22.6227 1.2
      vertex 55.6671 21.0773 1.2
      vertex 55.7661 21.1109 1.2
    endloop
  endfacet
  facet normal 0 0 1
    outer loop
      vertex 55.5644 22.6432 1.2
      vertex 55.6671 21.0773 1.2
      vertex 55.6671 22.6227 1.2
    endloop
  endfacet
  facet normal 0 0 1
    outer loop
      vertex 55.5644 22.6432 1.2
      vertex 55.5644 21.0568 1.2
      vertex 55.6671 21.0773 1.2
    endloop
  endfacet
  facet normal 0 0 1
    outer loop
      vertex 55.46 22.65 1.2
      vertex 55.5644 21.0568 1.2
      vertex 55.5644 22.6432 1.2
    endloop
  endfacet
  facet normal 0 0 1
    outer loop
      vertex 55.46 22.65 1.2
      vertex 55.46 21.05 1.2
      vertex 55.5644 21.0568 1.2
    endloop
  endfacet
  facet normal -0 0 1
    outer loop
      vertex 55.3556 22.6432 1.2
      vertex 55.46 21.05 1.2
      vertex 55.46 22.65 1.2
    endloop
  endfacet
  facet normal 0 0 1
    outer loop
      vertex 55.3556 22.6432 1.2
      vertex 55.3556 21.0568 1.2
      vertex 55.46 21.05 1.2
    endloop
  endfacet
  facet normal -0 0 1
    outer loop
      vertex 55.2529 22.6227 1.2
      vertex 55.3556 21.0568 1.2
      vertex 55.3556 22.6432 1.2
    endloop
  endfacet
  facet normal 0 0 1
    outer loop
      vertex 55.2529 22.6227 1.2
      vertex 55.2529 21.0773 1.2
      vertex 55.3556 21.0568 1.2
    endloop
  endfacet
  facet normal -0 0 1
    outer loop
      vertex 55.1539 22.5891 1.2
      vertex 55.2529 21.0773 1.2
      vertex 55.2529 22.6227 1.2
    endloop
  endfacet
  facet normal 0 0 1
    outer loop
      vertex 55.1539 22.5891 1.2
      vertex 55.1539 21.1109 1.2
      vertex 55.2529 21.0773 1.2
    endloop
  endfacet
  facet normal -0 0 1
    outer loop
      vertex 55.06 22.5428 1.2
      vertex 55.1539 21.1109 1.2
      vertex 55.1539 22.5891 1.2
    endloop
  endfacet
  facet normal 0 0 1
    outer loop
      vertex 55.06 22.5428 1.2
      vertex 55.06 21.1572 1.2
      vertex 55.1539 21.1109 1.2
    endloop
  endfacet
  facet normal -0 0 1
    outer loop
      vertex 54.973 22.4847 1.2
      vertex 55.06 21.1572 1.2
      vertex 55.06 22.5428 1.2
    endloop
  endfacet
  facet normal 0 0 1
    outer loop
      vertex 54.973 22.4847 1.2
      vertex 54.973 21.2153 1.2
      vertex 55.06 21.1572 1.2
    endloop
  endfacet
  facet normal -0 0 1
    outer loop
      vertex 54.8943 22.4157 1.2
      vertex 54.973 21.2153 1.2
      vertex 54.973 22.4847 1.2
    endloop
  endfacet
  facet normal 0 0 1
    outer loop
      vertex 54.8943 22.4157 1.2
      vertex 54.8943 21.2843 1.2
      vertex 54.973 21.2153 1.2
    endloop
  endfacet
  facet normal -0 0 1
    outer loop
      vertex 54.8253 22.337 1.2
      vertex 54.8943 21.2843 1.2
      vertex 54.8943 22.4157 1.2
    endloop
  endfacet
  facet normal 0 0 1
    outer loop
      vertex 54.8253 22.337 1.2
      vertex 54.8253 21.363 1.2
      vertex 54.8943 21.2843 1.2
    endloop
  endfacet
  facet normal -0 0 1
    outer loop
      vertex 54.7672 22.25 1.2
      vertex 54.8253 21.363 1.2
      vertex 54.8253 22.337 1.2
    endloop
  endfacet
  facet normal 0 0 1
    outer loop
      vertex 54.7672 22.25 1.2
      vertex 54.7672 21.45 1.2
      vertex 54.8253 21.363 1.2
    endloop
  endfacet
  facet normal -0 0 1
    outer loop
      vertex 54.7209 22.1561 1.2
      vertex 54.7672 21.45 1.2
      vertex 54.7672 22.25 1.2
    endloop
  endfacet
  facet normal 0 0 1
    outer loop
      vertex 54.7209 22.1561 1.2
      vertex 54.7209 21.5439 1.2
      vertex 54.7672 21.45 1.2
    endloop
  endfacet
  facet normal -0 0 1
    outer loop
      vertex 54.6873 22.0571 1.2
      vertex 54.7209 21.5439 1.2
      vertex 54.7209 22.1561 1.2
    endloop
  endfacet
  facet normal 0 0 1
    outer loop
      vertex 54.6873 22.0571 1.2
      vertex 54.6873 21.6429 1.2
      vertex 54.7209 21.5439 1.2
    endloop
  endfacet
  facet normal -0 0 1
    outer loop
      vertex 54.6668 21.9544 1.2
      vertex 54.6873 21.6429 1.2
      vertex 54.6873 22.0571 1.2
    endloop
  endfacet
  facet normal 0 0 1
    outer loop
      vertex 54.6668 21.9544 1.2
      vertex 54.6668 21.7456 1.2
      vertex 54.6873 21.6429 1.2
    endloop
  endfacet
  facet normal 0 -0 1
    outer loop
      vertex 54.6668 21.7456 1.2
      vertex 54.6668 21.9544 1.2
      vertex 54.66 21.85 1.2
    endloop
  endfacet
  facet normal -0.555362 0.831609 0
    outer loop
      vertex 55.947 21.2153 1.2
      vertex 55.86 21.1572 3.9
      vertex 55.947 21.2153 3.9
    endloop
  endfacet
  facet normal -0.555362 0.831609 0
    outer loop
      vertex 55.86 21.1572 3.9
      vertex 55.947 21.2153 1.2
      vertex 55.86 21.1572 1.2
    endloop
  endfacet
  facet normal -1 0 0
    outer loop
      vertex 33.51 11.25 0
      vertex 33.51 19.75 2.4
      vertex 33.51 19.75 0
    endloop
  endfacet
  facet normal -1 -0 0
    outer loop
      vertex 33.51 19.75 2.4
      vertex 33.51 11.25 0
      vertex 33.51 11.25 2.4
    endloop
  endfacet
  facet normal 1 -0 0
    outer loop
      vertex 7.51 11.25 2.4
      vertex 7.51 19.75 0
      vertex 7.51 19.75 2.4
    endloop
  endfacet
  facet normal 1 0 0
    outer loop
      vertex 7.51 19.75 0
      vertex 7.51 11.25 2.4
      vertex 7.51 11.25 0
    endloop
  endfacet
  facet normal 0 -1 0
    outer loop
      vertex 7.51 19.75 0
      vertex 33.51 19.75 2.4
      vertex 7.51 19.75 2.4
    endloop
  endfacet
  facet normal 0 -1 -0
    outer loop
      vertex 33.51 19.75 2.4
      vertex 7.51 19.75 0
      vertex 33.51 19.75 0
    endloop
  endfacet
  facet normal 0 1 -0
    outer loop
      vertex 33.51 11.25 0
      vertex 7.51 11.25 2.4
      vertex 33.51 11.25 2.4
    endloop
  endfacet
  facet normal 0 1 0
    outer loop
      vertex 7.51 11.25 2.4
      vertex 33.51 11.25 0
      vertex 7.51 11.25 0
    endloop
  endfacet
endsolid OpenSCAD_Model
