solid OpenSCAD_Model
  facet normal -0.0654043 -0.997859 0
    outer loop
      vertex 2.60843 0.0256653 0
      vertex 3 0 24
      vertex 2.60843 0.0256653 24
    endloop
  endfacet
  facet normal -0.0654043 -0.997859 -0
    outer loop
      vertex 3 0 24
      vertex 2.60843 0.0256653 0
      vertex 3 0 0
    endloop
  endfacet
  facet normal 0.321136 -0.947033 0
    outer loop
      vertex 102.776 0.102219 0
      vertex 103.148 0.228363 24
      vertex 102.776 0.102219 24
    endloop
  endfacet
  facet normal 0.321136 -0.947033 0
    outer loop
      vertex 103.148 0.228363 24
      vertex 102.776 0.102219 0
      vertex 103.148 0.228363 0
    endloop
  endfacet
  facet normal 0 -1 0
    outer loop
      vertex 3 0 0
      vertex 102 0 24
      vertex 3 0 24
    endloop
  endfacet
  facet normal 0 -1 -0
    outer loop
      vertex 102 0 24
      vertex 3 0 0
      vertex 102 0 0
    endloop
  endfacet
  facet normal 0.195511 -0.980701 0
    outer loop
      vertex 102.392 0.0256653 0
      vertex 102.776 0.102219 24
      vertex 102.392 0.0256653 24
    endloop
  endfacet
  facet normal 0.195511 -0.980701 0
    outer loop
      vertex 102.776 0.102219 24
      vertex 102.392 0.0256653 0
      vertex 102.776 0.102219 0
    endloop
  endfacet
  facet normal -0.195076 -0.980788 0
    outer loop
      vertex 2.22354 0.102219 0
      vertex 2.60843 0.0256653 24
      vertex 2.22354 0.102219 24
    endloop
  endfacet
  facet normal -0.195076 -0.980788 -0
    outer loop
      vertex 2.60843 0.0256653 24
      vertex 2.22354 0.102219 0
      vertex 2.60843 0.0256653 0
    endloop
  endfacet
  facet normal -0.659424 0.751771 0
    outer loop
      vertex 1.17372 41.3801 0
      vertex 0.878677 41.1213 24
      vertex 1.17372 41.3801 24
    endloop
  endfacet
  facet normal -0.659424 0.751771 0
    outer loop
      vertex 0.878677 41.1213 24
      vertex 1.17372 41.3801 0
      vertex 0.878677 41.1213 0
    endloop
  endfacet
  facet normal 0.0653328 -0.997864 0
    outer loop
      vertex 102 0 0
      vertex 102.392 0.0256653 24
      vertex 102 0 24
    endloop
  endfacet
  facet normal 0.0653328 -0.997864 0
    outer loop
      vertex 102.392 0.0256653 24
      vertex 102 0 0
      vertex 102.392 0.0256653 0
    endloop
  endfacet
  facet normal 0.321264 0.94699 -0
    outer loop
      vertex 103.148 41.7716 0
      vertex 102.776 41.8978 24
      vertex 103.148 41.7716 24
    endloop
  endfacet
  facet normal 0.321264 0.94699 0
    outer loop
      vertex 102.776 41.8978 24
      vertex 103.148 41.7716 0
      vertex 102.776 41.8978 0
    endloop
  endfacet
  facet normal 0.94704 0.321117 0
    outer loop
      vertex 104.898 39.7765 24
      vertex 104.772 40.1481 0
      vertex 104.772 40.1481 24
    endloop
  endfacet
  facet normal 0.94704 0.321117 0
    outer loop
      vertex 104.772 40.1481 0
      vertex 104.898 39.7765 24
      vertex 104.898 39.7765 0
    endloop
  endfacet
  facet normal -0.0654923 0.997853 0
    outer loop
      vertex 3 42 0
      vertex 2.60843 41.9743 24
      vertex 3 42 24
    endloop
  endfacet
  facet normal -0.0654923 0.997853 0
    outer loop
      vertex 2.60843 41.9743 24
      vertex 3 42 0
      vertex 2.60843 41.9743 0
    endloop
  endfacet
  facet normal -1 0 0
    outer loop
      vertex 0 27.5 15
      vertex 0 39 0
      vertex 0 27.5 6
    endloop
  endfacet
  facet normal -1 0 0
    outer loop
      vertex 0 39 0
      vertex 0 14.5 6
      vertex 0 27.5 6
    endloop
  endfacet
  facet normal -1 -0 0
    outer loop
      vertex 0 14.5 6
      vertex 0 3 0
      vertex 0 14.5 15
    endloop
  endfacet
  facet normal -1 0 0
    outer loop
      vertex 0 3 0
      vertex 0 14.5 6
      vertex 0 39 0
    endloop
  endfacet
  facet normal -1 0 0
    outer loop
      vertex 0 39 0
      vertex 0 27.5 15
      vertex 0 39 24
    endloop
  endfacet
  facet normal -1 0 0
    outer loop
      vertex 0 14.5 15
      vertex 0 39 24
      vertex 0 27.5 15
    endloop
  endfacet
  facet normal -1 0 0
    outer loop
      vertex 0 14.5 15
      vertex 0 3 24
      vertex 0 39 24
    endloop
  endfacet
  facet normal -1 0 0
    outer loop
      vertex 0 3 24
      vertex 0 14.5 15
      vertex 0 3 0
    endloop
  endfacet
  facet normal -0.321574 0.946885 0
    outer loop
      vertex 2.22354 41.8978 0
      vertex 1.85194 41.7716 24
      vertex 2.22354 41.8978 24
    endloop
  endfacet
  facet normal -0.321574 0.946885 0
    outer loop
      vertex 1.85194 41.7716 24
      vertex 2.22354 41.8978 0
      vertex 1.85194 41.7716 0
    endloop
  endfacet
  facet normal 0.555877 0.831265 -0
    outer loop
      vertex 103.826 41.3801 0
      vertex 103.5 41.5981 24
      vertex 103.826 41.3801 24
    endloop
  endfacet
  facet normal 0.555877 0.831265 0
    outer loop
      vertex 103.5 41.5981 24
      vertex 103.826 41.3801 0
      vertex 103.5 41.5981 0
    endloop
  endfacet
  facet normal 0.442221 -0.896906 0
    outer loop
      vertex 103.148 0.228363 0
      vertex 103.5 0.401917 24
      vertex 103.148 0.228363 24
    endloop
  endfacet
  facet normal 0.442221 -0.896906 0
    outer loop
      vertex 103.5 0.401917 24
      vertex 103.148 0.228363 0
      vertex 103.5 0.401917 0
    endloop
  endfacet
  facet normal 0 0 1
    outer loop
      vertex 103 39 24
      vertex 105 39 24
      vertex 104.974 39.3916 24
    endloop
  endfacet
  facet normal 0 0 1
    outer loop
      vertex 105 39 24
      vertex 103 39 24
      vertex 105 3 24
    endloop
  endfacet
  facet normal 0 0 1
    outer loop
      vertex 102.991 39.1305 24
      vertex 104.974 39.3916 24
      vertex 104.898 39.7765 24
    endloop
  endfacet
  facet normal 0 0 1
    outer loop
      vertex 103 3 24
      vertex 105 3 24
      vertex 103 39 24
    endloop
  endfacet
  facet normal 0 0 1
    outer loop
      vertex 102.966 39.2588 24
      vertex 104.898 39.7765 24
      vertex 104.772 40.1481 24
    endloop
  endfacet
  facet normal 0 0 1
    outer loop
      vertex 105 3 24
      vertex 103 3 24
      vertex 104.974 2.60843 24
    endloop
  endfacet
  facet normal 0 0 1
    outer loop
      vertex 102.924 39.3827 24
      vertex 104.772 40.1481 24
      vertex 104.598 40.5 24
    endloop
  endfacet
  facet normal -0 0 1
    outer loop
      vertex 102.991 2.86948 24
      vertex 104.974 2.60843 24
      vertex 103 3 24
    endloop
  endfacet
  facet normal 0 0 1
    outer loop
      vertex 102.866 39.5 24
      vertex 104.598 40.5 24
      vertex 104.38 40.8263 24
    endloop
  endfacet
  facet normal 0 0 1
    outer loop
      vertex 104.974 2.60843 24
      vertex 102.991 2.86948 24
      vertex 104.898 2.22354 24
    endloop
  endfacet
  facet normal 0 0 1
    outer loop
      vertex 102.793 39.6088 24
      vertex 104.38 40.8263 24
      vertex 104.121 41.1213 24
    endloop
  endfacet
  facet normal -0 0 1
    outer loop
      vertex 102.966 2.74118 24
      vertex 104.898 2.22354 24
      vertex 102.991 2.86948 24
    endloop
  endfacet
  facet normal 0 0 1
    outer loop
      vertex 102.707 39.7071 24
      vertex 104.121 41.1213 24
      vertex 103.826 41.3801 24
    endloop
  endfacet
  facet normal 0 0 1
    outer loop
      vertex 104.898 2.22354 24
      vertex 102.966 2.74118 24
      vertex 104.772 1.85194 24
    endloop
  endfacet
  facet normal 0 0 1
    outer loop
      vertex 102.609 39.7934 24
      vertex 103.826 41.3801 24
      vertex 103.5 41.5981 24
    endloop
  endfacet
  facet normal -0 0 1
    outer loop
      vertex 102.924 2.61731 24
      vertex 104.772 1.85194 24
      vertex 102.966 2.74118 24
    endloop
  endfacet
  facet normal 0 0 1
    outer loop
      vertex 102.5 39.866 24
      vertex 103.5 41.5981 24
      vertex 103.148 41.7716 24
    endloop
  endfacet
  facet normal 0 0 1
    outer loop
      vertex 104.772 1.85194 24
      vertex 102.924 2.61731 24
      vertex 104.598 1.5 24
    endloop
  endfacet
  facet normal -0 0 1
    outer loop
      vertex 102.866 2.5 24
      vertex 104.598 1.5 24
      vertex 102.924 2.61731 24
    endloop
  endfacet
  facet normal 0 0 1
    outer loop
      vertex 104.974 39.3916 24
      vertex 102.991 39.1305 24
      vertex 103 39 24
    endloop
  endfacet
  facet normal 0 0 1
    outer loop
      vertex 104.898 39.7765 24
      vertex 102.966 39.2588 24
      vertex 102.991 39.1305 24
    endloop
  endfacet
  facet normal 0 0 1
    outer loop
      vertex 104.772 40.1481 24
      vertex 102.924 39.3827 24
      vertex 102.966 39.2588 24
    endloop
  endfacet
  facet normal 0 0 1
    outer loop
      vertex 104.598 40.5 24
      vertex 102.866 39.5 24
      vertex 102.924 39.3827 24
    endloop
  endfacet
  facet normal 0 0 1
    outer loop
      vertex 104.38 40.8263 24
      vertex 102.793 39.6088 24
      vertex 102.866 39.5 24
    endloop
  endfacet
  facet normal 0 0 1
    outer loop
      vertex 102.383 39.9239 24
      vertex 103.148 41.7716 24
      vertex 102.776 41.8978 24
    endloop
  endfacet
  facet normal 0 0 1
    outer loop
      vertex 104.121 41.1213 24
      vertex 102.707 39.7071 24
      vertex 102.793 39.6088 24
    endloop
  endfacet
  facet normal 0 0 1
    outer loop
      vertex 103.826 41.3801 24
      vertex 102.609 39.7934 24
      vertex 102.707 39.7071 24
    endloop
  endfacet
  facet normal 0 0 1
    outer loop
      vertex 103.5 41.5981 24
      vertex 102.5 39.866 24
      vertex 102.609 39.7934 24
    endloop
  endfacet
  facet normal 0 0 1
    outer loop
      vertex 102.259 39.9659 24
      vertex 102.776 41.8978 24
      vertex 102.392 41.9743 24
    endloop
  endfacet
  facet normal 0 0 1
    outer loop
      vertex 103.148 41.7716 24
      vertex 102.383 39.9239 24
      vertex 102.5 39.866 24
    endloop
  endfacet
  facet normal 0 0 1
    outer loop
      vertex 102.776 41.8978 24
      vertex 102.259 39.9659 24
      vertex 102.383 39.9239 24
    endloop
  endfacet
  facet normal 0 0 1
    outer loop
      vertex 102.392 41.9743 24
      vertex 102.131 39.9914 24
      vertex 102.259 39.9659 24
    endloop
  endfacet
  facet normal 0 0 1
    outer loop
      vertex 102 42 24
      vertex 102.131 39.9914 24
      vertex 102.392 41.9743 24
    endloop
  endfacet
  facet normal 0 0 1
    outer loop
      vertex 102 42 24
      vertex 102 40 24
      vertex 102.131 39.9914 24
    endloop
  endfacet
  facet normal -0 0 1
    outer loop
      vertex 3 42 24
      vertex 102 40 24
      vertex 102 42 24
    endloop
  endfacet
  facet normal 0 0 1
    outer loop
      vertex 3 42 24
      vertex 3 40 24
      vertex 102 40 24
    endloop
  endfacet
  facet normal 0 0 1
    outer loop
      vertex 3 42 24
      vertex 2.86948 39.9914 24
      vertex 3 40 24
    endloop
  endfacet
  facet normal -0 0 1
    outer loop
      vertex 2.60843 41.9743 24
      vertex 2.86948 39.9914 24
      vertex 3 42 24
    endloop
  endfacet
  facet normal 0 0 1
    outer loop
      vertex 2.86948 39.9914 24
      vertex 2.60843 41.9743 24
      vertex 2.74118 39.9659 24
    endloop
  endfacet
  facet normal -0 0 1
    outer loop
      vertex 2.22354 41.8978 24
      vertex 2.74118 39.9659 24
      vertex 2.60843 41.9743 24
    endloop
  endfacet
  facet normal 0 0 1
    outer loop
      vertex 2.74118 39.9659 24
      vertex 2.22354 41.8978 24
      vertex 2.61731 39.9239 24
    endloop
  endfacet
  facet normal -0 0 1
    outer loop
      vertex 1.85194 41.7716 24
      vertex 2.61731 39.9239 24
      vertex 2.22354 41.8978 24
    endloop
  endfacet
  facet normal 0 0 1
    outer loop
      vertex 2.61731 39.9239 24
      vertex 1.85194 41.7716 24
      vertex 2.5 39.866 24
    endloop
  endfacet
  facet normal -0 0 1
    outer loop
      vertex 1.5 41.5981 24
      vertex 2.5 39.866 24
      vertex 1.85194 41.7716 24
    endloop
  endfacet
  facet normal 0 0 1
    outer loop
      vertex 2.5 39.866 24
      vertex 1.5 41.5981 24
      vertex 2.39124 39.7934 24
    endloop
  endfacet
  facet normal -0 0 1
    outer loop
      vertex 1.17372 41.3801 24
      vertex 2.39124 39.7934 24
      vertex 1.5 41.5981 24
    endloop
  endfacet
  facet normal 0 0 1
    outer loop
      vertex 2.39124 39.7934 24
      vertex 1.17372 41.3801 24
      vertex 2.29289 39.7071 24
    endloop
  endfacet
  facet normal -0 0 1
    outer loop
      vertex 0.878677 41.1213 24
      vertex 2.29289 39.7071 24
      vertex 1.17372 41.3801 24
    endloop
  endfacet
  facet normal 0 0 1
    outer loop
      vertex 2.29289 39.7071 24
      vertex 0.878677 41.1213 24
      vertex 2.20665 39.6088 24
    endloop
  endfacet
  facet normal -0 0 1
    outer loop
      vertex 0.401917 40.5 24
      vertex 2.13397 39.5 24
      vertex 0.619934 40.8263 24
    endloop
  endfacet
  facet normal 0 0 1
    outer loop
      vertex 2.20665 39.6088 24
      vertex 0.619934 40.8263 24
      vertex 2.13397 39.5 24
    endloop
  endfacet
  facet normal -0 0 1
    outer loop
      vertex 0.619934 40.8263 24
      vertex 2.20665 39.6088 24
      vertex 0.878677 41.1213 24
    endloop
  endfacet
  facet normal 0 0 1
    outer loop
      vertex 104.598 1.5 24
      vertex 102.866 2.5 24
      vertex 104.38 1.17372 24
    endloop
  endfacet
  facet normal -0 0 1
    outer loop
      vertex 102.793 2.39124 24
      vertex 104.38 1.17372 24
      vertex 102.866 2.5 24
    endloop
  endfacet
  facet normal 0 0 1
    outer loop
      vertex 104.38 1.17372 24
      vertex 102.793 2.39124 24
      vertex 104.121 0.878677 24
    endloop
  endfacet
  facet normal -0 0 1
    outer loop
      vertex 102.707 2.29289 24
      vertex 104.121 0.878677 24
      vertex 102.793 2.39124 24
    endloop
  endfacet
  facet normal 0 0 1
    outer loop
      vertex 104.121 0.878677 24
      vertex 102.707 2.29289 24
      vertex 103.826 0.619934 24
    endloop
  endfacet
  facet normal -0 0 1
    outer loop
      vertex 102.609 2.20665 24
      vertex 103.826 0.619934 24
      vertex 102.707 2.29289 24
    endloop
  endfacet
  facet normal 0 0 1
    outer loop
      vertex 103.826 0.619934 24
      vertex 102.609 2.20665 24
      vertex 103.5 0.401917 24
    endloop
  endfacet
  facet normal -0 0 1
    outer loop
      vertex 102.5 2.13397 24
      vertex 103.5 0.401917 24
      vertex 102.609 2.20665 24
    endloop
  endfacet
  facet normal 0 0 1
    outer loop
      vertex 103.5 0.401917 24
      vertex 102.5 2.13397 24
      vertex 103.148 0.228363 24
    endloop
  endfacet
  facet normal -0 0 1
    outer loop
      vertex 102.383 2.07613 24
      vertex 103.148 0.228363 24
      vertex 102.5 2.13397 24
    endloop
  endfacet
  facet normal 0 0 1
    outer loop
      vertex 103.148 0.228363 24
      vertex 102.383 2.07613 24
      vertex 102.776 0.102219 24
    endloop
  endfacet
  facet normal -0 0 1
    outer loop
      vertex 102.259 2.03407 24
      vertex 102.776 0.102219 24
      vertex 102.383 2.07613 24
    endloop
  endfacet
  facet normal 0 0 1
    outer loop
      vertex 102.776 0.102219 24
      vertex 102.259 2.03407 24
      vertex 102.392 0.0256653 24
    endloop
  endfacet
  facet normal -0 0 1
    outer loop
      vertex 102.131 2.00856 24
      vertex 102.392 0.0256653 24
      vertex 102.259 2.03407 24
    endloop
  endfacet
  facet normal -0 0 1
    outer loop
      vertex 102 2 24
      vertex 102.392 0.0256653 24
      vertex 102.131 2.00856 24
    endloop
  endfacet
  facet normal 0 0 1
    outer loop
      vertex 102 2 24
      vertex 102 0 24
      vertex 102.392 0.0256653 24
    endloop
  endfacet
  facet normal -0 0 1
    outer loop
      vertex 3 2 24
      vertex 102 0 24
      vertex 102 2 24
    endloop
  endfacet
  facet normal 0 0 1
    outer loop
      vertex 3 2 24
      vertex 3 0 24
      vertex 102 0 24
    endloop
  endfacet
  facet normal 0 0 1
    outer loop
      vertex 2.86948 2.00856 24
      vertex 3 0 24
      vertex 3 2 24
    endloop
  endfacet
  facet normal 0 0 1
    outer loop
      vertex 2.60843 0.0256653 24
      vertex 2.86948 2.00856 24
      vertex 2.74118 2.03407 24
    endloop
  endfacet
  facet normal 0 0 1
    outer loop
      vertex 2.22354 0.102219 24
      vertex 2.74118 2.03407 24
      vertex 2.61731 2.07613 24
    endloop
  endfacet
  facet normal 0 0 1
    outer loop
      vertex 2.86948 2.00856 24
      vertex 2.60843 0.0256653 24
      vertex 3 0 24
    endloop
  endfacet
  facet normal 0 0 1
    outer loop
      vertex 1.85194 0.228363 24
      vertex 2.61731 2.07613 24
      vertex 2.5 2.13397 24
    endloop
  endfacet
  facet normal 0 0 1
    outer loop
      vertex 1.5 0.401917 24
      vertex 2.5 2.13397 24
      vertex 2.39124 2.20665 24
    endloop
  endfacet
  facet normal 0 0 1
    outer loop
      vertex 1.17372 0.619934 24
      vertex 2.39124 2.20665 24
      vertex 2.29289 2.29289 24
    endloop
  endfacet
  facet normal 0 0 1
    outer loop
      vertex 2.74118 2.03407 24
      vertex 2.22354 0.102219 24
      vertex 2.60843 0.0256653 24
    endloop
  endfacet
  facet normal 0 0 1
    outer loop
      vertex 0.878677 0.878677 24
      vertex 2.29289 2.29289 24
      vertex 2.20665 2.39124 24
    endloop
  endfacet
  facet normal 0 0 1
    outer loop
      vertex 0.619934 1.17372 24
      vertex 2.20665 2.39124 24
      vertex 2.13397 2.5 24
    endloop
  endfacet
  facet normal 0 0 1
    outer loop
      vertex 0.401917 1.5 24
      vertex 2.13397 2.5 24
      vertex 2.07613 2.61731 24
    endloop
  endfacet
  facet normal 0 0 1
    outer loop
      vertex 0.228363 1.85194 24
      vertex 2.07613 2.61731 24
      vertex 2.03407 2.74118 24
    endloop
  endfacet
  facet normal 0 0 1
    outer loop
      vertex 0.102219 2.22354 24
      vertex 2.03407 2.74118 24
      vertex 2.00856 2.86948 24
    endloop
  endfacet
  facet normal 0 0 1
    outer loop
      vertex 2.61731 2.07613 24
      vertex 1.85194 0.228363 24
      vertex 2.22354 0.102219 24
    endloop
  endfacet
  facet normal 0 0 1
    outer loop
      vertex 0.0256653 2.60843 24
      vertex 2.00856 2.86948 24
      vertex 2 3 24
    endloop
  endfacet
  facet normal 0 0 1
    outer loop
      vertex 2 39 24
      vertex 0 39 24
      vertex 2 3 24
    endloop
  endfacet
  facet normal 0 0 1
    outer loop
      vertex 2.13397 39.5 24
      vertex 0.401917 40.5 24
      vertex 2.07613 39.3827 24
    endloop
  endfacet
  facet normal 0 0 1
    outer loop
      vertex 0 3 24
      vertex 2 3 24
      vertex 0 39 24
    endloop
  endfacet
  facet normal -0 0 1
    outer loop
      vertex 0.228363 40.1481 24
      vertex 2.07613 39.3827 24
      vertex 0.401917 40.5 24
    endloop
  endfacet
  facet normal 0 -0 1
    outer loop
      vertex 0.0256653 2.60843 24
      vertex 2 3 24
      vertex 0 3 24
    endloop
  endfacet
  facet normal 0 0 1
    outer loop
      vertex 2.07613 39.3827 24
      vertex 0.228363 40.1481 24
      vertex 2.03407 39.2588 24
    endloop
  endfacet
  facet normal 0 0 1
    outer loop
      vertex 2.5 2.13397 24
      vertex 1.5 0.401917 24
      vertex 1.85194 0.228363 24
    endloop
  endfacet
  facet normal -0 0 1
    outer loop
      vertex 0.102219 39.7765 24
      vertex 2.03407 39.2588 24
      vertex 0.228363 40.1481 24
    endloop
  endfacet
  facet normal 0 0 1
    outer loop
      vertex 2.39124 2.20665 24
      vertex 1.17372 0.619934 24
      vertex 1.5 0.401917 24
    endloop
  endfacet
  facet normal 0 0 1
    outer loop
      vertex 2.03407 39.2588 24
      vertex 0.102219 39.7765 24
      vertex 2.00856 39.1305 24
    endloop
  endfacet
  facet normal 0 0 1
    outer loop
      vertex 2.29289 2.29289 24
      vertex 0.878677 0.878677 24
      vertex 1.17372 0.619934 24
    endloop
  endfacet
  facet normal -0 0 1
    outer loop
      vertex 0.0256653 39.3916 24
      vertex 2.00856 39.1305 24
      vertex 0.102219 39.7765 24
    endloop
  endfacet
  facet normal 0 0 1
    outer loop
      vertex 2.20665 2.39124 24
      vertex 0.619934 1.17372 24
      vertex 0.878677 0.878677 24
    endloop
  endfacet
  facet normal 0 0 1
    outer loop
      vertex 2.00856 39.1305 24
      vertex 0.0256653 39.3916 24
      vertex 2 39 24
    endloop
  endfacet
  facet normal 0 0 1
    outer loop
      vertex 2.13397 2.5 24
      vertex 0.401917 1.5 24
      vertex 0.619934 1.17372 24
    endloop
  endfacet
  facet normal 0 0 1
    outer loop
      vertex 2 39 24
      vertex 0.0256653 39.3916 24
      vertex 0 39 24
    endloop
  endfacet
  facet normal 0 0 1
    outer loop
      vertex 2.07613 2.61731 24
      vertex 0.228363 1.85194 24
      vertex 0.401917 1.5 24
    endloop
  endfacet
  facet normal 0 0 1
    outer loop
      vertex 2.03407 2.74118 24
      vertex 0.102219 2.22354 24
      vertex 0.228363 1.85194 24
    endloop
  endfacet
  facet normal 0 0 1
    outer loop
      vertex 2.00856 2.86948 24
      vertex 0.0256653 2.60843 24
      vertex 0.102219 2.22354 24
    endloop
  endfacet
  facet normal 0 1 -0
    outer loop
      vertex 102 42 0
      vertex 3 42 24
      vertex 102 42 24
    endloop
  endfacet
  facet normal 0 1 0
    outer loop
      vertex 3 42 24
      vertex 102 42 0
      vertex 3 42 0
    endloop
  endfacet
  facet normal 0.659396 -0.751796 0
    outer loop
      vertex 103.826 0.619934 0
      vertex 104.121 0.878677 24
      vertex 103.826 0.619934 24
    endloop
  endfacet
  facet normal 0.659396 -0.751796 0
    outer loop
      vertex 104.121 0.878677 24
      vertex 103.826 0.619934 0
      vertex 104.121 0.878677 0
    endloop
  endfacet
  facet normal -0.321446 -0.946928 0
    outer loop
      vertex 1.85194 0.228363 0
      vertex 2.22354 0.102219 24
      vertex 1.85194 0.228363 24
    endloop
  endfacet
  facet normal -0.321446 -0.946928 -0
    outer loop
      vertex 2.22354 0.102219 24
      vertex 1.85194 0.228363 0
      vertex 2.22354 0.102219 0
    endloop
  endfacet
  facet normal -0.946928 0.321446 0
    outer loop
      vertex 0.102219 39.7765 0
      vertex 0.228363 40.1481 24
      vertex 0.228363 40.1481 0
    endloop
  endfacet
  facet normal -0.946928 0.321446 0
    outer loop
      vertex 0.228363 40.1481 24
      vertex 0.102219 39.7765 0
      vertex 0.102219 39.7765 24
    endloop
  endfacet
  facet normal -0.896856 0.442322 0
    outer loop
      vertex 0.228363 40.1481 0
      vertex 0.401917 40.5 24
      vertex 0.401917 40.5 0
    endloop
  endfacet
  facet normal -0.896856 0.442322 0
    outer loop
      vertex 0.401917 40.5 24
      vertex 0.228363 40.1481 0
      vertex 0.228363 40.1481 24
    endloop
  endfacet
  facet normal 1 -0 0
    outer loop
      vertex 105 24.7179 10.4895
      vertex 105 39 0
      vertex 105 39 24
    endloop
  endfacet
  facet normal 1 0 0
    outer loop
      vertex 105 39 0
      vertex 105 24.7179 10.4895
      vertex 105 24.75 10
    endloop
  endfacet
  facet normal 1 0 0
    outer loop
      vertex 105 39 24
      vertex 105 24.6222 10.9706
      vertex 105 24.7179 10.4895
    endloop
  endfacet
  facet normal 1 0 0
    outer loop
      vertex 105 39 24
      vertex 105 24.4645 11.4351
      vertex 105 24.6222 10.9706
    endloop
  endfacet
  facet normal 1 0 0
    outer loop
      vertex 105 39 24
      vertex 105 24.2476 11.875
      vertex 105 24.4645 11.4351
    endloop
  endfacet
  facet normal 1 0 0
    outer loop
      vertex 105 39 24
      vertex 105 23.9751 12.2829
      vertex 105 24.2476 11.875
    endloop
  endfacet
  facet normal 1 0 0
    outer loop
      vertex 105 39 24
      vertex 105 23.6516 12.6517
      vertex 105 23.9751 12.2829
    endloop
  endfacet
  facet normal 1 0 0
    outer loop
      vertex 105 39 24
      vertex 105 23.2829 12.9751
      vertex 105 23.6516 12.6517
    endloop
  endfacet
  facet normal 1 0 0
    outer loop
      vertex 105 39 24
      vertex 105 22.875 13.2476
      vertex 105 23.2829 12.9751
    endloop
  endfacet
  facet normal 1 0 0
    outer loop
      vertex 105 39 24
      vertex 105 22.4351 13.4645
      vertex 105 22.875 13.2476
    endloop
  endfacet
  facet normal 1 0 0
    outer loop
      vertex 105 39 24
      vertex 105 21.9706 13.6222
      vertex 105 22.4351 13.4645
    endloop
  endfacet
  facet normal 1 0 0
    outer loop
      vertex 105 39 24
      vertex 105 21.4895 13.7179
      vertex 105 21.9706 13.6222
    endloop
  endfacet
  facet normal 1 0 0
    outer loop
      vertex 105 39 24
      vertex 105 21 13.75
      vertex 105 21.4895 13.7179
    endloop
  endfacet
  facet normal 1 -0 0
    outer loop
      vertex 105 3 24
      vertex 105 21 13.75
      vertex 105 39 24
    endloop
  endfacet
  facet normal 1 0 0
    outer loop
      vertex 105 21 13.75
      vertex 105 3 24
      vertex 105 20.5105 13.7179
    endloop
  endfacet
  facet normal 1 0 0
    outer loop
      vertex 105 20.5105 13.7179
      vertex 105 3 24
      vertex 105 20.0294 13.6222
    endloop
  endfacet
  facet normal 1 0 0
    outer loop
      vertex 105 20.0294 13.6222
      vertex 105 3 24
      vertex 105 19.5649 13.4645
    endloop
  endfacet
  facet normal 1 0 0
    outer loop
      vertex 105 3 0
      vertex 105 17.2821 10.4895
      vertex 105 3 24
    endloop
  endfacet
  facet normal 1 0 0
    outer loop
      vertex 105 17.3778 10.9706
      vertex 105 3 24
      vertex 105 17.2821 10.4895
    endloop
  endfacet
  facet normal 1 0 0
    outer loop
      vertex 105 17.5354 11.4351
      vertex 105 3 24
      vertex 105 17.3778 10.9706
    endloop
  endfacet
  facet normal 1 0 0
    outer loop
      vertex 105 17.7524 11.875
      vertex 105 3 24
      vertex 105 17.5354 11.4351
    endloop
  endfacet
  facet normal 1 0 0
    outer loop
      vertex 105 18.0249 12.2829
      vertex 105 3 24
      vertex 105 17.7524 11.875
    endloop
  endfacet
  facet normal 1 0 0
    outer loop
      vertex 105 18.3483 12.6517
      vertex 105 3 24
      vertex 105 18.0249 12.2829
    endloop
  endfacet
  facet normal 1 0 0
    outer loop
      vertex 105 18.7171 12.9751
      vertex 105 3 24
      vertex 105 18.3483 12.6517
    endloop
  endfacet
  facet normal 1 0 0
    outer loop
      vertex 105 19.125 13.2476
      vertex 105 3 24
      vertex 105 18.7171 12.9751
    endloop
  endfacet
  facet normal 1 0 0
    outer loop
      vertex 105 19.5649 13.4645
      vertex 105 3 24
      vertex 105 19.125 13.2476
    endloop
  endfacet
  facet normal 1 -0 0
    outer loop
      vertex 105 24.7179 9.51053
      vertex 105 39 0
      vertex 105 24.75 10
    endloop
  endfacet
  facet normal 1 -0 0
    outer loop
      vertex 105 24.6222 9.02943
      vertex 105 39 0
      vertex 105 24.7179 9.51053
    endloop
  endfacet
  facet normal 1 -0 0
    outer loop
      vertex 105 24.4645 8.56494
      vertex 105 39 0
      vertex 105 24.6222 9.02943
    endloop
  endfacet
  facet normal 1 -0 0
    outer loop
      vertex 105 24.2476 8.125
      vertex 105 39 0
      vertex 105 24.4645 8.56494
    endloop
  endfacet
  facet normal 1 -0 0
    outer loop
      vertex 105 23.9751 7.71714
      vertex 105 39 0
      vertex 105 24.2476 8.125
    endloop
  endfacet
  facet normal 1 -0 0
    outer loop
      vertex 105 23.6516 7.34835
      vertex 105 39 0
      vertex 105 23.9751 7.71714
    endloop
  endfacet
  facet normal 1 -0 0
    outer loop
      vertex 105 23.2829 7.02492
      vertex 105 39 0
      vertex 105 23.6516 7.34835
    endloop
  endfacet
  facet normal 1 -0 0
    outer loop
      vertex 105 22.875 6.7524
      vertex 105 39 0
      vertex 105 23.2829 7.02492
    endloop
  endfacet
  facet normal 1 -0 0
    outer loop
      vertex 105 22.4351 6.53545
      vertex 105 39 0
      vertex 105 22.875 6.7524
    endloop
  endfacet
  facet normal 1 -0 0
    outer loop
      vertex 105 21.9706 6.37778
      vertex 105 39 0
      vertex 105 22.4351 6.53545
    endloop
  endfacet
  facet normal 1 -0 0
    outer loop
      vertex 105 21.4895 6.28208
      vertex 105 39 0
      vertex 105 21.9706 6.37778
    endloop
  endfacet
  facet normal 1 -0 0
    outer loop
      vertex 105 21 6.25
      vertex 105 39 0
      vertex 105 21.4895 6.28208
    endloop
  endfacet
  facet normal 1 0 0
    outer loop
      vertex 105 3 0
      vertex 105 21 6.25
      vertex 105 20.5105 6.28208
    endloop
  endfacet
  facet normal 1 0 0
    outer loop
      vertex 105 3 0
      vertex 105 20.5105 6.28208
      vertex 105 20.0294 6.37778
    endloop
  endfacet
  facet normal 1 0 0
    outer loop
      vertex 105 17.2821 10.4895
      vertex 105 3 0
      vertex 105 17.25 10
    endloop
  endfacet
  facet normal 1 0 0
    outer loop
      vertex 105 17.25 10
      vertex 105 3 0
      vertex 105 17.2821 9.51053
    endloop
  endfacet
  facet normal 1 0 0
    outer loop
      vertex 105 17.2821 9.51053
      vertex 105 3 0
      vertex 105 17.3778 9.02943
    endloop
  endfacet
  facet normal 1 0 0
    outer loop
      vertex 105 17.3778 9.02943
      vertex 105 3 0
      vertex 105 17.5354 8.56494
    endloop
  endfacet
  facet normal 1 0 0
    outer loop
      vertex 105 17.5354 8.56494
      vertex 105 3 0
      vertex 105 17.7524 8.125
    endloop
  endfacet
  facet normal 1 0 0
    outer loop
      vertex 105 17.7524 8.125
      vertex 105 3 0
      vertex 105 18.0249 7.71714
    endloop
  endfacet
  facet normal 1 0 0
    outer loop
      vertex 105 21 6.25
      vertex 105 3 0
      vertex 105 39 0
    endloop
  endfacet
  facet normal 1 0 0
    outer loop
      vertex 105 19.5649 6.53545
      vertex 105 3 0
      vertex 105 20.0294 6.37778
    endloop
  endfacet
  facet normal 1 0 0
    outer loop
      vertex 105 19.125 6.7524
      vertex 105 3 0
      vertex 105 19.5649 6.53545
    endloop
  endfacet
  facet normal 1 0 0
    outer loop
      vertex 105 18.7171 7.02492
      vertex 105 3 0
      vertex 105 19.125 6.7524
    endloop
  endfacet
  facet normal 1 0 0
    outer loop
      vertex 105 18.3483 7.34835
      vertex 105 3 0
      vertex 105 18.7171 7.02492
    endloop
  endfacet
  facet normal 1 0 0
    outer loop
      vertex 105 18.0249 7.71714
      vertex 105 3 0
      vertex 105 18.3483 7.34835
    endloop
  endfacet
  facet normal -0.442171 0.896931 0
    outer loop
      vertex 1.85194 41.7716 0
      vertex 1.5 41.5981 24
      vertex 1.85194 41.7716 24
    endloop
  endfacet
  facet normal -0.442171 0.896931 0
    outer loop
      vertex 1.5 41.5981 24
      vertex 1.85194 41.7716 0
      vertex 1.5 41.5981 0
    endloop
  endfacet
  facet normal 0.831485 -0.555547 0
    outer loop
      vertex 104.38 1.17372 24
      vertex 104.598 1.5 0
      vertex 104.598 1.5 24
    endloop
  endfacet
  facet normal 0.831485 -0.555547 0
    outer loop
      vertex 104.598 1.5 0
      vertex 104.38 1.17372 24
      vertex 104.38 1.17372 0
    endloop
  endfacet
  facet normal 0.195379 0.980728 -0
    outer loop
      vertex 102.776 41.8978 0
      vertex 102.392 41.9743 24
      vertex 102.776 41.8978 24
    endloop
  endfacet
  facet normal 0.195379 0.980728 0
    outer loop
      vertex 102.392 41.9743 24
      vertex 102.776 41.8978 0
      vertex 102.392 41.9743 0
    endloop
  endfacet
  facet normal 0.751519 -0.659712 0
    outer loop
      vertex 104.121 0.878677 24
      vertex 104.38 1.17372 0
      vertex 104.38 1.17372 24
    endloop
  endfacet
  facet normal 0.751519 -0.659712 0
    outer loop
      vertex 104.38 1.17372 0
      vertex 104.121 0.878677 24
      vertex 104.121 0.878677 0
    endloop
  endfacet
  facet normal -0.194945 0.980814 0
    outer loop
      vertex 2.60843 41.9743 0
      vertex 2.22354 41.8978 24
      vertex 2.60843 41.9743 24
    endloop
  endfacet
  facet normal -0.194945 0.980814 0
    outer loop
      vertex 2.22354 41.8978 24
      vertex 2.60843 41.9743 0
      vertex 2.22354 41.8978 0
    endloop
  endfacet
  facet normal 0.997803 -0.0662535 0
    outer loop
      vertex 104.974 2.60843 24
      vertex 105 3 0
      vertex 105 3 24
    endloop
  endfacet
  facet normal 0.997803 -0.0662535 0
    outer loop
      vertex 105 3 0
      vertex 104.974 2.60843 24
      vertex 104.974 2.60843 0
    endloop
  endfacet
  facet normal -0.980789 0.195072 0
    outer loop
      vertex 0.0256653 39.3916 0
      vertex 0.102219 39.7765 24
      vertex 0.102219 39.7765 0
    endloop
  endfacet
  facet normal -0.980789 0.195072 0
    outer loop
      vertex 0.102219 39.7765 24
      vertex 0.0256653 39.3916 0
      vertex 0.0256653 39.3916 24
    endloop
  endfacet
  facet normal -0.555547 0.831485 0
    outer loop
      vertex 1.5 41.5981 0
      vertex 1.17372 41.3801 24
      vertex 1.5 41.5981 24
    endloop
  endfacet
  facet normal -0.555547 0.831485 0
    outer loop
      vertex 1.17372 41.3801 24
      vertex 1.5 41.5981 0
      vertex 1.17372 41.3801 0
    endloop
  endfacet
  facet normal -0.997859 -0.0654043 0
    outer loop
      vertex 0.0256653 2.60843 0
      vertex 0 3 24
      vertex 0 3 0
    endloop
  endfacet
  facet normal -0.997859 -0.0654043 0
    outer loop
      vertex 0 3 24
      vertex 0.0256653 2.60843 0
      vertex 0.0256653 2.60843 24
    endloop
  endfacet
  facet normal 0.751471 0.659766 0
    outer loop
      vertex 104.38 40.8263 24
      vertex 104.121 41.1213 0
      vertex 104.121 41.1213 24
    endloop
  endfacet
  facet normal 0.751471 0.659766 0
    outer loop
      vertex 104.121 41.1213 0
      vertex 104.38 40.8263 24
      vertex 104.38 40.8263 0
    endloop
  endfacet
  facet normal 0.0654208 0.997858 -0
    outer loop
      vertex 102.392 41.9743 0
      vertex 102 42 24
      vertex 102.392 41.9743 24
    endloop
  endfacet
  facet normal 0.0654208 0.997858 0
    outer loop
      vertex 102 42 24
      vertex 102.392 41.9743 0
      vertex 102 42 0
    endloop
  endfacet
  facet normal -0.751796 0.659396 0
    outer loop
      vertex 0.619934 40.8263 0
      vertex 0.878677 41.1213 24
      vertex 0.878677 41.1213 0
    endloop
  endfacet
  facet normal -0.751796 0.659396 0
    outer loop
      vertex 0.878677 41.1213 24
      vertex 0.619934 40.8263 0
      vertex 0.619934 40.8263 24
    endloop
  endfacet
  facet normal 0.831501 0.555523 0
    outer loop
      vertex 104.598 40.5 24
      vertex 104.38 40.8263 0
      vertex 104.38 40.8263 24
    endloop
  endfacet
  facet normal 0.831501 0.555523 0
    outer loop
      vertex 104.38 40.8263 0
      vertex 104.598 40.5 24
      vertex 104.598 40.5 0
    endloop
  endfacet
  facet normal -0.831481 0.555553 0
    outer loop
      vertex 0.401917 40.5 0
      vertex 0.619934 40.8263 24
      vertex 0.619934 40.8263 0
    endloop
  endfacet
  facet normal -0.831481 0.555553 0
    outer loop
      vertex 0.619934 40.8263 24
      vertex 0.401917 40.5 0
      vertex 0.401917 40.5 24
    endloop
  endfacet
  facet normal -0.751843 -0.659342 0
    outer loop
      vertex 0.878677 0.878677 0
      vertex 0.619934 1.17372 24
      vertex 0.619934 1.17372 0
    endloop
  endfacet
  facet normal -0.751843 -0.659342 0
    outer loop
      vertex 0.619934 1.17372 24
      vertex 0.878677 0.878677 0
      vertex 0.878677 0.878677 24
    endloop
  endfacet
  facet normal 0.659478 0.751724 -0
    outer loop
      vertex 104.121 41.1213 0
      vertex 103.826 41.3801 24
      vertex 104.121 41.1213 24
    endloop
  endfacet
  facet normal 0.659478 0.751724 0
    outer loop
      vertex 103.826 41.3801 24
      vertex 104.121 41.1213 0
      vertex 103.826 41.3801 0
    endloop
  endfacet
  facet normal 0.896405 0.443235 0
    outer loop
      vertex 104.772 40.1481 24
      vertex 104.598 40.5 0
      vertex 104.598 40.5 24
    endloop
  endfacet
  facet normal 0.896405 0.443235 0
    outer loop
      vertex 104.598 40.5 0
      vertex 104.772 40.1481 24
      vertex 104.772 40.1481 0
    endloop
  endfacet
  facet normal 0.981058 0.193714 0
    outer loop
      vertex 104.974 39.3916 24
      vertex 104.898 39.7765 0
      vertex 104.898 39.7765 24
    endloop
  endfacet
  facet normal 0.981058 0.193714 0
    outer loop
      vertex 104.898 39.7765 0
      vertex 104.974 39.3916 24
      vertex 104.974 39.3916 0
    endloop
  endfacet
  facet normal 0.94704 -0.321117 0
    outer loop
      vertex 104.772 1.85194 24
      vertex 104.898 2.22354 0
      vertex 104.898 2.22354 24
    endloop
  endfacet
  facet normal 0.94704 -0.321117 0
    outer loop
      vertex 104.898 2.22354 0
      vertex 104.772 1.85194 24
      vertex 104.772 1.85194 0
    endloop
  endfacet
  facet normal 0.896425 -0.443195 0
    outer loop
      vertex 104.598 1.5 24
      vertex 104.772 1.85194 0
      vertex 104.772 1.85194 24
    endloop
  endfacet
  facet normal 0.896425 -0.443195 0
    outer loop
      vertex 104.772 1.85194 0
      vertex 104.598 1.5 24
      vertex 104.598 1.5 0
    endloop
  endfacet
  facet normal -0.997859 0.0653993 0
    outer loop
      vertex 0 39 0
      vertex 0.0256653 39.3916 24
      vertex 0.0256653 39.3916 0
    endloop
  endfacet
  facet normal -0.997859 0.0653993 0
    outer loop
      vertex 0.0256653 39.3916 24
      vertex 0 39 0
      vertex 0 39 24
    endloop
  endfacet
  facet normal 0.997803 0.0662484 0
    outer loop
      vertex 105 39 24
      vertex 104.974 39.3916 0
      vertex 104.974 39.3916 24
    endloop
  endfacet
  facet normal 0.997803 0.0662484 0
    outer loop
      vertex 104.974 39.3916 0
      vertex 105 39 24
      vertex 105 39 0
    endloop
  endfacet
  facet normal -0.442281 -0.896876 0
    outer loop
      vertex 1.5 0.401917 0
      vertex 1.85194 0.228363 24
      vertex 1.5 0.401917 24
    endloop
  endfacet
  facet normal -0.442281 -0.896876 -0
    outer loop
      vertex 1.85194 0.228363 24
      vertex 1.5 0.401917 0
      vertex 1.85194 0.228363 0
    endloop
  endfacet
  facet normal 0.555906 -0.831245 0
    outer loop
      vertex 103.5 0.401917 0
      vertex 103.826 0.619934 24
      vertex 103.5 0.401917 24
    endloop
  endfacet
  facet normal 0.555906 -0.831245 0
    outer loop
      vertex 103.826 0.619934 24
      vertex 103.5 0.401917 0
      vertex 103.826 0.619934 0
    endloop
  endfacet
  facet normal -0.555577 -0.831465 0
    outer loop
      vertex 1.17372 0.619934 0
      vertex 1.5 0.401917 24
      vertex 1.17372 0.619934 24
    endloop
  endfacet
  facet normal -0.555577 -0.831465 -0
    outer loop
      vertex 1.5 0.401917 24
      vertex 1.17372 0.619934 0
      vertex 1.5 0.401917 0
    endloop
  endfacet
  facet normal 0.44211 0.896961 -0
    outer loop
      vertex 103.5 41.5981 0
      vertex 103.148 41.7716 24
      vertex 103.5 41.5981 24
    endloop
  endfacet
  facet normal 0.44211 0.896961 0
    outer loop
      vertex 103.148 41.7716 24
      vertex 103.5 41.5981 0
      vertex 103.148 41.7716 0
    endloop
  endfacet
  facet normal -0.896876 -0.442281 0
    outer loop
      vertex 0.401917 1.5 0
      vertex 0.228363 1.85194 24
      vertex 0.228363 1.85194 0
    endloop
  endfacet
  facet normal -0.896876 -0.442281 0
    outer loop
      vertex 0.228363 1.85194 24
      vertex 0.401917 1.5 0
      vertex 0.401917 1.5 24
    endloop
  endfacet
  facet normal -0.980788 -0.195076 0
    outer loop
      vertex 0.102219 2.22354 0
      vertex 0.0256653 2.60843 24
      vertex 0.0256653 2.60843 0
    endloop
  endfacet
  facet normal -0.980788 -0.195076 0
    outer loop
      vertex 0.0256653 2.60843 24
      vertex 0.102219 2.22354 0
      vertex 0.102219 2.22354 24
    endloop
  endfacet
  facet normal -0.831465 -0.555577 0
    outer loop
      vertex 0.619934 1.17372 0
      vertex 0.401917 1.5 24
      vertex 0.401917 1.5 0
    endloop
  endfacet
  facet normal -0.831465 -0.555577 0
    outer loop
      vertex 0.401917 1.5 24
      vertex 0.619934 1.17372 0
      vertex 0.619934 1.17372 24
    endloop
  endfacet
  facet normal -0.659342 -0.751843 0
    outer loop
      vertex 0.878677 0.878677 0
      vertex 1.17372 0.619934 24
      vertex 0.878677 0.878677 24
    endloop
  endfacet
  facet normal -0.659342 -0.751843 -0
    outer loop
      vertex 1.17372 0.619934 24
      vertex 0.878677 0.878677 0
      vertex 1.17372 0.619934 0
    endloop
  endfacet
  facet normal -0.946928 -0.321446 0
    outer loop
      vertex 0.228363 1.85194 0
      vertex 0.102219 2.22354 24
      vertex 0.102219 2.22354 0
    endloop
  endfacet
  facet normal -0.946928 -0.321446 0
    outer loop
      vertex 0.102219 2.22354 24
      vertex 0.228363 1.85194 0
      vertex 0.228363 1.85194 24
    endloop
  endfacet
  facet normal 0 0 -1
    outer loop
      vertex 102 0 0
      vertex 105 3 0
      vertex 104.974 2.60843 0
    endloop
  endfacet
  facet normal -0 0 -1
    outer loop
      vertex 105 3 0
      vertex 102 0 0
      vertex 105 39 0
    endloop
  endfacet
  facet normal 0 0 -1
    outer loop
      vertex 102 0 0
      vertex 104.974 2.60843 0
      vertex 104.898 2.22354 0
    endloop
  endfacet
  facet normal 0 0 -1
    outer loop
      vertex 102 42 0
      vertex 105 39 0
      vertex 102 0 0
    endloop
  endfacet
  facet normal 0 0 -1
    outer loop
      vertex 102 0 0
      vertex 104.898 2.22354 0
      vertex 104.772 1.85194 0
    endloop
  endfacet
  facet normal 0 0 -1
    outer loop
      vertex 105 39 0
      vertex 102 42 0
      vertex 104.974 39.3916 0
    endloop
  endfacet
  facet normal 0 0 -1
    outer loop
      vertex 102 0 0
      vertex 104.772 1.85194 0
      vertex 104.598 1.5 0
    endloop
  endfacet
  facet normal 0 0 -1
    outer loop
      vertex 104.974 39.3916 0
      vertex 102 42 0
      vertex 104.898 39.7765 0
    endloop
  endfacet
  facet normal 0 0 -1
    outer loop
      vertex 102 0 0
      vertex 104.598 1.5 0
      vertex 104.38 1.17372 0
    endloop
  endfacet
  facet normal 0 0 -1
    outer loop
      vertex 104.898 39.7765 0
      vertex 102 42 0
      vertex 104.772 40.1481 0
    endloop
  endfacet
  facet normal 0 0 -1
    outer loop
      vertex 102 0 0
      vertex 104.38 1.17372 0
      vertex 104.121 0.878677 0
    endloop
  endfacet
  facet normal 0 0 -1
    outer loop
      vertex 104.772 40.1481 0
      vertex 102 42 0
      vertex 104.598 40.5 0
    endloop
  endfacet
  facet normal 0 0 -1
    outer loop
      vertex 102 0 0
      vertex 104.121 0.878677 0
      vertex 103.826 0.619934 0
    endloop
  endfacet
  facet normal 0 0 -1
    outer loop
      vertex 104.598 40.5 0
      vertex 102 42 0
      vertex 104.38 40.8263 0
    endloop
  endfacet
  facet normal 0 0 -1
    outer loop
      vertex 102 0 0
      vertex 103.826 0.619934 0
      vertex 103.5 0.401917 0
    endloop
  endfacet
  facet normal 0 0 -1
    outer loop
      vertex 104.38 40.8263 0
      vertex 102 42 0
      vertex 104.121 41.1213 0
    endloop
  endfacet
  facet normal 0 0 -1
    outer loop
      vertex 102 0 0
      vertex 103.5 0.401917 0
      vertex 103.148 0.228363 0
    endloop
  endfacet
  facet normal 0 0 -1
    outer loop
      vertex 104.121 41.1213 0
      vertex 102 42 0
      vertex 103.826 41.3801 0
    endloop
  endfacet
  facet normal 0 0 -1
    outer loop
      vertex 102 0 0
      vertex 103.148 0.228363 0
      vertex 102.776 0.102219 0
    endloop
  endfacet
  facet normal 0 0 -1
    outer loop
      vertex 103.826 41.3801 0
      vertex 102 42 0
      vertex 103.5 41.5981 0
    endloop
  endfacet
  facet normal 0 0 -1
    outer loop
      vertex 102 0 0
      vertex 102.776 0.102219 0
      vertex 102.392 0.0256653 0
    endloop
  endfacet
  facet normal 0 0 -1
    outer loop
      vertex 103.5 41.5981 0
      vertex 102 42 0
      vertex 103.148 41.7716 0
    endloop
  endfacet
  facet normal 0 0 -1
    outer loop
      vertex 103.148 41.7716 0
      vertex 102 42 0
      vertex 102.776 41.8978 0
    endloop
  endfacet
  facet normal 0 0 -1
    outer loop
      vertex 102.776 41.8978 0
      vertex 102 42 0
      vertex 102.392 41.9743 0
    endloop
  endfacet
  facet normal 0 0 -1
    outer loop
      vertex 3 0 0
      vertex 102 42 0
      vertex 102 0 0
    endloop
  endfacet
  facet normal 0 0 -1
    outer loop
      vertex 3 0 0
      vertex 3 42 0
      vertex 102 42 0
    endloop
  endfacet
  facet normal 0 0 -1
    outer loop
      vertex 0 3 0
      vertex 3 0 0
      vertex 2.60843 0.0256653 0
    endloop
  endfacet
  facet normal 0 0 -1
    outer loop
      vertex 3 0 0
      vertex 0 3 0
      vertex 3 42 0
    endloop
  endfacet
  facet normal 0 0 -1
    outer loop
      vertex 0 3 0
      vertex 2.60843 0.0256653 0
      vertex 2.22354 0.102219 0
    endloop
  endfacet
  facet normal 0 0 -1
    outer loop
      vertex 0 39 0
      vertex 3 42 0
      vertex 0 3 0
    endloop
  endfacet
  facet normal 0 0 -1
    outer loop
      vertex 0 3 0
      vertex 2.22354 0.102219 0
      vertex 1.85194 0.228363 0
    endloop
  endfacet
  facet normal 0 0 -1
    outer loop
      vertex 3 42 0
      vertex 0 39 0
      vertex 2.60843 41.9743 0
    endloop
  endfacet
  facet normal 0 0 -1
    outer loop
      vertex 0 3 0
      vertex 1.85194 0.228363 0
      vertex 1.5 0.401917 0
    endloop
  endfacet
  facet normal 0 0 -1
    outer loop
      vertex 2.60843 41.9743 0
      vertex 0 39 0
      vertex 2.22354 41.8978 0
    endloop
  endfacet
  facet normal 0 0 -1
    outer loop
      vertex 0 3 0
      vertex 1.5 0.401917 0
      vertex 1.17372 0.619934 0
    endloop
  endfacet
  facet normal 0 0 -1
    outer loop
      vertex 2.22354 41.8978 0
      vertex 0 39 0
      vertex 1.85194 41.7716 0
    endloop
  endfacet
  facet normal 0 0 -1
    outer loop
      vertex 0 3 0
      vertex 1.17372 0.619934 0
      vertex 0.878677 0.878677 0
    endloop
  endfacet
  facet normal 0 0 -1
    outer loop
      vertex 1.85194 41.7716 0
      vertex 0 39 0
      vertex 1.5 41.5981 0
    endloop
  endfacet
  facet normal 0 0 -1
    outer loop
      vertex 0 3 0
      vertex 0.878677 0.878677 0
      vertex 0.619934 1.17372 0
    endloop
  endfacet
  facet normal 0 0 -1
    outer loop
      vertex 1.5 41.5981 0
      vertex 0 39 0
      vertex 1.17372 41.3801 0
    endloop
  endfacet
  facet normal 0 0 -1
    outer loop
      vertex 0 3 0
      vertex 0.619934 1.17372 0
      vertex 0.401917 1.5 0
    endloop
  endfacet
  facet normal 0 0 -1
    outer loop
      vertex 1.17372 41.3801 0
      vertex 0 39 0
      vertex 0.878677 41.1213 0
    endloop
  endfacet
  facet normal 0 0 -1
    outer loop
      vertex 0 3 0
      vertex 0.401917 1.5 0
      vertex 0.228363 1.85194 0
    endloop
  endfacet
  facet normal 0 0 -1
    outer loop
      vertex 0.878677 41.1213 0
      vertex 0 39 0
      vertex 0.619934 40.8263 0
    endloop
  endfacet
  facet normal 0 0 -1
    outer loop
      vertex 0 3 0
      vertex 0.228363 1.85194 0
      vertex 0.102219 2.22354 0
    endloop
  endfacet
  facet normal 0 0 -1
    outer loop
      vertex 0.619934 40.8263 0
      vertex 0 39 0
      vertex 0.401917 40.5 0
    endloop
  endfacet
  facet normal 0 0 -1
    outer loop
      vertex 0 3 0
      vertex 0.102219 2.22354 0
      vertex 0.0256653 2.60843 0
    endloop
  endfacet
  facet normal 0 0 -1
    outer loop
      vertex 0.401917 40.5 0
      vertex 0 39 0
      vertex 0.228363 40.1481 0
    endloop
  endfacet
  facet normal 0 0 -1
    outer loop
      vertex 0.228363 40.1481 0
      vertex 0 39 0
      vertex 0.102219 39.7765 0
    endloop
  endfacet
  facet normal 0 0 -1
    outer loop
      vertex 0.102219 39.7765 0
      vertex 0 39 0
      vertex 0.0256653 39.3916 0
    endloop
  endfacet
  facet normal 0.981057 -0.193719 0
    outer loop
      vertex 104.898 2.22354 24
      vertex 104.974 2.60843 0
      vertex 104.974 2.60843 24
    endloop
  endfacet
  facet normal 0.981057 -0.193719 0
    outer loop
      vertex 104.974 2.60843 0
      vertex 104.898 2.22354 24
      vertex 104.898 2.22354 0
    endloop
  endfacet
  facet normal 0.0654432 0.997856 -0
    outer loop
      vertex 3 2 2
      vertex 2.86948 2.00856 24
      vertex 3 2 24
    endloop
  endfacet
  facet normal 0.0654432 0.997856 0
    outer loop
      vertex 2.86948 2.00856 24
      vertex 3 2 2
      vertex 2.86948 2.00856 2
    endloop
  endfacet
  facet normal -0.321218 0.947005 0
    outer loop
      vertex 102.383 2.07613 2
      vertex 102.259 2.03407 24
      vertex 102.383 2.07613 24
    endloop
  endfacet
  facet normal -0.321218 0.947005 0
    outer loop
      vertex 102.259 2.03407 24
      vertex 102.383 2.07613 2
      vertex 102.259 2.03407 2
    endloop
  endfacet
  facet normal 0 1 -0
    outer loop
      vertex 102 2 2
      vertex 3 2 24
      vertex 102 2 24
    endloop
  endfacet
  facet normal 0 1 0
    outer loop
      vertex 3 2 24
      vertex 102 2 2
      vertex 3 2 2
    endloop
  endfacet
  facet normal -0.195453 0.980713 0
    outer loop
      vertex 102.259 2.03407 2
      vertex 102.131 2.00856 24
      vertex 102.259 2.03407 24
    endloop
  endfacet
  facet normal -0.195453 0.980713 0
    outer loop
      vertex 102.131 2.00856 24
      vertex 102.259 2.03407 2
      vertex 102.131 2.00856 2
    endloop
  endfacet
  facet normal 0.195013 0.980801 -0
    outer loop
      vertex 2.86948 2.00856 2
      vertex 2.74118 2.03407 24
      vertex 2.86948 2.00856 24
    endloop
  endfacet
  facet normal 0.195013 0.980801 0
    outer loop
      vertex 2.74118 2.03407 24
      vertex 2.86948 2.00856 2
      vertex 2.74118 2.03407 2
    endloop
  endfacet
  facet normal 0.659559 -0.751653 0
    outer loop
      vertex 2.29289 39.7071 2
      vertex 2.39124 39.7934 24
      vertex 2.29289 39.7071 24
    endloop
  endfacet
  facet normal 0.659559 -0.751653 0
    outer loop
      vertex 2.39124 39.7934 24
      vertex 2.29289 39.7071 2
      vertex 2.39124 39.7934 2
    endloop
  endfacet
  facet normal -0.0652045 0.997872 0
    outer loop
      vertex 102.131 2.00856 2
      vertex 102 2 24
      vertex 102.131 2.00856 24
    endloop
  endfacet
  facet normal -0.0652045 0.997872 0
    outer loop
      vertex 102 2 24
      vertex 102.131 2.00856 2
      vertex 102 2 2
    endloop
  endfacet
  facet normal -0.320807 -0.947145 0
    outer loop
      vertex 102.259 39.9659 2
      vertex 102.383 39.9239 24
      vertex 102.259 39.9659 24
    endloop
  endfacet
  facet normal -0.320807 -0.947145 -0
    outer loop
      vertex 102.383 39.9239 24
      vertex 102.259 39.9659 2
      vertex 102.383 39.9239 2
    endloop
  endfacet
  facet normal -0.947066 -0.321039 0
    outer loop
      vertex 102.966 39.2588 2
      vertex 102.924 39.3827 24
      vertex 102.924 39.3827 2
    endloop
  endfacet
  facet normal -0.947066 -0.321039 0
    outer loop
      vertex 102.924 39.3827 24
      vertex 102.966 39.2588 2
      vertex 102.966 39.2588 24
    endloop
  endfacet
  facet normal 0.0657477 -0.997836 0
    outer loop
      vertex 2.86948 39.9914 2
      vertex 3 40 24
      vertex 2.86948 39.9914 24
    endloop
  endfacet
  facet normal 0.0657477 -0.997836 0
    outer loop
      vertex 3 40 24
      vertex 2.86948 39.9914 2
      vertex 3 40 2
    endloop
  endfacet
  facet normal 1 0 0
    outer loop
      vertex 2 39 24
      vertex 2 27.5 15
      vertex 2 39 2
    endloop
  endfacet
  facet normal 1 0 0
    outer loop
      vertex 2 39 24
      vertex 2 14.5 15
      vertex 2 27.5 15
    endloop
  endfacet
  facet normal 1 0 0
    outer loop
      vertex 2 3 2
      vertex 2 14.5 15
      vertex 2 3 24
    endloop
  endfacet
  facet normal 1 -0 0
    outer loop
      vertex 2 3 24
      vertex 2 14.5 15
      vertex 2 39 24
    endloop
  endfacet
  facet normal 1 -0 0
    outer loop
      vertex 2 27.5 6
      vertex 2 39 2
      vertex 2 27.5 15
    endloop
  endfacet
  facet normal 1 -0 0
    outer loop
      vertex 2 14.5 6
      vertex 2 39 2
      vertex 2 27.5 6
    endloop
  endfacet
  facet normal 1 0 0
    outer loop
      vertex 2 14.5 6
      vertex 2 3 2
      vertex 2 39 2
    endloop
  endfacet
  facet normal 1 0 0
    outer loop
      vertex 2 14.5 15
      vertex 2 3 2
      vertex 2 14.5 6
    endloop
  endfacet
  facet normal 0.321109 -0.947042 0
    outer loop
      vertex 2.61731 39.9239 2
      vertex 2.74118 39.9659 24
      vertex 2.61731 39.9239 24
    endloop
  endfacet
  facet normal 0.321109 -0.947042 0
    outer loop
      vertex 2.74118 39.9659 24
      vertex 2.61731 39.9239 2
      vertex 2.74118 39.9659 2
    endloop
  endfacet
  facet normal -0.554348 -0.832285 0
    outer loop
      vertex 102.5 39.866 2
      vertex 102.609 39.7934 24
      vertex 102.5 39.866 24
    endloop
  endfacet
  facet normal -0.554348 -0.832285 -0
    outer loop
      vertex 102.609 39.7934 24
      vertex 102.5 39.866 2
      vertex 102.609 39.7934 2
    endloop
  endfacet
  facet normal 0 -1 0
    outer loop
      vertex 3 40 2
      vertex 102 40 24
      vertex 3 40 24
    endloop
  endfacet
  facet normal 0 -1 -0
    outer loop
      vertex 102 40 24
      vertex 3 40 2
      vertex 102 40 2
    endloop
  endfacet
  facet normal -0.660628 0.750714 0
    outer loop
      vertex 102.707 2.29289 2
      vertex 102.609 2.20665 24
      vertex 102.707 2.29289 24
    endloop
  endfacet
  facet normal -0.660628 0.750714 0
    outer loop
      vertex 102.609 2.20665 24
      vertex 102.707 2.29289 2
      vertex 102.609 2.20665 2
    endloop
  endfacet
  facet normal 0.32152 0.946903 -0
    outer loop
      vertex 2.74118 2.03407 2
      vertex 2.61731 2.07613 24
      vertex 2.74118 2.03407 24
    endloop
  endfacet
  facet normal 0.32152 0.946903 0
    outer loop
      vertex 2.61731 2.07613 24
      vertex 2.74118 2.03407 2
      vertex 2.61731 2.07613 2
    endloop
  endfacet
  facet normal 0.946926 -0.321451 0
    outer loop
      vertex 2.03407 39.2588 24
      vertex 2.07613 39.3827 2
      vertex 2.07613 39.3827 24
    endloop
  endfacet
  facet normal 0.946926 -0.321451 0
    outer loop
      vertex 2.07613 39.3827 2
      vertex 2.03407 39.2588 24
      vertex 2.03407 39.2588 2
    endloop
  endfacet
  facet normal 0.6593 0.75188 -0
    outer loop
      vertex 2.39124 2.20665 2
      vertex 2.29289 2.29289 24
      vertex 2.39124 2.20665 24
    endloop
  endfacet
  facet normal 0.6593 0.75188 0
    outer loop
      vertex 2.29289 2.29289 24
      vertex 2.39124 2.20665 2
      vertex 2.29289 2.29289 2
    endloop
  endfacet
  facet normal 0.896891 -0.442252 0
    outer loop
      vertex 2.07613 39.3827 24
      vertex 2.13397 39.5 2
      vertex 2.13397 39.5 24
    endloop
  endfacet
  facet normal 0.896891 -0.442252 0
    outer loop
      vertex 2.13397 39.5 2
      vertex 2.07613 39.3827 24
      vertex 2.07613 39.3827 2
    endloop
  endfacet
  facet normal -1 0 0
    outer loop
      vertex 103 24.7179 10.4895
      vertex 103 39 2
      vertex 103 24.75 10
    endloop
  endfacet
  facet normal -1 0 0
    outer loop
      vertex 103 39 2
      vertex 103 24.7179 9.51053
      vertex 103 24.75 10
    endloop
  endfacet
  facet normal -1 0 0
    outer loop
      vertex 103 39 2
      vertex 103 24.6222 9.02943
      vertex 103 24.7179 9.51053
    endloop
  endfacet
  facet normal -1 0 0
    outer loop
      vertex 103 39 2
      vertex 103 24.4645 8.56494
      vertex 103 24.6222 9.02943
    endloop
  endfacet
  facet normal -1 0 0
    outer loop
      vertex 103 39 2
      vertex 103 24.2476 8.125
      vertex 103 24.4645 8.56494
    endloop
  endfacet
  facet normal -1 0 0
    outer loop
      vertex 103 39 2
      vertex 103 23.9751 7.71714
      vertex 103 24.2476 8.125
    endloop
  endfacet
  facet normal -1 0 0
    outer loop
      vertex 103 39 2
      vertex 103 23.6516 7.34835
      vertex 103 23.9751 7.71714
    endloop
  endfacet
  facet normal -1 0 0
    outer loop
      vertex 103 39 2
      vertex 103 23.2829 7.02492
      vertex 103 23.6516 7.34835
    endloop
  endfacet
  facet normal -1 0 0
    outer loop
      vertex 103 39 2
      vertex 103 22.875 6.7524
      vertex 103 23.2829 7.02492
    endloop
  endfacet
  facet normal -1 0 0
    outer loop
      vertex 103 39 2
      vertex 103 22.4351 6.53545
      vertex 103 22.875 6.7524
    endloop
  endfacet
  facet normal -1 0 0
    outer loop
      vertex 103 39 2
      vertex 103 21.9706 6.37778
      vertex 103 22.4351 6.53545
    endloop
  endfacet
  facet normal -1 0 0
    outer loop
      vertex 103 39 2
      vertex 103 21.4895 6.28208
      vertex 103 21.9706 6.37778
    endloop
  endfacet
  facet normal -1 0 0
    outer loop
      vertex 103 39 2
      vertex 103 21 6.25
      vertex 103 21.4895 6.28208
    endloop
  endfacet
  facet normal -1 0 0
    outer loop
      vertex 103 3 2
      vertex 103 21 6.25
      vertex 103 39 2
    endloop
  endfacet
  facet normal -1 -0 0
    outer loop
      vertex 103 21 6.25
      vertex 103 3 2
      vertex 103 20.5105 6.28208
    endloop
  endfacet
  facet normal -1 -0 0
    outer loop
      vertex 103 17.2821 9.51053
      vertex 103 3 2
      vertex 103 17.25 10
    endloop
  endfacet
  facet normal -1 -0 0
    outer loop
      vertex 103 17.3778 9.02943
      vertex 103 3 2
      vertex 103 17.2821 9.51053
    endloop
  endfacet
  facet normal -1 -0 0
    outer loop
      vertex 103 17.5354 8.56494
      vertex 103 3 2
      vertex 103 17.3778 9.02943
    endloop
  endfacet
  facet normal -1 -0 0
    outer loop
      vertex 103 17.7524 8.125
      vertex 103 3 2
      vertex 103 17.5354 8.56494
    endloop
  endfacet
  facet normal -1 -0 0
    outer loop
      vertex 103 18.0249 7.71714
      vertex 103 3 2
      vertex 103 17.7524 8.125
    endloop
  endfacet
  facet normal -1 -0 0
    outer loop
      vertex 103 18.3483 7.34835
      vertex 103 3 2
      vertex 103 18.0249 7.71714
    endloop
  endfacet
  facet normal -1 -0 0
    outer loop
      vertex 103 18.7171 7.02492
      vertex 103 3 2
      vertex 103 18.3483 7.34835
    endloop
  endfacet
  facet normal -1 -0 0
    outer loop
      vertex 103 19.125 6.7524
      vertex 103 3 2
      vertex 103 18.7171 7.02492
    endloop
  endfacet
  facet normal -1 -0 0
    outer loop
      vertex 103 19.5649 6.53545
      vertex 103 3 2
      vertex 103 19.125 6.7524
    endloop
  endfacet
  facet normal -1 -0 0
    outer loop
      vertex 103 20.0294 6.37778
      vertex 103 3 2
      vertex 103 19.5649 6.53545
    endloop
  endfacet
  facet normal -1 -0 0
    outer loop
      vertex 103 20.5105 6.28208
      vertex 103 3 2
      vertex 103 20.0294 6.37778
    endloop
  endfacet
  facet normal -1 0 0
    outer loop
      vertex 103 39 2
      vertex 103 24.7179 10.4895
      vertex 103 39 24
    endloop
  endfacet
  facet normal -1 0 0
    outer loop
      vertex 103 24.6222 10.9706
      vertex 103 39 24
      vertex 103 24.7179 10.4895
    endloop
  endfacet
  facet normal -1 0 0
    outer loop
      vertex 103 24.4645 11.4351
      vertex 103 39 24
      vertex 103 24.6222 10.9706
    endloop
  endfacet
  facet normal -1 0 0
    outer loop
      vertex 103 24.2476 11.875
      vertex 103 39 24
      vertex 103 24.4645 11.4351
    endloop
  endfacet
  facet normal -1 0 0
    outer loop
      vertex 103 23.9751 12.2829
      vertex 103 39 24
      vertex 103 24.2476 11.875
    endloop
  endfacet
  facet normal -1 0 0
    outer loop
      vertex 103 23.6516 12.6517
      vertex 103 39 24
      vertex 103 23.9751 12.2829
    endloop
  endfacet
  facet normal -1 0 0
    outer loop
      vertex 103 23.2829 12.9751
      vertex 103 39 24
      vertex 103 23.6516 12.6517
    endloop
  endfacet
  facet normal -1 0 0
    outer loop
      vertex 103 22.875 13.2476
      vertex 103 39 24
      vertex 103 23.2829 12.9751
    endloop
  endfacet
  facet normal -1 0 0
    outer loop
      vertex 103 22.4351 13.4645
      vertex 103 39 24
      vertex 103 22.875 13.2476
    endloop
  endfacet
  facet normal -1 0 0
    outer loop
      vertex 103 21.9706 13.6222
      vertex 103 39 24
      vertex 103 22.4351 13.4645
    endloop
  endfacet
  facet normal -1 0 0
    outer loop
      vertex 103 21.4895 13.7179
      vertex 103 39 24
      vertex 103 21.9706 13.6222
    endloop
  endfacet
  facet normal -1 0 0
    outer loop
      vertex 103 21 13.75
      vertex 103 39 24
      vertex 103 21.4895 13.7179
    endloop
  endfacet
  facet normal -1 0 0
    outer loop
      vertex 103 3 24
      vertex 103 21 13.75
      vertex 103 20.5105 13.7179
    endloop
  endfacet
  facet normal -1 0 0
    outer loop
      vertex 103 3 24
      vertex 103 20.5105 13.7179
      vertex 103 20.0294 13.6222
    endloop
  endfacet
  facet normal -1 0 0
    outer loop
      vertex 103 3 24
      vertex 103 20.0294 13.6222
      vertex 103 19.5649 13.4645
    endloop
  endfacet
  facet normal -1 0 0
    outer loop
      vertex 103 3 24
      vertex 103 19.5649 13.4645
      vertex 103 19.125 13.2476
    endloop
  endfacet
  facet normal -1 0 0
    outer loop
      vertex 103 3 2
      vertex 103 17.2821 10.4895
      vertex 103 17.25 10
    endloop
  endfacet
  facet normal -1 0 0
    outer loop
      vertex 103 3 2
      vertex 103 17.3778 10.9706
      vertex 103 17.2821 10.4895
    endloop
  endfacet
  facet normal -1 0 0
    outer loop
      vertex 103 3 24
      vertex 103 17.3778 10.9706
      vertex 103 3 2
    endloop
  endfacet
  facet normal -1 0 0
    outer loop
      vertex 103 17.3778 10.9706
      vertex 103 3 24
      vertex 103 17.5354 11.4351
    endloop
  endfacet
  facet normal -1 0 0
    outer loop
      vertex 103 17.5354 11.4351
      vertex 103 3 24
      vertex 103 17.7524 11.875
    endloop
  endfacet
  facet normal -1 0 0
    outer loop
      vertex 103 17.7524 11.875
      vertex 103 3 24
      vertex 103 18.0249 12.2829
    endloop
  endfacet
  facet normal -1 0 0
    outer loop
      vertex 103 18.0249 12.2829
      vertex 103 3 24
      vertex 103 18.3483 12.6517
    endloop
  endfacet
  facet normal -1 0 0
    outer loop
      vertex 103 21 13.75
      vertex 103 3 24
      vertex 103 39 24
    endloop
  endfacet
  facet normal -1 0 0
    outer loop
      vertex 103 18.7171 12.9751
      vertex 103 3 24
      vertex 103 19.125 13.2476
    endloop
  endfacet
  facet normal -1 0 0
    outer loop
      vertex 103 18.3483 12.6517
      vertex 103 3 24
      vertex 103 18.7171 12.9751
    endloop
  endfacet
  facet normal 0.442591 -0.896724 0
    outer loop
      vertex 2.5 39.866 2
      vertex 2.61731 39.9239 24
      vertex 2.5 39.866 24
    endloop
  endfacet
  facet normal 0.442591 -0.896724 0
    outer loop
      vertex 2.61731 39.9239 24
      vertex 2.5 39.866 2
      vertex 2.61731 39.9239 2
    endloop
  endfacet
  facet normal -0.830308 0.557305 0
    outer loop
      vertex 102.793 2.39124 2
      vertex 102.866 2.5 24
      vertex 102.866 2.5 2
    endloop
  endfacet
  facet normal -0.830308 0.557305 0
    outer loop
      vertex 102.866 2.5 24
      vertex 102.793 2.39124 2
      vertex 102.793 2.39124 24
    endloop
  endfacet
  facet normal -0.195379 -0.980728 0
    outer loop
      vertex 102.131 39.9914 2
      vertex 102.259 39.9659 24
      vertex 102.131 39.9914 24
    endloop
  endfacet
  facet normal -0.195379 -0.980728 -0
    outer loop
      vertex 102.259 39.9659 24
      vertex 102.131 39.9914 2
      vertex 102.259 39.9659 2
    endloop
  endfacet
  facet normal -0.75279 0.658261 0
    outer loop
      vertex 102.707 2.29289 2
      vertex 102.793 2.39124 24
      vertex 102.793 2.39124 2
    endloop
  endfacet
  facet normal -0.75279 0.658261 0
    outer loop
      vertex 102.793 2.39124 24
      vertex 102.707 2.29289 2
      vertex 102.707 2.29289 24
    endloop
  endfacet
  facet normal 0.19494 -0.980815 0
    outer loop
      vertex 2.74118 39.9659 2
      vertex 2.86948 39.9914 24
      vertex 2.74118 39.9659 24
    endloop
  endfacet
  facet normal 0.19494 -0.980815 0
    outer loop
      vertex 2.86948 39.9914 24
      vertex 2.74118 39.9659 2
      vertex 2.86948 39.9914 2
    endloop
  endfacet
  facet normal -0.997631 0.0687916 0
    outer loop
      vertex 102.991 2.86948 2
      vertex 103 3 24
      vertex 103 3 2
    endloop
  endfacet
  facet normal -0.997631 0.0687916 0
    outer loop
      vertex 103 3 24
      vertex 102.991 2.86948 2
      vertex 102.991 2.86948 24
    endloop
  endfacet
  facet normal 0.980801 -0.195013 0
    outer loop
      vertex 2.00856 39.1305 24
      vertex 2.03407 39.2588 2
      vertex 2.03407 39.2588 24
    endloop
  endfacet
  facet normal 0.980801 -0.195013 0
    outer loop
      vertex 2.03407 39.2588 2
      vertex 2.00856 39.1305 24
      vertex 2.00856 39.1305 2
    endloop
  endfacet
  facet normal 0.555194 -0.831721 0
    outer loop
      vertex 2.39124 39.7934 2
      vertex 2.5 39.866 24
      vertex 2.39124 39.7934 24
    endloop
  endfacet
  facet normal 0.555194 -0.831721 0
    outer loop
      vertex 2.5 39.866 24
      vertex 2.39124 39.7934 2
      vertex 2.5 39.866 2
    endloop
  endfacet
  facet normal 0.997856 0.0654432 0
    outer loop
      vertex 2.00856 2.86948 24
      vertex 2 3 2
      vertex 2 3 24
    endloop
  endfacet
  facet normal 0.997856 0.0654432 0
    outer loop
      vertex 2 3 2
      vertex 2.00856 2.86948 24
      vertex 2.00856 2.86948 2
    endloop
  endfacet
  facet normal -0.752624 -0.65845 0
    outer loop
      vertex 102.793 39.6088 2
      vertex 102.707 39.7071 24
      vertex 102.707 39.7071 2
    endloop
  endfacet
  facet normal -0.752624 -0.65845 0
    outer loop
      vertex 102.707 39.7071 24
      vertex 102.793 39.6088 2
      vertex 102.793 39.6088 24
    endloop
  endfacet
  facet normal 0.751714 -0.659489 0
    outer loop
      vertex 2.20665 39.6088 24
      vertex 2.29289 39.7071 2
      vertex 2.29289 39.7071 24
    endloop
  endfacet
  facet normal 0.751714 -0.659489 0
    outer loop
      vertex 2.29289 39.7071 2
      vertex 2.20665 39.6088 24
      vertex 2.20665 39.6088 2
    endloop
  endfacet
  facet normal -0.830403 -0.557164 0
    outer loop
      vertex 102.866 39.5 2
      vertex 102.793 39.6088 24
      vertex 102.793 39.6088 2
    endloop
  endfacet
  facet normal -0.830403 -0.557164 0
    outer loop
      vertex 102.793 39.6088 24
      vertex 102.866 39.5 2
      vertex 102.866 39.5 24
    endloop
  endfacet
  facet normal 0.831533 -0.555476 0
    outer loop
      vertex 2.13397 39.5 24
      vertex 2.20665 39.6088 2
      vertex 2.20665 39.6088 24
    endloop
  endfacet
  facet normal 0.831533 -0.555476 0
    outer loop
      vertex 2.20665 39.6088 2
      vertex 2.13397 39.5 24
      vertex 2.13397 39.5 2
    endloop
  endfacet
  facet normal -0.98154 0.191259 0
    outer loop
      vertex 102.966 2.74118 2
      vertex 102.991 2.86948 24
      vertex 102.991 2.86948 2
    endloop
  endfacet
  facet normal -0.98154 0.191259 0
    outer loop
      vertex 102.991 2.86948 24
      vertex 102.966 2.74118 2
      vertex 102.966 2.74118 24
    endloop
  endfacet
  facet normal 0.75188 0.6593 0
    outer loop
      vertex 2.29289 2.29289 24
      vertex 2.20665 2.39124 2
      vertex 2.20665 2.39124 24
    endloop
  endfacet
  facet normal 0.75188 0.6593 0
    outer loop
      vertex 2.20665 2.39124 2
      vertex 2.29289 2.29289 24
      vertex 2.29289 2.29289 2
    endloop
  endfacet
  facet normal -0.0655078 -0.997852 0
    outer loop
      vertex 102 40 2
      vertex 102.131 39.9914 24
      vertex 102 40 24
    endloop
  endfacet
  facet normal -0.0655078 -0.997852 -0
    outer loop
      vertex 102.131 39.9914 24
      vertex 102 40 2
      vertex 102.131 39.9914 2
    endloop
  endfacet
  facet normal -0.660887 -0.750486 0
    outer loop
      vertex 102.609 39.7934 2
      vertex 102.707 39.7071 24
      vertex 102.609 39.7934 24
    endloop
  endfacet
  facet normal -0.660887 -0.750486 -0
    outer loop
      vertex 102.707 39.7071 24
      vertex 102.609 39.7934 2
      vertex 102.707 39.7071 2
    endloop
  endfacet
  facet normal -0.896405 -0.443235 0
    outer loop
      vertex 102.924 39.3827 2
      vertex 102.866 39.5 24
      vertex 102.866 39.5 2
    endloop
  endfacet
  facet normal -0.896405 -0.443235 0
    outer loop
      vertex 102.866 39.5 24
      vertex 102.924 39.3827 2
      vertex 102.924 39.3827 24
    endloop
  endfacet
  facet normal -0.98154 -0.191259 0
    outer loop
      vertex 102.991 39.1305 2
      vertex 102.966 39.2588 24
      vertex 102.966 39.2588 2
    endloop
  endfacet
  facet normal -0.98154 -0.191259 0
    outer loop
      vertex 102.966 39.2588 24
      vertex 102.991 39.1305 2
      vertex 102.991 39.1305 24
    endloop
  endfacet
  facet normal -0.947042 0.321109 0
    outer loop
      vertex 102.924 2.61731 2
      vertex 102.966 2.74118 24
      vertex 102.966 2.74118 2
    endloop
  endfacet
  facet normal -0.947042 0.321109 0
    outer loop
      vertex 102.966 2.74118 24
      vertex 102.924 2.61731 2
      vertex 102.924 2.61731 24
    endloop
  endfacet
  facet normal -0.89642 0.443205 0
    outer loop
      vertex 102.866 2.5 2
      vertex 102.924 2.61731 24
      vertex 102.924 2.61731 2
    endloop
  endfacet
  facet normal -0.89642 0.443205 0
    outer loop
      vertex 102.924 2.61731 24
      vertex 102.866 2.5 2
      vertex 102.866 2.5 24
    endloop
  endfacet
  facet normal 0.997856 -0.0654532 0
    outer loop
      vertex 2 39 24
      vertex 2.00856 39.1305 2
      vertex 2.00856 39.1305 24
    endloop
  endfacet
  facet normal 0.997856 -0.0654532 0
    outer loop
      vertex 2.00856 39.1305 2
      vertex 2 39 24
      vertex 2 39 2
    endloop
  endfacet
  facet normal -0.99763 -0.0688021 0
    outer loop
      vertex 103 39 2
      vertex 102.991 39.1305 24
      vertex 102.991 39.1305 2
    endloop
  endfacet
  facet normal -0.99763 -0.0688021 0
    outer loop
      vertex 102.991 39.1305 24
      vertex 103 39 2
      vertex 103 39 24
    endloop
  endfacet
  facet normal 0.442222 0.896906 -0
    outer loop
      vertex 2.61731 2.07613 2
      vertex 2.5 2.13397 24
      vertex 2.61731 2.07613 24
    endloop
  endfacet
  facet normal 0.442222 0.896906 0
    outer loop
      vertex 2.5 2.13397 24
      vertex 2.61731 2.07613 2
      vertex 2.5 2.13397 2
    endloop
  endfacet
  facet normal -0.554771 0.832003 0
    outer loop
      vertex 102.609 2.20665 2
      vertex 102.5 2.13397 24
      vertex 102.609 2.20665 24
    endloop
  endfacet
  facet normal -0.554771 0.832003 0
    outer loop
      vertex 102.5 2.13397 24
      vertex 102.609 2.20665 2
      vertex 102.5 2.13397 2
    endloop
  endfacet
  facet normal 0.555617 0.831438 -0
    outer loop
      vertex 2.5 2.13397 2
      vertex 2.39124 2.20665 24
      vertex 2.5 2.13397 24
    endloop
  endfacet
  facet normal 0.555617 0.831438 0
    outer loop
      vertex 2.39124 2.20665 24
      vertex 2.5 2.13397 2
      vertex 2.39124 2.20665 2
    endloop
  endfacet
  facet normal -0.443533 -0.896258 0
    outer loop
      vertex 102.383 39.9239 2
      vertex 102.5 39.866 24
      vertex 102.383 39.9239 24
    endloop
  endfacet
  facet normal -0.443533 -0.896258 -0
    outer loop
      vertex 102.5 39.866 24
      vertex 102.383 39.9239 2
      vertex 102.5 39.866 2
    endloop
  endfacet
  facet normal 0.896906 0.442222 0
    outer loop
      vertex 2.13397 2.5 24
      vertex 2.07613 2.61731 2
      vertex 2.07613 2.61731 24
    endloop
  endfacet
  facet normal 0.896906 0.442222 0
    outer loop
      vertex 2.07613 2.61731 2
      vertex 2.13397 2.5 24
      vertex 2.13397 2.5 2
    endloop
  endfacet
  facet normal 0.980801 0.195013 0
    outer loop
      vertex 2.03407 2.74118 24
      vertex 2.00856 2.86948 2
      vertex 2.00856 2.86948 24
    endloop
  endfacet
  facet normal 0.980801 0.195013 0
    outer loop
      vertex 2.00856 2.86948 2
      vertex 2.03407 2.74118 24
      vertex 2.03407 2.74118 2
    endloop
  endfacet
  facet normal 0.831438 0.555617 0
    outer loop
      vertex 2.20665 2.39124 24
      vertex 2.13397 2.5 2
      vertex 2.13397 2.5 24
    endloop
  endfacet
  facet normal 0.831438 0.555617 0
    outer loop
      vertex 2.13397 2.5 2
      vertex 2.20665 2.39124 24
      vertex 2.20665 2.39124 2
    endloop
  endfacet
  facet normal -0.443164 0.896441 0
    outer loop
      vertex 102.5 2.13397 2
      vertex 102.383 2.07613 24
      vertex 102.5 2.13397 24
    endloop
  endfacet
  facet normal -0.443164 0.896441 0
    outer loop
      vertex 102.383 2.07613 24
      vertex 102.5 2.13397 2
      vertex 102.383 2.07613 2
    endloop
  endfacet
  facet normal 0.946903 0.32152 0
    outer loop
      vertex 2.07613 2.61731 24
      vertex 2.03407 2.74118 2
      vertex 2.03407 2.74118 24
    endloop
  endfacet
  facet normal 0.946903 0.32152 0
    outer loop
      vertex 2.03407 2.74118 2
      vertex 2.07613 2.61731 24
      vertex 2.07613 2.61731 2
    endloop
  endfacet
  facet normal 0 0 1
    outer loop
      vertex 96.6022 35.7235 2
      vertex 8.39778 35.7235 2
      vertex 96.6022 6.27646 2
    endloop
  endfacet
  facet normal 0 0 1
    outer loop
      vertex 96.6022 6.27646 2
      vertex 8.47433 5.89158 2
      vertex 8.5 5.5 2
    endloop
  endfacet
  facet normal 0 0 1
    outer loop
      vertex 8.39778 6.27646 2
      vertex 96.6022 6.27646 2
      vertex 8.39778 35.7235 2
    endloop
  endfacet
  facet normal 0 0 1
    outer loop
      vertex 96.6022 6.27646 2
      vertex 8.39778 6.27646 2
      vertex 8.47433 5.89158 2
    endloop
  endfacet
  facet normal -0 0 1
    outer loop
      vertex 8.27164 35.352 2
      vertex 8.39778 6.27646 2
      vertex 8.39778 35.7235 2
    endloop
  endfacet
  facet normal 0 0 1
    outer loop
      vertex 8.27164 35.352 2
      vertex 8.27164 6.64805 2
      vertex 8.39778 6.27646 2
    endloop
  endfacet
  facet normal -0 0 1
    outer loop
      vertex 8.09808 35 2
      vertex 8.27164 6.64805 2
      vertex 8.27164 35.352 2
    endloop
  endfacet
  facet normal 0 0 1
    outer loop
      vertex 8.09808 35 2
      vertex 8.09808 7 2
      vertex 8.27164 6.64805 2
    endloop
  endfacet
  facet normal -0 0 1
    outer loop
      vertex 7.88006 34.6737 2
      vertex 8.09808 7 2
      vertex 8.09808 35 2
    endloop
  endfacet
  facet normal 0 0 1
    outer loop
      vertex 7.88006 34.6737 2
      vertex 7.88006 7.32628 2
      vertex 8.09808 7 2
    endloop
  endfacet
  facet normal -0 0 1
    outer loop
      vertex 7.62132 34.3787 2
      vertex 7.88006 7.32628 2
      vertex 7.88006 34.6737 2
    endloop
  endfacet
  facet normal 0 0 1
    outer loop
      vertex 7.62132 34.3787 2
      vertex 7.62132 7.62132 2
      vertex 7.88006 7.32628 2
    endloop
  endfacet
  facet normal -0 0 1
    outer loop
      vertex 7.32628 34.1199 2
      vertex 7.62132 7.62132 2
      vertex 7.62132 34.3787 2
    endloop
  endfacet
  facet normal 0 0 1
    outer loop
      vertex 7.32628 34.1199 2
      vertex 7.32628 7.88006 2
      vertex 7.62132 7.62132 2
    endloop
  endfacet
  facet normal -0 0 1
    outer loop
      vertex 7 33.9019 2
      vertex 7.32628 7.88006 2
      vertex 7.32628 34.1199 2
    endloop
  endfacet
  facet normal 0 0 1
    outer loop
      vertex 7 33.9019 2
      vertex 7 8.09808 2
      vertex 7.32628 7.88006 2
    endloop
  endfacet
  facet normal -0 0 1
    outer loop
      vertex 6.64805 33.7284 2
      vertex 7 8.09808 2
      vertex 7 33.9019 2
    endloop
  endfacet
  facet normal 0 0 1
    outer loop
      vertex 6.64805 33.7284 2
      vertex 6.64805 8.27164 2
      vertex 7 8.09808 2
    endloop
  endfacet
  facet normal -0 0 1
    outer loop
      vertex 6.27646 33.6022 2
      vertex 6.64805 8.27164 2
      vertex 6.64805 33.7284 2
    endloop
  endfacet
  facet normal 0 0 1
    outer loop
      vertex 6.27646 33.6022 2
      vertex 6.27646 8.39778 2
      vertex 6.64805 8.27164 2
    endloop
  endfacet
  facet normal -0 0 1
    outer loop
      vertex 5.89158 33.5257 2
      vertex 6.27646 8.39778 2
      vertex 6.27646 33.6022 2
    endloop
  endfacet
  facet normal 0 0 1
    outer loop
      vertex 5.89158 33.5257 2
      vertex 5.89158 8.47433 2
      vertex 6.27646 8.39778 2
    endloop
  endfacet
  facet normal -0 0 1
    outer loop
      vertex 5.5 33.5 2
      vertex 5.89158 8.47433 2
      vertex 5.89158 33.5257 2
    endloop
  endfacet
  facet normal 0 0 1
    outer loop
      vertex 5.5 33.5 2
      vertex 5.5 8.5 2
      vertex 5.89158 8.47433 2
    endloop
  endfacet
  facet normal 0 0 1
    outer loop
      vertex 5.10842 33.5257 2
      vertex 5.5 8.5 2
      vertex 5.5 33.5 2
    endloop
  endfacet
  facet normal 0 0 1
    outer loop
      vertex 5.10842 33.5257 2
      vertex 5.10842 8.47433 2
      vertex 5.5 8.5 2
    endloop
  endfacet
  facet normal 0 0 1
    outer loop
      vertex 4.72354 33.6022 2
      vertex 5.10842 8.47433 2
      vertex 5.10842 33.5257 2
    endloop
  endfacet
  facet normal 0 0 1
    outer loop
      vertex 4.72354 33.6022 2
      vertex 4.72354 8.39778 2
      vertex 5.10842 8.47433 2
    endloop
  endfacet
  facet normal 0 0 1
    outer loop
      vertex 4.35195 33.7284 2
      vertex 4.72354 8.39778 2
      vertex 4.72354 33.6022 2
    endloop
  endfacet
  facet normal 0 0 1
    outer loop
      vertex 4.35195 33.7284 2
      vertex 4.35195 8.27164 2
      vertex 4.72354 8.39778 2
    endloop
  endfacet
  facet normal 0 0 1
    outer loop
      vertex 4 33.9019 2
      vertex 4.35195 8.27164 2
      vertex 4.35195 33.7284 2
    endloop
  endfacet
  facet normal 0 0 1
    outer loop
      vertex 4 33.9019 2
      vertex 4 8.09808 2
      vertex 4.35195 8.27164 2
    endloop
  endfacet
  facet normal 0 0 1
    outer loop
      vertex 3.67372 34.1199 2
      vertex 4 8.09808 2
      vertex 4 33.9019 2
    endloop
  endfacet
  facet normal 0 0 1
    outer loop
      vertex 3.67372 34.1199 2
      vertex 3.67372 7.88006 2
      vertex 4 8.09808 2
    endloop
  endfacet
  facet normal 0 0 1
    outer loop
      vertex 3.37868 34.3787 2
      vertex 3.67372 7.88006 2
      vertex 3.67372 34.1199 2
    endloop
  endfacet
  facet normal 0 0 1
    outer loop
      vertex 3.37868 34.3787 2
      vertex 3.37868 7.62132 2
      vertex 3.67372 7.88006 2
    endloop
  endfacet
  facet normal 0 0 1
    outer loop
      vertex 3.11994 34.6737 2
      vertex 3.37868 7.62132 2
      vertex 3.37868 34.3787 2
    endloop
  endfacet
  facet normal 0 0 1
    outer loop
      vertex 3.11994 34.6737 2
      vertex 3.11994 7.32628 2
      vertex 3.37868 7.62132 2
    endloop
  endfacet
  facet normal 0 0 1
    outer loop
      vertex 2.90192 35 2
      vertex 3.11994 7.32628 2
      vertex 3.11994 34.6737 2
    endloop
  endfacet
  facet normal 0 0 1
    outer loop
      vertex 2.90192 35 2
      vertex 2.90192 7 2
      vertex 3.11994 7.32628 2
    endloop
  endfacet
  facet normal 0 0 1
    outer loop
      vertex 2.72836 35.352 2
      vertex 2.90192 7 2
      vertex 2.90192 35 2
    endloop
  endfacet
  facet normal 0 0 1
    outer loop
      vertex 2.72836 35.352 2
      vertex 2.72836 6.64805 2
      vertex 2.90192 7 2
    endloop
  endfacet
  facet normal 0 0 1
    outer loop
      vertex 2.60222 35.7235 2
      vertex 2.72836 6.64805 2
      vertex 2.72836 35.352 2
    endloop
  endfacet
  facet normal 0 0 1
    outer loop
      vertex 2.60222 35.7235 2
      vertex 2.60222 6.27646 2
      vertex 2.72836 6.64805 2
    endloop
  endfacet
  facet normal 0 0 1
    outer loop
      vertex 2.52567 36.1084 2
      vertex 2.60222 6.27646 2
      vertex 2.60222 35.7235 2
    endloop
  endfacet
  facet normal 0 0 1
    outer loop
      vertex 2.52567 36.1084 2
      vertex 2.52567 5.89158 2
      vertex 2.60222 6.27646 2
    endloop
  endfacet
  facet normal 0 0 1
    outer loop
      vertex 2 39 2
      vertex 2.52567 36.1084 2
      vertex 2.5 36.5 2
    endloop
  endfacet
  facet normal 0 0 1
    outer loop
      vertex 2.52567 36.1084 2
      vertex 2 39 2
      vertex 2.52567 5.89158 2
    endloop
  endfacet
  facet normal -0 0 1
    outer loop
      vertex 102.474 5.89158 2
      vertex 103 3 2
      vertex 102.474 36.1084 2
    endloop
  endfacet
  facet normal 0 0 1
    outer loop
      vertex 103 3 2
      vertex 102.474 5.89158 2
      vertex 102.5 5.5 2
    endloop
  endfacet
  facet normal -0 0 1
    outer loop
      vertex 102.398 35.7235 2
      vertex 102.474 5.89158 2
      vertex 102.474 36.1084 2
    endloop
  endfacet
  facet normal 0 0 1
    outer loop
      vertex 102.398 35.7235 2
      vertex 102.398 6.27646 2
      vertex 102.474 5.89158 2
    endloop
  endfacet
  facet normal -0 0 1
    outer loop
      vertex 102.272 35.352 2
      vertex 102.398 6.27646 2
      vertex 102.398 35.7235 2
    endloop
  endfacet
  facet normal 0 0 1
    outer loop
      vertex 102.272 35.352 2
      vertex 102.272 6.64805 2
      vertex 102.398 6.27646 2
    endloop
  endfacet
  facet normal -0 0 1
    outer loop
      vertex 102.098 35 2
      vertex 102.272 6.64805 2
      vertex 102.272 35.352 2
    endloop
  endfacet
  facet normal 0 0 1
    outer loop
      vertex 102.098 35 2
      vertex 102.098 7 2
      vertex 102.272 6.64805 2
    endloop
  endfacet
  facet normal -0 0 1
    outer loop
      vertex 101.88 34.6737 2
      vertex 102.098 7 2
      vertex 102.098 35 2
    endloop
  endfacet
  facet normal 0 0 1
    outer loop
      vertex 101.88 34.6737 2
      vertex 101.88 7.32628 2
      vertex 102.098 7 2
    endloop
  endfacet
  facet normal -0 0 1
    outer loop
      vertex 101.621 34.3787 2
      vertex 101.88 7.32628 2
      vertex 101.88 34.6737 2
    endloop
  endfacet
  facet normal 0 0 1
    outer loop
      vertex 101.621 34.3787 2
      vertex 101.621 7.62132 2
      vertex 101.88 7.32628 2
    endloop
  endfacet
  facet normal -0 0 1
    outer loop
      vertex 101.326 34.1199 2
      vertex 101.621 7.62132 2
      vertex 101.621 34.3787 2
    endloop
  endfacet
  facet normal 0 0 1
    outer loop
      vertex 101.326 34.1199 2
      vertex 101.326 7.88006 2
      vertex 101.621 7.62132 2
    endloop
  endfacet
  facet normal -0 0 1
    outer loop
      vertex 101 33.9019 2
      vertex 101.326 7.88006 2
      vertex 101.326 34.1199 2
    endloop
  endfacet
  facet normal 0 0 1
    outer loop
      vertex 101 33.9019 2
      vertex 101 8.09808 2
      vertex 101.326 7.88006 2
    endloop
  endfacet
  facet normal -0 0 1
    outer loop
      vertex 100.648 33.7284 2
      vertex 101 8.09808 2
      vertex 101 33.9019 2
    endloop
  endfacet
  facet normal 0 0 1
    outer loop
      vertex 100.648 33.7284 2
      vertex 100.648 8.27164 2
      vertex 101 8.09808 2
    endloop
  endfacet
  facet normal -0 0 1
    outer loop
      vertex 100.276 33.6022 2
      vertex 100.648 8.27164 2
      vertex 100.648 33.7284 2
    endloop
  endfacet
  facet normal 0 0 1
    outer loop
      vertex 100.276 33.6022 2
      vertex 100.276 8.39778 2
      vertex 100.648 8.27164 2
    endloop
  endfacet
  facet normal -0 0 1
    outer loop
      vertex 99.8916 33.5257 2
      vertex 100.276 8.39778 2
      vertex 100.276 33.6022 2
    endloop
  endfacet
  facet normal 0 0 1
    outer loop
      vertex 99.8916 33.5257 2
      vertex 99.8916 8.47433 2
      vertex 100.276 8.39778 2
    endloop
  endfacet
  facet normal -0 0 1
    outer loop
      vertex 99.5 33.5 2
      vertex 99.8916 8.47433 2
      vertex 99.8916 33.5257 2
    endloop
  endfacet
  facet normal 0 0 1
    outer loop
      vertex 99.5 33.5 2
      vertex 99.5 8.5 2
      vertex 99.8916 8.47433 2
    endloop
  endfacet
  facet normal 0 0 1
    outer loop
      vertex 99.1084 33.5257 2
      vertex 99.5 8.5 2
      vertex 99.5 33.5 2
    endloop
  endfacet
  facet normal 0 0 1
    outer loop
      vertex 99.1084 33.5257 2
      vertex 99.1084 8.47433 2
      vertex 99.5 8.5 2
    endloop
  endfacet
  facet normal 0 0 1
    outer loop
      vertex 98.7235 33.6022 2
      vertex 99.1084 8.47433 2
      vertex 99.1084 33.5257 2
    endloop
  endfacet
  facet normal 0 0 1
    outer loop
      vertex 98.7235 33.6022 2
      vertex 98.7235 8.39778 2
      vertex 99.1084 8.47433 2
    endloop
  endfacet
  facet normal 0 0 1
    outer loop
      vertex 98.352 33.7284 2
      vertex 98.7235 8.39778 2
      vertex 98.7235 33.6022 2
    endloop
  endfacet
  facet normal 0 0 1
    outer loop
      vertex 98.352 33.7284 2
      vertex 98.352 8.27164 2
      vertex 98.7235 8.39778 2
    endloop
  endfacet
  facet normal 0 0 1
    outer loop
      vertex 98 33.9019 2
      vertex 98.352 8.27164 2
      vertex 98.352 33.7284 2
    endloop
  endfacet
  facet normal 0 0 1
    outer loop
      vertex 98 33.9019 2
      vertex 98 8.09808 2
      vertex 98.352 8.27164 2
    endloop
  endfacet
  facet normal 0 0 1
    outer loop
      vertex 97.6737 34.1199 2
      vertex 98 8.09808 2
      vertex 98 33.9019 2
    endloop
  endfacet
  facet normal 0 0 1
    outer loop
      vertex 97.6737 34.1199 2
      vertex 97.6737 7.88006 2
      vertex 98 8.09808 2
    endloop
  endfacet
  facet normal 0 0 1
    outer loop
      vertex 97.3787 34.3787 2
      vertex 97.6737 7.88006 2
      vertex 97.6737 34.1199 2
    endloop
  endfacet
  facet normal 0 0 1
    outer loop
      vertex 97.3787 34.3787 2
      vertex 97.3787 7.62132 2
      vertex 97.6737 7.88006 2
    endloop
  endfacet
  facet normal 0 0 1
    outer loop
      vertex 97.1199 34.6737 2
      vertex 97.3787 7.62132 2
      vertex 97.3787 34.3787 2
    endloop
  endfacet
  facet normal 0 0 1
    outer loop
      vertex 97.1199 34.6737 2
      vertex 97.1199 7.32628 2
      vertex 97.3787 7.62132 2
    endloop
  endfacet
  facet normal 0 0 1
    outer loop
      vertex 96.9019 35 2
      vertex 97.1199 7.32628 2
      vertex 97.1199 34.6737 2
    endloop
  endfacet
  facet normal 0 0 1
    outer loop
      vertex 96.9019 35 2
      vertex 96.9019 7 2
      vertex 97.1199 7.32628 2
    endloop
  endfacet
  facet normal 0 0 1
    outer loop
      vertex 96.7284 35.352 2
      vertex 96.9019 7 2
      vertex 96.9019 35 2
    endloop
  endfacet
  facet normal 0 0 1
    outer loop
      vertex 96.7284 35.352 2
      vertex 96.7284 6.64805 2
      vertex 96.9019 7 2
    endloop
  endfacet
  facet normal 0 0 1
    outer loop
      vertex 96.6022 35.7235 2
      vertex 96.7284 6.64805 2
      vertex 96.7284 35.352 2
    endloop
  endfacet
  facet normal 0 0 1
    outer loop
      vertex 96.6022 35.7235 2
      vertex 96.6022 6.27646 2
      vertex 96.7284 6.64805 2
    endloop
  endfacet
  facet normal 0 0 1
    outer loop
      vertex 8.47433 36.1084 2
      vertex 96.5257 36.1084 2
      vertex 8.5 36.5 2
    endloop
  endfacet
  facet normal 0 0 1
    outer loop
      vertex 96.5257 36.1084 2
      vertex 8.47433 36.1084 2
      vertex 96.6022 35.7235 2
    endloop
  endfacet
  facet normal -0 0 1
    outer loop
      vertex 8.5 36.5 2
      vertex 96.5257 36.1084 2
      vertex 96.5 36.5 2
    endloop
  endfacet
  facet normal 0 0 1
    outer loop
      vertex 8.39778 35.7235 2
      vertex 96.6022 35.7235 2
      vertex 8.47433 36.1084 2
    endloop
  endfacet
  facet normal 0 0 1
    outer loop
      vertex 103 39 2
      vertex 102.474 36.8916 2
      vertex 102.5 36.5 2
    endloop
  endfacet
  facet normal 0 0 1
    outer loop
      vertex 103 39 2
      vertex 102.398 37.2765 2
      vertex 102.474 36.8916 2
    endloop
  endfacet
  facet normal 0 0 1
    outer loop
      vertex 101.621 38.6213 2
      vertex 102.5 39.866 2
      vertex 102.383 39.9239 2
    endloop
  endfacet
  facet normal 0 0 1
    outer loop
      vertex 103 39 2
      vertex 102.272 37.648 2
      vertex 102.398 37.2765 2
    endloop
  endfacet
  facet normal 0 0 1
    outer loop
      vertex 101.621 38.6213 2
      vertex 102.383 39.9239 2
      vertex 102.259 39.9659 2
    endloop
  endfacet
  facet normal 0 0 1
    outer loop
      vertex 101.621 38.6213 2
      vertex 102.259 39.9659 2
      vertex 102.131 39.9914 2
    endloop
  endfacet
  facet normal 0 0 1
    outer loop
      vertex 103 39 2
      vertex 102.098 38 2
      vertex 102.272 37.648 2
    endloop
  endfacet
  facet normal 0 0 1
    outer loop
      vertex 101.621 38.6213 2
      vertex 102.131 39.9914 2
      vertex 102 40 2
    endloop
  endfacet
  facet normal 0 0 1
    outer loop
      vertex 103 39 2
      vertex 101.88 38.3263 2
      vertex 102.098 38 2
    endloop
  endfacet
  facet normal 0 0 1
    outer loop
      vertex 103 39 2
      vertex 101.621 38.6213 2
      vertex 101.88 38.3263 2
    endloop
  endfacet
  facet normal 0 0 1
    outer loop
      vertex 102 40 2
      vertex 101.326 38.8801 2
      vertex 101.621 38.6213 2
    endloop
  endfacet
  facet normal 0 0 1
    outer loop
      vertex 102 40 2
      vertex 101 39.0981 2
      vertex 101.326 38.8801 2
    endloop
  endfacet
  facet normal 0 0 1
    outer loop
      vertex 102 40 2
      vertex 100.648 39.2716 2
      vertex 101 39.0981 2
    endloop
  endfacet
  facet normal 0 0 1
    outer loop
      vertex 102 40 2
      vertex 100.276 39.3978 2
      vertex 100.648 39.2716 2
    endloop
  endfacet
  facet normal 0 0 1
    outer loop
      vertex 102 40 2
      vertex 99.8916 39.4743 2
      vertex 100.276 39.3978 2
    endloop
  endfacet
  facet normal 0 0 1
    outer loop
      vertex 102 40 2
      vertex 99.5 39.5 2
      vertex 99.8916 39.4743 2
    endloop
  endfacet
  facet normal 0 0 1
    outer loop
      vertex 102 40 2
      vertex 99.1084 39.4743 2
      vertex 99.5 39.5 2
    endloop
  endfacet
  facet normal 0 0 1
    outer loop
      vertex 96.6022 6.27646 2
      vertex 8.5 5.5 2
      vertex 96.5257 5.89158 2
    endloop
  endfacet
  facet normal 0 0 1
    outer loop
      vertex 96.5257 36.8916 2
      vertex 8.5 36.5 2
      vertex 96.5 36.5 2
    endloop
  endfacet
  facet normal 0 0 1
    outer loop
      vertex 8.47433 36.8916 2
      vertex 96.5257 36.8916 2
      vertex 96.6022 37.2765 2
    endloop
  endfacet
  facet normal 0 0 1
    outer loop
      vertex 8.39778 37.2765 2
      vertex 96.6022 37.2765 2
      vertex 96.7284 37.648 2
    endloop
  endfacet
  facet normal 0 0 1
    outer loop
      vertex 8.27164 37.648 2
      vertex 96.7284 37.648 2
      vertex 96.9019 38 2
    endloop
  endfacet
  facet normal 0 0 1
    outer loop
      vertex 8.09808 38 2
      vertex 96.9019 38 2
      vertex 97.1199 38.3263 2
    endloop
  endfacet
  facet normal 0 0 1
    outer loop
      vertex 7.88006 38.3263 2
      vertex 97.1199 38.3263 2
      vertex 97.3787 38.6213 2
    endloop
  endfacet
  facet normal 0 0 1
    outer loop
      vertex 7.62132 38.6213 2
      vertex 97.3787 38.6213 2
      vertex 97.6737 38.8801 2
    endloop
  endfacet
  facet normal 0 0 1
    outer loop
      vertex 7.32628 38.8801 2
      vertex 97.6737 38.8801 2
      vertex 98 39.0981 2
    endloop
  endfacet
  facet normal 0 0 1
    outer loop
      vertex 7 39.0981 2
      vertex 98 39.0981 2
      vertex 98.352 39.2716 2
    endloop
  endfacet
  facet normal 0 0 1
    outer loop
      vertex 6.64805 39.2716 2
      vertex 98.352 39.2716 2
      vertex 98.7235 39.3978 2
    endloop
  endfacet
  facet normal 0 0 1
    outer loop
      vertex 6.27646 39.3978 2
      vertex 98.7235 39.3978 2
      vertex 99.1084 39.4743 2
    endloop
  endfacet
  facet normal 0 0 1
    outer loop
      vertex 5.89158 39.4743 2
      vertex 99.1084 39.4743 2
      vertex 102 40 2
    endloop
  endfacet
  facet normal 0 0 1
    outer loop
      vertex 96.5257 36.8916 2
      vertex 8.47433 36.8916 2
      vertex 8.5 36.5 2
    endloop
  endfacet
  facet normal 0 0 1
    outer loop
      vertex 96.6022 37.2765 2
      vertex 8.39778 37.2765 2
      vertex 8.47433 36.8916 2
    endloop
  endfacet
  facet normal 0 0 1
    outer loop
      vertex 96.7284 37.648 2
      vertex 8.27164 37.648 2
      vertex 8.39778 37.2765 2
    endloop
  endfacet
  facet normal 0 0 1
    outer loop
      vertex 96.9019 38 2
      vertex 8.09808 38 2
      vertex 8.27164 37.648 2
    endloop
  endfacet
  facet normal 0 0 1
    outer loop
      vertex 97.1199 38.3263 2
      vertex 7.88006 38.3263 2
      vertex 8.09808 38 2
    endloop
  endfacet
  facet normal 0 0 1
    outer loop
      vertex 97.3787 38.6213 2
      vertex 7.62132 38.6213 2
      vertex 7.88006 38.3263 2
    endloop
  endfacet
  facet normal 0 0 1
    outer loop
      vertex 97.6737 38.8801 2
      vertex 7.32628 38.8801 2
      vertex 7.62132 38.6213 2
    endloop
  endfacet
  facet normal 0 0 1
    outer loop
      vertex 98 39.0981 2
      vertex 7 39.0981 2
      vertex 7.32628 38.8801 2
    endloop
  endfacet
  facet normal 0 0 1
    outer loop
      vertex 98.352 39.2716 2
      vertex 6.64805 39.2716 2
      vertex 7 39.0981 2
    endloop
  endfacet
  facet normal 0 0 1
    outer loop
      vertex 98.7235 39.3978 2
      vertex 6.27646 39.3978 2
      vertex 6.64805 39.2716 2
    endloop
  endfacet
  facet normal 0 0 1
    outer loop
      vertex 99.1084 39.4743 2
      vertex 5.89158 39.4743 2
      vertex 6.27646 39.3978 2
    endloop
  endfacet
  facet normal -0 0 1
    outer loop
      vertex 3 40 2
      vertex 5.89158 39.4743 2
      vertex 102 40 2
    endloop
  endfacet
  facet normal 0 0 1
    outer loop
      vertex 5.89158 39.4743 2
      vertex 3 40 2
      vertex 5.5 39.5 2
    endloop
  endfacet
  facet normal 0 0 1
    outer loop
      vertex 3 40 2
      vertex 5.10842 39.4743 2
      vertex 5.5 39.5 2
    endloop
  endfacet
  facet normal 0 0 1
    outer loop
      vertex 3 40 2
      vertex 4.72354 39.3978 2
      vertex 5.10842 39.4743 2
    endloop
  endfacet
  facet normal 0 0 1
    outer loop
      vertex 3 40 2
      vertex 4.35195 39.2716 2
      vertex 4.72354 39.3978 2
    endloop
  endfacet
  facet normal 0 0 1
    outer loop
      vertex 3 40 2
      vertex 4 39.0981 2
      vertex 4.35195 39.2716 2
    endloop
  endfacet
  facet normal 0 0 1
    outer loop
      vertex 3 40 2
      vertex 3.67372 38.8801 2
      vertex 4 39.0981 2
    endloop
  endfacet
  facet normal 0 0 1
    outer loop
      vertex 3 40 2
      vertex 3.37868 38.6213 2
      vertex 3.67372 38.8801 2
    endloop
  endfacet
  facet normal -0 0 1
    outer loop
      vertex 2.86948 39.9914 2
      vertex 3.37868 38.6213 2
      vertex 3 40 2
    endloop
  endfacet
  facet normal -0 0 1
    outer loop
      vertex 2.74118 39.9659 2
      vertex 3.37868 38.6213 2
      vertex 2.86948 39.9914 2
    endloop
  endfacet
  facet normal -0 0 1
    outer loop
      vertex 2.61731 39.9239 2
      vertex 3.37868 38.6213 2
      vertex 2.74118 39.9659 2
    endloop
  endfacet
  facet normal -0 0 1
    outer loop
      vertex 2.5 39.866 2
      vertex 3.37868 38.6213 2
      vertex 2.61731 39.9239 2
    endloop
  endfacet
  facet normal 0 0 1
    outer loop
      vertex 3.11994 38.3263 2
      vertex 2 39 2
      vertex 2.90192 38 2
    endloop
  endfacet
  facet normal -0 0 1
    outer loop
      vertex 2.39124 39.7934 2
      vertex 3.37868 38.6213 2
      vertex 2.5 39.866 2
    endloop
  endfacet
  facet normal 0 0 1
    outer loop
      vertex 2.90192 38 2
      vertex 2 39 2
      vertex 2.72836 37.648 2
    endloop
  endfacet
  facet normal 0 0 1
    outer loop
      vertex 2.72836 37.648 2
      vertex 2 39 2
      vertex 2.60222 37.2765 2
    endloop
  endfacet
  facet normal -0 0 1
    outer loop
      vertex 2.29289 39.7071 2
      vertex 3.37868 38.6213 2
      vertex 2.39124 39.7934 2
    endloop
  endfacet
  facet normal 0 0 1
    outer loop
      vertex 2.60222 37.2765 2
      vertex 2 39 2
      vertex 2.52567 36.8916 2
    endloop
  endfacet
  facet normal 0 0 1
    outer loop
      vertex 2.52567 36.8916 2
      vertex 2 39 2
      vertex 2.5 36.5 2
    endloop
  endfacet
  facet normal 0 0 1
    outer loop
      vertex 2 3 2
      vertex 2.52567 5.89158 2
      vertex 2 39 2
    endloop
  endfacet
  facet normal -0 0 1
    outer loop
      vertex 2.20665 39.6088 2
      vertex 3.37868 38.6213 2
      vertex 2.29289 39.7071 2
    endloop
  endfacet
  facet normal 0 0 1
    outer loop
      vertex 2.52567 5.89158 2
      vertex 2 3 2
      vertex 2.5 5.5 2
    endloop
  endfacet
  facet normal -0 0 1
    outer loop
      vertex 2.13397 39.5 2
      vertex 3.37868 38.6213 2
      vertex 2.20665 39.6088 2
    endloop
  endfacet
  facet normal 0 0 1
    outer loop
      vertex 2.5 5.5 2
      vertex 2 3 2
      vertex 2.5 2.13397 2
    endloop
  endfacet
  facet normal -0 0 1
    outer loop
      vertex 2.07613 39.3827 2
      vertex 3.37868 38.6213 2
      vertex 2.13397 39.5 2
    endloop
  endfacet
  facet normal 0 0 1
    outer loop
      vertex 2.5 2.13397 2
      vertex 2 3 2
      vertex 2.39124 2.20665 2
    endloop
  endfacet
  facet normal -0 0 1
    outer loop
      vertex 2.03407 39.2588 2
      vertex 3.37868 38.6213 2
      vertex 2.07613 39.3827 2
    endloop
  endfacet
  facet normal 0 0 1
    outer loop
      vertex 2.39124 2.20665 2
      vertex 2 3 2
      vertex 2.29289 2.29289 2
    endloop
  endfacet
  facet normal -0 0 1
    outer loop
      vertex 2.00856 39.1305 2
      vertex 3.37868 38.6213 2
      vertex 2.03407 39.2588 2
    endloop
  endfacet
  facet normal 0 0 1
    outer loop
      vertex 2.29289 2.29289 2
      vertex 2 3 2
      vertex 2.20665 2.39124 2
    endloop
  endfacet
  facet normal -0 0 1
    outer loop
      vertex 2 39 2
      vertex 3.37868 38.6213 2
      vertex 2.00856 39.1305 2
    endloop
  endfacet
  facet normal 0 0 1
    outer loop
      vertex 2.20665 2.39124 2
      vertex 2 3 2
      vertex 2.13397 2.5 2
    endloop
  endfacet
  facet normal 0 0 1
    outer loop
      vertex 3.37868 38.6213 2
      vertex 2 39 2
      vertex 3.11994 38.3263 2
    endloop
  endfacet
  facet normal 0 0 1
    outer loop
      vertex 2.13397 2.5 2
      vertex 2 3 2
      vertex 2.07613 2.61731 2
    endloop
  endfacet
  facet normal 0 0 1
    outer loop
      vertex 2.07613 2.61731 2
      vertex 2 3 2
      vertex 2.03407 2.74118 2
    endloop
  endfacet
  facet normal 0 0 1
    outer loop
      vertex 2.03407 2.74118 2
      vertex 2 3 2
      vertex 2.00856 2.86948 2
    endloop
  endfacet
  facet normal 0 0 1
    outer loop
      vertex 102.966 39.2588 2
      vertex 101.621 38.6213 2
      vertex 102.991 39.1305 2
    endloop
  endfacet
  facet normal 0 0 1
    outer loop
      vertex 102.474 36.1084 2
      vertex 103 39 2
      vertex 102.5 36.5 2
    endloop
  endfacet
  facet normal 0 0 1
    outer loop
      vertex 102.924 39.3827 2
      vertex 101.621 38.6213 2
      vertex 102.966 39.2588 2
    endloop
  endfacet
  facet normal 0 0 1
    outer loop
      vertex 103 39 2
      vertex 102.474 36.1084 2
      vertex 103 3 2
    endloop
  endfacet
  facet normal 0 0 1
    outer loop
      vertex 102.866 39.5 2
      vertex 101.621 38.6213 2
      vertex 102.924 39.3827 2
    endloop
  endfacet
  facet normal -0 0 1
    outer loop
      vertex 102.474 5.10842 2
      vertex 103 3 2
      vertex 102.5 5.5 2
    endloop
  endfacet
  facet normal 0 0 1
    outer loop
      vertex 102.793 39.6088 2
      vertex 101.621 38.6213 2
      vertex 102.866 39.5 2
    endloop
  endfacet
  facet normal -0 0 1
    outer loop
      vertex 102.398 4.72354 2
      vertex 103 3 2
      vertex 102.474 5.10842 2
    endloop
  endfacet
  facet normal 0 0 1
    outer loop
      vertex 102.707 39.7071 2
      vertex 101.621 38.6213 2
      vertex 102.793 39.6088 2
    endloop
  endfacet
  facet normal -0 0 1
    outer loop
      vertex 102.272 4.35195 2
      vertex 103 3 2
      vertex 102.398 4.72354 2
    endloop
  endfacet
  facet normal 0 0 1
    outer loop
      vertex 102.609 39.7934 2
      vertex 101.621 38.6213 2
      vertex 102.707 39.7071 2
    endloop
  endfacet
  facet normal -0 0 1
    outer loop
      vertex 102.098 4 2
      vertex 103 3 2
      vertex 102.272 4.35195 2
    endloop
  endfacet
  facet normal 0 0 1
    outer loop
      vertex 101.621 38.6213 2
      vertex 102.609 39.7934 2
      vertex 102.5 39.866 2
    endloop
  endfacet
  facet normal -0 0 1
    outer loop
      vertex 101.88 3.67372 2
      vertex 103 3 2
      vertex 102.098 4 2
    endloop
  endfacet
  facet normal 0 0 1
    outer loop
      vertex 102.991 39.1305 2
      vertex 101.621 38.6213 2
      vertex 103 39 2
    endloop
  endfacet
  facet normal -0 0 1
    outer loop
      vertex 101.621 3.37868 2
      vertex 103 3 2
      vertex 101.88 3.67372 2
    endloop
  endfacet
  facet normal 0 0 1
    outer loop
      vertex 103 3 2
      vertex 101.621 3.37868 2
      vertex 102.991 2.86948 2
    endloop
  endfacet
  facet normal 0 0 1
    outer loop
      vertex 102.991 2.86948 2
      vertex 101.621 3.37868 2
      vertex 102.966 2.74118 2
    endloop
  endfacet
  facet normal 0 0 1
    outer loop
      vertex 102.966 2.74118 2
      vertex 101.621 3.37868 2
      vertex 102.924 2.61731 2
    endloop
  endfacet
  facet normal 0 0 1
    outer loop
      vertex 102.924 2.61731 2
      vertex 101.621 3.37868 2
      vertex 102.866 2.5 2
    endloop
  endfacet
  facet normal 0 0 1
    outer loop
      vertex 102.866 2.5 2
      vertex 101.621 3.37868 2
      vertex 102.793 2.39124 2
    endloop
  endfacet
  facet normal 0 0 1
    outer loop
      vertex 102.793 2.39124 2
      vertex 101.621 3.37868 2
      vertex 102.707 2.29289 2
    endloop
  endfacet
  facet normal 0 0 1
    outer loop
      vertex 102.707 2.29289 2
      vertex 101.621 3.37868 2
      vertex 102.609 2.20665 2
    endloop
  endfacet
  facet normal 0 0 1
    outer loop
      vertex 102.609 2.20665 2
      vertex 101.621 3.37868 2
      vertex 102.5 2.13397 2
    endloop
  endfacet
  facet normal 0 0 1
    outer loop
      vertex 102.5 2.13397 2
      vertex 101.621 3.37868 2
      vertex 102.383 2.07613 2
    endloop
  endfacet
  facet normal 0 0 1
    outer loop
      vertex 102.383 2.07613 2
      vertex 101.621 3.37868 2
      vertex 102.259 2.03407 2
    endloop
  endfacet
  facet normal 0 0 1
    outer loop
      vertex 102.259 2.03407 2
      vertex 101.621 3.37868 2
      vertex 102.131 2.00856 2
    endloop
  endfacet
  facet normal 0 0 1
    outer loop
      vertex 102.131 2.00856 2
      vertex 101.621 3.37868 2
      vertex 102 2 2
    endloop
  endfacet
  facet normal -0 0 1
    outer loop
      vertex 101.326 3.11994 2
      vertex 102 2 2
      vertex 101.621 3.37868 2
    endloop
  endfacet
  facet normal -0 0 1
    outer loop
      vertex 101 2.90192 2
      vertex 102 2 2
      vertex 101.326 3.11994 2
    endloop
  endfacet
  facet normal -0 0 1
    outer loop
      vertex 100.648 2.72836 2
      vertex 102 2 2
      vertex 101 2.90192 2
    endloop
  endfacet
  facet normal -0 0 1
    outer loop
      vertex 100.276 2.60222 2
      vertex 102 2 2
      vertex 100.648 2.72836 2
    endloop
  endfacet
  facet normal -0 0 1
    outer loop
      vertex 99.8916 2.52567 2
      vertex 102 2 2
      vertex 100.276 2.60222 2
    endloop
  endfacet
  facet normal -0 0 1
    outer loop
      vertex 99.5 2.5 2
      vertex 102 2 2
      vertex 99.8916 2.52567 2
    endloop
  endfacet
  facet normal 0 0 1
    outer loop
      vertex 99.1084 2.52567 2
      vertex 102 2 2
      vertex 99.5 2.5 2
    endloop
  endfacet
  facet normal 0 0 1
    outer loop
      vertex 96.5257 5.89158 2
      vertex 8.5 5.5 2
      vertex 96.5 5.5 2
    endloop
  endfacet
  facet normal 0 0 1
    outer loop
      vertex 96.5 5.5 2
      vertex 8.5 5.5 2
      vertex 96.5257 5.10842 2
    endloop
  endfacet
  facet normal 0 0 1
    outer loop
      vertex 8.47433 5.10842 2
      vertex 96.5257 5.10842 2
      vertex 8.5 5.5 2
    endloop
  endfacet
  facet normal 0 0 1
    outer loop
      vertex 96.5257 5.10842 2
      vertex 8.47433 5.10842 2
      vertex 96.6022 4.72354 2
    endloop
  endfacet
  facet normal 0 0 1
    outer loop
      vertex 8.39778 4.72354 2
      vertex 96.6022 4.72354 2
      vertex 8.47433 5.10842 2
    endloop
  endfacet
  facet normal 0 0 1
    outer loop
      vertex 96.6022 4.72354 2
      vertex 8.39778 4.72354 2
      vertex 96.7284 4.35195 2
    endloop
  endfacet
  facet normal 0 0 1
    outer loop
      vertex 8.27164 4.35195 2
      vertex 96.7284 4.35195 2
      vertex 8.39778 4.72354 2
    endloop
  endfacet
  facet normal 0 0 1
    outer loop
      vertex 96.7284 4.35195 2
      vertex 8.27164 4.35195 2
      vertex 96.9019 4 2
    endloop
  endfacet
  facet normal 0 0 1
    outer loop
      vertex 8.09808 4 2
      vertex 96.9019 4 2
      vertex 8.27164 4.35195 2
    endloop
  endfacet
  facet normal 0 0 1
    outer loop
      vertex 96.9019 4 2
      vertex 8.09808 4 2
      vertex 97.1199 3.67372 2
    endloop
  endfacet
  facet normal 0 0 1
    outer loop
      vertex 7.88006 3.67372 2
      vertex 97.1199 3.67372 2
      vertex 8.09808 4 2
    endloop
  endfacet
  facet normal 0 0 1
    outer loop
      vertex 97.1199 3.67372 2
      vertex 7.88006 3.67372 2
      vertex 97.3787 3.37868 2
    endloop
  endfacet
  facet normal 0 0 1
    outer loop
      vertex 7.62132 3.37868 2
      vertex 97.3787 3.37868 2
      vertex 7.88006 3.67372 2
    endloop
  endfacet
  facet normal 0 0 1
    outer loop
      vertex 97.3787 3.37868 2
      vertex 7.62132 3.37868 2
      vertex 97.6737 3.11994 2
    endloop
  endfacet
  facet normal 0 0 1
    outer loop
      vertex 7.32628 3.11994 2
      vertex 97.6737 3.11994 2
      vertex 7.62132 3.37868 2
    endloop
  endfacet
  facet normal 0 0 1
    outer loop
      vertex 97.6737 3.11994 2
      vertex 7.32628 3.11994 2
      vertex 98 2.90192 2
    endloop
  endfacet
  facet normal 0 0 1
    outer loop
      vertex 7 2.90192 2
      vertex 98 2.90192 2
      vertex 7.32628 3.11994 2
    endloop
  endfacet
  facet normal 0 0 1
    outer loop
      vertex 98 2.90192 2
      vertex 7 2.90192 2
      vertex 98.352 2.72836 2
    endloop
  endfacet
  facet normal 0 0 1
    outer loop
      vertex 6.64805 2.72836 2
      vertex 98.352 2.72836 2
      vertex 7 2.90192 2
    endloop
  endfacet
  facet normal 0 0 1
    outer loop
      vertex 98.352 2.72836 2
      vertex 6.64805 2.72836 2
      vertex 98.7235 2.60222 2
    endloop
  endfacet
  facet normal 0 0 1
    outer loop
      vertex 6.27646 2.60222 2
      vertex 98.7235 2.60222 2
      vertex 6.64805 2.72836 2
    endloop
  endfacet
  facet normal 0 0 1
    outer loop
      vertex 98.7235 2.60222 2
      vertex 6.27646 2.60222 2
      vertex 99.1084 2.52567 2
    endloop
  endfacet
  facet normal 0 0 1
    outer loop
      vertex 5.89158 2.52567 2
      vertex 99.1084 2.52567 2
      vertex 6.27646 2.60222 2
    endloop
  endfacet
  facet normal 0 0 1
    outer loop
      vertex 99.1084 2.52567 2
      vertex 5.89158 2.52567 2
      vertex 102 2 2
    endloop
  endfacet
  facet normal 0 0 1
    outer loop
      vertex 3 2 2
      vertex 5.89158 2.52567 2
      vertex 5.5 2.5 2
    endloop
  endfacet
  facet normal 0 0 1
    outer loop
      vertex 5.89158 2.52567 2
      vertex 3 2 2
      vertex 102 2 2
    endloop
  endfacet
  facet normal 0 0 1
    outer loop
      vertex 5.10842 2.52567 2
      vertex 3 2 2
      vertex 5.5 2.5 2
    endloop
  endfacet
  facet normal 0 0 1
    outer loop
      vertex 4.72354 2.60222 2
      vertex 3 2 2
      vertex 5.10842 2.52567 2
    endloop
  endfacet
  facet normal 0 0 1
    outer loop
      vertex 4.35195 2.72836 2
      vertex 3 2 2
      vertex 4.72354 2.60222 2
    endloop
  endfacet
  facet normal 0 0 1
    outer loop
      vertex 4 2.90192 2
      vertex 3 2 2
      vertex 4.35195 2.72836 2
    endloop
  endfacet
  facet normal 0 0 1
    outer loop
      vertex 3.67372 3.11994 2
      vertex 3 2 2
      vertex 4 2.90192 2
    endloop
  endfacet
  facet normal 0 0 1
    outer loop
      vertex 3.37868 3.37868 2
      vertex 3 2 2
      vertex 3.67372 3.11994 2
    endloop
  endfacet
  facet normal 0 0 1
    outer loop
      vertex 2.5 2.13397 2
      vertex 3.37868 3.37868 2
      vertex 3.11994 3.67372 2
    endloop
  endfacet
  facet normal 0 0 1
    outer loop
      vertex 2.5 2.13397 2
      vertex 3.11994 3.67372 2
      vertex 2.90192 4 2
    endloop
  endfacet
  facet normal 0 0 1
    outer loop
      vertex 3.37868 3.37868 2
      vertex 2.86948 2.00856 2
      vertex 3 2 2
    endloop
  endfacet
  facet normal 0 0 1
    outer loop
      vertex 3.37868 3.37868 2
      vertex 2.74118 2.03407 2
      vertex 2.86948 2.00856 2
    endloop
  endfacet
  facet normal 0 0 1
    outer loop
      vertex 2.5 2.13397 2
      vertex 2.90192 4 2
      vertex 2.72836 4.35195 2
    endloop
  endfacet
  facet normal 0 0 1
    outer loop
      vertex 3.37868 3.37868 2
      vertex 2.5 2.13397 2
      vertex 2.61731 2.07613 2
    endloop
  endfacet
  facet normal 0 0 1
    outer loop
      vertex 2.5 2.13397 2
      vertex 2.72836 4.35195 2
      vertex 2.60222 4.72354 2
    endloop
  endfacet
  facet normal 0 0 1
    outer loop
      vertex 2.5 2.13397 2
      vertex 2.60222 4.72354 2
      vertex 2.52567 5.10842 2
    endloop
  endfacet
  facet normal 0 0 1
    outer loop
      vertex 2.5 2.13397 2
      vertex 2.52567 5.10842 2
      vertex 2.5 5.5 2
    endloop
  endfacet
  facet normal 0 0 1
    outer loop
      vertex 3.37868 3.37868 2
      vertex 2.61731 2.07613 2
      vertex 2.74118 2.03407 2
    endloop
  endfacet
  facet normal -0.946928 -0.321444 0
    outer loop
      vertex 2.72836 4.35195 2
      vertex 2.60222 4.72354 21.6
      vertex 2.60222 4.72354 2
    endloop
  endfacet
  facet normal -0.946928 -0.321444 0
    outer loop
      vertex 2.60222 4.72354 21.6
      vertex 2.72836 4.35195 2
      vertex 2.72836 4.35195 21.6
    endloop
  endfacet
  facet normal 0.195072 -0.980789 0
    outer loop
      vertex 5.89158 2.52567 2
      vertex 6.27646 2.60222 21.6
      vertex 5.89158 2.52567 21.6
    endloop
  endfacet
  facet normal 0.195072 -0.980789 0
    outer loop
      vertex 6.27646 2.60222 21.6
      vertex 5.89158 2.52567 2
      vertex 6.27646 2.60222 2
    endloop
  endfacet
  facet normal 0.980789 0.195072 0
    outer loop
      vertex 8.47433 5.89158 21.6
      vertex 8.39778 6.27646 2
      vertex 8.39778 6.27646 21.6
    endloop
  endfacet
  facet normal 0.980789 0.195072 0
    outer loop
      vertex 8.39778 6.27646 2
      vertex 8.47433 5.89158 21.6
      vertex 8.47433 5.89158 2
    endloop
  endfacet
  facet normal 0.997858 0.0654145 0
    outer loop
      vertex 8.5 5.5 21.6
      vertex 8.47433 5.89158 2
      vertex 8.47433 5.89158 21.6
    endloop
  endfacet
  facet normal 0.997858 0.0654145 0
    outer loop
      vertex 8.47433 5.89158 2
      vertex 8.5 5.5 21.6
      vertex 8.5 5.5 2
    endloop
  endfacet
  facet normal -0.442283 0.896875 0
    outer loop
      vertex 4.35195 8.27164 2
      vertex 4 8.09808 21.6
      vertex 4.35195 8.27164 21.6
    endloop
  endfacet
  facet normal -0.442283 0.896875 0
    outer loop
      vertex 4 8.09808 21.6
      vertex 4.35195 8.27164 2
      vertex 4 8.09808 2
    endloop
  endfacet
  facet normal 0.946928 0.321444 0
    outer loop
      vertex 8.39778 6.27646 21.6
      vertex 8.27164 6.64805 2
      vertex 8.27164 6.64805 21.6
    endloop
  endfacet
  facet normal 0.946928 0.321444 0
    outer loop
      vertex 8.27164 6.64805 2
      vertex 8.39778 6.27646 21.6
      vertex 8.39778 6.27646 2
    endloop
  endfacet
  facet normal 0.896875 -0.442283 0
    outer loop
      vertex 8.09808 4 21.6
      vertex 8.27164 4.35195 2
      vertex 8.27164 4.35195 21.6
    endloop
  endfacet
  facet normal 0.896875 -0.442283 0
    outer loop
      vertex 8.27164 4.35195 2
      vertex 8.09808 4 21.6
      vertex 8.09808 4 2
    endloop
  endfacet
  facet normal 0.997858 -0.0654145 0
    outer loop
      vertex 8.47433 5.10842 21.6
      vertex 8.5 5.5 2
      vertex 8.5 5.5 21.6
    endloop
  endfacet
  facet normal 0.997858 -0.0654145 0
    outer loop
      vertex 8.5 5.5 2
      vertex 8.47433 5.10842 21.6
      vertex 8.47433 5.10842 2
    endloop
  endfacet
  facet normal 0.659341 0.751844 -0
    outer loop
      vertex 7.62132 7.62132 2
      vertex 7.32628 7.88006 21.6
      vertex 7.62132 7.62132 21.6
    endloop
  endfacet
  facet normal 0.659341 0.751844 0
    outer loop
      vertex 7.32628 7.88006 21.6
      vertex 7.62132 7.62132 2
      vertex 7.32628 7.88006 2
    endloop
  endfacet
  facet normal -0.659341 0.751844 0
    outer loop
      vertex 3.67372 7.88006 2
      vertex 3.37868 7.62132 21.6
      vertex 3.67372 7.88006 21.6
    endloop
  endfacet
  facet normal -0.659341 0.751844 0
    outer loop
      vertex 3.37868 7.62132 21.6
      vertex 3.67372 7.88006 2
      vertex 3.37868 7.62132 2
    endloop
  endfacet
  facet normal 0.0654145 0.997858 -0
    outer loop
      vertex 5.89158 8.47433 2
      vertex 5.5 8.5 21.6
      vertex 5.89158 8.47433 21.6
    endloop
  endfacet
  facet normal 0.0654145 0.997858 0
    outer loop
      vertex 5.5 8.5 21.6
      vertex 5.89158 8.47433 2
      vertex 5.5 8.5 2
    endloop
  endfacet
  facet normal -0.997858 0.0654145 0
    outer loop
      vertex 2.5 5.5 2
      vertex 2.52567 5.89158 21.6
      vertex 2.52567 5.89158 2
    endloop
  endfacet
  facet normal -0.997858 0.0654145 0
    outer loop
      vertex 2.52567 5.89158 21.6
      vertex 2.5 5.5 2
      vertex 2.5 5.5 21.6
    endloop
  endfacet
  facet normal -0.751844 -0.659341 0
    outer loop
      vertex 3.37868 3.37868 2
      vertex 3.11994 3.67372 21.6
      vertex 3.11994 3.67372 2
    endloop
  endfacet
  facet normal -0.751844 -0.659341 0
    outer loop
      vertex 3.11994 3.67372 21.6
      vertex 3.37868 3.37868 2
      vertex 3.37868 3.37868 21.6
    endloop
  endfacet
  facet normal -0.980789 -0.195072 0
    outer loop
      vertex 2.60222 4.72354 2
      vertex 2.52567 5.10842 21.6
      vertex 2.52567 5.10842 2
    endloop
  endfacet
  facet normal -0.980789 -0.195072 0
    outer loop
      vertex 2.52567 5.10842 21.6
      vertex 2.60222 4.72354 2
      vertex 2.60222 4.72354 21.6
    endloop
  endfacet
  facet normal 0.831462 -0.555582 0
    outer loop
      vertex 7.88006 3.67372 21.6
      vertex 8.09808 4 2
      vertex 8.09808 4 21.6
    endloop
  endfacet
  facet normal 0.831462 -0.555582 0
    outer loop
      vertex 8.09808 4 2
      vertex 7.88006 3.67372 21.6
      vertex 7.88006 3.67372 2
    endloop
  endfacet
  facet normal -0.896875 0.442283 0
    outer loop
      vertex 2.72836 6.64805 2
      vertex 2.90192 7 21.6
      vertex 2.90192 7 2
    endloop
  endfacet
  facet normal -0.896875 0.442283 0
    outer loop
      vertex 2.90192 7 21.6
      vertex 2.72836 6.64805 2
      vertex 2.72836 6.64805 21.6
    endloop
  endfacet
  facet normal -0.831462 0.555582 0
    outer loop
      vertex 2.90192 7 2
      vertex 3.11994 7.32628 21.6
      vertex 3.11994 7.32628 2
    endloop
  endfacet
  facet normal -0.831462 0.555582 0
    outer loop
      vertex 3.11994 7.32628 21.6
      vertex 2.90192 7 2
      vertex 2.90192 7 21.6
    endloop
  endfacet
  facet normal -0.0654145 0.997858 0
    outer loop
      vertex 5.5 8.5 2
      vertex 5.10842 8.47433 21.6
      vertex 5.5 8.5 21.6
    endloop
  endfacet
  facet normal -0.0654145 0.997858 0
    outer loop
      vertex 5.10842 8.47433 21.6
      vertex 5.5 8.5 2
      vertex 5.10842 8.47433 2
    endloop
  endfacet
  facet normal -0.321444 -0.946928 0
    outer loop
      vertex 4.35195 2.72836 2
      vertex 4.72354 2.60222 21.6
      vertex 4.35195 2.72836 21.6
    endloop
  endfacet
  facet normal -0.321444 -0.946928 -0
    outer loop
      vertex 4.72354 2.60222 21.6
      vertex 4.35195 2.72836 2
      vertex 4.72354 2.60222 2
    endloop
  endfacet
  facet normal 0.442283 0.896875 -0
    outer loop
      vertex 7 8.09808 2
      vertex 6.64805 8.27164 21.6
      vertex 7 8.09808 21.6
    endloop
  endfacet
  facet normal 0.442283 0.896875 0
    outer loop
      vertex 6.64805 8.27164 21.6
      vertex 7 8.09808 2
      vertex 6.64805 8.27164 2
    endloop
  endfacet
  facet normal 0.0654145 -0.997858 0
    outer loop
      vertex 5.5 2.5 2
      vertex 5.89158 2.52567 21.6
      vertex 5.5 2.5 21.6
    endloop
  endfacet
  facet normal 0.0654145 -0.997858 0
    outer loop
      vertex 5.89158 2.52567 21.6
      vertex 5.5 2.5 2
      vertex 5.89158 2.52567 2
    endloop
  endfacet
  facet normal 0.555582 -0.831462 0
    outer loop
      vertex 7 2.90192 2
      vertex 7.32628 3.11994 21.6
      vertex 7 2.90192 21.6
    endloop
  endfacet
  facet normal 0.555582 -0.831462 0
    outer loop
      vertex 7.32628 3.11994 21.6
      vertex 7 2.90192 2
      vertex 7.32628 3.11994 2
    endloop
  endfacet
  facet normal 0.980789 -0.195072 0
    outer loop
      vertex 8.39778 4.72354 21.6
      vertex 8.47433 5.10842 2
      vertex 8.47433 5.10842 21.6
    endloop
  endfacet
  facet normal 0.980789 -0.195072 0
    outer loop
      vertex 8.47433 5.10842 2
      vertex 8.39778 4.72354 21.6
      vertex 8.39778 4.72354 2
    endloop
  endfacet
  facet normal -0.751844 0.659341 0
    outer loop
      vertex 3.11994 7.32628 2
      vertex 3.37868 7.62132 21.6
      vertex 3.37868 7.62132 2
    endloop
  endfacet
  facet normal -0.751844 0.659341 0
    outer loop
      vertex 3.37868 7.62132 21.6
      vertex 3.11994 7.32628 2
      vertex 3.11994 7.32628 21.6
    endloop
  endfacet
  facet normal -0.980789 0.195072 0
    outer loop
      vertex 2.52567 5.89158 2
      vertex 2.60222 6.27646 21.6
      vertex 2.60222 6.27646 2
    endloop
  endfacet
  facet normal -0.980789 0.195072 0
    outer loop
      vertex 2.60222 6.27646 21.6
      vertex 2.52567 5.89158 2
      vertex 2.52567 5.89158 21.6
    endloop
  endfacet
  facet normal 0.831462 0.555582 0
    outer loop
      vertex 8.09808 7 21.6
      vertex 7.88006 7.32628 2
      vertex 7.88006 7.32628 21.6
    endloop
  endfacet
  facet normal 0.831462 0.555582 0
    outer loop
      vertex 7.88006 7.32628 2
      vertex 8.09808 7 21.6
      vertex 8.09808 7 2
    endloop
  endfacet
  facet normal 0.555582 0.831462 -0
    outer loop
      vertex 7.32628 7.88006 2
      vertex 7 8.09808 21.6
      vertex 7.32628 7.88006 21.6
    endloop
  endfacet
  facet normal 0.555582 0.831462 0
    outer loop
      vertex 7 8.09808 21.6
      vertex 7.32628 7.88006 2
      vertex 7 8.09808 2
    endloop
  endfacet
  facet normal -0.997858 -0.0654145 0
    outer loop
      vertex 2.52567 5.10842 2
      vertex 2.5 5.5 21.6
      vertex 2.5 5.5 2
    endloop
  endfacet
  facet normal -0.997858 -0.0654145 0
    outer loop
      vertex 2.5 5.5 21.6
      vertex 2.52567 5.10842 2
      vertex 2.52567 5.10842 21.6
    endloop
  endfacet
  facet normal 0.321444 0.946928 -0
    outer loop
      vertex 6.64805 8.27164 2
      vertex 6.27646 8.39778 21.6
      vertex 6.64805 8.27164 21.6
    endloop
  endfacet
  facet normal 0.321444 0.946928 0
    outer loop
      vertex 6.27646 8.39778 21.6
      vertex 6.64805 8.27164 2
      vertex 6.27646 8.39778 2
    endloop
  endfacet
  facet normal 0.659341 -0.751844 0
    outer loop
      vertex 7.32628 3.11994 2
      vertex 7.62132 3.37868 21.6
      vertex 7.32628 3.11994 21.6
    endloop
  endfacet
  facet normal 0.659341 -0.751844 0
    outer loop
      vertex 7.62132 3.37868 21.6
      vertex 7.32628 3.11994 2
      vertex 7.62132 3.37868 2
    endloop
  endfacet
  facet normal -0.195072 0.980789 0
    outer loop
      vertex 5.10842 8.47433 2
      vertex 4.72354 8.39778 21.6
      vertex 5.10842 8.47433 21.6
    endloop
  endfacet
  facet normal -0.195072 0.980789 0
    outer loop
      vertex 4.72354 8.39778 21.6
      vertex 5.10842 8.47433 2
      vertex 4.72354 8.39778 2
    endloop
  endfacet
  facet normal 0.896875 0.442283 0
    outer loop
      vertex 8.27164 6.64805 21.6
      vertex 8.09808 7 2
      vertex 8.09808 7 21.6
    endloop
  endfacet
  facet normal 0.896875 0.442283 0
    outer loop
      vertex 8.09808 7 2
      vertex 8.27164 6.64805 21.6
      vertex 8.27164 6.64805 2
    endloop
  endfacet
  facet normal -0.555582 -0.831462 0
    outer loop
      vertex 3.67372 3.11994 2
      vertex 4 2.90192 21.6
      vertex 3.67372 3.11994 21.6
    endloop
  endfacet
  facet normal -0.555582 -0.831462 -0
    outer loop
      vertex 4 2.90192 21.6
      vertex 3.67372 3.11994 2
      vertex 4 2.90192 2
    endloop
  endfacet
  facet normal -0.659341 -0.751844 0
    outer loop
      vertex 3.37868 3.37868 2
      vertex 3.67372 3.11994 21.6
      vertex 3.37868 3.37868 21.6
    endloop
  endfacet
  facet normal -0.659341 -0.751844 -0
    outer loop
      vertex 3.67372 3.11994 21.6
      vertex 3.37868 3.37868 2
      vertex 3.67372 3.11994 2
    endloop
  endfacet
  facet normal 0.751844 -0.659341 0
    outer loop
      vertex 7.62132 3.37868 21.6
      vertex 7.88006 3.67372 2
      vertex 7.88006 3.67372 21.6
    endloop
  endfacet
  facet normal 0.751844 -0.659341 0
    outer loop
      vertex 7.88006 3.67372 2
      vertex 7.62132 3.37868 21.6
      vertex 7.62132 3.37868 2
    endloop
  endfacet
  facet normal -0.896875 -0.442283 0
    outer loop
      vertex 2.90192 4 2
      vertex 2.72836 4.35195 21.6
      vertex 2.72836 4.35195 2
    endloop
  endfacet
  facet normal -0.896875 -0.442283 0
    outer loop
      vertex 2.72836 4.35195 21.6
      vertex 2.90192 4 2
      vertex 2.90192 4 21.6
    endloop
  endfacet
  facet normal -0.0654145 -0.997858 0
    outer loop
      vertex 5.10842 2.52567 2
      vertex 5.5 2.5 21.6
      vertex 5.10842 2.52567 21.6
    endloop
  endfacet
  facet normal -0.0654145 -0.997858 -0
    outer loop
      vertex 5.5 2.5 21.6
      vertex 5.10842 2.52567 2
      vertex 5.5 2.5 2
    endloop
  endfacet
  facet normal 0.751844 0.659341 0
    outer loop
      vertex 7.88006 7.32628 21.6
      vertex 7.62132 7.62132 2
      vertex 7.62132 7.62132 21.6
    endloop
  endfacet
  facet normal 0.751844 0.659341 0
    outer loop
      vertex 7.62132 7.62132 2
      vertex 7.88006 7.32628 21.6
      vertex 7.88006 7.32628 2
    endloop
  endfacet
  facet normal -0.555582 0.831462 0
    outer loop
      vertex 4 8.09808 2
      vertex 3.67372 7.88006 21.6
      vertex 4 8.09808 21.6
    endloop
  endfacet
  facet normal -0.555582 0.831462 0
    outer loop
      vertex 3.67372 7.88006 21.6
      vertex 4 8.09808 2
      vertex 3.67372 7.88006 2
    endloop
  endfacet
  facet normal 0 0 1
    outer loop
      vertex 6.35 5.5 21.6
      vertex 8.5 5.5 21.6
      vertex 8.47433 5.89158 21.6
    endloop
  endfacet
  facet normal 0 0 1
    outer loop
      vertex 6.34273 5.61095 21.6
      vertex 8.47433 5.89158 21.6
      vertex 8.39778 6.27646 21.6
    endloop
  endfacet
  facet normal 0 0 1
    outer loop
      vertex 8.5 5.5 21.6
      vertex 6.35 5.5 21.6
      vertex 8.47433 5.10842 21.6
    endloop
  endfacet
  facet normal 0 0 1
    outer loop
      vertex 6.32104 5.72 21.6
      vertex 8.39778 6.27646 21.6
      vertex 8.27164 6.64805 21.6
    endloop
  endfacet
  facet normal -0 0 1
    outer loop
      vertex 6.34273 5.38905 21.6
      vertex 8.47433 5.10842 21.6
      vertex 6.35 5.5 21.6
    endloop
  endfacet
  facet normal 0 0 1
    outer loop
      vertex 6.2853 5.82528 21.6
      vertex 8.27164 6.64805 21.6
      vertex 8.09808 7 21.6
    endloop
  endfacet
  facet normal 0 0 1
    outer loop
      vertex 8.47433 5.10842 21.6
      vertex 6.34273 5.38905 21.6
      vertex 8.39778 4.72354 21.6
    endloop
  endfacet
  facet normal 0 0 1
    outer loop
      vertex 6.23612 5.925 21.6
      vertex 8.09808 7 21.6
      vertex 7.88006 7.32628 21.6
    endloop
  endfacet
  facet normal -0 0 1
    outer loop
      vertex 6.32104 5.28 21.6
      vertex 8.39778 4.72354 21.6
      vertex 6.34273 5.38905 21.6
    endloop
  endfacet
  facet normal 0 0 1
    outer loop
      vertex 6.17435 6.01745 21.6
      vertex 7.88006 7.32628 21.6
      vertex 7.62132 7.62132 21.6
    endloop
  endfacet
  facet normal 0 0 1
    outer loop
      vertex 8.39778 4.72354 21.6
      vertex 6.32104 5.28 21.6
      vertex 8.27164 4.35195 21.6
    endloop
  endfacet
  facet normal 0 0 1
    outer loop
      vertex 6.10104 6.10104 21.6
      vertex 7.62132 7.62132 21.6
      vertex 7.32628 7.88006 21.6
    endloop
  endfacet
  facet normal -0 0 1
    outer loop
      vertex 6.2853 5.17472 21.6
      vertex 8.27164 4.35195 21.6
      vertex 6.32104 5.28 21.6
    endloop
  endfacet
  facet normal 0 0 1
    outer loop
      vertex 6.01745 6.17435 21.6
      vertex 7.32628 7.88006 21.6
      vertex 7 8.09808 21.6
    endloop
  endfacet
  facet normal 0 0 1
    outer loop
      vertex 8.27164 4.35195 21.6
      vertex 6.2853 5.17472 21.6
      vertex 8.09808 4 21.6
    endloop
  endfacet
  facet normal 0 0 1
    outer loop
      vertex 5.925 6.23612 21.6
      vertex 7 8.09808 21.6
      vertex 6.64805 8.27164 21.6
    endloop
  endfacet
  facet normal -0 0 1
    outer loop
      vertex 6.23612 5.075 21.6
      vertex 8.09808 4 21.6
      vertex 6.2853 5.17472 21.6
    endloop
  endfacet
  facet normal 0 0 1
    outer loop
      vertex 8.09808 4 21.6
      vertex 6.23612 5.075 21.6
      vertex 7.88006 3.67372 21.6
    endloop
  endfacet
  facet normal 0 0 1
    outer loop
      vertex 8.47433 5.89158 21.6
      vertex 6.34273 5.61095 21.6
      vertex 6.35 5.5 21.6
    endloop
  endfacet
  facet normal 0 0 1
    outer loop
      vertex 8.39778 6.27646 21.6
      vertex 6.32104 5.72 21.6
      vertex 6.34273 5.61095 21.6
    endloop
  endfacet
  facet normal 0 0 1
    outer loop
      vertex 8.27164 6.64805 21.6
      vertex 6.2853 5.82528 21.6
      vertex 6.32104 5.72 21.6
    endloop
  endfacet
  facet normal 0 0 1
    outer loop
      vertex 5.82528 6.2853 21.6
      vertex 6.64805 8.27164 21.6
      vertex 6.27646 8.39778 21.6
    endloop
  endfacet
  facet normal 0 0 1
    outer loop
      vertex 8.09808 7 21.6
      vertex 6.23612 5.925 21.6
      vertex 6.2853 5.82528 21.6
    endloop
  endfacet
  facet normal 0 0 1
    outer loop
      vertex 7.88006 7.32628 21.6
      vertex 6.17435 6.01745 21.6
      vertex 6.23612 5.925 21.6
    endloop
  endfacet
  facet normal 0 0 1
    outer loop
      vertex 7.62132 7.62132 21.6
      vertex 6.10104 6.10104 21.6
      vertex 6.17435 6.01745 21.6
    endloop
  endfacet
  facet normal 0 0 1
    outer loop
      vertex 7.32628 7.88006 21.6
      vertex 6.01745 6.17435 21.6
      vertex 6.10104 6.10104 21.6
    endloop
  endfacet
  facet normal 0 0 1
    outer loop
      vertex 7 8.09808 21.6
      vertex 5.925 6.23612 21.6
      vertex 6.01745 6.17435 21.6
    endloop
  endfacet
  facet normal 0 0 1
    outer loop
      vertex 5.72 6.32104 21.6
      vertex 6.27646 8.39778 21.6
      vertex 5.89158 8.47433 21.6
    endloop
  endfacet
  facet normal 0 0 1
    outer loop
      vertex 6.64805 8.27164 21.6
      vertex 5.82528 6.2853 21.6
      vertex 5.925 6.23612 21.6
    endloop
  endfacet
  facet normal 0 0 1
    outer loop
      vertex 6.27646 8.39778 21.6
      vertex 5.72 6.32104 21.6
      vertex 5.82528 6.2853 21.6
    endloop
  endfacet
  facet normal 0 0 1
    outer loop
      vertex 5.89158 8.47433 21.6
      vertex 5.61095 6.34273 21.6
      vertex 5.72 6.32104 21.6
    endloop
  endfacet
  facet normal 0 0 1
    outer loop
      vertex 5.5 8.5 21.6
      vertex 5.61095 6.34273 21.6
      vertex 5.89158 8.47433 21.6
    endloop
  endfacet
  facet normal 0 0 1
    outer loop
      vertex 5.5 8.5 21.6
      vertex 5.5 6.35 21.6
      vertex 5.61095 6.34273 21.6
    endloop
  endfacet
  facet normal 0 0 1
    outer loop
      vertex 5.5 8.5 21.6
      vertex 5.38905 6.34273 21.6
      vertex 5.5 6.35 21.6
    endloop
  endfacet
  facet normal -0 0 1
    outer loop
      vertex 5.10842 8.47433 21.6
      vertex 5.38905 6.34273 21.6
      vertex 5.5 8.5 21.6
    endloop
  endfacet
  facet normal 0 0 1
    outer loop
      vertex 5.38905 6.34273 21.6
      vertex 5.10842 8.47433 21.6
      vertex 5.28 6.32104 21.6
    endloop
  endfacet
  facet normal -0 0 1
    outer loop
      vertex 4.72354 8.39778 21.6
      vertex 5.28 6.32104 21.6
      vertex 5.10842 8.47433 21.6
    endloop
  endfacet
  facet normal 0 0 1
    outer loop
      vertex 5.28 6.32104 21.6
      vertex 4.72354 8.39778 21.6
      vertex 5.17472 6.2853 21.6
    endloop
  endfacet
  facet normal -0 0 1
    outer loop
      vertex 4.35195 8.27164 21.6
      vertex 5.17472 6.2853 21.6
      vertex 4.72354 8.39778 21.6
    endloop
  endfacet
  facet normal 0 0 1
    outer loop
      vertex 5.17472 6.2853 21.6
      vertex 4.35195 8.27164 21.6
      vertex 5.075 6.23612 21.6
    endloop
  endfacet
  facet normal -0 0 1
    outer loop
      vertex 4 8.09808 21.6
      vertex 5.075 6.23612 21.6
      vertex 4.35195 8.27164 21.6
    endloop
  endfacet
  facet normal 0 0 1
    outer loop
      vertex 5.075 6.23612 21.6
      vertex 4 8.09808 21.6
      vertex 4.98255 6.17435 21.6
    endloop
  endfacet
  facet normal -0 0 1
    outer loop
      vertex 3.67372 7.88006 21.6
      vertex 4.98255 6.17435 21.6
      vertex 4 8.09808 21.6
    endloop
  endfacet
  facet normal 0 0 1
    outer loop
      vertex 4.98255 6.17435 21.6
      vertex 3.67372 7.88006 21.6
      vertex 4.89896 6.10104 21.6
    endloop
  endfacet
  facet normal -0 0 1
    outer loop
      vertex 3.37868 7.62132 21.6
      vertex 4.89896 6.10104 21.6
      vertex 3.67372 7.88006 21.6
    endloop
  endfacet
  facet normal 0 0 1
    outer loop
      vertex 4.89896 6.10104 21.6
      vertex 3.37868 7.62132 21.6
      vertex 4.82565 6.01745 21.6
    endloop
  endfacet
  facet normal -0 0 1
    outer loop
      vertex 3.11994 7.32628 21.6
      vertex 4.82565 6.01745 21.6
      vertex 3.37868 7.62132 21.6
    endloop
  endfacet
  facet normal 0 0 1
    outer loop
      vertex 4.82565 6.01745 21.6
      vertex 3.11994 7.32628 21.6
      vertex 4.76388 5.925 21.6
    endloop
  endfacet
  facet normal -0 0 1
    outer loop
      vertex 6.17435 4.98255 21.6
      vertex 7.88006 3.67372 21.6
      vertex 6.23612 5.075 21.6
    endloop
  endfacet
  facet normal 0 0 1
    outer loop
      vertex 7.88006 3.67372 21.6
      vertex 6.17435 4.98255 21.6
      vertex 7.62132 3.37868 21.6
    endloop
  endfacet
  facet normal -0 0 1
    outer loop
      vertex 6.10104 4.89896 21.6
      vertex 7.62132 3.37868 21.6
      vertex 6.17435 4.98255 21.6
    endloop
  endfacet
  facet normal 0 0 1
    outer loop
      vertex 7.62132 3.37868 21.6
      vertex 6.10104 4.89896 21.6
      vertex 7.32628 3.11994 21.6
    endloop
  endfacet
  facet normal -0 0 1
    outer loop
      vertex 6.01745 4.82565 21.6
      vertex 7.32628 3.11994 21.6
      vertex 6.10104 4.89896 21.6
    endloop
  endfacet
  facet normal 0 0 1
    outer loop
      vertex 7.32628 3.11994 21.6
      vertex 6.01745 4.82565 21.6
      vertex 7 2.90192 21.6
    endloop
  endfacet
  facet normal -0 0 1
    outer loop
      vertex 5.925 4.76388 21.6
      vertex 7 2.90192 21.6
      vertex 6.01745 4.82565 21.6
    endloop
  endfacet
  facet normal 0 0 1
    outer loop
      vertex 7 2.90192 21.6
      vertex 5.925 4.76388 21.6
      vertex 6.64805 2.72836 21.6
    endloop
  endfacet
  facet normal -0 0 1
    outer loop
      vertex 5.82528 4.7147 21.6
      vertex 6.64805 2.72836 21.6
      vertex 5.925 4.76388 21.6
    endloop
  endfacet
  facet normal 0 0 1
    outer loop
      vertex 6.64805 2.72836 21.6
      vertex 5.82528 4.7147 21.6
      vertex 6.27646 2.60222 21.6
    endloop
  endfacet
  facet normal -0 0 1
    outer loop
      vertex 5.72 4.67896 21.6
      vertex 6.27646 2.60222 21.6
      vertex 5.82528 4.7147 21.6
    endloop
  endfacet
  facet normal 0 0 1
    outer loop
      vertex 6.27646 2.60222 21.6
      vertex 5.72 4.67896 21.6
      vertex 5.89158 2.52567 21.6
    endloop
  endfacet
  facet normal -0 0 1
    outer loop
      vertex 5.61095 4.65727 21.6
      vertex 5.89158 2.52567 21.6
      vertex 5.72 4.67896 21.6
    endloop
  endfacet
  facet normal -0 0 1
    outer loop
      vertex 5.5 4.65 21.6
      vertex 5.89158 2.52567 21.6
      vertex 5.61095 4.65727 21.6
    endloop
  endfacet
  facet normal 0 0 1
    outer loop
      vertex 5.5 4.65 21.6
      vertex 5.5 2.5 21.6
      vertex 5.89158 2.52567 21.6
    endloop
  endfacet
  facet normal 0 0 1
    outer loop
      vertex 5.38905 4.65727 21.6
      vertex 5.5 2.5 21.6
      vertex 5.5 4.65 21.6
    endloop
  endfacet
  facet normal 0 0 1
    outer loop
      vertex 5.10842 2.52567 21.6
      vertex 5.38905 4.65727 21.6
      vertex 5.28 4.67896 21.6
    endloop
  endfacet
  facet normal 0 0 1
    outer loop
      vertex 4.72354 2.60222 21.6
      vertex 5.28 4.67896 21.6
      vertex 5.17472 4.7147 21.6
    endloop
  endfacet
  facet normal 0 0 1
    outer loop
      vertex 5.38905 4.65727 21.6
      vertex 5.10842 2.52567 21.6
      vertex 5.5 2.5 21.6
    endloop
  endfacet
  facet normal 0 0 1
    outer loop
      vertex 4.35195 2.72836 21.6
      vertex 5.17472 4.7147 21.6
      vertex 5.075 4.76388 21.6
    endloop
  endfacet
  facet normal 0 0 1
    outer loop
      vertex 4 2.90192 21.6
      vertex 5.075 4.76388 21.6
      vertex 4.98255 4.82565 21.6
    endloop
  endfacet
  facet normal 0 0 1
    outer loop
      vertex 3.67372 3.11994 21.6
      vertex 4.98255 4.82565 21.6
      vertex 4.89896 4.89896 21.6
    endloop
  endfacet
  facet normal 0 0 1
    outer loop
      vertex 3.37868 3.37868 21.6
      vertex 4.89896 4.89896 21.6
      vertex 4.82565 4.98255 21.6
    endloop
  endfacet
  facet normal 0 0 1
    outer loop
      vertex 3.11994 3.67372 21.6
      vertex 4.82565 4.98255 21.6
      vertex 4.76388 5.075 21.6
    endloop
  endfacet
  facet normal 0 0 1
    outer loop
      vertex 5.28 4.67896 21.6
      vertex 4.72354 2.60222 21.6
      vertex 5.10842 2.52567 21.6
    endloop
  endfacet
  facet normal 0 0 1
    outer loop
      vertex 2.90192 4 21.6
      vertex 4.76388 5.075 21.6
      vertex 4.7147 5.17472 21.6
    endloop
  endfacet
  facet normal 0 0 1
    outer loop
      vertex 2.72836 4.35195 21.6
      vertex 4.7147 5.17472 21.6
      vertex 4.67896 5.28 21.6
    endloop
  endfacet
  facet normal 0 0 1
    outer loop
      vertex 2.60222 4.72354 21.6
      vertex 4.67896 5.28 21.6
      vertex 4.65727 5.38905 21.6
    endloop
  endfacet
  facet normal 0 0 1
    outer loop
      vertex 2.52567 5.10842 21.6
      vertex 4.65727 5.38905 21.6
      vertex 4.65 5.5 21.6
    endloop
  endfacet
  facet normal -0 0 1
    outer loop
      vertex 2.90192 7 21.6
      vertex 4.76388 5.925 21.6
      vertex 3.11994 7.32628 21.6
    endloop
  endfacet
  facet normal 0 0 1
    outer loop
      vertex 5.17472 4.7147 21.6
      vertex 4.35195 2.72836 21.6
      vertex 4.72354 2.60222 21.6
    endloop
  endfacet
  facet normal 0 0 1
    outer loop
      vertex 4.76388 5.925 21.6
      vertex 2.90192 7 21.6
      vertex 4.7147 5.82528 21.6
    endloop
  endfacet
  facet normal 0 0 1
    outer loop
      vertex 5.075 4.76388 21.6
      vertex 4 2.90192 21.6
      vertex 4.35195 2.72836 21.6
    endloop
  endfacet
  facet normal -0 0 1
    outer loop
      vertex 2.72836 6.64805 21.6
      vertex 4.7147 5.82528 21.6
      vertex 2.90192 7 21.6
    endloop
  endfacet
  facet normal 0 0 1
    outer loop
      vertex 4.98255 4.82565 21.6
      vertex 3.67372 3.11994 21.6
      vertex 4 2.90192 21.6
    endloop
  endfacet
  facet normal 0 0 1
    outer loop
      vertex 4.7147 5.82528 21.6
      vertex 2.72836 6.64805 21.6
      vertex 4.67896 5.72 21.6
    endloop
  endfacet
  facet normal 0 0 1
    outer loop
      vertex 4.89896 4.89896 21.6
      vertex 3.37868 3.37868 21.6
      vertex 3.67372 3.11994 21.6
    endloop
  endfacet
  facet normal -0 0 1
    outer loop
      vertex 2.60222 6.27646 21.6
      vertex 4.67896 5.72 21.6
      vertex 2.72836 6.64805 21.6
    endloop
  endfacet
  facet normal 0 0 1
    outer loop
      vertex 4.82565 4.98255 21.6
      vertex 3.11994 3.67372 21.6
      vertex 3.37868 3.37868 21.6
    endloop
  endfacet
  facet normal 0 0 1
    outer loop
      vertex 4.67896 5.72 21.6
      vertex 2.60222 6.27646 21.6
      vertex 4.65727 5.61095 21.6
    endloop
  endfacet
  facet normal 0 0 1
    outer loop
      vertex 4.76388 5.075 21.6
      vertex 2.90192 4 21.6
      vertex 3.11994 3.67372 21.6
    endloop
  endfacet
  facet normal -0 0 1
    outer loop
      vertex 2.52567 5.89158 21.6
      vertex 4.65727 5.61095 21.6
      vertex 2.60222 6.27646 21.6
    endloop
  endfacet
  facet normal 0 0 1
    outer loop
      vertex 4.7147 5.17472 21.6
      vertex 2.72836 4.35195 21.6
      vertex 2.90192 4 21.6
    endloop
  endfacet
  facet normal 0 0 1
    outer loop
      vertex 4.65727 5.61095 21.6
      vertex 2.52567 5.89158 21.6
      vertex 4.65 5.5 21.6
    endloop
  endfacet
  facet normal 0 0 1
    outer loop
      vertex 4.67896 5.28 21.6
      vertex 2.60222 4.72354 21.6
      vertex 2.72836 4.35195 21.6
    endloop
  endfacet
  facet normal 0 0 1
    outer loop
      vertex 2.5 5.5 21.6
      vertex 4.65 5.5 21.6
      vertex 2.52567 5.89158 21.6
    endloop
  endfacet
  facet normal 0 0 1
    outer loop
      vertex 4.65727 5.38905 21.6
      vertex 2.52567 5.10842 21.6
      vertex 2.60222 4.72354 21.6
    endloop
  endfacet
  facet normal 0 0 1
    outer loop
      vertex 4.65 5.5 21.6
      vertex 2.5 5.5 21.6
      vertex 2.52567 5.10842 21.6
    endloop
  endfacet
  facet normal 0.321444 -0.946928 0
    outer loop
      vertex 6.27646 2.60222 2
      vertex 6.64805 2.72836 21.6
      vertex 6.27646 2.60222 21.6
    endloop
  endfacet
  facet normal 0.321444 -0.946928 0
    outer loop
      vertex 6.64805 2.72836 21.6
      vertex 6.27646 2.60222 2
      vertex 6.64805 2.72836 2
    endloop
  endfacet
  facet normal 0.442283 -0.896875 0
    outer loop
      vertex 6.64805 2.72836 2
      vertex 7 2.90192 21.6
      vertex 6.64805 2.72836 21.6
    endloop
  endfacet
  facet normal 0.442283 -0.896875 0
    outer loop
      vertex 7 2.90192 21.6
      vertex 6.64805 2.72836 2
      vertex 7 2.90192 2
    endloop
  endfacet
  facet normal -0.321444 0.946928 0
    outer loop
      vertex 4.72354 8.39778 2
      vertex 4.35195 8.27164 21.6
      vertex 4.72354 8.39778 21.6
    endloop
  endfacet
  facet normal -0.321444 0.946928 0
    outer loop
      vertex 4.35195 8.27164 21.6
      vertex 4.72354 8.39778 2
      vertex 4.35195 8.27164 2
    endloop
  endfacet
  facet normal 0.946928 -0.321444 0
    outer loop
      vertex 8.27164 4.35195 21.6
      vertex 8.39778 4.72354 2
      vertex 8.39778 4.72354 21.6
    endloop
  endfacet
  facet normal 0.946928 -0.321444 0
    outer loop
      vertex 8.39778 4.72354 2
      vertex 8.27164 4.35195 21.6
      vertex 8.27164 4.35195 2
    endloop
  endfacet
  facet normal -0.195072 -0.980789 0
    outer loop
      vertex 4.72354 2.60222 2
      vertex 5.10842 2.52567 21.6
      vertex 4.72354 2.60222 21.6
    endloop
  endfacet
  facet normal -0.195072 -0.980789 -0
    outer loop
      vertex 5.10842 2.52567 21.6
      vertex 4.72354 2.60222 2
      vertex 5.10842 2.52567 2
    endloop
  endfacet
  facet normal 0.195072 0.980789 -0
    outer loop
      vertex 6.27646 8.39778 2
      vertex 5.89158 8.47433 21.6
      vertex 6.27646 8.39778 21.6
    endloop
  endfacet
  facet normal 0.195072 0.980789 0
    outer loop
      vertex 5.89158 8.47433 21.6
      vertex 6.27646 8.39778 2
      vertex 5.89158 8.47433 2
    endloop
  endfacet
  facet normal -0.442283 -0.896875 0
    outer loop
      vertex 4 2.90192 2
      vertex 4.35195 2.72836 21.6
      vertex 4 2.90192 21.6
    endloop
  endfacet
  facet normal -0.442283 -0.896875 -0
    outer loop
      vertex 4.35195 2.72836 21.6
      vertex 4 2.90192 2
      vertex 4.35195 2.72836 2
    endloop
  endfacet
  facet normal -0.831462 -0.555582 0
    outer loop
      vertex 3.11994 3.67372 2
      vertex 2.90192 4 21.6
      vertex 2.90192 4 2
    endloop
  endfacet
  facet normal -0.831462 -0.555582 0
    outer loop
      vertex 2.90192 4 21.6
      vertex 3.11994 3.67372 2
      vertex 3.11994 3.67372 21.6
    endloop
  endfacet
  facet normal -0.946928 0.321444 0
    outer loop
      vertex 2.60222 6.27646 2
      vertex 2.72836 6.64805 21.6
      vertex 2.72836 6.64805 2
    endloop
  endfacet
  facet normal -0.946928 0.321444 0
    outer loop
      vertex 2.72836 6.64805 21.6
      vertex 2.60222 6.27646 2
      vertex 2.60222 6.27646 21.6
    endloop
  endfacet
  facet normal -0.44216 0.896936 0
    outer loop
      vertex 4.35195 39.2716 2
      vertex 4 39.0981 21.6
      vertex 4.35195 39.2716 21.6
    endloop
  endfacet
  facet normal -0.44216 0.896936 0
    outer loop
      vertex 4 39.0981 21.6
      vertex 4.35195 39.2716 2
      vertex 4 39.0981 2
    endloop
  endfacet
  facet normal 0.831477 0.555558 0
    outer loop
      vertex 8.09808 38 21.6
      vertex 7.88006 38.3263 2
      vertex 7.88006 38.3263 21.6
    endloop
  endfacet
  facet normal 0.831477 0.555558 0
    outer loop
      vertex 7.88006 38.3263 2
      vertex 8.09808 38 21.6
      vertex 8.09808 38 2
    endloop
  endfacet
  facet normal 0.980791 0.195062 0
    outer loop
      vertex 8.47433 36.8916 21.6
      vertex 8.39778 37.2765 2
      vertex 8.39778 37.2765 21.6
    endloop
  endfacet
  facet normal 0.980791 0.195062 0
    outer loop
      vertex 8.39778 37.2765 2
      vertex 8.47433 36.8916 21.6
      vertex 8.47433 36.8916 2
    endloop
  endfacet
  facet normal -0.19495 -0.980813 0
    outer loop
      vertex 4.72354 33.6022 2
      vertex 5.10842 33.5257 21.6
      vertex 4.72354 33.6022 21.6
    endloop
  endfacet
  facet normal -0.19495 -0.980813 -0
    outer loop
      vertex 5.10842 33.5257 21.6
      vertex 4.72354 33.6022 2
      vertex 5.10842 33.5257 2
    endloop
  endfacet
  facet normal 0.44216 -0.896936 0
    outer loop
      vertex 6.64805 33.7284 2
      vertex 7 33.9019 21.6
      vertex 6.64805 33.7284 21.6
    endloop
  endfacet
  facet normal 0.44216 -0.896936 0
    outer loop
      vertex 7 33.9019 21.6
      vertex 6.64805 33.7284 2
      vertex 7 33.9019 2
    endloop
  endfacet
  facet normal 0.555547 0.831485 -0
    outer loop
      vertex 7.32628 38.8801 2
      vertex 7 39.0981 21.6
      vertex 7.32628 38.8801 21.6
    endloop
  endfacet
  facet normal 0.555547 0.831485 0
    outer loop
      vertex 7 39.0981 21.6
      vertex 7.32628 38.8801 2
      vertex 7 39.0981 2
    endloop
  endfacet
  facet normal 0.44216 0.896936 -0
    outer loop
      vertex 7 39.0981 2
      vertex 6.64805 39.2716 21.6
      vertex 7 39.0981 21.6
    endloop
  endfacet
  facet normal 0.44216 0.896936 0
    outer loop
      vertex 6.64805 39.2716 21.6
      vertex 7 39.0981 2
      vertex 6.64805 39.2716 2
    endloop
  endfacet
  facet normal 0.659428 0.751768 -0
    outer loop
      vertex 7.62132 38.6213 2
      vertex 7.32628 38.8801 21.6
      vertex 7.62132 38.6213 21.6
    endloop
  endfacet
  facet normal 0.659428 0.751768 0
    outer loop
      vertex 7.32628 38.8801 21.6
      vertex 7.62132 38.6213 2
      vertex 7.32628 38.8801 2
    endloop
  endfacet
  facet normal 0.19495 -0.980813 0
    outer loop
      vertex 5.89158 33.5257 2
      vertex 6.27646 33.6022 21.6
      vertex 5.89158 33.5257 21.6
    endloop
  endfacet
  facet normal 0.19495 -0.980813 0
    outer loop
      vertex 6.27646 33.6022 21.6
      vertex 5.89158 33.5257 2
      vertex 6.27646 33.6022 2
    endloop
  endfacet
  facet normal -0.980791 -0.195062 0
    outer loop
      vertex 2.60222 35.7235 2
      vertex 2.52567 36.1084 21.6
      vertex 2.52567 36.1084 2
    endloop
  endfacet
  facet normal -0.980791 -0.195062 0
    outer loop
      vertex 2.52567 36.1084 21.6
      vertex 2.60222 35.7235 2
      vertex 2.60222 35.7235 21.6
    endloop
  endfacet
  facet normal 0.946905 0.321514 0
    outer loop
      vertex 8.39778 37.2765 21.6
      vertex 8.27164 37.648 2
      vertex 8.27164 37.648 21.6
    endloop
  endfacet
  facet normal 0.946905 0.321514 0
    outer loop
      vertex 8.27164 37.648 2
      vertex 8.39778 37.2765 21.6
      vertex 8.39778 37.2765 2
    endloop
  endfacet
  facet normal -0.8969 -0.442233 0
    outer loop
      vertex 2.90192 35 2
      vertex 2.72836 35.352 21.6
      vertex 2.72836 35.352 2
    endloop
  endfacet
  facet normal -0.8969 -0.442233 0
    outer loop
      vertex 2.72836 35.352 21.6
      vertex 2.90192 35 2
      vertex 2.90192 35 21.6
    endloop
  endfacet
  facet normal 0.555547 -0.831485 0
    outer loop
      vertex 7 33.9019 2
      vertex 7.32628 34.1199 21.6
      vertex 7 33.9019 21.6
    endloop
  endfacet
  facet normal 0.555547 -0.831485 0
    outer loop
      vertex 7.32628 34.1199 21.6
      vertex 7 33.9019 2
      vertex 7.32628 34.1199 2
    endloop
  endfacet
  facet normal 0.997858 0.0654112 0
    outer loop
      vertex 8.5 36.5 21.6
      vertex 8.47433 36.8916 2
      vertex 8.47433 36.8916 21.6
    endloop
  endfacet
  facet normal 0.997858 0.0654112 0
    outer loop
      vertex 8.47433 36.8916 2
      vertex 8.5 36.5 21.6
      vertex 8.5 36.5 2
    endloop
  endfacet
  facet normal 0.0654906 0.997853 -0
    outer loop
      vertex 5.89158 39.4743 2
      vertex 5.5 39.5 21.6
      vertex 5.89158 39.4743 21.6
    endloop
  endfacet
  facet normal 0.0654906 0.997853 0
    outer loop
      vertex 5.5 39.5 21.6
      vertex 5.89158 39.4743 2
      vertex 5.5 39.5 2
    endloop
  endfacet
  facet normal 0.831477 -0.555558 0
    outer loop
      vertex 7.88006 34.6737 21.6
      vertex 8.09808 35 2
      vertex 8.09808 35 21.6
    endloop
  endfacet
  facet normal 0.831477 -0.555558 0
    outer loop
      vertex 8.09808 35 2
      vertex 7.88006 34.6737 21.6
      vertex 7.88006 34.6737 2
    endloop
  endfacet
  facet normal 0.751799 0.659392 0
    outer loop
      vertex 7.88006 38.3263 21.6
      vertex 7.62132 38.6213 2
      vertex 7.62132 38.6213 21.6
    endloop
  endfacet
  facet normal 0.751799 0.659392 0
    outer loop
      vertex 7.62132 38.6213 2
      vertex 7.88006 38.3263 21.6
      vertex 7.88006 38.3263 2
    endloop
  endfacet
  facet normal 0.751799 -0.659392 0
    outer loop
      vertex 7.62132 34.3787 21.6
      vertex 7.88006 34.6737 2
      vertex 7.88006 34.6737 21.6
    endloop
  endfacet
  facet normal 0.751799 -0.659392 0
    outer loop
      vertex 7.88006 34.6737 2
      vertex 7.62132 34.3787 21.6
      vertex 7.62132 34.3787 2
    endloop
  endfacet
  facet normal -0.0654906 -0.997853 0
    outer loop
      vertex 5.10842 33.5257 2
      vertex 5.5 33.5 21.6
      vertex 5.10842 33.5257 21.6
    endloop
  endfacet
  facet normal -0.0654906 -0.997853 -0
    outer loop
      vertex 5.5 33.5 21.6
      vertex 5.10842 33.5257 2
      vertex 5.5 33.5 2
    endloop
  endfacet
  facet normal -0.946905 -0.321514 0
    outer loop
      vertex 2.72836 35.352 2
      vertex 2.60222 35.7235 21.6
      vertex 2.60222 35.7235 2
    endloop
  endfacet
  facet normal -0.946905 -0.321514 0
    outer loop
      vertex 2.60222 35.7235 21.6
      vertex 2.72836 35.352 2
      vertex 2.72836 35.352 21.6
    endloop
  endfacet
  facet normal -0.997858 0.0654112 0
    outer loop
      vertex 2.5 36.5 2
      vertex 2.52567 36.8916 21.6
      vertex 2.52567 36.8916 2
    endloop
  endfacet
  facet normal -0.997858 0.0654112 0
    outer loop
      vertex 2.52567 36.8916 21.6
      vertex 2.5 36.5 2
      vertex 2.5 36.5 21.6
    endloop
  endfacet
  facet normal -0.321582 0.946882 0
    outer loop
      vertex 4.72354 39.3978 2
      vertex 4.35195 39.2716 21.6
      vertex 4.72354 39.3978 21.6
    endloop
  endfacet
  facet normal -0.321582 0.946882 0
    outer loop
      vertex 4.35195 39.2716 21.6
      vertex 4.72354 39.3978 2
      vertex 4.35195 39.2716 2
    endloop
  endfacet
  facet normal -0.19495 0.980813 0
    outer loop
      vertex 5.10842 39.4743 2
      vertex 4.72354 39.3978 21.6
      vertex 5.10842 39.4743 21.6
    endloop
  endfacet
  facet normal -0.19495 0.980813 0
    outer loop
      vertex 4.72354 39.3978 21.6
      vertex 5.10842 39.4743 2
      vertex 4.72354 39.3978 2
    endloop
  endfacet
  facet normal -0.831477 -0.555558 0
    outer loop
      vertex 3.11994 34.6737 2
      vertex 2.90192 35 21.6
      vertex 2.90192 35 2
    endloop
  endfacet
  facet normal -0.831477 -0.555558 0
    outer loop
      vertex 2.90192 35 21.6
      vertex 3.11994 34.6737 2
      vertex 3.11994 34.6737 21.6
    endloop
  endfacet
  facet normal -0.751799 0.659392 0
    outer loop
      vertex 3.11994 38.3263 2
      vertex 3.37868 38.6213 21.6
      vertex 3.37868 38.6213 2
    endloop
  endfacet
  facet normal -0.751799 0.659392 0
    outer loop
      vertex 3.37868 38.6213 21.6
      vertex 3.11994 38.3263 2
      vertex 3.11994 38.3263 21.6
    endloop
  endfacet
  facet normal 0.0654906 -0.997853 0
    outer loop
      vertex 5.5 33.5 2
      vertex 5.89158 33.5257 21.6
      vertex 5.5 33.5 21.6
    endloop
  endfacet
  facet normal 0.0654906 -0.997853 0
    outer loop
      vertex 5.89158 33.5257 21.6
      vertex 5.5 33.5 2
      vertex 5.89158 33.5257 2
    endloop
  endfacet
  facet normal 0.321582 0.946882 -0
    outer loop
      vertex 6.64805 39.2716 2
      vertex 6.27646 39.3978 21.6
      vertex 6.64805 39.2716 21.6
    endloop
  endfacet
  facet normal 0.321582 0.946882 0
    outer loop
      vertex 6.27646 39.3978 21.6
      vertex 6.64805 39.2716 2
      vertex 6.27646 39.3978 2
    endloop
  endfacet
  facet normal 0.8969 -0.442233 0
    outer loop
      vertex 8.09808 35 21.6
      vertex 8.27164 35.352 2
      vertex 8.27164 35.352 21.6
    endloop
  endfacet
  facet normal 0.8969 -0.442233 0
    outer loop
      vertex 8.27164 35.352 2
      vertex 8.09808 35 21.6
      vertex 8.09808 35 2
    endloop
  endfacet
  facet normal 0.946905 -0.321514 0
    outer loop
      vertex 8.27164 35.352 21.6
      vertex 8.39778 35.7235 2
      vertex 8.39778 35.7235 21.6
    endloop
  endfacet
  facet normal 0.946905 -0.321514 0
    outer loop
      vertex 8.39778 35.7235 2
      vertex 8.27164 35.352 21.6
      vertex 8.27164 35.352 2
    endloop
  endfacet
  facet normal -0.8969 0.442233 0
    outer loop
      vertex 2.72836 37.648 2
      vertex 2.90192 38 21.6
      vertex 2.90192 38 2
    endloop
  endfacet
  facet normal -0.8969 0.442233 0
    outer loop
      vertex 2.90192 38 21.6
      vertex 2.72836 37.648 2
      vertex 2.72836 37.648 21.6
    endloop
  endfacet
  facet normal -0.980791 0.195062 0
    outer loop
      vertex 2.52567 36.8916 2
      vertex 2.60222 37.2765 21.6
      vertex 2.60222 37.2765 2
    endloop
  endfacet
  facet normal -0.980791 0.195062 0
    outer loop
      vertex 2.60222 37.2765 21.6
      vertex 2.52567 36.8916 2
      vertex 2.52567 36.8916 21.6
    endloop
  endfacet
  facet normal 0.8969 0.442233 0
    outer loop
      vertex 8.27164 37.648 21.6
      vertex 8.09808 38 2
      vertex 8.09808 38 21.6
    endloop
  endfacet
  facet normal 0.8969 0.442233 0
    outer loop
      vertex 8.09808 38 2
      vertex 8.27164 37.648 21.6
      vertex 8.27164 37.648 2
    endloop
  endfacet
  facet normal 0.997858 -0.0654112 0
    outer loop
      vertex 8.47433 36.1084 21.6
      vertex 8.5 36.5 2
      vertex 8.5 36.5 21.6
    endloop
  endfacet
  facet normal 0.997858 -0.0654112 0
    outer loop
      vertex 8.5 36.5 2
      vertex 8.47433 36.1084 21.6
      vertex 8.47433 36.1084 2
    endloop
  endfacet
  facet normal -0.555547 0.831485 0
    outer loop
      vertex 4 39.0981 2
      vertex 3.67372 38.8801 21.6
      vertex 4 39.0981 21.6
    endloop
  endfacet
  facet normal -0.555547 0.831485 0
    outer loop
      vertex 3.67372 38.8801 21.6
      vertex 4 39.0981 2
      vertex 3.67372 38.8801 2
    endloop
  endfacet
  facet normal 0.19495 0.980813 -0
    outer loop
      vertex 6.27646 39.3978 2
      vertex 5.89158 39.4743 21.6
      vertex 6.27646 39.3978 21.6
    endloop
  endfacet
  facet normal 0.19495 0.980813 0
    outer loop
      vertex 5.89158 39.4743 21.6
      vertex 6.27646 39.3978 2
      vertex 5.89158 39.4743 2
    endloop
  endfacet
  facet normal -0.997858 -0.0654112 0
    outer loop
      vertex 2.52567 36.1084 2
      vertex 2.5 36.5 21.6
      vertex 2.5 36.5 2
    endloop
  endfacet
  facet normal -0.997858 -0.0654112 0
    outer loop
      vertex 2.5 36.5 21.6
      vertex 2.52567 36.1084 2
      vertex 2.52567 36.1084 21.6
    endloop
  endfacet
  facet normal -0.659428 -0.751768 0
    outer loop
      vertex 3.37868 34.3787 2
      vertex 3.67372 34.1199 21.6
      vertex 3.37868 34.3787 21.6
    endloop
  endfacet
  facet normal -0.659428 -0.751768 -0
    outer loop
      vertex 3.67372 34.1199 21.6
      vertex 3.37868 34.3787 2
      vertex 3.67372 34.1199 2
    endloop
  endfacet
  facet normal -0.946905 0.321514 0
    outer loop
      vertex 2.60222 37.2765 2
      vertex 2.72836 37.648 21.6
      vertex 2.72836 37.648 2
    endloop
  endfacet
  facet normal -0.946905 0.321514 0
    outer loop
      vertex 2.72836 37.648 21.6
      vertex 2.60222 37.2765 2
      vertex 2.60222 37.2765 21.6
    endloop
  endfacet
  facet normal 0.980791 -0.195062 0
    outer loop
      vertex 8.39778 35.7235 21.6
      vertex 8.47433 36.1084 2
      vertex 8.47433 36.1084 21.6
    endloop
  endfacet
  facet normal 0.980791 -0.195062 0
    outer loop
      vertex 8.47433 36.1084 2
      vertex 8.39778 35.7235 21.6
      vertex 8.39778 35.7235 2
    endloop
  endfacet
  facet normal -0.831477 0.555558 0
    outer loop
      vertex 2.90192 38 2
      vertex 3.11994 38.3263 21.6
      vertex 3.11994 38.3263 2
    endloop
  endfacet
  facet normal -0.831477 0.555558 0
    outer loop
      vertex 3.11994 38.3263 21.6
      vertex 2.90192 38 2
      vertex 2.90192 38 21.6
    endloop
  endfacet
  facet normal -0.659428 0.751768 0
    outer loop
      vertex 3.67372 38.8801 2
      vertex 3.37868 38.6213 21.6
      vertex 3.67372 38.8801 21.6
    endloop
  endfacet
  facet normal -0.659428 0.751768 0
    outer loop
      vertex 3.37868 38.6213 21.6
      vertex 3.67372 38.8801 2
      vertex 3.37868 38.6213 2
    endloop
  endfacet
  facet normal -0.0654906 0.997853 0
    outer loop
      vertex 5.5 39.5 2
      vertex 5.10842 39.4743 21.6
      vertex 5.5 39.5 21.6
    endloop
  endfacet
  facet normal -0.0654906 0.997853 0
    outer loop
      vertex 5.10842 39.4743 21.6
      vertex 5.5 39.5 2
      vertex 5.10842 39.4743 2
    endloop
  endfacet
  facet normal 0.321582 -0.946882 0
    outer loop
      vertex 6.27646 33.6022 2
      vertex 6.64805 33.7284 21.6
      vertex 6.27646 33.6022 21.6
    endloop
  endfacet
  facet normal 0.321582 -0.946882 0
    outer loop
      vertex 6.64805 33.7284 21.6
      vertex 6.27646 33.6022 2
      vertex 6.64805 33.7284 2
    endloop
  endfacet
  facet normal -0.555547 -0.831485 0
    outer loop
      vertex 3.67372 34.1199 2
      vertex 4 33.9019 21.6
      vertex 3.67372 34.1199 21.6
    endloop
  endfacet
  facet normal -0.555547 -0.831485 -0
    outer loop
      vertex 4 33.9019 21.6
      vertex 3.67372 34.1199 2
      vertex 4 33.9019 2
    endloop
  endfacet
  facet normal -0.751799 -0.659392 0
    outer loop
      vertex 3.37868 34.3787 2
      vertex 3.11994 34.6737 21.6
      vertex 3.11994 34.6737 2
    endloop
  endfacet
  facet normal -0.751799 -0.659392 0
    outer loop
      vertex 3.11994 34.6737 21.6
      vertex 3.37868 34.3787 2
      vertex 3.37868 34.3787 21.6
    endloop
  endfacet
  facet normal 0 0 1
    outer loop
      vertex 6.35 36.5 21.6
      vertex 8.5 36.5 21.6
      vertex 8.47433 36.8916 21.6
    endloop
  endfacet
  facet normal 0 0 1
    outer loop
      vertex 6.34273 36.6109 21.6
      vertex 8.47433 36.8916 21.6
      vertex 8.39778 37.2765 21.6
    endloop
  endfacet
  facet normal 0 0 1
    outer loop
      vertex 8.5 36.5 21.6
      vertex 6.35 36.5 21.6
      vertex 8.47433 36.1084 21.6
    endloop
  endfacet
  facet normal 0 0 1
    outer loop
      vertex 6.32104 36.72 21.6
      vertex 8.39778 37.2765 21.6
      vertex 8.27164 37.648 21.6
    endloop
  endfacet
  facet normal -0 0 1
    outer loop
      vertex 6.34273 36.3891 21.6
      vertex 8.47433 36.1084 21.6
      vertex 6.35 36.5 21.6
    endloop
  endfacet
  facet normal 0 0 1
    outer loop
      vertex 6.2853 36.8253 21.6
      vertex 8.27164 37.648 21.6
      vertex 8.09808 38 21.6
    endloop
  endfacet
  facet normal 0 0 1
    outer loop
      vertex 8.47433 36.1084 21.6
      vertex 6.34273 36.3891 21.6
      vertex 8.39778 35.7235 21.6
    endloop
  endfacet
  facet normal 0 0 1
    outer loop
      vertex 6.23612 36.925 21.6
      vertex 8.09808 38 21.6
      vertex 7.88006 38.3263 21.6
    endloop
  endfacet
  facet normal -0 0 1
    outer loop
      vertex 6.32104 36.28 21.6
      vertex 8.39778 35.7235 21.6
      vertex 6.34273 36.3891 21.6
    endloop
  endfacet
  facet normal 0 0 1
    outer loop
      vertex 6.17435 37.0174 21.6
      vertex 7.88006 38.3263 21.6
      vertex 7.62132 38.6213 21.6
    endloop
  endfacet
  facet normal 0 0 1
    outer loop
      vertex 8.39778 35.7235 21.6
      vertex 6.32104 36.28 21.6
      vertex 8.27164 35.352 21.6
    endloop
  endfacet
  facet normal 0 0 1
    outer loop
      vertex 6.10104 37.101 21.6
      vertex 7.62132 38.6213 21.6
      vertex 7.32628 38.8801 21.6
    endloop
  endfacet
  facet normal -0 0 1
    outer loop
      vertex 6.2853 36.1747 21.6
      vertex 8.27164 35.352 21.6
      vertex 6.32104 36.28 21.6
    endloop
  endfacet
  facet normal 0 0 1
    outer loop
      vertex 6.01745 37.1744 21.6
      vertex 7.32628 38.8801 21.6
      vertex 7 39.0981 21.6
    endloop
  endfacet
  facet normal 0 0 1
    outer loop
      vertex 8.27164 35.352 21.6
      vertex 6.2853 36.1747 21.6
      vertex 8.09808 35 21.6
    endloop
  endfacet
  facet normal 0 0 1
    outer loop
      vertex 5.925 37.2361 21.6
      vertex 7 39.0981 21.6
      vertex 6.64805 39.2716 21.6
    endloop
  endfacet
  facet normal -0 0 1
    outer loop
      vertex 6.23612 36.075 21.6
      vertex 8.09808 35 21.6
      vertex 6.2853 36.1747 21.6
    endloop
  endfacet
  facet normal 0 0 1
    outer loop
      vertex 8.09808 35 21.6
      vertex 6.23612 36.075 21.6
      vertex 7.88006 34.6737 21.6
    endloop
  endfacet
  facet normal 0 0 1
    outer loop
      vertex 8.47433 36.8916 21.6
      vertex 6.34273 36.6109 21.6
      vertex 6.35 36.5 21.6
    endloop
  endfacet
  facet normal 0 0 1
    outer loop
      vertex 8.39778 37.2765 21.6
      vertex 6.32104 36.72 21.6
      vertex 6.34273 36.6109 21.6
    endloop
  endfacet
  facet normal 0 0 1
    outer loop
      vertex 8.27164 37.648 21.6
      vertex 6.2853 36.8253 21.6
      vertex 6.32104 36.72 21.6
    endloop
  endfacet
  facet normal 0 0 1
    outer loop
      vertex 5.82528 37.2853 21.6
      vertex 6.64805 39.2716 21.6
      vertex 6.27646 39.3978 21.6
    endloop
  endfacet
  facet normal 0 0 1
    outer loop
      vertex 8.09808 38 21.6
      vertex 6.23612 36.925 21.6
      vertex 6.2853 36.8253 21.6
    endloop
  endfacet
  facet normal 0 0 1
    outer loop
      vertex 7.88006 38.3263 21.6
      vertex 6.17435 37.0174 21.6
      vertex 6.23612 36.925 21.6
    endloop
  endfacet
  facet normal 0 0 1
    outer loop
      vertex 7.62132 38.6213 21.6
      vertex 6.10104 37.101 21.6
      vertex 6.17435 37.0174 21.6
    endloop
  endfacet
  facet normal 0 0 1
    outer loop
      vertex 7.32628 38.8801 21.6
      vertex 6.01745 37.1744 21.6
      vertex 6.10104 37.101 21.6
    endloop
  endfacet
  facet normal 0 0 1
    outer loop
      vertex 7 39.0981 21.6
      vertex 5.925 37.2361 21.6
      vertex 6.01745 37.1744 21.6
    endloop
  endfacet
  facet normal 0 0 1
    outer loop
      vertex 5.72 37.321 21.6
      vertex 6.27646 39.3978 21.6
      vertex 5.89158 39.4743 21.6
    endloop
  endfacet
  facet normal 0 0 1
    outer loop
      vertex 6.64805 39.2716 21.6
      vertex 5.82528 37.2853 21.6
      vertex 5.925 37.2361 21.6
    endloop
  endfacet
  facet normal 0 0 1
    outer loop
      vertex 6.27646 39.3978 21.6
      vertex 5.72 37.321 21.6
      vertex 5.82528 37.2853 21.6
    endloop
  endfacet
  facet normal 0 0 1
    outer loop
      vertex 5.89158 39.4743 21.6
      vertex 5.61095 37.3427 21.6
      vertex 5.72 37.321 21.6
    endloop
  endfacet
  facet normal 0 0 1
    outer loop
      vertex 5.5 39.5 21.6
      vertex 5.61095 37.3427 21.6
      vertex 5.89158 39.4743 21.6
    endloop
  endfacet
  facet normal 0 0 1
    outer loop
      vertex 5.5 39.5 21.6
      vertex 5.5 37.35 21.6
      vertex 5.61095 37.3427 21.6
    endloop
  endfacet
  facet normal 0 0 1
    outer loop
      vertex 5.5 39.5 21.6
      vertex 5.38905 37.3427 21.6
      vertex 5.5 37.35 21.6
    endloop
  endfacet
  facet normal -0 0 1
    outer loop
      vertex 5.10842 39.4743 21.6
      vertex 5.38905 37.3427 21.6
      vertex 5.5 39.5 21.6
    endloop
  endfacet
  facet normal 0 0 1
    outer loop
      vertex 5.38905 37.3427 21.6
      vertex 5.10842 39.4743 21.6
      vertex 5.28 37.321 21.6
    endloop
  endfacet
  facet normal -0 0 1
    outer loop
      vertex 4.72354 39.3978 21.6
      vertex 5.28 37.321 21.6
      vertex 5.10842 39.4743 21.6
    endloop
  endfacet
  facet normal 0 0 1
    outer loop
      vertex 5.28 37.321 21.6
      vertex 4.72354 39.3978 21.6
      vertex 5.17472 37.2853 21.6
    endloop
  endfacet
  facet normal -0 0 1
    outer loop
      vertex 4.35195 39.2716 21.6
      vertex 5.17472 37.2853 21.6
      vertex 4.72354 39.3978 21.6
    endloop
  endfacet
  facet normal 0 0 1
    outer loop
      vertex 5.17472 37.2853 21.6
      vertex 4.35195 39.2716 21.6
      vertex 5.075 37.2361 21.6
    endloop
  endfacet
  facet normal -0 0 1
    outer loop
      vertex 4 39.0981 21.6
      vertex 5.075 37.2361 21.6
      vertex 4.35195 39.2716 21.6
    endloop
  endfacet
  facet normal 0 0 1
    outer loop
      vertex 5.075 37.2361 21.6
      vertex 4 39.0981 21.6
      vertex 4.98255 37.1744 21.6
    endloop
  endfacet
  facet normal -0 0 1
    outer loop
      vertex 3.67372 38.8801 21.6
      vertex 4.98255 37.1744 21.6
      vertex 4 39.0981 21.6
    endloop
  endfacet
  facet normal 0 0 1
    outer loop
      vertex 4.98255 37.1744 21.6
      vertex 3.67372 38.8801 21.6
      vertex 4.89896 37.101 21.6
    endloop
  endfacet
  facet normal -0 0 1
    outer loop
      vertex 3.37868 38.6213 21.6
      vertex 4.89896 37.101 21.6
      vertex 3.67372 38.8801 21.6
    endloop
  endfacet
  facet normal 0 0 1
    outer loop
      vertex 4.89896 37.101 21.6
      vertex 3.37868 38.6213 21.6
      vertex 4.82565 37.0174 21.6
    endloop
  endfacet
  facet normal -0 0 1
    outer loop
      vertex 3.11994 38.3263 21.6
      vertex 4.82565 37.0174 21.6
      vertex 3.37868 38.6213 21.6
    endloop
  endfacet
  facet normal 0 0 1
    outer loop
      vertex 4.82565 37.0174 21.6
      vertex 3.11994 38.3263 21.6
      vertex 4.76388 36.925 21.6
    endloop
  endfacet
  facet normal -0 0 1
    outer loop
      vertex 6.17435 35.9826 21.6
      vertex 7.88006 34.6737 21.6
      vertex 6.23612 36.075 21.6
    endloop
  endfacet
  facet normal 0 0 1
    outer loop
      vertex 7.88006 34.6737 21.6
      vertex 6.17435 35.9826 21.6
      vertex 7.62132 34.3787 21.6
    endloop
  endfacet
  facet normal -0 0 1
    outer loop
      vertex 6.10104 35.899 21.6
      vertex 7.62132 34.3787 21.6
      vertex 6.17435 35.9826 21.6
    endloop
  endfacet
  facet normal 0 0 1
    outer loop
      vertex 7.62132 34.3787 21.6
      vertex 6.10104 35.899 21.6
      vertex 7.32628 34.1199 21.6
    endloop
  endfacet
  facet normal -0 0 1
    outer loop
      vertex 6.01745 35.8256 21.6
      vertex 7.32628 34.1199 21.6
      vertex 6.10104 35.899 21.6
    endloop
  endfacet
  facet normal 0 0 1
    outer loop
      vertex 7.32628 34.1199 21.6
      vertex 6.01745 35.8256 21.6
      vertex 7 33.9019 21.6
    endloop
  endfacet
  facet normal -0 0 1
    outer loop
      vertex 5.925 35.7639 21.6
      vertex 7 33.9019 21.6
      vertex 6.01745 35.8256 21.6
    endloop
  endfacet
  facet normal 0 0 1
    outer loop
      vertex 7 33.9019 21.6
      vertex 5.925 35.7639 21.6
      vertex 6.64805 33.7284 21.6
    endloop
  endfacet
  facet normal -0 0 1
    outer loop
      vertex 5.82528 35.7147 21.6
      vertex 6.64805 33.7284 21.6
      vertex 5.925 35.7639 21.6
    endloop
  endfacet
  facet normal 0 0 1
    outer loop
      vertex 6.64805 33.7284 21.6
      vertex 5.82528 35.7147 21.6
      vertex 6.27646 33.6022 21.6
    endloop
  endfacet
  facet normal -0 0 1
    outer loop
      vertex 5.72 35.679 21.6
      vertex 6.27646 33.6022 21.6
      vertex 5.82528 35.7147 21.6
    endloop
  endfacet
  facet normal 0 0 1
    outer loop
      vertex 6.27646 33.6022 21.6
      vertex 5.72 35.679 21.6
      vertex 5.89158 33.5257 21.6
    endloop
  endfacet
  facet normal -0 0 1
    outer loop
      vertex 5.61095 35.6573 21.6
      vertex 5.89158 33.5257 21.6
      vertex 5.72 35.679 21.6
    endloop
  endfacet
  facet normal -0 0 1
    outer loop
      vertex 5.5 35.65 21.6
      vertex 5.89158 33.5257 21.6
      vertex 5.61095 35.6573 21.6
    endloop
  endfacet
  facet normal 0 0 1
    outer loop
      vertex 5.5 35.65 21.6
      vertex 5.5 33.5 21.6
      vertex 5.89158 33.5257 21.6
    endloop
  endfacet
  facet normal 0 0 1
    outer loop
      vertex 5.38905 35.6573 21.6
      vertex 5.5 33.5 21.6
      vertex 5.5 35.65 21.6
    endloop
  endfacet
  facet normal 0 0 1
    outer loop
      vertex 5.10842 33.5257 21.6
      vertex 5.38905 35.6573 21.6
      vertex 5.28 35.679 21.6
    endloop
  endfacet
  facet normal 0 0 1
    outer loop
      vertex 4.72354 33.6022 21.6
      vertex 5.28 35.679 21.6
      vertex 5.17472 35.7147 21.6
    endloop
  endfacet
  facet normal 0 0 1
    outer loop
      vertex 5.38905 35.6573 21.6
      vertex 5.10842 33.5257 21.6
      vertex 5.5 33.5 21.6
    endloop
  endfacet
  facet normal 0 0 1
    outer loop
      vertex 4.35195 33.7284 21.6
      vertex 5.17472 35.7147 21.6
      vertex 5.075 35.7639 21.6
    endloop
  endfacet
  facet normal 0 0 1
    outer loop
      vertex 4 33.9019 21.6
      vertex 5.075 35.7639 21.6
      vertex 4.98255 35.8256 21.6
    endloop
  endfacet
  facet normal 0 0 1
    outer loop
      vertex 3.67372 34.1199 21.6
      vertex 4.98255 35.8256 21.6
      vertex 4.89896 35.899 21.6
    endloop
  endfacet
  facet normal 0 0 1
    outer loop
      vertex 3.37868 34.3787 21.6
      vertex 4.89896 35.899 21.6
      vertex 4.82565 35.9826 21.6
    endloop
  endfacet
  facet normal 0 0 1
    outer loop
      vertex 3.11994 34.6737 21.6
      vertex 4.82565 35.9826 21.6
      vertex 4.76388 36.075 21.6
    endloop
  endfacet
  facet normal 0 0 1
    outer loop
      vertex 5.28 35.679 21.6
      vertex 4.72354 33.6022 21.6
      vertex 5.10842 33.5257 21.6
    endloop
  endfacet
  facet normal 0 0 1
    outer loop
      vertex 2.90192 35 21.6
      vertex 4.76388 36.075 21.6
      vertex 4.7147 36.1747 21.6
    endloop
  endfacet
  facet normal 0 0 1
    outer loop
      vertex 2.72836 35.352 21.6
      vertex 4.7147 36.1747 21.6
      vertex 4.67896 36.28 21.6
    endloop
  endfacet
  facet normal 0 0 1
    outer loop
      vertex 2.60222 35.7235 21.6
      vertex 4.67896 36.28 21.6
      vertex 4.65727 36.3891 21.6
    endloop
  endfacet
  facet normal 0 0 1
    outer loop
      vertex 2.52567 36.1084 21.6
      vertex 4.65727 36.3891 21.6
      vertex 4.65 36.5 21.6
    endloop
  endfacet
  facet normal -0 0 1
    outer loop
      vertex 2.90192 38 21.6
      vertex 4.76388 36.925 21.6
      vertex 3.11994 38.3263 21.6
    endloop
  endfacet
  facet normal 0 0 1
    outer loop
      vertex 5.17472 35.7147 21.6
      vertex 4.35195 33.7284 21.6
      vertex 4.72354 33.6022 21.6
    endloop
  endfacet
  facet normal 0 0 1
    outer loop
      vertex 4.76388 36.925 21.6
      vertex 2.90192 38 21.6
      vertex 4.7147 36.8253 21.6
    endloop
  endfacet
  facet normal 0 0 1
    outer loop
      vertex 5.075 35.7639 21.6
      vertex 4 33.9019 21.6
      vertex 4.35195 33.7284 21.6
    endloop
  endfacet
  facet normal -0 0 1
    outer loop
      vertex 2.72836 37.648 21.6
      vertex 4.7147 36.8253 21.6
      vertex 2.90192 38 21.6
    endloop
  endfacet
  facet normal 0 0 1
    outer loop
      vertex 4.98255 35.8256 21.6
      vertex 3.67372 34.1199 21.6
      vertex 4 33.9019 21.6
    endloop
  endfacet
  facet normal 0 0 1
    outer loop
      vertex 4.7147 36.8253 21.6
      vertex 2.72836 37.648 21.6
      vertex 4.67896 36.72 21.6
    endloop
  endfacet
  facet normal 0 0 1
    outer loop
      vertex 4.89896 35.899 21.6
      vertex 3.37868 34.3787 21.6
      vertex 3.67372 34.1199 21.6
    endloop
  endfacet
  facet normal -0 0 1
    outer loop
      vertex 2.60222 37.2765 21.6
      vertex 4.67896 36.72 21.6
      vertex 2.72836 37.648 21.6
    endloop
  endfacet
  facet normal 0 0 1
    outer loop
      vertex 4.82565 35.9826 21.6
      vertex 3.11994 34.6737 21.6
      vertex 3.37868 34.3787 21.6
    endloop
  endfacet
  facet normal 0 0 1
    outer loop
      vertex 4.67896 36.72 21.6
      vertex 2.60222 37.2765 21.6
      vertex 4.65727 36.6109 21.6
    endloop
  endfacet
  facet normal 0 0 1
    outer loop
      vertex 4.76388 36.075 21.6
      vertex 2.90192 35 21.6
      vertex 3.11994 34.6737 21.6
    endloop
  endfacet
  facet normal -0 0 1
    outer loop
      vertex 2.52567 36.8916 21.6
      vertex 4.65727 36.6109 21.6
      vertex 2.60222 37.2765 21.6
    endloop
  endfacet
  facet normal 0 0 1
    outer loop
      vertex 4.7147 36.1747 21.6
      vertex 2.72836 35.352 21.6
      vertex 2.90192 35 21.6
    endloop
  endfacet
  facet normal 0 0 1
    outer loop
      vertex 4.65727 36.6109 21.6
      vertex 2.52567 36.8916 21.6
      vertex 4.65 36.5 21.6
    endloop
  endfacet
  facet normal 0 0 1
    outer loop
      vertex 4.67896 36.28 21.6
      vertex 2.60222 35.7235 21.6
      vertex 2.72836 35.352 21.6
    endloop
  endfacet
  facet normal 0 0 1
    outer loop
      vertex 2.5 36.5 21.6
      vertex 4.65 36.5 21.6
      vertex 2.52567 36.8916 21.6
    endloop
  endfacet
  facet normal 0 0 1
    outer loop
      vertex 4.65727 36.3891 21.6
      vertex 2.52567 36.1084 21.6
      vertex 2.60222 35.7235 21.6
    endloop
  endfacet
  facet normal 0 0 1
    outer loop
      vertex 4.65 36.5 21.6
      vertex 2.5 36.5 21.6
      vertex 2.52567 36.1084 21.6
    endloop
  endfacet
  facet normal 0.659428 -0.751768 0
    outer loop
      vertex 7.32628 34.1199 2
      vertex 7.62132 34.3787 21.6
      vertex 7.32628 34.1199 21.6
    endloop
  endfacet
  facet normal 0.659428 -0.751768 0
    outer loop
      vertex 7.62132 34.3787 21.6
      vertex 7.32628 34.1199 2
      vertex 7.62132 34.3787 2
    endloop
  endfacet
  facet normal -0.321582 -0.946882 0
    outer loop
      vertex 4.35195 33.7284 2
      vertex 4.72354 33.6022 21.6
      vertex 4.35195 33.7284 21.6
    endloop
  endfacet
  facet normal -0.321582 -0.946882 -0
    outer loop
      vertex 4.72354 33.6022 21.6
      vertex 4.35195 33.7284 2
      vertex 4.72354 33.6022 2
    endloop
  endfacet
  facet normal -0.44216 -0.896936 0
    outer loop
      vertex 4 33.9019 2
      vertex 4.35195 33.7284 21.6
      vertex 4 33.9019 21.6
    endloop
  endfacet
  facet normal -0.44216 -0.896936 -0
    outer loop
      vertex 4.35195 33.7284 21.6
      vertex 4 33.9019 2
      vertex 4.35195 33.7284 2
    endloop
  endfacet
  facet normal -0.946882 -0.321582 0
    outer loop
      vertex 96.7284 4.35195 2
      vertex 96.6022 4.72354 21.6
      vertex 96.6022 4.72354 2
    endloop
  endfacet
  facet normal -0.946882 -0.321582 0
    outer loop
      vertex 96.6022 4.72354 21.6
      vertex 96.7284 4.35195 2
      vertex 96.7284 4.35195 21.6
    endloop
  endfacet
  facet normal 0.195307 -0.980742 0
    outer loop
      vertex 99.8916 2.52567 2
      vertex 100.276 2.60222 21.6
      vertex 99.8916 2.52567 21.6
    endloop
  endfacet
  facet normal 0.195307 -0.980742 0
    outer loop
      vertex 100.276 2.60222 21.6
      vertex 99.8916 2.52567 2
      vertex 100.276 2.60222 2
    endloop
  endfacet
  facet normal 0.981056 0.193723 0
    outer loop
      vertex 102.474 5.89158 21.6
      vertex 102.398 6.27646 2
      vertex 102.398 6.27646 21.6
    endloop
  endfacet
  facet normal 0.981056 0.193723 0
    outer loop
      vertex 102.398 6.27646 2
      vertex 102.474 5.89158 21.6
      vertex 102.474 5.89158 2
    endloop
  endfacet
  facet normal 0.997803 0.0662518 0
    outer loop
      vertex 102.5 5.5 21.6
      vertex 102.474 5.89158 2
      vertex 102.474 5.89158 21.6
    endloop
  endfacet
  facet normal 0.997803 0.0662518 0
    outer loop
      vertex 102.474 5.89158 2
      vertex 102.5 5.5 21.6
      vertex 102.5 5.5 2
    endloop
  endfacet
  facet normal -0.442233 0.8969 0
    outer loop
      vertex 98.352 8.27164 2
      vertex 98 8.09808 21.6
      vertex 98.352 8.27164 21.6
    endloop
  endfacet
  facet normal -0.442233 0.8969 0
    outer loop
      vertex 98 8.09808 21.6
      vertex 98.352 8.27164 2
      vertex 98 8.09808 2
    endloop
  endfacet
  facet normal 0.947037 0.321125 0
    outer loop
      vertex 102.398 6.27646 21.6
      vertex 102.272 6.64805 2
      vertex 102.272 6.64805 21.6
    endloop
  endfacet
  facet normal 0.947037 0.321125 0
    outer loop
      vertex 102.272 6.64805 2
      vertex 102.398 6.27646 21.6
      vertex 102.398 6.27646 2
    endloop
  endfacet
  facet normal 0.89643 -0.443185 0
    outer loop
      vertex 102.098 4 21.6
      vertex 102.272 4.35195 2
      vertex 102.272 4.35195 21.6
    endloop
  endfacet
  facet normal 0.89643 -0.443185 0
    outer loop
      vertex 102.272 4.35195 2
      vertex 102.098 4 21.6
      vertex 102.098 4 2
    endloop
  endfacet
  facet normal 0.997803 -0.0662518 0
    outer loop
      vertex 102.474 5.10842 21.6
      vertex 102.5 5.5 2
      vertex 102.5 5.5 21.6
    endloop
  endfacet
  facet normal 0.997803 -0.0662518 0
    outer loop
      vertex 102.5 5.5 2
      vertex 102.474 5.10842 21.6
      vertex 102.474 5.10842 2
    endloop
  endfacet
  facet normal 0.659392 0.751799 -0
    outer loop
      vertex 101.621 7.62132 2
      vertex 101.326 7.88006 21.6
      vertex 101.621 7.62132 21.6
    endloop
  endfacet
  facet normal 0.659392 0.751799 0
    outer loop
      vertex 101.326 7.88006 21.6
      vertex 101.621 7.62132 2
      vertex 101.326 7.88006 2
    endloop
  endfacet
  facet normal -0.659392 0.751799 0
    outer loop
      vertex 97.6737 7.88006 2
      vertex 97.3787 7.62132 21.6
      vertex 97.6737 7.88006 21.6
    endloop
  endfacet
  facet normal -0.659392 0.751799 0
    outer loop
      vertex 97.3787 7.62132 21.6
      vertex 97.6737 7.88006 2
      vertex 97.3787 7.62132 2
    endloop
  endfacet
  facet normal 0.0654112 0.997858 -0
    outer loop
      vertex 99.8916 8.47433 2
      vertex 99.5 8.5 21.6
      vertex 99.8916 8.47433 21.6
    endloop
  endfacet
  facet normal 0.0654112 0.997858 0
    outer loop
      vertex 99.5 8.5 21.6
      vertex 99.8916 8.47433 2
      vertex 99.5 8.5 2
    endloop
  endfacet
  facet normal -0.195062 -0.980791 0
    outer loop
      vertex 98.7235 2.60222 2
      vertex 99.1084 2.52567 21.6
      vertex 98.7235 2.60222 21.6
    endloop
  endfacet
  facet normal -0.195062 -0.980791 -0
    outer loop
      vertex 99.1084 2.52567 21.6
      vertex 98.7235 2.60222 2
      vertex 99.1084 2.52567 2
    endloop
  endfacet
  facet normal -0.997853 0.0654906 0
    outer loop
      vertex 96.5 5.5 2
      vertex 96.5257 5.89158 21.6
      vertex 96.5257 5.89158 2
    endloop
  endfacet
  facet normal -0.997853 0.0654906 0
    outer loop
      vertex 96.5257 5.89158 21.6
      vertex 96.5 5.5 2
      vertex 96.5 5.5 21.6
    endloop
  endfacet
  facet normal -0.751768 -0.659428 0
    outer loop
      vertex 97.3787 3.37868 2
      vertex 97.1199 3.67372 21.6
      vertex 97.1199 3.67372 2
    endloop
  endfacet
  facet normal -0.751768 -0.659428 0
    outer loop
      vertex 97.1199 3.67372 21.6
      vertex 97.3787 3.37868 2
      vertex 97.3787 3.37868 21.6
    endloop
  endfacet
  facet normal -0.980813 -0.19495 0
    outer loop
      vertex 96.6022 4.72354 2
      vertex 96.5257 5.10842 21.6
      vertex 96.5257 5.10842 2
    endloop
  endfacet
  facet normal -0.980813 -0.19495 0
    outer loop
      vertex 96.5257 5.10842 21.6
      vertex 96.6022 4.72354 2
      vertex 96.6022 4.72354 21.6
    endloop
  endfacet
  facet normal 0.831485 -0.555547 0
    outer loop
      vertex 101.88 3.67372 21.6
      vertex 102.098 4 2
      vertex 102.098 4 21.6
    endloop
  endfacet
  facet normal 0.831485 -0.555547 0
    outer loop
      vertex 102.098 4 2
      vertex 101.88 3.67372 21.6
      vertex 101.88 3.67372 2
    endloop
  endfacet
  facet normal -0.896936 0.44216 0
    outer loop
      vertex 96.7284 6.64805 2
      vertex 96.9019 7 21.6
      vertex 96.9019 7 2
    endloop
  endfacet
  facet normal -0.896936 0.44216 0
    outer loop
      vertex 96.9019 7 21.6
      vertex 96.7284 6.64805 2
      vertex 96.7284 6.64805 21.6
    endloop
  endfacet
  facet normal -0.831485 -0.555547 0
    outer loop
      vertex 97.1199 3.67372 2
      vertex 96.9019 4 21.6
      vertex 96.9019 4 2
    endloop
  endfacet
  facet normal -0.831485 -0.555547 0
    outer loop
      vertex 96.9019 4 21.6
      vertex 97.1199 3.67372 2
      vertex 97.1199 3.67372 21.6
    endloop
  endfacet
  facet normal -0.831485 0.555547 0
    outer loop
      vertex 96.9019 7 2
      vertex 97.1199 7.32628 21.6
      vertex 97.1199 7.32628 2
    endloop
  endfacet
  facet normal -0.831485 0.555547 0
    outer loop
      vertex 97.1199 7.32628 21.6
      vertex 96.9019 7 2
      vertex 96.9019 7 21.6
    endloop
  endfacet
  facet normal -0.0654112 0.997858 0
    outer loop
      vertex 99.5 8.5 2
      vertex 99.1084 8.47433 21.6
      vertex 99.5 8.5 21.6
    endloop
  endfacet
  facet normal -0.0654112 0.997858 0
    outer loop
      vertex 99.1084 8.47433 21.6
      vertex 99.5 8.5 2
      vertex 99.1084 8.47433 2
    endloop
  endfacet
  facet normal -0.321514 -0.946905 0
    outer loop
      vertex 98.352 2.72836 2
      vertex 98.7235 2.60222 21.6
      vertex 98.352 2.72836 21.6
    endloop
  endfacet
  facet normal -0.321514 -0.946905 -0
    outer loop
      vertex 98.7235 2.60222 21.6
      vertex 98.352 2.72836 2
      vertex 98.7235 2.60222 2
    endloop
  endfacet
  facet normal 0.442233 0.8969 -0
    outer loop
      vertex 101 8.09808 2
      vertex 100.648 8.27164 21.6
      vertex 101 8.09808 21.6
    endloop
  endfacet
  facet normal 0.442233 0.8969 0
    outer loop
      vertex 100.648 8.27164 21.6
      vertex 101 8.09808 2
      vertex 100.648 8.27164 2
    endloop
  endfacet
  facet normal 0.0654112 -0.997858 0
    outer loop
      vertex 99.5 2.5 2
      vertex 99.8916 2.52567 21.6
      vertex 99.5 2.5 21.6
    endloop
  endfacet
  facet normal 0.0654112 -0.997858 0
    outer loop
      vertex 99.8916 2.52567 21.6
      vertex 99.5 2.5 2
      vertex 99.8916 2.52567 2
    endloop
  endfacet
  facet normal 0.555912 -0.831241 0
    outer loop
      vertex 101 2.90192 2
      vertex 101.326 3.11994 21.6
      vertex 101 2.90192 21.6
    endloop
  endfacet
  facet normal 0.555912 -0.831241 0
    outer loop
      vertex 101.326 3.11994 21.6
      vertex 101 2.90192 2
      vertex 101.326 3.11994 2
    endloop
  endfacet
  facet normal 0.981056 -0.193723 0
    outer loop
      vertex 102.398 4.72354 21.6
      vertex 102.474 5.10842 2
      vertex 102.474 5.10842 21.6
    endloop
  endfacet
  facet normal 0.981056 -0.193723 0
    outer loop
      vertex 102.474 5.10842 2
      vertex 102.398 4.72354 21.6
      vertex 102.398 4.72354 2
    endloop
  endfacet
  facet normal -0.751768 0.659428 0
    outer loop
      vertex 97.1199 7.32628 2
      vertex 97.3787 7.62132 21.6
      vertex 97.3787 7.62132 2
    endloop
  endfacet
  facet normal -0.751768 0.659428 0
    outer loop
      vertex 97.3787 7.62132 21.6
      vertex 97.1199 7.32628 2
      vertex 97.1199 7.32628 21.6
    endloop
  endfacet
  facet normal -0.980813 0.19495 0
    outer loop
      vertex 96.5257 5.89158 2
      vertex 96.6022 6.27646 21.6
      vertex 96.6022 6.27646 2
    endloop
  endfacet
  facet normal -0.980813 0.19495 0
    outer loop
      vertex 96.6022 6.27646 21.6
      vertex 96.5257 5.89158 2
      vertex 96.5257 5.89158 21.6
    endloop
  endfacet
  facet normal 0.831485 0.555547 0
    outer loop
      vertex 102.098 7 21.6
      vertex 101.88 7.32628 2
      vertex 101.88 7.32628 21.6
    endloop
  endfacet
  facet normal 0.831485 0.555547 0
    outer loop
      vertex 101.88 7.32628 2
      vertex 102.098 7 21.6
      vertex 102.098 7 2
    endloop
  endfacet
  facet normal 0.555912 0.831241 -0
    outer loop
      vertex 101.326 7.88006 2
      vertex 101 8.09808 21.6
      vertex 101.326 7.88006 21.6
    endloop
  endfacet
  facet normal 0.555912 0.831241 0
    outer loop
      vertex 101 8.09808 21.6
      vertex 101.326 7.88006 2
      vertex 101 8.09808 2
    endloop
  endfacet
  facet normal -0.997853 -0.0654906 0
    outer loop
      vertex 96.5257 5.10842 2
      vertex 96.5 5.5 21.6
      vertex 96.5 5.5 2
    endloop
  endfacet
  facet normal -0.997853 -0.0654906 0
    outer loop
      vertex 96.5 5.5 21.6
      vertex 96.5257 5.10842 2
      vertex 96.5257 5.10842 21.6
    endloop
  endfacet
  facet normal 0.321127 0.947036 -0
    outer loop
      vertex 100.648 8.27164 2
      vertex 100.276 8.39778 21.6
      vertex 100.648 8.27164 21.6
    endloop
  endfacet
  facet normal 0.321127 0.947036 0
    outer loop
      vertex 100.276 8.39778 21.6
      vertex 100.648 8.27164 2
      vertex 100.276 8.39778 2
    endloop
  endfacet
  facet normal 0.659392 -0.751799 0
    outer loop
      vertex 101.326 3.11994 2
      vertex 101.621 3.37868 21.6
      vertex 101.326 3.11994 21.6
    endloop
  endfacet
  facet normal 0.659392 -0.751799 0
    outer loop
      vertex 101.621 3.37868 21.6
      vertex 101.326 3.11994 2
      vertex 101.621 3.37868 2
    endloop
  endfacet
  facet normal -0.195062 0.980791 0
    outer loop
      vertex 99.1084 8.47433 2
      vertex 98.7235 8.39778 21.6
      vertex 99.1084 8.47433 21.6
    endloop
  endfacet
  facet normal -0.195062 0.980791 0
    outer loop
      vertex 98.7235 8.39778 21.6
      vertex 99.1084 8.47433 2
      vertex 98.7235 8.39778 2
    endloop
  endfacet
  facet normal 0.89643 0.443185 0
    outer loop
      vertex 102.272 6.64805 21.6
      vertex 102.098 7 2
      vertex 102.098 7 21.6
    endloop
  endfacet
  facet normal 0.89643 0.443185 0
    outer loop
      vertex 102.098 7 2
      vertex 102.272 6.64805 21.6
      vertex 102.272 6.64805 2
    endloop
  endfacet
  facet normal 0.947037 -0.321125 0
    outer loop
      vertex 102.272 4.35195 21.6
      vertex 102.398 4.72354 2
      vertex 102.398 4.72354 21.6
    endloop
  endfacet
  facet normal 0.947037 -0.321125 0
    outer loop
      vertex 102.398 4.72354 2
      vertex 102.272 4.35195 21.6
      vertex 102.272 4.35195 2
    endloop
  endfacet
  facet normal -0.555558 -0.831477 0
    outer loop
      vertex 97.6737 3.11994 2
      vertex 98 2.90192 21.6
      vertex 97.6737 3.11994 21.6
    endloop
  endfacet
  facet normal -0.555558 -0.831477 -0
    outer loop
      vertex 98 2.90192 21.6
      vertex 97.6737 3.11994 2
      vertex 98 2.90192 2
    endloop
  endfacet
  facet normal -0.659392 -0.751799 0
    outer loop
      vertex 97.3787 3.37868 2
      vertex 97.6737 3.11994 21.6
      vertex 97.3787 3.37868 21.6
    endloop
  endfacet
  facet normal -0.659392 -0.751799 -0
    outer loop
      vertex 97.6737 3.11994 21.6
      vertex 97.3787 3.37868 2
      vertex 97.6737 3.11994 2
    endloop
  endfacet
  facet normal 0.751515 -0.659716 0
    outer loop
      vertex 101.621 3.37868 21.6
      vertex 101.88 3.67372 2
      vertex 101.88 3.67372 21.6
    endloop
  endfacet
  facet normal 0.751515 -0.659716 0
    outer loop
      vertex 101.88 3.67372 2
      vertex 101.621 3.37868 21.6
      vertex 101.621 3.37868 2
    endloop
  endfacet
  facet normal -0.896936 -0.44216 0
    outer loop
      vertex 96.9019 4 2
      vertex 96.7284 4.35195 21.6
      vertex 96.7284 4.35195 2
    endloop
  endfacet
  facet normal -0.896936 -0.44216 0
    outer loop
      vertex 96.7284 4.35195 21.6
      vertex 96.9019 4 2
      vertex 96.9019 4 21.6
    endloop
  endfacet
  facet normal -0.0654112 -0.997858 0
    outer loop
      vertex 99.1084 2.52567 2
      vertex 99.5 2.5 21.6
      vertex 99.1084 2.52567 21.6
    endloop
  endfacet
  facet normal -0.0654112 -0.997858 -0
    outer loop
      vertex 99.5 2.5 21.6
      vertex 99.1084 2.52567 2
      vertex 99.5 2.5 2
    endloop
  endfacet
  facet normal 0.751515 0.659716 0
    outer loop
      vertex 101.88 7.32628 21.6
      vertex 101.621 7.62132 2
      vertex 101.621 7.62132 21.6
    endloop
  endfacet
  facet normal 0.751515 0.659716 0
    outer loop
      vertex 101.621 7.62132 2
      vertex 101.88 7.32628 21.6
      vertex 101.88 7.32628 2
    endloop
  endfacet
  facet normal -0.555558 0.831477 0
    outer loop
      vertex 98 8.09808 2
      vertex 97.6737 7.88006 21.6
      vertex 98 8.09808 21.6
    endloop
  endfacet
  facet normal -0.555558 0.831477 0
    outer loop
      vertex 97.6737 7.88006 21.6
      vertex 98 8.09808 2
      vertex 97.6737 7.88006 2
    endloop
  endfacet
  facet normal 0 0 1
    outer loop
      vertex 100.35 5.5 21.6
      vertex 102.5 5.5 21.6
      vertex 102.474 5.89158 21.6
    endloop
  endfacet
  facet normal 0 0 1
    outer loop
      vertex 100.343 5.61095 21.6
      vertex 102.474 5.89158 21.6
      vertex 102.398 6.27646 21.6
    endloop
  endfacet
  facet normal 0 0 1
    outer loop
      vertex 102.5 5.5 21.6
      vertex 100.35 5.5 21.6
      vertex 102.474 5.10842 21.6
    endloop
  endfacet
  facet normal 0 0 1
    outer loop
      vertex 100.321 5.72 21.6
      vertex 102.398 6.27646 21.6
      vertex 102.272 6.64805 21.6
    endloop
  endfacet
  facet normal -0 0 1
    outer loop
      vertex 100.343 5.38905 21.6
      vertex 102.474 5.10842 21.6
      vertex 100.35 5.5 21.6
    endloop
  endfacet
  facet normal 0 0 1
    outer loop
      vertex 100.285 5.82528 21.6
      vertex 102.272 6.64805 21.6
      vertex 102.098 7 21.6
    endloop
  endfacet
  facet normal 0 0 1
    outer loop
      vertex 102.474 5.10842 21.6
      vertex 100.343 5.38905 21.6
      vertex 102.398 4.72354 21.6
    endloop
  endfacet
  facet normal 0 0 1
    outer loop
      vertex 100.236 5.925 21.6
      vertex 102.098 7 21.6
      vertex 101.88 7.32628 21.6
    endloop
  endfacet
  facet normal -0 0 1
    outer loop
      vertex 100.321 5.28 21.6
      vertex 102.398 4.72354 21.6
      vertex 100.343 5.38905 21.6
    endloop
  endfacet
  facet normal 0 0 1
    outer loop
      vertex 100.174 6.01745 21.6
      vertex 101.88 7.32628 21.6
      vertex 101.621 7.62132 21.6
    endloop
  endfacet
  facet normal 0 0 1
    outer loop
      vertex 102.398 4.72354 21.6
      vertex 100.321 5.28 21.6
      vertex 102.272 4.35195 21.6
    endloop
  endfacet
  facet normal 0 0 1
    outer loop
      vertex 100.101 6.10104 21.6
      vertex 101.621 7.62132 21.6
      vertex 101.326 7.88006 21.6
    endloop
  endfacet
  facet normal -0 0 1
    outer loop
      vertex 100.285 5.17472 21.6
      vertex 102.272 4.35195 21.6
      vertex 100.321 5.28 21.6
    endloop
  endfacet
  facet normal 0 0 1
    outer loop
      vertex 100.017 6.17435 21.6
      vertex 101.326 7.88006 21.6
      vertex 101 8.09808 21.6
    endloop
  endfacet
  facet normal 0 0 1
    outer loop
      vertex 102.272 4.35195 21.6
      vertex 100.285 5.17472 21.6
      vertex 102.098 4 21.6
    endloop
  endfacet
  facet normal 0 0 1
    outer loop
      vertex 99.925 6.23612 21.6
      vertex 101 8.09808 21.6
      vertex 100.648 8.27164 21.6
    endloop
  endfacet
  facet normal -0 0 1
    outer loop
      vertex 100.236 5.075 21.6
      vertex 102.098 4 21.6
      vertex 100.285 5.17472 21.6
    endloop
  endfacet
  facet normal 0 0 1
    outer loop
      vertex 102.098 4 21.6
      vertex 100.236 5.075 21.6
      vertex 101.88 3.67372 21.6
    endloop
  endfacet
  facet normal 0 0 1
    outer loop
      vertex 102.474 5.89158 21.6
      vertex 100.343 5.61095 21.6
      vertex 100.35 5.5 21.6
    endloop
  endfacet
  facet normal 0 0 1
    outer loop
      vertex 102.398 6.27646 21.6
      vertex 100.321 5.72 21.6
      vertex 100.343 5.61095 21.6
    endloop
  endfacet
  facet normal 0 0 1
    outer loop
      vertex 102.272 6.64805 21.6
      vertex 100.285 5.82528 21.6
      vertex 100.321 5.72 21.6
    endloop
  endfacet
  facet normal 0 0 1
    outer loop
      vertex 99.8253 6.2853 21.6
      vertex 100.648 8.27164 21.6
      vertex 100.276 8.39778 21.6
    endloop
  endfacet
  facet normal 0 0 1
    outer loop
      vertex 102.098 7 21.6
      vertex 100.236 5.925 21.6
      vertex 100.285 5.82528 21.6
    endloop
  endfacet
  facet normal 0 0 1
    outer loop
      vertex 101.88 7.32628 21.6
      vertex 100.174 6.01745 21.6
      vertex 100.236 5.925 21.6
    endloop
  endfacet
  facet normal 0 0 1
    outer loop
      vertex 101.621 7.62132 21.6
      vertex 100.101 6.10104 21.6
      vertex 100.174 6.01745 21.6
    endloop
  endfacet
  facet normal 0 0 1
    outer loop
      vertex 101.326 7.88006 21.6
      vertex 100.017 6.17435 21.6
      vertex 100.101 6.10104 21.6
    endloop
  endfacet
  facet normal 0 0 1
    outer loop
      vertex 101 8.09808 21.6
      vertex 99.925 6.23612 21.6
      vertex 100.017 6.17435 21.6
    endloop
  endfacet
  facet normal 0 0 1
    outer loop
      vertex 99.72 6.32104 21.6
      vertex 100.276 8.39778 21.6
      vertex 99.8916 8.47433 21.6
    endloop
  endfacet
  facet normal 0 0 1
    outer loop
      vertex 100.648 8.27164 21.6
      vertex 99.8253 6.2853 21.6
      vertex 99.925 6.23612 21.6
    endloop
  endfacet
  facet normal 0 0 1
    outer loop
      vertex 100.276 8.39778 21.6
      vertex 99.72 6.32104 21.6
      vertex 99.8253 6.2853 21.6
    endloop
  endfacet
  facet normal 0 0 1
    outer loop
      vertex 99.8916 8.47433 21.6
      vertex 99.6109 6.34273 21.6
      vertex 99.72 6.32104 21.6
    endloop
  endfacet
  facet normal 0 0 1
    outer loop
      vertex 99.5 8.5 21.6
      vertex 99.6109 6.34273 21.6
      vertex 99.8916 8.47433 21.6
    endloop
  endfacet
  facet normal 0 0 1
    outer loop
      vertex 99.5 8.5 21.6
      vertex 99.5 6.35 21.6
      vertex 99.6109 6.34273 21.6
    endloop
  endfacet
  facet normal 0 0 1
    outer loop
      vertex 99.5 8.5 21.6
      vertex 99.3891 6.34273 21.6
      vertex 99.5 6.35 21.6
    endloop
  endfacet
  facet normal -0 0 1
    outer loop
      vertex 99.1084 8.47433 21.6
      vertex 99.3891 6.34273 21.6
      vertex 99.5 8.5 21.6
    endloop
  endfacet
  facet normal 0 0 1
    outer loop
      vertex 99.3891 6.34273 21.6
      vertex 99.1084 8.47433 21.6
      vertex 99.28 6.32104 21.6
    endloop
  endfacet
  facet normal -0 0 1
    outer loop
      vertex 98.7235 8.39778 21.6
      vertex 99.28 6.32104 21.6
      vertex 99.1084 8.47433 21.6
    endloop
  endfacet
  facet normal 0 0 1
    outer loop
      vertex 99.28 6.32104 21.6
      vertex 98.7235 8.39778 21.6
      vertex 99.1747 6.2853 21.6
    endloop
  endfacet
  facet normal -0 0 1
    outer loop
      vertex 98.352 8.27164 21.6
      vertex 99.1747 6.2853 21.6
      vertex 98.7235 8.39778 21.6
    endloop
  endfacet
  facet normal 0 0 1
    outer loop
      vertex 99.1747 6.2853 21.6
      vertex 98.352 8.27164 21.6
      vertex 99.075 6.23612 21.6
    endloop
  endfacet
  facet normal -0 0 1
    outer loop
      vertex 98 8.09808 21.6
      vertex 99.075 6.23612 21.6
      vertex 98.352 8.27164 21.6
    endloop
  endfacet
  facet normal 0 0 1
    outer loop
      vertex 99.075 6.23612 21.6
      vertex 98 8.09808 21.6
      vertex 98.9826 6.17435 21.6
    endloop
  endfacet
  facet normal -0 0 1
    outer loop
      vertex 97.6737 7.88006 21.6
      vertex 98.9826 6.17435 21.6
      vertex 98 8.09808 21.6
    endloop
  endfacet
  facet normal 0 0 1
    outer loop
      vertex 98.9826 6.17435 21.6
      vertex 97.6737 7.88006 21.6
      vertex 98.899 6.10104 21.6
    endloop
  endfacet
  facet normal -0 0 1
    outer loop
      vertex 97.3787 7.62132 21.6
      vertex 98.899 6.10104 21.6
      vertex 97.6737 7.88006 21.6
    endloop
  endfacet
  facet normal 0 0 1
    outer loop
      vertex 98.899 6.10104 21.6
      vertex 97.3787 7.62132 21.6
      vertex 98.8257 6.01745 21.6
    endloop
  endfacet
  facet normal -0 0 1
    outer loop
      vertex 97.1199 7.32628 21.6
      vertex 98.8257 6.01745 21.6
      vertex 97.3787 7.62132 21.6
    endloop
  endfacet
  facet normal 0 0 1
    outer loop
      vertex 98.8257 6.01745 21.6
      vertex 97.1199 7.32628 21.6
      vertex 98.7639 5.925 21.6
    endloop
  endfacet
  facet normal -0 0 1
    outer loop
      vertex 100.174 4.98255 21.6
      vertex 101.88 3.67372 21.6
      vertex 100.236 5.075 21.6
    endloop
  endfacet
  facet normal 0 0 1
    outer loop
      vertex 101.88 3.67372 21.6
      vertex 100.174 4.98255 21.6
      vertex 101.621 3.37868 21.6
    endloop
  endfacet
  facet normal -0 0 1
    outer loop
      vertex 100.101 4.89896 21.6
      vertex 101.621 3.37868 21.6
      vertex 100.174 4.98255 21.6
    endloop
  endfacet
  facet normal 0 0 1
    outer loop
      vertex 101.621 3.37868 21.6
      vertex 100.101 4.89896 21.6
      vertex 101.326 3.11994 21.6
    endloop
  endfacet
  facet normal -0 0 1
    outer loop
      vertex 100.017 4.82565 21.6
      vertex 101.326 3.11994 21.6
      vertex 100.101 4.89896 21.6
    endloop
  endfacet
  facet normal 0 0 1
    outer loop
      vertex 101.326 3.11994 21.6
      vertex 100.017 4.82565 21.6
      vertex 101 2.90192 21.6
    endloop
  endfacet
  facet normal -0 0 1
    outer loop
      vertex 99.925 4.76388 21.6
      vertex 101 2.90192 21.6
      vertex 100.017 4.82565 21.6
    endloop
  endfacet
  facet normal 0 0 1
    outer loop
      vertex 101 2.90192 21.6
      vertex 99.925 4.76388 21.6
      vertex 100.648 2.72836 21.6
    endloop
  endfacet
  facet normal -0 0 1
    outer loop
      vertex 99.8253 4.7147 21.6
      vertex 100.648 2.72836 21.6
      vertex 99.925 4.76388 21.6
    endloop
  endfacet
  facet normal 0 0 1
    outer loop
      vertex 100.648 2.72836 21.6
      vertex 99.8253 4.7147 21.6
      vertex 100.276 2.60222 21.6
    endloop
  endfacet
  facet normal -0 0 1
    outer loop
      vertex 99.72 4.67896 21.6
      vertex 100.276 2.60222 21.6
      vertex 99.8253 4.7147 21.6
    endloop
  endfacet
  facet normal 0 0 1
    outer loop
      vertex 100.276 2.60222 21.6
      vertex 99.72 4.67896 21.6
      vertex 99.8916 2.52567 21.6
    endloop
  endfacet
  facet normal -0 0 1
    outer loop
      vertex 99.6109 4.65727 21.6
      vertex 99.8916 2.52567 21.6
      vertex 99.72 4.67896 21.6
    endloop
  endfacet
  facet normal -0 0 1
    outer loop
      vertex 99.5 4.65 21.6
      vertex 99.8916 2.52567 21.6
      vertex 99.6109 4.65727 21.6
    endloop
  endfacet
  facet normal 0 0 1
    outer loop
      vertex 99.5 4.65 21.6
      vertex 99.5 2.5 21.6
      vertex 99.8916 2.52567 21.6
    endloop
  endfacet
  facet normal 0 0 1
    outer loop
      vertex 99.3891 4.65727 21.6
      vertex 99.5 2.5 21.6
      vertex 99.5 4.65 21.6
    endloop
  endfacet
  facet normal 0 0 1
    outer loop
      vertex 99.1084 2.52567 21.6
      vertex 99.3891 4.65727 21.6
      vertex 99.28 4.67896 21.6
    endloop
  endfacet
  facet normal 0 0 1
    outer loop
      vertex 98.7235 2.60222 21.6
      vertex 99.28 4.67896 21.6
      vertex 99.1747 4.7147 21.6
    endloop
  endfacet
  facet normal 0 0 1
    outer loop
      vertex 99.3891 4.65727 21.6
      vertex 99.1084 2.52567 21.6
      vertex 99.5 2.5 21.6
    endloop
  endfacet
  facet normal 0 0 1
    outer loop
      vertex 98.352 2.72836 21.6
      vertex 99.1747 4.7147 21.6
      vertex 99.075 4.76388 21.6
    endloop
  endfacet
  facet normal 0 0 1
    outer loop
      vertex 98 2.90192 21.6
      vertex 99.075 4.76388 21.6
      vertex 98.9826 4.82565 21.6
    endloop
  endfacet
  facet normal 0 0 1
    outer loop
      vertex 97.6737 3.11994 21.6
      vertex 98.9826 4.82565 21.6
      vertex 98.899 4.89896 21.6
    endloop
  endfacet
  facet normal 0 0 1
    outer loop
      vertex 97.3787 3.37868 21.6
      vertex 98.899 4.89896 21.6
      vertex 98.8257 4.98255 21.6
    endloop
  endfacet
  facet normal 0 0 1
    outer loop
      vertex 97.1199 3.67372 21.6
      vertex 98.8257 4.98255 21.6
      vertex 98.7639 5.075 21.6
    endloop
  endfacet
  facet normal 0 0 1
    outer loop
      vertex 99.28 4.67896 21.6
      vertex 98.7235 2.60222 21.6
      vertex 99.1084 2.52567 21.6
    endloop
  endfacet
  facet normal 0 0 1
    outer loop
      vertex 96.9019 4 21.6
      vertex 98.7639 5.075 21.6
      vertex 98.7147 5.17472 21.6
    endloop
  endfacet
  facet normal 0 0 1
    outer loop
      vertex 96.7284 4.35195 21.6
      vertex 98.7147 5.17472 21.6
      vertex 98.679 5.28 21.6
    endloop
  endfacet
  facet normal 0 0 1
    outer loop
      vertex 96.6022 4.72354 21.6
      vertex 98.679 5.28 21.6
      vertex 98.6573 5.38905 21.6
    endloop
  endfacet
  facet normal 0 0 1
    outer loop
      vertex 96.5257 5.10842 21.6
      vertex 98.6573 5.38905 21.6
      vertex 98.65 5.5 21.6
    endloop
  endfacet
  facet normal -0 0 1
    outer loop
      vertex 96.9019 7 21.6
      vertex 98.7639 5.925 21.6
      vertex 97.1199 7.32628 21.6
    endloop
  endfacet
  facet normal 0 0 1
    outer loop
      vertex 99.1747 4.7147 21.6
      vertex 98.352 2.72836 21.6
      vertex 98.7235 2.60222 21.6
    endloop
  endfacet
  facet normal 0 0 1
    outer loop
      vertex 98.7639 5.925 21.6
      vertex 96.9019 7 21.6
      vertex 98.7147 5.82528 21.6
    endloop
  endfacet
  facet normal 0 0 1
    outer loop
      vertex 99.075 4.76388 21.6
      vertex 98 2.90192 21.6
      vertex 98.352 2.72836 21.6
    endloop
  endfacet
  facet normal -0 0 1
    outer loop
      vertex 96.7284 6.64805 21.6
      vertex 98.7147 5.82528 21.6
      vertex 96.9019 7 21.6
    endloop
  endfacet
  facet normal 0 0 1
    outer loop
      vertex 98.9826 4.82565 21.6
      vertex 97.6737 3.11994 21.6
      vertex 98 2.90192 21.6
    endloop
  endfacet
  facet normal 0 0 1
    outer loop
      vertex 98.7147 5.82528 21.6
      vertex 96.7284 6.64805 21.6
      vertex 98.679 5.72 21.6
    endloop
  endfacet
  facet normal 0 0 1
    outer loop
      vertex 98.899 4.89896 21.6
      vertex 97.3787 3.37868 21.6
      vertex 97.6737 3.11994 21.6
    endloop
  endfacet
  facet normal -0 0 1
    outer loop
      vertex 96.6022 6.27646 21.6
      vertex 98.679 5.72 21.6
      vertex 96.7284 6.64805 21.6
    endloop
  endfacet
  facet normal 0 0 1
    outer loop
      vertex 98.8257 4.98255 21.6
      vertex 97.1199 3.67372 21.6
      vertex 97.3787 3.37868 21.6
    endloop
  endfacet
  facet normal 0 0 1
    outer loop
      vertex 98.679 5.72 21.6
      vertex 96.6022 6.27646 21.6
      vertex 98.6573 5.61095 21.6
    endloop
  endfacet
  facet normal 0 0 1
    outer loop
      vertex 98.7639 5.075 21.6
      vertex 96.9019 4 21.6
      vertex 97.1199 3.67372 21.6
    endloop
  endfacet
  facet normal -0 0 1
    outer loop
      vertex 96.5257 5.89158 21.6
      vertex 98.6573 5.61095 21.6
      vertex 96.6022 6.27646 21.6
    endloop
  endfacet
  facet normal 0 0 1
    outer loop
      vertex 98.7147 5.17472 21.6
      vertex 96.7284 4.35195 21.6
      vertex 96.9019 4 21.6
    endloop
  endfacet
  facet normal 0 0 1
    outer loop
      vertex 98.6573 5.61095 21.6
      vertex 96.5257 5.89158 21.6
      vertex 98.65 5.5 21.6
    endloop
  endfacet
  facet normal 0 0 1
    outer loop
      vertex 98.679 5.28 21.6
      vertex 96.6022 4.72354 21.6
      vertex 96.7284 4.35195 21.6
    endloop
  endfacet
  facet normal 0 0 1
    outer loop
      vertex 96.5 5.5 21.6
      vertex 98.65 5.5 21.6
      vertex 96.5257 5.89158 21.6
    endloop
  endfacet
  facet normal 0 0 1
    outer loop
      vertex 98.6573 5.38905 21.6
      vertex 96.5257 5.10842 21.6
      vertex 96.6022 4.72354 21.6
    endloop
  endfacet
  facet normal 0 0 1
    outer loop
      vertex 98.65 5.5 21.6
      vertex 96.5 5.5 21.6
      vertex 96.5257 5.10842 21.6
    endloop
  endfacet
  facet normal 0.321127 -0.947036 0
    outer loop
      vertex 100.276 2.60222 2
      vertex 100.648 2.72836 21.6
      vertex 100.276 2.60222 21.6
    endloop
  endfacet
  facet normal 0.321127 -0.947036 0
    outer loop
      vertex 100.648 2.72836 21.6
      vertex 100.276 2.60222 2
      vertex 100.648 2.72836 2
    endloop
  endfacet
  facet normal 0.442233 -0.8969 0
    outer loop
      vertex 100.648 2.72836 2
      vertex 101 2.90192 21.6
      vertex 100.648 2.72836 21.6
    endloop
  endfacet
  facet normal 0.442233 -0.8969 0
    outer loop
      vertex 101 2.90192 21.6
      vertex 100.648 2.72836 2
      vertex 101 2.90192 2
    endloop
  endfacet
  facet normal -0.321514 0.946905 0
    outer loop
      vertex 98.7235 8.39778 2
      vertex 98.352 8.27164 21.6
      vertex 98.7235 8.39778 21.6
    endloop
  endfacet
  facet normal -0.321514 0.946905 0
    outer loop
      vertex 98.352 8.27164 21.6
      vertex 98.7235 8.39778 2
      vertex 98.352 8.27164 2
    endloop
  endfacet
  facet normal 0.195307 0.980742 -0
    outer loop
      vertex 100.276 8.39778 2
      vertex 99.8916 8.47433 21.6
      vertex 100.276 8.39778 21.6
    endloop
  endfacet
  facet normal 0.195307 0.980742 0
    outer loop
      vertex 99.8916 8.47433 21.6
      vertex 100.276 8.39778 2
      vertex 99.8916 8.47433 2
    endloop
  endfacet
  facet normal -0.442233 -0.8969 0
    outer loop
      vertex 98 2.90192 2
      vertex 98.352 2.72836 21.6
      vertex 98 2.90192 21.6
    endloop
  endfacet
  facet normal -0.442233 -0.8969 -0
    outer loop
      vertex 98.352 2.72836 21.6
      vertex 98 2.90192 2
      vertex 98.352 2.72836 2
    endloop
  endfacet
  facet normal -0.946882 0.321582 0
    outer loop
      vertex 96.6022 6.27646 2
      vertex 96.7284 6.64805 21.6
      vertex 96.7284 6.64805 2
    endloop
  endfacet
  facet normal -0.946882 0.321582 0
    outer loop
      vertex 96.7284 6.64805 21.6
      vertex 96.6022 6.27646 2
      vertex 96.6022 6.27646 21.6
    endloop
  endfacet
  facet normal 0.981058 0.193714 0
    outer loop
      vertex 102.474 36.8916 21.6
      vertex 102.398 37.2765 2
      vertex 102.398 37.2765 21.6
    endloop
  endfacet
  facet normal 0.981058 0.193714 0
    outer loop
      vertex 102.398 37.2765 2
      vertex 102.474 36.8916 21.6
      vertex 102.474 36.8916 2
    endloop
  endfacet
  facet normal 0.659478 -0.751724 0
    outer loop
      vertex 101.326 34.1199 2
      vertex 101.621 34.3787 21.6
      vertex 101.326 34.1199 21.6
    endloop
  endfacet
  facet normal 0.659478 -0.751724 0
    outer loop
      vertex 101.621 34.3787 21.6
      vertex 101.326 34.1199 2
      vertex 101.621 34.3787 2
    endloop
  endfacet
  facet normal -0.980815 0.19494 0
    outer loop
      vertex 96.5257 36.8916 2
      vertex 96.6022 37.2765 21.6
      vertex 96.6022 37.2765 2
    endloop
  endfacet
  facet normal -0.980815 0.19494 0
    outer loop
      vertex 96.6022 37.2765 21.6
      vertex 96.5257 36.8916 2
      vertex 96.5257 36.8916 21.6
    endloop
  endfacet
  facet normal -0.19494 -0.980815 0
    outer loop
      vertex 98.7235 33.6022 2
      vertex 99.1084 33.5257 21.6
      vertex 98.7235 33.6022 21.6
    endloop
  endfacet
  facet normal -0.19494 -0.980815 -0
    outer loop
      vertex 99.1084 33.5257 21.6
      vertex 98.7235 33.6022 2
      vertex 99.1084 33.5257 2
    endloop
  endfacet
  facet normal -0.751724 0.659478 0
    outer loop
      vertex 97.1199 38.3263 2
      vertex 97.3787 38.6213 21.6
      vertex 97.3787 38.6213 2
    endloop
  endfacet
  facet normal -0.751724 0.659478 0
    outer loop
      vertex 97.3787 38.6213 21.6
      vertex 97.1199 38.3263 2
      vertex 97.1199 38.3263 21.6
    endloop
  endfacet
  facet normal 0.831501 0.555523 0
    outer loop
      vertex 102.098 38 21.6
      vertex 101.88 38.3263 2
      vertex 101.88 38.3263 21.6
    endloop
  endfacet
  facet normal 0.831501 0.555523 0
    outer loop
      vertex 101.88 38.3263 2
      vertex 102.098 38 21.6
      vertex 102.098 38 2
    endloop
  endfacet
  facet normal -0.44211 -0.896961 0
    outer loop
      vertex 98 33.9019 2
      vertex 98.352 33.7284 21.6
      vertex 98 33.9019 21.6
    endloop
  endfacet
  facet normal -0.44211 -0.896961 -0
    outer loop
      vertex 98.352 33.7284 21.6
      vertex 98 33.9019 2
      vertex 98.352 33.7284 2
    endloop
  endfacet
  facet normal 0.195184 -0.980767 0
    outer loop
      vertex 99.8916 33.5257 2
      vertex 100.276 33.6022 21.6
      vertex 99.8916 33.5257 21.6
    endloop
  endfacet
  facet normal 0.195184 -0.980767 0
    outer loop
      vertex 100.276 33.6022 21.6
      vertex 99.8916 33.5257 2
      vertex 100.276 33.6022 2
    endloop
  endfacet
  facet normal 0.947013 0.321194 0
    outer loop
      vertex 102.398 37.2765 21.6
      vertex 102.272 37.648 2
      vertex 102.272 37.648 21.6
    endloop
  endfacet
  facet normal 0.947013 0.321194 0
    outer loop
      vertex 102.272 37.648 2
      vertex 102.398 37.2765 21.6
      vertex 102.398 37.2765 2
    endloop
  endfacet
  facet normal 0.997803 0.0662484 0
    outer loop
      vertex 102.5 36.5 21.6
      vertex 102.474 36.8916 2
      vertex 102.474 36.8916 21.6
    endloop
  endfacet
  facet normal 0.997803 0.0662484 0
    outer loop
      vertex 102.474 36.8916 2
      vertex 102.5 36.5 21.6
      vertex 102.5 36.5 2
    endloop
  endfacet
  facet normal 0.44211 0.896961 -0
    outer loop
      vertex 101 39.0981 2
      vertex 100.648 39.2716 21.6
      vertex 101 39.0981 21.6
    endloop
  endfacet
  facet normal 0.44211 0.896961 0
    outer loop
      vertex 100.648 39.2716 21.6
      vertex 101 39.0981 2
      vertex 100.648 39.2716 2
    endloop
  endfacet
  facet normal 0.831501 -0.555523 0
    outer loop
      vertex 101.88 34.6737 21.6
      vertex 102.098 35 2
      vertex 102.098 35 21.6
    endloop
  endfacet
  facet normal 0.831501 -0.555523 0
    outer loop
      vertex 102.098 35 2
      vertex 101.88 34.6737 21.6
      vertex 101.88 34.6737 2
    endloop
  endfacet
  facet normal -0.0654873 -0.997853 0
    outer loop
      vertex 99.1084 33.5257 2
      vertex 99.5 33.5 21.6
      vertex 99.1084 33.5257 21.6
    endloop
  endfacet
  facet normal -0.0654873 -0.997853 -0
    outer loop
      vertex 99.5 33.5 21.6
      vertex 99.1084 33.5257 2
      vertex 99.5 33.5 2
    endloop
  endfacet
  facet normal -0.997853 0.0654873 0
    outer loop
      vertex 96.5 36.5 2
      vertex 96.5257 36.8916 21.6
      vertex 96.5257 36.8916 2
    endloop
  endfacet
  facet normal -0.997853 0.0654873 0
    outer loop
      vertex 96.5257 36.8916 21.6
      vertex 96.5 36.5 2
      vertex 96.5 36.5 21.6
    endloop
  endfacet
  facet normal -0.19494 0.980815 0
    outer loop
      vertex 99.1084 39.4743 2
      vertex 98.7235 39.3978 21.6
      vertex 99.1084 39.4743 21.6
    endloop
  endfacet
  facet normal -0.19494 0.980815 0
    outer loop
      vertex 98.7235 39.3978 21.6
      vertex 99.1084 39.4743 2
      vertex 98.7235 39.3978 2
    endloop
  endfacet
  facet normal 0.195184 0.980767 -0
    outer loop
      vertex 100.276 39.3978 2
      vertex 99.8916 39.4743 21.6
      vertex 100.276 39.3978 21.6
    endloop
  endfacet
  facet normal 0.195184 0.980767 0
    outer loop
      vertex 99.8916 39.4743 21.6
      vertex 100.276 39.3978 2
      vertex 99.8916 39.4743 2
    endloop
  endfacet
  facet normal 0.997803 -0.0662484 0
    outer loop
      vertex 102.474 36.1084 21.6
      vertex 102.5 36.5 2
      vertex 102.5 36.5 21.6
    endloop
  endfacet
  facet normal 0.997803 -0.0662484 0
    outer loop
      vertex 102.5 36.5 2
      vertex 102.474 36.1084 21.6
      vertex 102.474 36.1084 2
    endloop
  endfacet
  facet normal 0 0 1
    outer loop
      vertex 100.35 36.5 21.6
      vertex 102.5 36.5 21.6
      vertex 102.474 36.8916 21.6
    endloop
  endfacet
  facet normal 0 0 1
    outer loop
      vertex 100.343 36.6109 21.6
      vertex 102.474 36.8916 21.6
      vertex 102.398 37.2765 21.6
    endloop
  endfacet
  facet normal 0 0 1
    outer loop
      vertex 102.5 36.5 21.6
      vertex 100.35 36.5 21.6
      vertex 102.474 36.1084 21.6
    endloop
  endfacet
  facet normal 0 0 1
    outer loop
      vertex 100.321 36.72 21.6
      vertex 102.398 37.2765 21.6
      vertex 102.272 37.648 21.6
    endloop
  endfacet
  facet normal -0 0 1
    outer loop
      vertex 100.343 36.3891 21.6
      vertex 102.474 36.1084 21.6
      vertex 100.35 36.5 21.6
    endloop
  endfacet
  facet normal 0 0 1
    outer loop
      vertex 100.285 36.8253 21.6
      vertex 102.272 37.648 21.6
      vertex 102.098 38 21.6
    endloop
  endfacet
  facet normal 0 0 1
    outer loop
      vertex 102.474 36.1084 21.6
      vertex 100.343 36.3891 21.6
      vertex 102.398 35.7235 21.6
    endloop
  endfacet
  facet normal 0 0 1
    outer loop
      vertex 100.236 36.925 21.6
      vertex 102.098 38 21.6
      vertex 101.88 38.3263 21.6
    endloop
  endfacet
  facet normal -0 0 1
    outer loop
      vertex 100.321 36.28 21.6
      vertex 102.398 35.7235 21.6
      vertex 100.343 36.3891 21.6
    endloop
  endfacet
  facet normal 0 0 1
    outer loop
      vertex 100.174 37.0174 21.6
      vertex 101.88 38.3263 21.6
      vertex 101.621 38.6213 21.6
    endloop
  endfacet
  facet normal 0 0 1
    outer loop
      vertex 102.398 35.7235 21.6
      vertex 100.321 36.28 21.6
      vertex 102.272 35.352 21.6
    endloop
  endfacet
  facet normal 0 0 1
    outer loop
      vertex 100.101 37.101 21.6
      vertex 101.621 38.6213 21.6
      vertex 101.326 38.8801 21.6
    endloop
  endfacet
  facet normal -0 0 1
    outer loop
      vertex 100.285 36.1747 21.6
      vertex 102.272 35.352 21.6
      vertex 100.321 36.28 21.6
    endloop
  endfacet
  facet normal 0 0 1
    outer loop
      vertex 100.017 37.1744 21.6
      vertex 101.326 38.8801 21.6
      vertex 101 39.0981 21.6
    endloop
  endfacet
  facet normal 0 0 1
    outer loop
      vertex 102.272 35.352 21.6
      vertex 100.285 36.1747 21.6
      vertex 102.098 35 21.6
    endloop
  endfacet
  facet normal 0 0 1
    outer loop
      vertex 99.925 37.2361 21.6
      vertex 101 39.0981 21.6
      vertex 100.648 39.2716 21.6
    endloop
  endfacet
  facet normal -0 0 1
    outer loop
      vertex 100.236 36.075 21.6
      vertex 102.098 35 21.6
      vertex 100.285 36.1747 21.6
    endloop
  endfacet
  facet normal 0 0 1
    outer loop
      vertex 102.098 35 21.6
      vertex 100.236 36.075 21.6
      vertex 101.88 34.6737 21.6
    endloop
  endfacet
  facet normal 0 0 1
    outer loop
      vertex 102.474 36.8916 21.6
      vertex 100.343 36.6109 21.6
      vertex 100.35 36.5 21.6
    endloop
  endfacet
  facet normal 0 0 1
    outer loop
      vertex 102.398 37.2765 21.6
      vertex 100.321 36.72 21.6
      vertex 100.343 36.6109 21.6
    endloop
  endfacet
  facet normal 0 0 1
    outer loop
      vertex 102.272 37.648 21.6
      vertex 100.285 36.8253 21.6
      vertex 100.321 36.72 21.6
    endloop
  endfacet
  facet normal 0 0 1
    outer loop
      vertex 99.8253 37.2853 21.6
      vertex 100.648 39.2716 21.6
      vertex 100.276 39.3978 21.6
    endloop
  endfacet
  facet normal 0 0 1
    outer loop
      vertex 102.098 38 21.6
      vertex 100.236 36.925 21.6
      vertex 100.285 36.8253 21.6
    endloop
  endfacet
  facet normal 0 0 1
    outer loop
      vertex 101.88 38.3263 21.6
      vertex 100.174 37.0174 21.6
      vertex 100.236 36.925 21.6
    endloop
  endfacet
  facet normal 0 0 1
    outer loop
      vertex 101.621 38.6213 21.6
      vertex 100.101 37.101 21.6
      vertex 100.174 37.0174 21.6
    endloop
  endfacet
  facet normal 0 0 1
    outer loop
      vertex 101.326 38.8801 21.6
      vertex 100.017 37.1744 21.6
      vertex 100.101 37.101 21.6
    endloop
  endfacet
  facet normal 0 0 1
    outer loop
      vertex 101 39.0981 21.6
      vertex 99.925 37.2361 21.6
      vertex 100.017 37.1744 21.6
    endloop
  endfacet
  facet normal 0 0 1
    outer loop
      vertex 99.72 37.321 21.6
      vertex 100.276 39.3978 21.6
      vertex 99.8916 39.4743 21.6
    endloop
  endfacet
  facet normal 0 0 1
    outer loop
      vertex 100.648 39.2716 21.6
      vertex 99.8253 37.2853 21.6
      vertex 99.925 37.2361 21.6
    endloop
  endfacet
  facet normal 0 0 1
    outer loop
      vertex 100.276 39.3978 21.6
      vertex 99.72 37.321 21.6
      vertex 99.8253 37.2853 21.6
    endloop
  endfacet
  facet normal 0 0 1
    outer loop
      vertex 99.8916 39.4743 21.6
      vertex 99.6109 37.3427 21.6
      vertex 99.72 37.321 21.6
    endloop
  endfacet
  facet normal 0 0 1
    outer loop
      vertex 99.5 39.5 21.6
      vertex 99.6109 37.3427 21.6
      vertex 99.8916 39.4743 21.6
    endloop
  endfacet
  facet normal 0 0 1
    outer loop
      vertex 99.5 39.5 21.6
      vertex 99.5 37.35 21.6
      vertex 99.6109 37.3427 21.6
    endloop
  endfacet
  facet normal 0 0 1
    outer loop
      vertex 99.5 39.5 21.6
      vertex 99.3891 37.3427 21.6
      vertex 99.5 37.35 21.6
    endloop
  endfacet
  facet normal -0 0 1
    outer loop
      vertex 99.1084 39.4743 21.6
      vertex 99.3891 37.3427 21.6
      vertex 99.5 39.5 21.6
    endloop
  endfacet
  facet normal 0 0 1
    outer loop
      vertex 99.3891 37.3427 21.6
      vertex 99.1084 39.4743 21.6
      vertex 99.28 37.321 21.6
    endloop
  endfacet
  facet normal -0 0 1
    outer loop
      vertex 98.7235 39.3978 21.6
      vertex 99.28 37.321 21.6
      vertex 99.1084 39.4743 21.6
    endloop
  endfacet
  facet normal 0 0 1
    outer loop
      vertex 99.28 37.321 21.6
      vertex 98.7235 39.3978 21.6
      vertex 99.1747 37.2853 21.6
    endloop
  endfacet
  facet normal -0 0 1
    outer loop
      vertex 98.352 39.2716 21.6
      vertex 99.1747 37.2853 21.6
      vertex 98.7235 39.3978 21.6
    endloop
  endfacet
  facet normal 0 0 1
    outer loop
      vertex 99.1747 37.2853 21.6
      vertex 98.352 39.2716 21.6
      vertex 99.075 37.2361 21.6
    endloop
  endfacet
  facet normal -0 0 1
    outer loop
      vertex 98 39.0981 21.6
      vertex 99.075 37.2361 21.6
      vertex 98.352 39.2716 21.6
    endloop
  endfacet
  facet normal 0 0 1
    outer loop
      vertex 99.075 37.2361 21.6
      vertex 98 39.0981 21.6
      vertex 98.9826 37.1744 21.6
    endloop
  endfacet
  facet normal -0 0 1
    outer loop
      vertex 97.6737 38.8801 21.6
      vertex 98.9826 37.1744 21.6
      vertex 98 39.0981 21.6
    endloop
  endfacet
  facet normal 0 0 1
    outer loop
      vertex 98.9826 37.1744 21.6
      vertex 97.6737 38.8801 21.6
      vertex 98.899 37.101 21.6
    endloop
  endfacet
  facet normal -0 0 1
    outer loop
      vertex 97.3787 38.6213 21.6
      vertex 98.899 37.101 21.6
      vertex 97.6737 38.8801 21.6
    endloop
  endfacet
  facet normal 0 0 1
    outer loop
      vertex 98.899 37.101 21.6
      vertex 97.3787 38.6213 21.6
      vertex 98.8257 37.0174 21.6
    endloop
  endfacet
  facet normal -0 0 1
    outer loop
      vertex 97.1199 38.3263 21.6
      vertex 98.8257 37.0174 21.6
      vertex 97.3787 38.6213 21.6
    endloop
  endfacet
  facet normal 0 0 1
    outer loop
      vertex 98.8257 37.0174 21.6
      vertex 97.1199 38.3263 21.6
      vertex 98.7639 36.925 21.6
    endloop
  endfacet
  facet normal -0 0 1
    outer loop
      vertex 100.174 35.9826 21.6
      vertex 101.88 34.6737 21.6
      vertex 100.236 36.075 21.6
    endloop
  endfacet
  facet normal 0 0 1
    outer loop
      vertex 101.88 34.6737 21.6
      vertex 100.174 35.9826 21.6
      vertex 101.621 34.3787 21.6
    endloop
  endfacet
  facet normal -0 0 1
    outer loop
      vertex 100.101 35.899 21.6
      vertex 101.621 34.3787 21.6
      vertex 100.174 35.9826 21.6
    endloop
  endfacet
  facet normal 0 0 1
    outer loop
      vertex 101.621 34.3787 21.6
      vertex 100.101 35.899 21.6
      vertex 101.326 34.1199 21.6
    endloop
  endfacet
  facet normal -0 0 1
    outer loop
      vertex 100.017 35.8256 21.6
      vertex 101.326 34.1199 21.6
      vertex 100.101 35.899 21.6
    endloop
  endfacet
  facet normal 0 0 1
    outer loop
      vertex 101.326 34.1199 21.6
      vertex 100.017 35.8256 21.6
      vertex 101 33.9019 21.6
    endloop
  endfacet
  facet normal -0 0 1
    outer loop
      vertex 99.925 35.7639 21.6
      vertex 101 33.9019 21.6
      vertex 100.017 35.8256 21.6
    endloop
  endfacet
  facet normal 0 0 1
    outer loop
      vertex 101 33.9019 21.6
      vertex 99.925 35.7639 21.6
      vertex 100.648 33.7284 21.6
    endloop
  endfacet
  facet normal -0 0 1
    outer loop
      vertex 99.8253 35.7147 21.6
      vertex 100.648 33.7284 21.6
      vertex 99.925 35.7639 21.6
    endloop
  endfacet
  facet normal 0 0 1
    outer loop
      vertex 100.648 33.7284 21.6
      vertex 99.8253 35.7147 21.6
      vertex 100.276 33.6022 21.6
    endloop
  endfacet
  facet normal -0 0 1
    outer loop
      vertex 99.72 35.679 21.6
      vertex 100.276 33.6022 21.6
      vertex 99.8253 35.7147 21.6
    endloop
  endfacet
  facet normal 0 0 1
    outer loop
      vertex 100.276 33.6022 21.6
      vertex 99.72 35.679 21.6
      vertex 99.8916 33.5257 21.6
    endloop
  endfacet
  facet normal -0 0 1
    outer loop
      vertex 99.6109 35.6573 21.6
      vertex 99.8916 33.5257 21.6
      vertex 99.72 35.679 21.6
    endloop
  endfacet
  facet normal -0 0 1
    outer loop
      vertex 99.5 35.65 21.6
      vertex 99.8916 33.5257 21.6
      vertex 99.6109 35.6573 21.6
    endloop
  endfacet
  facet normal 0 0 1
    outer loop
      vertex 99.5 35.65 21.6
      vertex 99.5 33.5 21.6
      vertex 99.8916 33.5257 21.6
    endloop
  endfacet
  facet normal 0 0 1
    outer loop
      vertex 99.3891 35.6573 21.6
      vertex 99.5 33.5 21.6
      vertex 99.5 35.65 21.6
    endloop
  endfacet
  facet normal 0 0 1
    outer loop
      vertex 99.1084 33.5257 21.6
      vertex 99.3891 35.6573 21.6
      vertex 99.28 35.679 21.6
    endloop
  endfacet
  facet normal 0 0 1
    outer loop
      vertex 98.7235 33.6022 21.6
      vertex 99.28 35.679 21.6
      vertex 99.1747 35.7147 21.6
    endloop
  endfacet
  facet normal 0 0 1
    outer loop
      vertex 99.3891 35.6573 21.6
      vertex 99.1084 33.5257 21.6
      vertex 99.5 33.5 21.6
    endloop
  endfacet
  facet normal 0 0 1
    outer loop
      vertex 98.352 33.7284 21.6
      vertex 99.1747 35.7147 21.6
      vertex 99.075 35.7639 21.6
    endloop
  endfacet
  facet normal 0 0 1
    outer loop
      vertex 98 33.9019 21.6
      vertex 99.075 35.7639 21.6
      vertex 98.9826 35.8256 21.6
    endloop
  endfacet
  facet normal 0 0 1
    outer loop
      vertex 97.6737 34.1199 21.6
      vertex 98.9826 35.8256 21.6
      vertex 98.899 35.899 21.6
    endloop
  endfacet
  facet normal 0 0 1
    outer loop
      vertex 97.3787 34.3787 21.6
      vertex 98.899 35.899 21.6
      vertex 98.8257 35.9826 21.6
    endloop
  endfacet
  facet normal 0 0 1
    outer loop
      vertex 97.1199 34.6737 21.6
      vertex 98.8257 35.9826 21.6
      vertex 98.7639 36.075 21.6
    endloop
  endfacet
  facet normal 0 0 1
    outer loop
      vertex 99.28 35.679 21.6
      vertex 98.7235 33.6022 21.6
      vertex 99.1084 33.5257 21.6
    endloop
  endfacet
  facet normal 0 0 1
    outer loop
      vertex 96.9019 35 21.6
      vertex 98.7639 36.075 21.6
      vertex 98.7147 36.1747 21.6
    endloop
  endfacet
  facet normal 0 0 1
    outer loop
      vertex 96.7284 35.352 21.6
      vertex 98.7147 36.1747 21.6
      vertex 98.679 36.28 21.6
    endloop
  endfacet
  facet normal 0 0 1
    outer loop
      vertex 96.6022 35.7235 21.6
      vertex 98.679 36.28 21.6
      vertex 98.6573 36.3891 21.6
    endloop
  endfacet
  facet normal 0 0 1
    outer loop
      vertex 96.5257 36.1084 21.6
      vertex 98.6573 36.3891 21.6
      vertex 98.65 36.5 21.6
    endloop
  endfacet
  facet normal -0 0 1
    outer loop
      vertex 96.9019 38 21.6
      vertex 98.7639 36.925 21.6
      vertex 97.1199 38.3263 21.6
    endloop
  endfacet
  facet normal 0 0 1
    outer loop
      vertex 99.1747 35.7147 21.6
      vertex 98.352 33.7284 21.6
      vertex 98.7235 33.6022 21.6
    endloop
  endfacet
  facet normal 0 0 1
    outer loop
      vertex 98.7639 36.925 21.6
      vertex 96.9019 38 21.6
      vertex 98.7147 36.8253 21.6
    endloop
  endfacet
  facet normal 0 0 1
    outer loop
      vertex 99.075 35.7639 21.6
      vertex 98 33.9019 21.6
      vertex 98.352 33.7284 21.6
    endloop
  endfacet
  facet normal -0 0 1
    outer loop
      vertex 96.7284 37.648 21.6
      vertex 98.7147 36.8253 21.6
      vertex 96.9019 38 21.6
    endloop
  endfacet
  facet normal 0 0 1
    outer loop
      vertex 98.9826 35.8256 21.6
      vertex 97.6737 34.1199 21.6
      vertex 98 33.9019 21.6
    endloop
  endfacet
  facet normal 0 0 1
    outer loop
      vertex 98.7147 36.8253 21.6
      vertex 96.7284 37.648 21.6
      vertex 98.679 36.72 21.6
    endloop
  endfacet
  facet normal 0 0 1
    outer loop
      vertex 98.899 35.899 21.6
      vertex 97.3787 34.3787 21.6
      vertex 97.6737 34.1199 21.6
    endloop
  endfacet
  facet normal -0 0 1
    outer loop
      vertex 96.6022 37.2765 21.6
      vertex 98.679 36.72 21.6
      vertex 96.7284 37.648 21.6
    endloop
  endfacet
  facet normal 0 0 1
    outer loop
      vertex 98.8257 35.9826 21.6
      vertex 97.1199 34.6737 21.6
      vertex 97.3787 34.3787 21.6
    endloop
  endfacet
  facet normal 0 0 1
    outer loop
      vertex 98.679 36.72 21.6
      vertex 96.6022 37.2765 21.6
      vertex 98.6573 36.6109 21.6
    endloop
  endfacet
  facet normal 0 0 1
    outer loop
      vertex 98.7639 36.075 21.6
      vertex 96.9019 35 21.6
      vertex 97.1199 34.6737 21.6
    endloop
  endfacet
  facet normal -0 0 1
    outer loop
      vertex 96.5257 36.8916 21.6
      vertex 98.6573 36.6109 21.6
      vertex 96.6022 37.2765 21.6
    endloop
  endfacet
  facet normal 0 0 1
    outer loop
      vertex 98.7147 36.1747 21.6
      vertex 96.7284 35.352 21.6
      vertex 96.9019 35 21.6
    endloop
  endfacet
  facet normal 0 0 1
    outer loop
      vertex 98.6573 36.6109 21.6
      vertex 96.5257 36.8916 21.6
      vertex 98.65 36.5 21.6
    endloop
  endfacet
  facet normal 0 0 1
    outer loop
      vertex 98.679 36.28 21.6
      vertex 96.6022 35.7235 21.6
      vertex 96.7284 35.352 21.6
    endloop
  endfacet
  facet normal 0 0 1
    outer loop
      vertex 96.5 36.5 21.6
      vertex 98.65 36.5 21.6
      vertex 96.5257 36.8916 21.6
    endloop
  endfacet
  facet normal 0 0 1
    outer loop
      vertex 98.6573 36.3891 21.6
      vertex 96.5257 36.1084 21.6
      vertex 96.6022 35.7235 21.6
    endloop
  endfacet
  facet normal 0 0 1
    outer loop
      vertex 98.65 36.5 21.6
      vertex 96.5 36.5 21.6
      vertex 96.5257 36.1084 21.6
    endloop
  endfacet
  facet normal 0.659478 0.751724 -0
    outer loop
      vertex 101.621 38.6213 2
      vertex 101.326 38.8801 21.6
      vertex 101.621 38.6213 21.6
    endloop
  endfacet
  facet normal 0.659478 0.751724 0
    outer loop
      vertex 101.326 38.8801 21.6
      vertex 101.621 38.6213 2
      vertex 101.326 38.8801 2
    endloop
  endfacet
  facet normal 0.0654873 -0.997853 0
    outer loop
      vertex 99.5 33.5 2
      vertex 99.8916 33.5257 21.6
      vertex 99.5 33.5 21.6
    endloop
  endfacet
  facet normal 0.0654873 -0.997853 0
    outer loop
      vertex 99.8916 33.5257 21.6
      vertex 99.5 33.5 2
      vertex 99.8916 33.5257 2
    endloop
  endfacet
  facet normal -0.997853 -0.0654873 0
    outer loop
      vertex 96.5257 36.1084 2
      vertex 96.5 36.5 21.6
      vertex 96.5 36.5 2
    endloop
  endfacet
  facet normal -0.997853 -0.0654873 0
    outer loop
      vertex 96.5 36.5 21.6
      vertex 96.5257 36.1084 2
      vertex 96.5257 36.1084 21.6
    endloop
  endfacet
  facet normal 0.555877 -0.831265 0
    outer loop
      vertex 101 33.9019 2
      vertex 101.326 34.1199 21.6
      vertex 101 33.9019 21.6
    endloop
  endfacet
  facet normal 0.555877 -0.831265 0
    outer loop
      vertex 101.326 34.1199 21.6
      vertex 101 33.9019 2
      vertex 101.326 34.1199 2
    endloop
  endfacet
  facet normal 0.321264 -0.94699 0
    outer loop
      vertex 100.276 33.6022 2
      vertex 100.648 33.7284 21.6
      vertex 100.276 33.6022 21.6
    endloop
  endfacet
  facet normal 0.321264 -0.94699 0
    outer loop
      vertex 100.648 33.7284 21.6
      vertex 100.276 33.6022 2
      vertex 100.648 33.7284 2
    endloop
  endfacet
  facet normal -0.831501 0.555523 0
    outer loop
      vertex 96.9019 38 2
      vertex 97.1199 38.3263 21.6
      vertex 97.1199 38.3263 2
    endloop
  endfacet
  facet normal -0.831501 0.555523 0
    outer loop
      vertex 97.1199 38.3263 21.6
      vertex 96.9019 38 2
      vertex 96.9019 38 21.6
    endloop
  endfacet
  facet normal -0.980815 -0.19494 0
    outer loop
      vertex 96.6022 35.7235 2
      vertex 96.5257 36.1084 21.6
      vertex 96.5257 36.1084 2
    endloop
  endfacet
  facet normal -0.980815 -0.19494 0
    outer loop
      vertex 96.5257 36.1084 21.6
      vertex 96.6022 35.7235 2
      vertex 96.6022 35.7235 21.6
    endloop
  endfacet
  facet normal -0.659478 -0.751724 0
    outer loop
      vertex 97.3787 34.3787 2
      vertex 97.6737 34.1199 21.6
      vertex 97.3787 34.3787 21.6
    endloop
  endfacet
  facet normal -0.659478 -0.751724 -0
    outer loop
      vertex 97.6737 34.1199 21.6
      vertex 97.3787 34.3787 2
      vertex 97.6737 34.1199 2
    endloop
  endfacet
  facet normal -0.896961 0.44211 0
    outer loop
      vertex 96.7284 37.648 2
      vertex 96.9019 38 21.6
      vertex 96.9019 38 2
    endloop
  endfacet
  facet normal -0.896961 0.44211 0
    outer loop
      vertex 96.9019 38 21.6
      vertex 96.7284 37.648 2
      vertex 96.7284 37.648 21.6
    endloop
  endfacet
  facet normal -0.321651 -0.946858 0
    outer loop
      vertex 98.352 33.7284 2
      vertex 98.7235 33.6022 21.6
      vertex 98.352 33.7284 21.6
    endloop
  endfacet
  facet normal -0.321651 -0.946858 -0
    outer loop
      vertex 98.7235 33.6022 21.6
      vertex 98.352 33.7284 2
      vertex 98.7235 33.6022 2
    endloop
  endfacet
  facet normal -0.0654873 0.997853 0
    outer loop
      vertex 99.5 39.5 2
      vertex 99.1084 39.4743 21.6
      vertex 99.5 39.5 21.6
    endloop
  endfacet
  facet normal -0.0654873 0.997853 0
    outer loop
      vertex 99.1084 39.4743 21.6
      vertex 99.5 39.5 2
      vertex 99.1084 39.4743 2
    endloop
  endfacet
  facet normal 0.947013 -0.321194 0
    outer loop
      vertex 102.272 35.352 21.6
      vertex 102.398 35.7235 2
      vertex 102.398 35.7235 21.6
    endloop
  endfacet
  facet normal 0.947013 -0.321194 0
    outer loop
      vertex 102.398 35.7235 2
      vertex 102.272 35.352 21.6
      vertex 102.272 35.352 2
    endloop
  endfacet
  facet normal 0.981058 -0.193714 0
    outer loop
      vertex 102.398 35.7235 21.6
      vertex 102.474 36.1084 2
      vertex 102.474 36.1084 21.6
    endloop
  endfacet
  facet normal 0.981058 -0.193714 0
    outer loop
      vertex 102.474 36.1084 2
      vertex 102.398 35.7235 21.6
      vertex 102.398 35.7235 2
    endloop
  endfacet
  facet normal 0.555877 0.831265 -0
    outer loop
      vertex 101.326 38.8801 2
      vertex 101 39.0981 21.6
      vertex 101.326 38.8801 21.6
    endloop
  endfacet
  facet normal 0.555877 0.831265 0
    outer loop
      vertex 101 39.0981 21.6
      vertex 101.326 38.8801 2
      vertex 101 39.0981 2
    endloop
  endfacet
  facet normal -0.751724 -0.659478 0
    outer loop
      vertex 97.3787 34.3787 2
      vertex 97.1199 34.6737 21.6
      vertex 97.1199 34.6737 2
    endloop
  endfacet
  facet normal -0.751724 -0.659478 0
    outer loop
      vertex 97.1199 34.6737 21.6
      vertex 97.3787 34.3787 2
      vertex 97.3787 34.3787 21.6
    endloop
  endfacet
  facet normal 0.321264 0.94699 -0
    outer loop
      vertex 100.648 39.2716 2
      vertex 100.276 39.3978 21.6
      vertex 100.648 39.2716 21.6
    endloop
  endfacet
  facet normal 0.321264 0.94699 0
    outer loop
      vertex 100.276 39.3978 21.6
      vertex 100.648 39.2716 2
      vertex 100.276 39.3978 2
    endloop
  endfacet
  facet normal -0.946858 0.321651 0
    outer loop
      vertex 96.6022 37.2765 2
      vertex 96.7284 37.648 21.6
      vertex 96.7284 37.648 2
    endloop
  endfacet
  facet normal -0.946858 0.321651 0
    outer loop
      vertex 96.7284 37.648 21.6
      vertex 96.6022 37.2765 2
      vertex 96.6022 37.2765 21.6
    endloop
  endfacet
  facet normal -0.44211 0.896961 0
    outer loop
      vertex 98.352 39.2716 2
      vertex 98 39.0981 21.6
      vertex 98.352 39.2716 21.6
    endloop
  endfacet
  facet normal -0.44211 0.896961 0
    outer loop
      vertex 98 39.0981 21.6
      vertex 98.352 39.2716 2
      vertex 98 39.0981 2
    endloop
  endfacet
  facet normal -0.896961 -0.44211 0
    outer loop
      vertex 96.9019 35 2
      vertex 96.7284 35.352 21.6
      vertex 96.7284 35.352 2
    endloop
  endfacet
  facet normal -0.896961 -0.44211 0
    outer loop
      vertex 96.7284 35.352 21.6
      vertex 96.9019 35 2
      vertex 96.9019 35 21.6
    endloop
  endfacet
  facet normal -0.321651 0.946858 0
    outer loop
      vertex 98.7235 39.3978 2
      vertex 98.352 39.2716 21.6
      vertex 98.7235 39.3978 21.6
    endloop
  endfacet
  facet normal -0.321651 0.946858 0
    outer loop
      vertex 98.352 39.2716 21.6
      vertex 98.7235 39.3978 2
      vertex 98.352 39.2716 2
    endloop
  endfacet
  facet normal -0.659478 0.751724 0
    outer loop
      vertex 97.6737 38.8801 2
      vertex 97.3787 38.6213 21.6
      vertex 97.6737 38.8801 21.6
    endloop
  endfacet
  facet normal -0.659478 0.751724 0
    outer loop
      vertex 97.3787 38.6213 21.6
      vertex 97.6737 38.8801 2
      vertex 97.3787 38.6213 2
    endloop
  endfacet
  facet normal 0.751471 -0.659766 0
    outer loop
      vertex 101.621 34.3787 21.6
      vertex 101.88 34.6737 2
      vertex 101.88 34.6737 21.6
    endloop
  endfacet
  facet normal 0.751471 -0.659766 0
    outer loop
      vertex 101.88 34.6737 2
      vertex 101.621 34.3787 21.6
      vertex 101.621 34.3787 2
    endloop
  endfacet
  facet normal 0.896455 0.443134 0
    outer loop
      vertex 102.272 37.648 21.6
      vertex 102.098 38 2
      vertex 102.098 38 21.6
    endloop
  endfacet
  facet normal 0.896455 0.443134 0
    outer loop
      vertex 102.098 38 2
      vertex 102.272 37.648 21.6
      vertex 102.272 37.648 2
    endloop
  endfacet
  facet normal 0.751471 0.659766 0
    outer loop
      vertex 101.88 38.3263 21.6
      vertex 101.621 38.6213 2
      vertex 101.621 38.6213 21.6
    endloop
  endfacet
  facet normal 0.751471 0.659766 0
    outer loop
      vertex 101.621 38.6213 2
      vertex 101.88 38.3263 21.6
      vertex 101.88 38.3263 2
    endloop
  endfacet
  facet normal -0.555523 -0.831501 0
    outer loop
      vertex 97.6737 34.1199 2
      vertex 98 33.9019 21.6
      vertex 97.6737 34.1199 21.6
    endloop
  endfacet
  facet normal -0.555523 -0.831501 -0
    outer loop
      vertex 98 33.9019 21.6
      vertex 97.6737 34.1199 2
      vertex 98 33.9019 2
    endloop
  endfacet
  facet normal -0.946858 -0.321651 0
    outer loop
      vertex 96.7284 35.352 2
      vertex 96.6022 35.7235 21.6
      vertex 96.6022 35.7235 2
    endloop
  endfacet
  facet normal -0.946858 -0.321651 0
    outer loop
      vertex 96.6022 35.7235 21.6
      vertex 96.7284 35.352 2
      vertex 96.7284 35.352 21.6
    endloop
  endfacet
  facet normal -0.831501 -0.555523 0
    outer loop
      vertex 97.1199 34.6737 2
      vertex 96.9019 35 21.6
      vertex 96.9019 35 2
    endloop
  endfacet
  facet normal -0.831501 -0.555523 0
    outer loop
      vertex 96.9019 35 21.6
      vertex 97.1199 34.6737 2
      vertex 97.1199 34.6737 21.6
    endloop
  endfacet
  facet normal 0.896455 -0.443134 0
    outer loop
      vertex 102.098 35 21.6
      vertex 102.272 35.352 2
      vertex 102.272 35.352 21.6
    endloop
  endfacet
  facet normal 0.896455 -0.443134 0
    outer loop
      vertex 102.272 35.352 2
      vertex 102.098 35 21.6
      vertex 102.098 35 2
    endloop
  endfacet
  facet normal -0.555523 0.831501 0
    outer loop
      vertex 98 39.0981 2
      vertex 97.6737 38.8801 21.6
      vertex 98 39.0981 21.6
    endloop
  endfacet
  facet normal -0.555523 0.831501 0
    outer loop
      vertex 97.6737 38.8801 21.6
      vertex 98 39.0981 2
      vertex 97.6737 38.8801 2
    endloop
  endfacet
  facet normal 0.0654873 0.997853 -0
    outer loop
      vertex 99.8916 39.4743 2
      vertex 99.5 39.5 21.6
      vertex 99.8916 39.4743 21.6
    endloop
  endfacet
  facet normal 0.0654873 0.997853 0
    outer loop
      vertex 99.5 39.5 21.6
      vertex 99.8916 39.4743 2
      vertex 99.5 39.5 2
    endloop
  endfacet
  facet normal 0.44211 -0.896961 0
    outer loop
      vertex 100.648 33.7284 2
      vertex 101 33.9019 21.6
      vertex 100.648 33.7284 21.6
    endloop
  endfacet
  facet normal 0.44211 -0.896961 0
    outer loop
      vertex 101 33.9019 21.6
      vertex 100.648 33.7284 2
      vertex 101 33.9019 2
    endloop
  endfacet
  facet normal -0.980788 -0.195078 0
    outer loop
      vertex 6.34273 5.61095 2
      vertex 6.32104 5.72 21.6
      vertex 6.32104 5.72 2
    endloop
  endfacet
  facet normal -0.980788 -0.195078 0
    outer loop
      vertex 6.32104 5.72 21.6
      vertex 6.34273 5.61095 2
      vertex 6.34273 5.61095 21.6
    endloop
  endfacet
  facet normal -0.99786 -0.0653848 0
    outer loop
      vertex 6.35 5.5 2
      vertex 6.34273 5.61095 21.6
      vertex 6.34273 5.61095 2
    endloop
  endfacet
  facet normal -0.99786 -0.0653848 0
    outer loop
      vertex 6.34273 5.61095 21.6
      vertex 6.35 5.5 2
      vertex 6.35 5.5 21.6
    endloop
  endfacet
  facet normal -0.946924 -0.321458 0
    outer loop
      vertex 6.32104 5.72 2
      vertex 6.2853 5.82528 21.6
      vertex 6.2853 5.82528 2
    endloop
  endfacet
  facet normal -0.946924 -0.321458 0
    outer loop
      vertex 6.2853 5.82528 21.6
      vertex 6.32104 5.72 2
      vertex 6.32104 5.72 21.6
    endloop
  endfacet
  facet normal -0.831483 -0.555551 0
    outer loop
      vertex 6.23612 5.925 2
      vertex 6.17435 6.01745 21.6
      vertex 6.17435 6.01745 2
    endloop
  endfacet
  facet normal -0.831483 -0.555551 0
    outer loop
      vertex 6.17435 6.01745 21.6
      vertex 6.23612 5.925 2
      vertex 6.23612 5.925 21.6
    endloop
  endfacet
  facet normal 0.946924 0.321458 0
    outer loop
      vertex 4.7147 5.17472 21.6
      vertex 4.67896 5.28 2
      vertex 4.67896 5.28 21.6
    endloop
  endfacet
  facet normal 0.946924 0.321458 0
    outer loop
      vertex 4.67896 5.28 2
      vertex 4.7147 5.17472 21.6
      vertex 4.7147 5.17472 2
    endloop
  endfacet
  facet normal -0.321458 0.946924 0
    outer loop
      vertex 5.82528 4.7147 2
      vertex 5.72 4.67896 21.6
      vertex 5.82528 4.7147 21.6
    endloop
  endfacet
  facet normal -0.321458 0.946924 0
    outer loop
      vertex 5.72 4.67896 21.6
      vertex 5.82528 4.7147 2
      vertex 5.72 4.67896 2
    endloop
  endfacet
  facet normal -0.89686 -0.442314 0
    outer loop
      vertex 6.2853 5.82528 2
      vertex 6.23612 5.925 21.6
      vertex 6.23612 5.925 2
    endloop
  endfacet
  facet normal -0.89686 -0.442314 0
    outer loop
      vertex 6.23612 5.925 21.6
      vertex 6.2853 5.82528 2
      vertex 6.2853 5.82528 21.6
    endloop
  endfacet
  facet normal 0.555551 -0.831483 0
    outer loop
      vertex 4.98255 6.17435 2
      vertex 5.075 6.23612 21.6
      vertex 4.98255 6.17435 21.6
    endloop
  endfacet
  facet normal 0.555551 -0.831483 0
    outer loop
      vertex 5.075 6.23612 21.6
      vertex 4.98255 6.17435 2
      vertex 5.075 6.23612 2
    endloop
  endfacet
  facet normal -0.980788 0.195078 0
    outer loop
      vertex 6.32104 5.28 2
      vertex 6.34273 5.38905 21.6
      vertex 6.34273 5.38905 2
    endloop
  endfacet
  facet normal -0.980788 0.195078 0
    outer loop
      vertex 6.34273 5.38905 21.6
      vertex 6.32104 5.28 2
      vertex 6.32104 5.28 21.6
    endloop
  endfacet
  facet normal 0 0 1
    outer loop
      vertex 6.34273 5.61095 2
      vertex 6.34273 5.38905 2
      vertex 6.35 5.5 2
    endloop
  endfacet
  facet normal 0 0 1
    outer loop
      vertex 6.32104 5.72 2
      vertex 6.34273 5.38905 2
      vertex 6.34273 5.61095 2
    endloop
  endfacet
  facet normal 0 0 1
    outer loop
      vertex 6.32104 5.72 2
      vertex 6.32104 5.28 2
      vertex 6.34273 5.38905 2
    endloop
  endfacet
  facet normal 0 0 1
    outer loop
      vertex 6.2853 5.82528 2
      vertex 6.32104 5.28 2
      vertex 6.32104 5.72 2
    endloop
  endfacet
  facet normal 0 0 1
    outer loop
      vertex 6.2853 5.82528 2
      vertex 6.2853 5.17472 2
      vertex 6.32104 5.28 2
    endloop
  endfacet
  facet normal 0 0 1
    outer loop
      vertex 6.23612 5.925 2
      vertex 6.2853 5.17472 2
      vertex 6.2853 5.82528 2
    endloop
  endfacet
  facet normal 0 0 1
    outer loop
      vertex 6.23612 5.925 2
      vertex 6.23612 5.075 2
      vertex 6.2853 5.17472 2
    endloop
  endfacet
  facet normal 0 0 1
    outer loop
      vertex 6.17435 6.01745 2
      vertex 6.23612 5.075 2
      vertex 6.23612 5.925 2
    endloop
  endfacet
  facet normal 0 0 1
    outer loop
      vertex 6.17435 6.01745 2
      vertex 6.17435 4.98255 2
      vertex 6.23612 5.075 2
    endloop
  endfacet
  facet normal 0 0 1
    outer loop
      vertex 6.10104 6.10104 2
      vertex 6.17435 4.98255 2
      vertex 6.17435 6.01745 2
    endloop
  endfacet
  facet normal 0 0 1
    outer loop
      vertex 6.10104 6.10104 2
      vertex 6.10104 4.89896 2
      vertex 6.17435 4.98255 2
    endloop
  endfacet
  facet normal 0 0 1
    outer loop
      vertex 6.01745 6.17435 2
      vertex 6.10104 4.89896 2
      vertex 6.10104 6.10104 2
    endloop
  endfacet
  facet normal 0 0 1
    outer loop
      vertex 6.01745 6.17435 2
      vertex 6.01745 4.82565 2
      vertex 6.10104 4.89896 2
    endloop
  endfacet
  facet normal 0 0 1
    outer loop
      vertex 5.925 6.23612 2
      vertex 6.01745 4.82565 2
      vertex 6.01745 6.17435 2
    endloop
  endfacet
  facet normal 0 0 1
    outer loop
      vertex 5.925 6.23612 2
      vertex 5.925 4.76388 2
      vertex 6.01745 4.82565 2
    endloop
  endfacet
  facet normal 0 0 1
    outer loop
      vertex 5.82528 6.2853 2
      vertex 5.925 4.76388 2
      vertex 5.925 6.23612 2
    endloop
  endfacet
  facet normal 0 0 1
    outer loop
      vertex 5.82528 6.2853 2
      vertex 5.82528 4.7147 2
      vertex 5.925 4.76388 2
    endloop
  endfacet
  facet normal 0 0 1
    outer loop
      vertex 5.72 6.32104 2
      vertex 5.82528 4.7147 2
      vertex 5.82528 6.2853 2
    endloop
  endfacet
  facet normal 0 0 1
    outer loop
      vertex 5.72 6.32104 2
      vertex 5.72 4.67896 2
      vertex 5.82528 4.7147 2
    endloop
  endfacet
  facet normal 0 0 1
    outer loop
      vertex 5.61095 6.34273 2
      vertex 5.72 4.67896 2
      vertex 5.72 6.32104 2
    endloop
  endfacet
  facet normal 0 0 1
    outer loop
      vertex 5.61095 6.34273 2
      vertex 5.61095 4.65727 2
      vertex 5.72 4.67896 2
    endloop
  endfacet
  facet normal 0 0 1
    outer loop
      vertex 5.5 6.35 2
      vertex 5.61095 4.65727 2
      vertex 5.61095 6.34273 2
    endloop
  endfacet
  facet normal 0 0 1
    outer loop
      vertex 5.5 6.35 2
      vertex 5.5 4.65 2
      vertex 5.61095 4.65727 2
    endloop
  endfacet
  facet normal -0 0 1
    outer loop
      vertex 5.38905 6.34273 2
      vertex 5.5 4.65 2
      vertex 5.5 6.35 2
    endloop
  endfacet
  facet normal 0 0 1
    outer loop
      vertex 5.38905 6.34273 2
      vertex 5.38905 4.65727 2
      vertex 5.5 4.65 2
    endloop
  endfacet
  facet normal -0 0 1
    outer loop
      vertex 5.28 6.32104 2
      vertex 5.38905 4.65727 2
      vertex 5.38905 6.34273 2
    endloop
  endfacet
  facet normal 0 0 1
    outer loop
      vertex 5.28 6.32104 2
      vertex 5.28 4.67896 2
      vertex 5.38905 4.65727 2
    endloop
  endfacet
  facet normal -0 0 1
    outer loop
      vertex 5.17472 6.2853 2
      vertex 5.28 4.67896 2
      vertex 5.28 6.32104 2
    endloop
  endfacet
  facet normal 0 0 1
    outer loop
      vertex 5.17472 6.2853 2
      vertex 5.17472 4.7147 2
      vertex 5.28 4.67896 2
    endloop
  endfacet
  facet normal -0 0 1
    outer loop
      vertex 5.075 6.23612 2
      vertex 5.17472 4.7147 2
      vertex 5.17472 6.2853 2
    endloop
  endfacet
  facet normal 0 0 1
    outer loop
      vertex 5.075 6.23612 2
      vertex 5.075 4.76388 2
      vertex 5.17472 4.7147 2
    endloop
  endfacet
  facet normal -0 0 1
    outer loop
      vertex 4.98255 6.17435 2
      vertex 5.075 4.76388 2
      vertex 5.075 6.23612 2
    endloop
  endfacet
  facet normal 0 0 1
    outer loop
      vertex 4.98255 6.17435 2
      vertex 4.98255 4.82565 2
      vertex 5.075 4.76388 2
    endloop
  endfacet
  facet normal -0 0 1
    outer loop
      vertex 4.89896 6.10104 2
      vertex 4.98255 4.82565 2
      vertex 4.98255 6.17435 2
    endloop
  endfacet
  facet normal 0 0 1
    outer loop
      vertex 4.89896 6.10104 2
      vertex 4.89896 4.89896 2
      vertex 4.98255 4.82565 2
    endloop
  endfacet
  facet normal -0 0 1
    outer loop
      vertex 4.82565 6.01745 2
      vertex 4.89896 4.89896 2
      vertex 4.89896 6.10104 2
    endloop
  endfacet
  facet normal 0 0 1
    outer loop
      vertex 4.82565 6.01745 2
      vertex 4.82565 4.98255 2
      vertex 4.89896 4.89896 2
    endloop
  endfacet
  facet normal -0 0 1
    outer loop
      vertex 4.76388 5.925 2
      vertex 4.82565 4.98255 2
      vertex 4.82565 6.01745 2
    endloop
  endfacet
  facet normal 0 0 1
    outer loop
      vertex 4.76388 5.925 2
      vertex 4.76388 5.075 2
      vertex 4.82565 4.98255 2
    endloop
  endfacet
  facet normal -0 0 1
    outer loop
      vertex 4.7147 5.82528 2
      vertex 4.76388 5.075 2
      vertex 4.76388 5.925 2
    endloop
  endfacet
  facet normal 0 0 1
    outer loop
      vertex 4.7147 5.82528 2
      vertex 4.7147 5.17472 2
      vertex 4.76388 5.075 2
    endloop
  endfacet
  facet normal -0 0 1
    outer loop
      vertex 4.67896 5.72 2
      vertex 4.7147 5.17472 2
      vertex 4.7147 5.82528 2
    endloop
  endfacet
  facet normal 0 0 1
    outer loop
      vertex 4.67896 5.72 2
      vertex 4.67896 5.28 2
      vertex 4.7147 5.17472 2
    endloop
  endfacet
  facet normal -0 0 1
    outer loop
      vertex 4.65727 5.61095 2
      vertex 4.67896 5.28 2
      vertex 4.67896 5.72 2
    endloop
  endfacet
  facet normal 0 0 1
    outer loop
      vertex 4.65727 5.61095 2
      vertex 4.65727 5.38905 2
      vertex 4.67896 5.28 2
    endloop
  endfacet
  facet normal 0 -0 1
    outer loop
      vertex 4.65727 5.38905 2
      vertex 4.65727 5.61095 2
      vertex 4.65 5.5 2
    endloop
  endfacet
  facet normal -0.321458 -0.946924 0
    outer loop
      vertex 5.72 6.32104 2
      vertex 5.82528 6.2853 21.6
      vertex 5.72 6.32104 21.6
    endloop
  endfacet
  facet normal -0.321458 -0.946924 -0
    outer loop
      vertex 5.82528 6.2853 21.6
      vertex 5.72 6.32104 2
      vertex 5.82528 6.2853 2
    endloop
  endfacet
  facet normal 0.659364 -0.751824 0
    outer loop
      vertex 4.89896 6.10104 2
      vertex 4.98255 6.17435 21.6
      vertex 4.89896 6.10104 21.6
    endloop
  endfacet
  facet normal 0.659364 -0.751824 0
    outer loop
      vertex 4.98255 6.17435 21.6
      vertex 4.89896 6.10104 2
      vertex 4.98255 6.17435 2
    endloop
  endfacet
  facet normal -0.555551 0.831483 0
    outer loop
      vertex 6.01745 4.82565 2
      vertex 5.925 4.76388 21.6
      vertex 6.01745 4.82565 21.6
    endloop
  endfacet
  facet normal -0.555551 0.831483 0
    outer loop
      vertex 5.925 4.76388 21.6
      vertex 6.01745 4.82565 2
      vertex 5.925 4.76388 2
    endloop
  endfacet
  facet normal 0.195078 -0.980788 0
    outer loop
      vertex 5.28 6.32104 2
      vertex 5.38905 6.34273 21.6
      vertex 5.28 6.32104 21.6
    endloop
  endfacet
  facet normal 0.195078 -0.980788 0
    outer loop
      vertex 5.38905 6.34273 21.6
      vertex 5.28 6.32104 2
      vertex 5.38905 6.34273 2
    endloop
  endfacet
  facet normal 0.99786 0.0653848 0
    outer loop
      vertex 4.65727 5.38905 21.6
      vertex 4.65 5.5 2
      vertex 4.65 5.5 21.6
    endloop
  endfacet
  facet normal 0.99786 0.0653848 0
    outer loop
      vertex 4.65 5.5 2
      vertex 4.65727 5.38905 21.6
      vertex 4.65727 5.38905 2
    endloop
  endfacet
  facet normal 0.89686 0.442314 0
    outer loop
      vertex 4.76388 5.075 21.6
      vertex 4.7147 5.17472 2
      vertex 4.7147 5.17472 21.6
    endloop
  endfacet
  facet normal 0.89686 0.442314 0
    outer loop
      vertex 4.7147 5.17472 2
      vertex 4.76388 5.075 21.6
      vertex 4.76388 5.075 2
    endloop
  endfacet
  facet normal -0.0653848 -0.99786 0
    outer loop
      vertex 5.5 6.35 2
      vertex 5.61095 6.34273 21.6
      vertex 5.5 6.35 21.6
    endloop
  endfacet
  facet normal -0.0653848 -0.99786 -0
    outer loop
      vertex 5.61095 6.34273 21.6
      vertex 5.5 6.35 2
      vertex 5.61095 6.34273 2
    endloop
  endfacet
  facet normal 0.321458 0.946924 -0
    outer loop
      vertex 5.28 4.67896 2
      vertex 5.17472 4.7147 21.6
      vertex 5.28 4.67896 21.6
    endloop
  endfacet
  facet normal 0.321458 0.946924 0
    outer loop
      vertex 5.17472 4.7147 21.6
      vertex 5.28 4.67896 2
      vertex 5.17472 4.7147 2
    endloop
  endfacet
  facet normal -0.195078 0.980788 0
    outer loop
      vertex 5.72 4.67896 2
      vertex 5.61095 4.65727 21.6
      vertex 5.72 4.67896 21.6
    endloop
  endfacet
  facet normal -0.195078 0.980788 0
    outer loop
      vertex 5.61095 4.65727 21.6
      vertex 5.72 4.67896 2
      vertex 5.61095 4.65727 2
    endloop
  endfacet
  facet normal 0.442314 -0.89686 0
    outer loop
      vertex 5.075 6.23612 2
      vertex 5.17472 6.2853 21.6
      vertex 5.075 6.23612 21.6
    endloop
  endfacet
  facet normal 0.442314 -0.89686 0
    outer loop
      vertex 5.17472 6.2853 21.6
      vertex 5.075 6.23612 2
      vertex 5.17472 6.2853 2
    endloop
  endfacet
  facet normal -0.442314 -0.89686 0
    outer loop
      vertex 5.82528 6.2853 2
      vertex 5.925 6.23612 21.6
      vertex 5.82528 6.2853 21.6
    endloop
  endfacet
  facet normal -0.442314 -0.89686 -0
    outer loop
      vertex 5.925 6.23612 21.6
      vertex 5.82528 6.2853 2
      vertex 5.925 6.23612 2
    endloop
  endfacet
  facet normal -0.442314 0.89686 0
    outer loop
      vertex 5.925 4.76388 2
      vertex 5.82528 4.7147 21.6
      vertex 5.925 4.76388 21.6
    endloop
  endfacet
  facet normal -0.442314 0.89686 0
    outer loop
      vertex 5.82528 4.7147 21.6
      vertex 5.925 4.76388 2
      vertex 5.82528 4.7147 2
    endloop
  endfacet
  facet normal 0.980788 0.195078 0
    outer loop
      vertex 4.67896 5.28 21.6
      vertex 4.65727 5.38905 2
      vertex 4.65727 5.38905 21.6
    endloop
  endfacet
  facet normal 0.980788 0.195078 0
    outer loop
      vertex 4.65727 5.38905 2
      vertex 4.67896 5.28 21.6
      vertex 4.67896 5.28 2
    endloop
  endfacet
  facet normal -0.99786 0.0653848 0
    outer loop
      vertex 6.34273 5.38905 2
      vertex 6.35 5.5 21.6
      vertex 6.35 5.5 2
    endloop
  endfacet
  facet normal -0.99786 0.0653848 0
    outer loop
      vertex 6.35 5.5 21.6
      vertex 6.34273 5.38905 2
      vertex 6.34273 5.38905 21.6
    endloop
  endfacet
  facet normal 0.555551 0.831483 -0
    outer loop
      vertex 5.075 4.76388 2
      vertex 4.98255 4.82565 21.6
      vertex 5.075 4.76388 21.6
    endloop
  endfacet
  facet normal 0.555551 0.831483 0
    outer loop
      vertex 4.98255 4.82565 21.6
      vertex 5.075 4.76388 2
      vertex 4.98255 4.82565 2
    endloop
  endfacet
  facet normal -0.751824 0.659364 0
    outer loop
      vertex 6.10104 4.89896 2
      vertex 6.17435 4.98255 21.6
      vertex 6.17435 4.98255 2
    endloop
  endfacet
  facet normal -0.751824 0.659364 0
    outer loop
      vertex 6.17435 4.98255 21.6
      vertex 6.10104 4.89896 2
      vertex 6.10104 4.89896 21.6
    endloop
  endfacet
  facet normal -0.831483 0.555551 0
    outer loop
      vertex 6.17435 4.98255 2
      vertex 6.23612 5.075 21.6
      vertex 6.23612 5.075 2
    endloop
  endfacet
  facet normal -0.831483 0.555551 0
    outer loop
      vertex 6.23612 5.075 21.6
      vertex 6.17435 4.98255 2
      vertex 6.17435 4.98255 21.6
    endloop
  endfacet
  facet normal 0.751824 0.659364 0
    outer loop
      vertex 4.89896 4.89896 21.6
      vertex 4.82565 4.98255 2
      vertex 4.82565 4.98255 21.6
    endloop
  endfacet
  facet normal 0.751824 0.659364 0
    outer loop
      vertex 4.82565 4.98255 2
      vertex 4.89896 4.89896 21.6
      vertex 4.89896 4.89896 2
    endloop
  endfacet
  facet normal 0.751824 -0.659364 0
    outer loop
      vertex 4.82565 6.01745 21.6
      vertex 4.89896 6.10104 2
      vertex 4.89896 6.10104 21.6
    endloop
  endfacet
  facet normal 0.751824 -0.659364 0
    outer loop
      vertex 4.89896 6.10104 2
      vertex 4.82565 6.01745 21.6
      vertex 4.82565 6.01745 2
    endloop
  endfacet
  facet normal 0.831483 -0.555551 0
    outer loop
      vertex 4.76388 5.925 21.6
      vertex 4.82565 6.01745 2
      vertex 4.82565 6.01745 21.6
    endloop
  endfacet
  facet normal 0.831483 -0.555551 0
    outer loop
      vertex 4.82565 6.01745 2
      vertex 4.76388 5.925 21.6
      vertex 4.76388 5.925 2
    endloop
  endfacet
  facet normal 0.659364 0.751824 -0
    outer loop
      vertex 4.98255 4.82565 2
      vertex 4.89896 4.89896 21.6
      vertex 4.98255 4.82565 21.6
    endloop
  endfacet
  facet normal 0.659364 0.751824 0
    outer loop
      vertex 4.89896 4.89896 21.6
      vertex 4.98255 4.82565 2
      vertex 4.89896 4.89896 2
    endloop
  endfacet
  facet normal -0.946924 0.321458 0
    outer loop
      vertex 6.2853 5.17472 2
      vertex 6.32104 5.28 21.6
      vertex 6.32104 5.28 2
    endloop
  endfacet
  facet normal -0.946924 0.321458 0
    outer loop
      vertex 6.32104 5.28 21.6
      vertex 6.2853 5.17472 2
      vertex 6.2853 5.17472 21.6
    endloop
  endfacet
  facet normal 0.831483 0.555551 0
    outer loop
      vertex 4.82565 4.98255 21.6
      vertex 4.76388 5.075 2
      vertex 4.76388 5.075 21.6
    endloop
  endfacet
  facet normal 0.831483 0.555551 0
    outer loop
      vertex 4.76388 5.075 2
      vertex 4.82565 4.98255 21.6
      vertex 4.82565 4.98255 2
    endloop
  endfacet
  facet normal -0.89686 0.442314 0
    outer loop
      vertex 6.23612 5.075 2
      vertex 6.2853 5.17472 21.6
      vertex 6.2853 5.17472 2
    endloop
  endfacet
  facet normal -0.89686 0.442314 0
    outer loop
      vertex 6.2853 5.17472 21.6
      vertex 6.23612 5.075 2
      vertex 6.23612 5.075 21.6
    endloop
  endfacet
  facet normal 0.195078 0.980788 -0
    outer loop
      vertex 5.38905 4.65727 2
      vertex 5.28 4.67896 21.6
      vertex 5.38905 4.65727 21.6
    endloop
  endfacet
  facet normal 0.195078 0.980788 0
    outer loop
      vertex 5.28 4.67896 21.6
      vertex 5.38905 4.65727 2
      vertex 5.28 4.67896 2
    endloop
  endfacet
  facet normal -0.0653848 0.99786 0
    outer loop
      vertex 5.61095 4.65727 2
      vertex 5.5 4.65 21.6
      vertex 5.61095 4.65727 21.6
    endloop
  endfacet
  facet normal -0.0653848 0.99786 0
    outer loop
      vertex 5.5 4.65 21.6
      vertex 5.61095 4.65727 2
      vertex 5.5 4.65 2
    endloop
  endfacet
  facet normal 0.442314 0.89686 -0
    outer loop
      vertex 5.17472 4.7147 2
      vertex 5.075 4.76388 21.6
      vertex 5.17472 4.7147 21.6
    endloop
  endfacet
  facet normal 0.442314 0.89686 0
    outer loop
      vertex 5.075 4.76388 21.6
      vertex 5.17472 4.7147 2
      vertex 5.075 4.76388 2
    endloop
  endfacet
  facet normal -0.195078 -0.980788 0
    outer loop
      vertex 5.61095 6.34273 2
      vertex 5.72 6.32104 21.6
      vertex 5.61095 6.34273 21.6
    endloop
  endfacet
  facet normal -0.195078 -0.980788 -0
    outer loop
      vertex 5.72 6.32104 21.6
      vertex 5.61095 6.34273 2
      vertex 5.72 6.32104 2
    endloop
  endfacet
  facet normal -0.659364 0.751824 0
    outer loop
      vertex 6.10104 4.89896 2
      vertex 6.01745 4.82565 21.6
      vertex 6.10104 4.89896 21.6
    endloop
  endfacet
  facet normal -0.659364 0.751824 0
    outer loop
      vertex 6.01745 4.82565 21.6
      vertex 6.10104 4.89896 2
      vertex 6.01745 4.82565 2
    endloop
  endfacet
  facet normal -0.555551 -0.831483 0
    outer loop
      vertex 5.925 6.23612 2
      vertex 6.01745 6.17435 21.6
      vertex 5.925 6.23612 21.6
    endloop
  endfacet
  facet normal -0.555551 -0.831483 -0
    outer loop
      vertex 6.01745 6.17435 21.6
      vertex 5.925 6.23612 2
      vertex 6.01745 6.17435 2
    endloop
  endfacet
  facet normal 0.321458 -0.946924 0
    outer loop
      vertex 5.17472 6.2853 2
      vertex 5.28 6.32104 21.6
      vertex 5.17472 6.2853 21.6
    endloop
  endfacet
  facet normal 0.321458 -0.946924 0
    outer loop
      vertex 5.28 6.32104 21.6
      vertex 5.17472 6.2853 2
      vertex 5.28 6.32104 2
    endloop
  endfacet
  facet normal 0.0653848 0.99786 -0
    outer loop
      vertex 5.5 4.65 2
      vertex 5.38905 4.65727 21.6
      vertex 5.5 4.65 21.6
    endloop
  endfacet
  facet normal 0.0653848 0.99786 0
    outer loop
      vertex 5.38905 4.65727 21.6
      vertex 5.5 4.65 2
      vertex 5.38905 4.65727 2
    endloop
  endfacet
  facet normal 0.89686 -0.442314 0
    outer loop
      vertex 4.7147 5.82528 21.6
      vertex 4.76388 5.925 2
      vertex 4.76388 5.925 21.6
    endloop
  endfacet
  facet normal 0.89686 -0.442314 0
    outer loop
      vertex 4.76388 5.925 2
      vertex 4.7147 5.82528 21.6
      vertex 4.7147 5.82528 2
    endloop
  endfacet
  facet normal 0.980788 -0.195078 0
    outer loop
      vertex 4.65727 5.61095 21.6
      vertex 4.67896 5.72 2
      vertex 4.67896 5.72 21.6
    endloop
  endfacet
  facet normal 0.980788 -0.195078 0
    outer loop
      vertex 4.67896 5.72 2
      vertex 4.65727 5.61095 21.6
      vertex 4.65727 5.61095 2
    endloop
  endfacet
  facet normal -0.751824 -0.659364 0
    outer loop
      vertex 6.17435 6.01745 2
      vertex 6.10104 6.10104 21.6
      vertex 6.10104 6.10104 2
    endloop
  endfacet
  facet normal -0.751824 -0.659364 0
    outer loop
      vertex 6.10104 6.10104 21.6
      vertex 6.17435 6.01745 2
      vertex 6.17435 6.01745 21.6
    endloop
  endfacet
  facet normal -0.659364 -0.751824 0
    outer loop
      vertex 6.01745 6.17435 2
      vertex 6.10104 6.10104 21.6
      vertex 6.01745 6.17435 21.6
    endloop
  endfacet
  facet normal -0.659364 -0.751824 -0
    outer loop
      vertex 6.10104 6.10104 21.6
      vertex 6.01745 6.17435 2
      vertex 6.10104 6.10104 2
    endloop
  endfacet
  facet normal 0.0653848 -0.99786 0
    outer loop
      vertex 5.38905 6.34273 2
      vertex 5.5 6.35 21.6
      vertex 5.38905 6.34273 21.6
    endloop
  endfacet
  facet normal 0.0653848 -0.99786 0
    outer loop
      vertex 5.5 6.35 21.6
      vertex 5.38905 6.34273 2
      vertex 5.5 6.35 2
    endloop
  endfacet
  facet normal 0.946924 -0.321458 0
    outer loop
      vertex 4.67896 5.72 21.6
      vertex 4.7147 5.82528 2
      vertex 4.7147 5.82528 21.6
    endloop
  endfacet
  facet normal 0.946924 -0.321458 0
    outer loop
      vertex 4.7147 5.82528 2
      vertex 4.67896 5.72 21.6
      vertex 4.67896 5.72 2
    endloop
  endfacet
  facet normal 0.99786 -0.0653848 0
    outer loop
      vertex 4.65 5.5 21.6
      vertex 4.65727 5.61095 2
      vertex 4.65727 5.61095 21.6
    endloop
  endfacet
  facet normal 0.99786 -0.0653848 0
    outer loop
      vertex 4.65727 5.61095 2
      vertex 4.65 5.5 21.6
      vertex 4.65 5.5 2
    endloop
  endfacet
  facet normal -0.980805 -0.194992 0
    outer loop
      vertex 6.34273 36.6109 2
      vertex 6.32104 36.72 21.6
      vertex 6.32104 36.72 2
    endloop
  endfacet
  facet normal -0.980805 -0.194992 0
    outer loop
      vertex 6.32104 36.72 21.6
      vertex 6.34273 36.6109 2
      vertex 6.34273 36.6109 21.6
    endloop
  endfacet
  facet normal -0.997858 -0.0654141 0
    outer loop
      vertex 6.35 36.5 2
      vertex 6.34273 36.6109 21.6
      vertex 6.34273 36.6109 2
    endloop
  endfacet
  facet normal -0.997858 -0.0654141 0
    outer loop
      vertex 6.34273 36.6109 21.6
      vertex 6.35 36.5 2
      vertex 6.35 36.5 21.6
    endloop
  endfacet
  facet normal -0.946943 -0.321403 0
    outer loop
      vertex 6.32104 36.72 2
      vertex 6.2853 36.8253 21.6
      vertex 6.2853 36.8253 2
    endloop
  endfacet
  facet normal -0.946943 -0.321403 0
    outer loop
      vertex 6.2853 36.8253 21.6
      vertex 6.32104 36.72 2
      vertex 6.32104 36.72 21.6
    endloop
  endfacet
  facet normal -0.831344 -0.555759 0
    outer loop
      vertex 6.23612 36.925 2
      vertex 6.17435 37.0174 21.6
      vertex 6.17435 37.0174 2
    endloop
  endfacet
  facet normal -0.831344 -0.555759 0
    outer loop
      vertex 6.17435 37.0174 21.6
      vertex 6.23612 36.925 2
      vertex 6.23612 36.925 21.6
    endloop
  endfacet
  facet normal 0.946943 0.321403 0
    outer loop
      vertex 4.7147 36.1747 21.6
      vertex 4.67896 36.28 2
      vertex 4.67896 36.28 21.6
    endloop
  endfacet
  facet normal 0.946943 0.321403 0
    outer loop
      vertex 4.67896 36.28 2
      vertex 4.7147 36.1747 21.6
      vertex 4.7147 36.1747 2
    endloop
  endfacet
  facet normal -0.321135 0.947033 0
    outer loop
      vertex 5.82528 35.7147 2
      vertex 5.72 35.679 21.6
      vertex 5.82528 35.7147 21.6
    endloop
  endfacet
  facet normal -0.321135 0.947033 0
    outer loop
      vertex 5.72 35.679 21.6
      vertex 5.82528 35.7147 2
      vertex 5.72 35.679 2
    endloop
  endfacet
  facet normal -0.896825 -0.442386 0
    outer loop
      vertex 6.2853 36.8253 2
      vertex 6.23612 36.925 21.6
      vertex 6.23612 36.925 2
    endloop
  endfacet
  facet normal -0.896825 -0.442386 0
    outer loop
      vertex 6.23612 36.925 21.6
      vertex 6.2853 36.8253 2
      vertex 6.2853 36.8253 21.6
    endloop
  endfacet
  facet normal 0.555115 -0.831773 0
    outer loop
      vertex 4.98255 37.1744 2
      vertex 5.075 37.2361 21.6
      vertex 4.98255 37.1744 21.6
    endloop
  endfacet
  facet normal 0.555115 -0.831773 0
    outer loop
      vertex 5.075 37.2361 21.6
      vertex 4.98255 37.1744 2
      vertex 5.075 37.2361 2
    endloop
  endfacet
  facet normal -0.980805 0.194992 0
    outer loop
      vertex 6.32104 36.28 2
      vertex 6.34273 36.3891 21.6
      vertex 6.34273 36.3891 2
    endloop
  endfacet
  facet normal -0.980805 0.194992 0
    outer loop
      vertex 6.34273 36.3891 21.6
      vertex 6.32104 36.28 2
      vertex 6.32104 36.28 21.6
    endloop
  endfacet
  facet normal 0 0 1
    outer loop
      vertex 6.34273 36.6109 2
      vertex 6.34273 36.3891 2
      vertex 6.35 36.5 2
    endloop
  endfacet
  facet normal 0 0 1
    outer loop
      vertex 6.32104 36.72 2
      vertex 6.34273 36.3891 2
      vertex 6.34273 36.6109 2
    endloop
  endfacet
  facet normal 0 0 1
    outer loop
      vertex 6.32104 36.72 2
      vertex 6.32104 36.28 2
      vertex 6.34273 36.3891 2
    endloop
  endfacet
  facet normal 0 0 1
    outer loop
      vertex 6.2853 36.8253 2
      vertex 6.32104 36.28 2
      vertex 6.32104 36.72 2
    endloop
  endfacet
  facet normal 0 0 1
    outer loop
      vertex 6.2853 36.8253 2
      vertex 6.2853 36.1747 2
      vertex 6.32104 36.28 2
    endloop
  endfacet
  facet normal 0 0 1
    outer loop
      vertex 6.23612 36.925 2
      vertex 6.2853 36.1747 2
      vertex 6.2853 36.8253 2
    endloop
  endfacet
  facet normal 0 0 1
    outer loop
      vertex 6.23612 36.925 2
      vertex 6.23612 36.075 2
      vertex 6.2853 36.1747 2
    endloop
  endfacet
  facet normal 0 0 1
    outer loop
      vertex 6.17435 37.0174 2
      vertex 6.23612 36.075 2
      vertex 6.23612 36.925 2
    endloop
  endfacet
  facet normal 0 0 1
    outer loop
      vertex 6.17435 37.0174 2
      vertex 6.17435 35.9826 2
      vertex 6.23612 36.075 2
    endloop
  endfacet
  facet normal 0 0 1
    outer loop
      vertex 6.10104 37.101 2
      vertex 6.17435 35.9826 2
      vertex 6.17435 37.0174 2
    endloop
  endfacet
  facet normal 0 0 1
    outer loop
      vertex 6.10104 37.101 2
      vertex 6.10104 35.899 2
      vertex 6.17435 35.9826 2
    endloop
  endfacet
  facet normal 0 0 1
    outer loop
      vertex 6.01745 37.1744 2
      vertex 6.10104 35.899 2
      vertex 6.10104 37.101 2
    endloop
  endfacet
  facet normal 0 0 1
    outer loop
      vertex 6.01745 37.1744 2
      vertex 6.01745 35.8256 2
      vertex 6.10104 35.899 2
    endloop
  endfacet
  facet normal 0 0 1
    outer loop
      vertex 5.925 37.2361 2
      vertex 6.01745 35.8256 2
      vertex 6.01745 37.1744 2
    endloop
  endfacet
  facet normal 0 0 1
    outer loop
      vertex 5.925 37.2361 2
      vertex 5.925 35.7639 2
      vertex 6.01745 35.8256 2
    endloop
  endfacet
  facet normal 0 0 1
    outer loop
      vertex 5.82528 37.2853 2
      vertex 5.925 35.7639 2
      vertex 5.925 37.2361 2
    endloop
  endfacet
  facet normal 0 0 1
    outer loop
      vertex 5.82528 37.2853 2
      vertex 5.82528 35.7147 2
      vertex 5.925 35.7639 2
    endloop
  endfacet
  facet normal 0 0 1
    outer loop
      vertex 5.72 37.321 2
      vertex 5.82528 35.7147 2
      vertex 5.82528 37.2853 2
    endloop
  endfacet
  facet normal 0 0 1
    outer loop
      vertex 5.72 37.321 2
      vertex 5.72 35.679 2
      vertex 5.82528 35.7147 2
    endloop
  endfacet
  facet normal 0 0 1
    outer loop
      vertex 5.61095 37.3427 2
      vertex 5.72 35.679 2
      vertex 5.72 37.321 2
    endloop
  endfacet
  facet normal 0 0 1
    outer loop
      vertex 5.61095 37.3427 2
      vertex 5.61095 35.6573 2
      vertex 5.72 35.679 2
    endloop
  endfacet
  facet normal 0 0 1
    outer loop
      vertex 5.5 37.35 2
      vertex 5.61095 35.6573 2
      vertex 5.61095 37.3427 2
    endloop
  endfacet
  facet normal 0 0 1
    outer loop
      vertex 5.5 37.35 2
      vertex 5.5 35.65 2
      vertex 5.61095 35.6573 2
    endloop
  endfacet
  facet normal -0 0 1
    outer loop
      vertex 5.38905 37.3427 2
      vertex 5.5 35.65 2
      vertex 5.5 37.35 2
    endloop
  endfacet
  facet normal 0 0 1
    outer loop
      vertex 5.38905 37.3427 2
      vertex 5.38905 35.6573 2
      vertex 5.5 35.65 2
    endloop
  endfacet
  facet normal -0 0 1
    outer loop
      vertex 5.28 37.321 2
      vertex 5.38905 35.6573 2
      vertex 5.38905 37.3427 2
    endloop
  endfacet
  facet normal 0 0 1
    outer loop
      vertex 5.28 37.321 2
      vertex 5.28 35.679 2
      vertex 5.38905 35.6573 2
    endloop
  endfacet
  facet normal -0 0 1
    outer loop
      vertex 5.17472 37.2853 2
      vertex 5.28 35.679 2
      vertex 5.28 37.321 2
    endloop
  endfacet
  facet normal 0 0 1
    outer loop
      vertex 5.17472 37.2853 2
      vertex 5.17472 35.7147 2
      vertex 5.28 35.679 2
    endloop
  endfacet
  facet normal -0 0 1
    outer loop
      vertex 5.075 37.2361 2
      vertex 5.17472 35.7147 2
      vertex 5.17472 37.2853 2
    endloop
  endfacet
  facet normal 0 0 1
    outer loop
      vertex 5.075 37.2361 2
      vertex 5.075 35.7639 2
      vertex 5.17472 35.7147 2
    endloop
  endfacet
  facet normal -0 0 1
    outer loop
      vertex 4.98255 37.1744 2
      vertex 5.075 35.7639 2
      vertex 5.075 37.2361 2
    endloop
  endfacet
  facet normal 0 0 1
    outer loop
      vertex 4.98255 37.1744 2
      vertex 4.98255 35.8256 2
      vertex 5.075 35.7639 2
    endloop
  endfacet
  facet normal -0 0 1
    outer loop
      vertex 4.89896 37.101 2
      vertex 4.98255 35.8256 2
      vertex 4.98255 37.1744 2
    endloop
  endfacet
  facet normal 0 0 1
    outer loop
      vertex 4.89896 37.101 2
      vertex 4.89896 35.899 2
      vertex 4.98255 35.8256 2
    endloop
  endfacet
  facet normal -0 0 1
    outer loop
      vertex 4.82565 37.0174 2
      vertex 4.89896 35.899 2
      vertex 4.89896 37.101 2
    endloop
  endfacet
  facet normal 0 0 1
    outer loop
      vertex 4.82565 37.0174 2
      vertex 4.82565 35.9826 2
      vertex 4.89896 35.899 2
    endloop
  endfacet
  facet normal -0 0 1
    outer loop
      vertex 4.76388 36.925 2
      vertex 4.82565 35.9826 2
      vertex 4.82565 37.0174 2
    endloop
  endfacet
  facet normal 0 0 1
    outer loop
      vertex 4.76388 36.925 2
      vertex 4.76388 36.075 2
      vertex 4.82565 35.9826 2
    endloop
  endfacet
  facet normal -0 0 1
    outer loop
      vertex 4.7147 36.8253 2
      vertex 4.76388 36.075 2
      vertex 4.76388 36.925 2
    endloop
  endfacet
  facet normal 0 0 1
    outer loop
      vertex 4.7147 36.8253 2
      vertex 4.7147 36.1747 2
      vertex 4.76388 36.075 2
    endloop
  endfacet
  facet normal -0 0 1
    outer loop
      vertex 4.67896 36.72 2
      vertex 4.7147 36.1747 2
      vertex 4.7147 36.8253 2
    endloop
  endfacet
  facet normal 0 0 1
    outer loop
      vertex 4.67896 36.72 2
      vertex 4.67896 36.28 2
      vertex 4.7147 36.1747 2
    endloop
  endfacet
  facet normal -0 0 1
    outer loop
      vertex 4.65727 36.6109 2
      vertex 4.67896 36.28 2
      vertex 4.67896 36.72 2
    endloop
  endfacet
  facet normal 0 0 1
    outer loop
      vertex 4.65727 36.6109 2
      vertex 4.65727 36.3891 2
      vertex 4.67896 36.28 2
    endloop
  endfacet
  facet normal 0 -0 1
    outer loop
      vertex 4.65727 36.3891 2
      vertex 4.65727 36.6109 2
      vertex 4.65 36.5 2
    endloop
  endfacet
  facet normal -0.321135 -0.947033 0
    outer loop
      vertex 5.72 37.321 2
      vertex 5.82528 37.2853 21.6
      vertex 5.72 37.321 21.6
    endloop
  endfacet
  facet normal -0.321135 -0.947033 -0
    outer loop
      vertex 5.82528 37.2853 21.6
      vertex 5.72 37.321 2
      vertex 5.82528 37.2853 2
    endloop
  endfacet
  facet normal 0.659821 -0.751423 0
    outer loop
      vertex 4.89896 37.101 2
      vertex 4.98255 37.1744 21.6
      vertex 4.89896 37.101 21.6
    endloop
  endfacet
  facet normal 0.659821 -0.751423 0
    outer loop
      vertex 4.98255 37.1744 21.6
      vertex 4.89896 37.101 2
      vertex 4.98255 37.1744 2
    endloop
  endfacet
  facet normal -0.555115 0.831773 0
    outer loop
      vertex 6.01745 35.8256 2
      vertex 5.925 35.7639 21.6
      vertex 6.01745 35.8256 21.6
    endloop
  endfacet
  facet normal -0.555115 0.831773 0
    outer loop
      vertex 5.925 35.7639 21.6
      vertex 6.01745 35.8256 2
      vertex 5.925 35.7639 2
    endloop
  endfacet
  facet normal 0.195165 -0.98077 0
    outer loop
      vertex 5.28 37.321 2
      vertex 5.38905 37.3427 21.6
      vertex 5.28 37.321 21.6
    endloop
  endfacet
  facet normal 0.195165 -0.98077 0
    outer loop
      vertex 5.38905 37.3427 21.6
      vertex 5.28 37.321 2
      vertex 5.38905 37.3427 2
    endloop
  endfacet
  facet normal 0.997858 0.0654141 0
    outer loop
      vertex 4.65727 36.3891 21.6
      vertex 4.65 36.5 2
      vertex 4.65 36.5 21.6
    endloop
  endfacet
  facet normal 0.997858 0.0654141 0
    outer loop
      vertex 4.65 36.5 2
      vertex 4.65727 36.3891 21.6
      vertex 4.65727 36.3891 2
    endloop
  endfacet
  facet normal 0.896825 0.442386 0
    outer loop
      vertex 4.76388 36.075 21.6
      vertex 4.7147 36.1747 2
      vertex 4.7147 36.1747 21.6
    endloop
  endfacet
  facet normal 0.896825 0.442386 0
    outer loop
      vertex 4.7147 36.1747 2
      vertex 4.76388 36.075 21.6
      vertex 4.76388 36.075 2
    endloop
  endfacet
  facet normal -0.0656534 -0.997842 0
    outer loop
      vertex 5.5 37.35 2
      vertex 5.61095 37.3427 21.6
      vertex 5.5 37.35 21.6
    endloop
  endfacet
  facet normal -0.0656534 -0.997842 -0
    outer loop
      vertex 5.61095 37.3427 21.6
      vertex 5.5 37.35 2
      vertex 5.61095 37.3427 2
    endloop
  endfacet
  facet normal 0.321135 0.947033 -0
    outer loop
      vertex 5.28 35.679 2
      vertex 5.17472 35.7147 21.6
      vertex 5.28 35.679 21.6
    endloop
  endfacet
  facet normal 0.321135 0.947033 0
    outer loop
      vertex 5.17472 35.7147 21.6
      vertex 5.28 35.679 2
      vertex 5.17472 35.7147 2
    endloop
  endfacet
  facet normal -0.195165 0.98077 0
    outer loop
      vertex 5.72 35.679 2
      vertex 5.61095 35.6573 21.6
      vertex 5.72 35.679 21.6
    endloop
  endfacet
  facet normal -0.195165 0.98077 0
    outer loop
      vertex 5.61095 35.6573 21.6
      vertex 5.72 35.679 2
      vertex 5.61095 35.6573 2
    endloop
  endfacet
  facet normal 0.442459 -0.896789 0
    outer loop
      vertex 5.075 37.2361 2
      vertex 5.17472 37.2853 21.6
      vertex 5.075 37.2361 21.6
    endloop
  endfacet
  facet normal 0.442459 -0.896789 0
    outer loop
      vertex 5.17472 37.2853 21.6
      vertex 5.075 37.2361 2
      vertex 5.17472 37.2853 2
    endloop
  endfacet
  facet normal 0.0656534 -0.997842 0
    outer loop
      vertex 5.38905 37.3427 2
      vertex 5.5 37.35 21.6
      vertex 5.38905 37.3427 21.6
    endloop
  endfacet
  facet normal 0.0656534 -0.997842 0
    outer loop
      vertex 5.5 37.35 21.6
      vertex 5.38905 37.3427 2
      vertex 5.5 37.35 2
    endloop
  endfacet
  facet normal -0.442459 -0.896789 0
    outer loop
      vertex 5.82528 37.2853 2
      vertex 5.925 37.2361 21.6
      vertex 5.82528 37.2853 21.6
    endloop
  endfacet
  facet normal -0.442459 -0.896789 -0
    outer loop
      vertex 5.925 37.2361 21.6
      vertex 5.82528 37.2853 2
      vertex 5.925 37.2361 2
    endloop
  endfacet
  facet normal -0.442459 0.896789 0
    outer loop
      vertex 5.925 35.7639 2
      vertex 5.82528 35.7147 21.6
      vertex 5.925 35.7639 21.6
    endloop
  endfacet
  facet normal -0.442459 0.896789 0
    outer loop
      vertex 5.82528 35.7147 21.6
      vertex 5.925 35.7639 2
      vertex 5.82528 35.7147 2
    endloop
  endfacet
  facet normal 0.980805 0.194992 0
    outer loop
      vertex 4.67896 36.28 21.6
      vertex 4.65727 36.3891 2
      vertex 4.65727 36.3891 21.6
    endloop
  endfacet
  facet normal 0.980805 0.194992 0
    outer loop
      vertex 4.65727 36.3891 2
      vertex 4.67896 36.28 21.6
      vertex 4.67896 36.28 2
    endloop
  endfacet
  facet normal -0.997858 0.0654141 0
    outer loop
      vertex 6.34273 36.3891 2
      vertex 6.35 36.5 21.6
      vertex 6.35 36.5 2
    endloop
  endfacet
  facet normal -0.997858 0.0654141 0
    outer loop
      vertex 6.35 36.5 21.6
      vertex 6.34273 36.3891 2
      vertex 6.34273 36.3891 21.6
    endloop
  endfacet
  facet normal 0.555115 0.831773 -0
    outer loop
      vertex 5.075 35.7639 2
      vertex 4.98255 35.8256 21.6
      vertex 5.075 35.7639 21.6
    endloop
  endfacet
  facet normal 0.555115 0.831773 0
    outer loop
      vertex 4.98255 35.8256 21.6
      vertex 5.075 35.7639 2
      vertex 4.98255 35.8256 2
    endloop
  endfacet
  facet normal -0.751863 0.659319 0
    outer loop
      vertex 6.10104 35.899 2
      vertex 6.17435 35.9826 21.6
      vertex 6.17435 35.9826 2
    endloop
  endfacet
  facet normal -0.751863 0.659319 0
    outer loop
      vertex 6.17435 35.9826 21.6
      vertex 6.10104 35.899 2
      vertex 6.10104 35.899 21.6
    endloop
  endfacet
  facet normal -0.831344 0.555759 0
    outer loop
      vertex 6.17435 35.9826 2
      vertex 6.23612 36.075 21.6
      vertex 6.23612 36.075 2
    endloop
  endfacet
  facet normal -0.831344 0.555759 0
    outer loop
      vertex 6.23612 36.075 21.6
      vertex 6.17435 35.9826 2
      vertex 6.17435 35.9826 21.6
    endloop
  endfacet
  facet normal 0.751863 0.659319 0
    outer loop
      vertex 4.89896 35.899 21.6
      vertex 4.82565 35.9826 2
      vertex 4.82565 35.9826 21.6
    endloop
  endfacet
  facet normal 0.751863 0.659319 0
    outer loop
      vertex 4.82565 35.9826 2
      vertex 4.89896 35.899 21.6
      vertex 4.89896 35.899 2
    endloop
  endfacet
  facet normal 0.751863 -0.659319 0
    outer loop
      vertex 4.82565 37.0174 21.6
      vertex 4.89896 37.101 2
      vertex 4.89896 37.101 21.6
    endloop
  endfacet
  facet normal 0.751863 -0.659319 0
    outer loop
      vertex 4.89896 37.101 2
      vertex 4.82565 37.0174 21.6
      vertex 4.82565 37.0174 2
    endloop
  endfacet
  facet normal 0.659821 0.751423 -0
    outer loop
      vertex 4.98255 35.8256 2
      vertex 4.89896 35.899 21.6
      vertex 4.98255 35.8256 21.6
    endloop
  endfacet
  facet normal 0.659821 0.751423 0
    outer loop
      vertex 4.89896 35.899 21.6
      vertex 4.98255 35.8256 2
      vertex 4.89896 35.899 2
    endloop
  endfacet
  facet normal -0.946943 0.321403 0
    outer loop
      vertex 6.2853 36.1747 2
      vertex 6.32104 36.28 21.6
      vertex 6.32104 36.28 2
    endloop
  endfacet
  facet normal -0.946943 0.321403 0
    outer loop
      vertex 6.32104 36.28 21.6
      vertex 6.2853 36.1747 2
      vertex 6.2853 36.1747 21.6
    endloop
  endfacet
  facet normal 0.831344 0.555759 0
    outer loop
      vertex 4.82565 35.9826 21.6
      vertex 4.76388 36.075 2
      vertex 4.76388 36.075 21.6
    endloop
  endfacet
  facet normal 0.831344 0.555759 0
    outer loop
      vertex 4.76388 36.075 2
      vertex 4.82565 35.9826 21.6
      vertex 4.82565 35.9826 2
    endloop
  endfacet
  facet normal -0.896825 0.442386 0
    outer loop
      vertex 6.23612 36.075 2
      vertex 6.2853 36.1747 21.6
      vertex 6.2853 36.1747 2
    endloop
  endfacet
  facet normal -0.896825 0.442386 0
    outer loop
      vertex 6.2853 36.1747 21.6
      vertex 6.23612 36.075 2
      vertex 6.23612 36.075 21.6
    endloop
  endfacet
  facet normal 0.195165 0.98077 -0
    outer loop
      vertex 5.38905 35.6573 2
      vertex 5.28 35.679 21.6
      vertex 5.38905 35.6573 21.6
    endloop
  endfacet
  facet normal 0.195165 0.98077 0
    outer loop
      vertex 5.28 35.679 21.6
      vertex 5.38905 35.6573 2
      vertex 5.28 35.679 2
    endloop
  endfacet
  facet normal -0.0656534 0.997842 0
    outer loop
      vertex 5.61095 35.6573 2
      vertex 5.5 35.65 21.6
      vertex 5.61095 35.6573 21.6
    endloop
  endfacet
  facet normal -0.0656534 0.997842 0
    outer loop
      vertex 5.5 35.65 21.6
      vertex 5.61095 35.6573 2
      vertex 5.5 35.65 2
    endloop
  endfacet
  facet normal 0.442459 0.896789 -0
    outer loop
      vertex 5.17472 35.7147 2
      vertex 5.075 35.7639 21.6
      vertex 5.17472 35.7147 21.6
    endloop
  endfacet
  facet normal 0.442459 0.896789 0
    outer loop
      vertex 5.075 35.7639 21.6
      vertex 5.17472 35.7147 2
      vertex 5.075 35.7639 2
    endloop
  endfacet
  facet normal -0.195165 -0.98077 0
    outer loop
      vertex 5.61095 37.3427 2
      vertex 5.72 37.321 21.6
      vertex 5.61095 37.3427 21.6
    endloop
  endfacet
  facet normal -0.195165 -0.98077 -0
    outer loop
      vertex 5.72 37.321 21.6
      vertex 5.61095 37.3427 2
      vertex 5.72 37.321 2
    endloop
  endfacet
  facet normal -0.659821 0.751423 0
    outer loop
      vertex 6.10104 35.899 2
      vertex 6.01745 35.8256 21.6
      vertex 6.10104 35.899 21.6
    endloop
  endfacet
  facet normal -0.659821 0.751423 0
    outer loop
      vertex 6.01745 35.8256 21.6
      vertex 6.10104 35.899 2
      vertex 6.01745 35.8256 2
    endloop
  endfacet
  facet normal -0.555115 -0.831773 0
    outer loop
      vertex 5.925 37.2361 2
      vertex 6.01745 37.1744 21.6
      vertex 5.925 37.2361 21.6
    endloop
  endfacet
  facet normal -0.555115 -0.831773 -0
    outer loop
      vertex 6.01745 37.1744 21.6
      vertex 5.925 37.2361 2
      vertex 6.01745 37.1744 2
    endloop
  endfacet
  facet normal 0.321135 -0.947033 0
    outer loop
      vertex 5.17472 37.2853 2
      vertex 5.28 37.321 21.6
      vertex 5.17472 37.2853 21.6
    endloop
  endfacet
  facet normal 0.321135 -0.947033 0
    outer loop
      vertex 5.28 37.321 21.6
      vertex 5.17472 37.2853 2
      vertex 5.28 37.321 2
    endloop
  endfacet
  facet normal 0.0656534 0.997842 -0
    outer loop
      vertex 5.5 35.65 2
      vertex 5.38905 35.6573 21.6
      vertex 5.5 35.65 21.6
    endloop
  endfacet
  facet normal 0.0656534 0.997842 0
    outer loop
      vertex 5.38905 35.6573 21.6
      vertex 5.5 35.65 2
      vertex 5.38905 35.6573 2
    endloop
  endfacet
  facet normal 0.896825 -0.442386 0
    outer loop
      vertex 4.7147 36.8253 21.6
      vertex 4.76388 36.925 2
      vertex 4.76388 36.925 21.6
    endloop
  endfacet
  facet normal 0.896825 -0.442386 0
    outer loop
      vertex 4.76388 36.925 2
      vertex 4.7147 36.8253 21.6
      vertex 4.7147 36.8253 2
    endloop
  endfacet
  facet normal 0.980805 -0.194992 0
    outer loop
      vertex 4.65727 36.6109 21.6
      vertex 4.67896 36.72 2
      vertex 4.67896 36.72 21.6
    endloop
  endfacet
  facet normal 0.980805 -0.194992 0
    outer loop
      vertex 4.67896 36.72 2
      vertex 4.65727 36.6109 21.6
      vertex 4.65727 36.6109 2
    endloop
  endfacet
  facet normal -0.751863 -0.659319 0
    outer loop
      vertex 6.17435 37.0174 2
      vertex 6.10104 37.101 21.6
      vertex 6.10104 37.101 2
    endloop
  endfacet
  facet normal -0.751863 -0.659319 0
    outer loop
      vertex 6.10104 37.101 21.6
      vertex 6.17435 37.0174 2
      vertex 6.17435 37.0174 21.6
    endloop
  endfacet
  facet normal -0.659821 -0.751423 0
    outer loop
      vertex 6.01745 37.1744 2
      vertex 6.10104 37.101 21.6
      vertex 6.01745 37.1744 21.6
    endloop
  endfacet
  facet normal -0.659821 -0.751423 -0
    outer loop
      vertex 6.10104 37.101 21.6
      vertex 6.01745 37.1744 2
      vertex 6.10104 37.101 2
    endloop
  endfacet
  facet normal 0.946943 -0.321403 0
    outer loop
      vertex 4.67896 36.72 21.6
      vertex 4.7147 36.8253 2
      vertex 4.7147 36.8253 21.6
    endloop
  endfacet
  facet normal 0.946943 -0.321403 0
    outer loop
      vertex 4.7147 36.8253 2
      vertex 4.67896 36.72 21.6
      vertex 4.67896 36.72 2
    endloop
  endfacet
  facet normal 0.997858 -0.0654141 0
    outer loop
      vertex 4.65 36.5 21.6
      vertex 4.65727 36.6109 2
      vertex 4.65727 36.6109 21.6
    endloop
  endfacet
  facet normal 0.997858 -0.0654141 0
    outer loop
      vertex 4.65727 36.6109 2
      vertex 4.65 36.5 21.6
      vertex 4.65 36.5 2
    endloop
  endfacet
  facet normal 0.831344 -0.555759 0
    outer loop
      vertex 4.76388 36.925 21.6
      vertex 4.82565 37.0174 2
      vertex 4.82565 37.0174 21.6
    endloop
  endfacet
  facet normal 0.831344 -0.555759 0
    outer loop
      vertex 4.82565 37.0174 2
      vertex 4.76388 36.925 21.6
      vertex 4.76388 36.925 2
    endloop
  endfacet
  facet normal -0.980251 -0.197758 0
    outer loop
      vertex 100.343 5.61095 2
      vertex 100.321 5.72 21.6
      vertex 100.321 5.72 2
    endloop
  endfacet
  facet normal -0.980251 -0.197758 0
    outer loop
      vertex 100.321 5.72 21.6
      vertex 100.343 5.61095 2
      vertex 100.343 5.61095 21.6
    endloop
  endfacet
  facet normal -0.998016 -0.0629663 0
    outer loop
      vertex 100.35 5.5 2
      vertex 100.343 5.61095 21.6
      vertex 100.343 5.61095 2
    endloop
  endfacet
  facet normal -0.998016 -0.0629663 0
    outer loop
      vertex 100.343 5.61095 21.6
      vertex 100.35 5.5 2
      vertex 100.35 5.5 21.6
    endloop
  endfacet
  facet normal -0.94621 -0.323552 0
    outer loop
      vertex 100.321 5.72 2
      vertex 100.285 5.82528 21.6
      vertex 100.285 5.82528 2
    endloop
  endfacet
  facet normal -0.94621 -0.323552 0
    outer loop
      vertex 100.285 5.82528 21.6
      vertex 100.321 5.72 2
      vertex 100.321 5.72 21.6
    endloop
  endfacet
  facet normal -0.830527 -0.556979 0
    outer loop
      vertex 100.236 5.925 2
      vertex 100.174 6.01745 21.6
      vertex 100.174 6.01745 2
    endloop
  endfacet
  facet normal -0.830527 -0.556979 0
    outer loop
      vertex 100.174 6.01745 21.6
      vertex 100.236 5.925 2
      vertex 100.236 5.925 21.6
    endloop
  endfacet
  facet normal 0.947033 0.321135 0
    outer loop
      vertex 98.7147 5.17472 21.6
      vertex 98.679 5.28 2
      vertex 98.679 5.28 21.6
    endloop
  endfacet
  facet normal 0.947033 0.321135 0
    outer loop
      vertex 98.679 5.28 2
      vertex 98.7147 5.17472 21.6
      vertex 98.7147 5.17472 2
    endloop
  endfacet
  facet normal -0.321403 0.946943 0
    outer loop
      vertex 99.8253 4.7147 2
      vertex 99.72 4.67896 21.6
      vertex 99.8253 4.7147 21.6
    endloop
  endfacet
  facet normal -0.321403 0.946943 0
    outer loop
      vertex 99.72 4.67896 21.6
      vertex 99.8253 4.7147 2
      vertex 99.72 4.67896 2
    endloop
  endfacet
  facet normal -0.897502 -0.441011 0
    outer loop
      vertex 100.285 5.82528 2
      vertex 100.236 5.925 21.6
      vertex 100.236 5.925 2
    endloop
  endfacet
  facet normal -0.897502 -0.441011 0
    outer loop
      vertex 100.236 5.925 21.6
      vertex 100.285 5.82528 2
      vertex 100.285 5.82528 21.6
    endloop
  endfacet
  facet normal 0.555759 -0.831344 0
    outer loop
      vertex 98.9826 6.17435 2
      vertex 99.075 6.23612 21.6
      vertex 98.9826 6.17435 21.6
    endloop
  endfacet
  facet normal 0.555759 -0.831344 0
    outer loop
      vertex 99.075 6.23612 21.6
      vertex 98.9826 6.17435 2
      vertex 99.075 6.23612 2
    endloop
  endfacet
  facet normal -0.980251 0.197758 0
    outer loop
      vertex 100.321 5.28 2
      vertex 100.343 5.38905 21.6
      vertex 100.343 5.38905 2
    endloop
  endfacet
  facet normal -0.980251 0.197758 0
    outer loop
      vertex 100.343 5.38905 21.6
      vertex 100.321 5.28 2
      vertex 100.321 5.28 21.6
    endloop
  endfacet
  facet normal 0 0 1
    outer loop
      vertex 100.343 5.61095 2
      vertex 100.343 5.38905 2
      vertex 100.35 5.5 2
    endloop
  endfacet
  facet normal 0 0 1
    outer loop
      vertex 100.321 5.72 2
      vertex 100.343 5.38905 2
      vertex 100.343 5.61095 2
    endloop
  endfacet
  facet normal 0 0 1
    outer loop
      vertex 100.321 5.72 2
      vertex 100.321 5.28 2
      vertex 100.343 5.38905 2
    endloop
  endfacet
  facet normal 0 0 1
    outer loop
      vertex 100.285 5.82528 2
      vertex 100.321 5.28 2
      vertex 100.321 5.72 2
    endloop
  endfacet
  facet normal 0 0 1
    outer loop
      vertex 100.285 5.82528 2
      vertex 100.285 5.17472 2
      vertex 100.321 5.28 2
    endloop
  endfacet
  facet normal 0 0 1
    outer loop
      vertex 100.236 5.925 2
      vertex 100.285 5.17472 2
      vertex 100.285 5.82528 2
    endloop
  endfacet
  facet normal 0 0 1
    outer loop
      vertex 100.236 5.925 2
      vertex 100.236 5.075 2
      vertex 100.285 5.17472 2
    endloop
  endfacet
  facet normal 0 0 1
    outer loop
      vertex 100.174 6.01745 2
      vertex 100.236 5.075 2
      vertex 100.236 5.925 2
    endloop
  endfacet
  facet normal 0 0 1
    outer loop
      vertex 100.174 6.01745 2
      vertex 100.174 4.98255 2
      vertex 100.236 5.075 2
    endloop
  endfacet
  facet normal 0 0 1
    outer loop
      vertex 100.101 6.10104 2
      vertex 100.174 4.98255 2
      vertex 100.174 6.01745 2
    endloop
  endfacet
  facet normal 0 0 1
    outer loop
      vertex 100.101 6.10104 2
      vertex 100.101 4.89896 2
      vertex 100.174 4.98255 2
    endloop
  endfacet
  facet normal 0 0 1
    outer loop
      vertex 100.017 6.17435 2
      vertex 100.101 4.89896 2
      vertex 100.101 6.10104 2
    endloop
  endfacet
  facet normal 0 0 1
    outer loop
      vertex 100.017 6.17435 2
      vertex 100.017 4.82565 2
      vertex 100.101 4.89896 2
    endloop
  endfacet
  facet normal 0 0 1
    outer loop
      vertex 99.925 6.23612 2
      vertex 100.017 4.82565 2
      vertex 100.017 6.17435 2
    endloop
  endfacet
  facet normal 0 0 1
    outer loop
      vertex 99.925 6.23612 2
      vertex 99.925 4.76388 2
      vertex 100.017 4.82565 2
    endloop
  endfacet
  facet normal 0 0 1
    outer loop
      vertex 99.8253 6.2853 2
      vertex 99.925 4.76388 2
      vertex 99.925 6.23612 2
    endloop
  endfacet
  facet normal 0 0 1
    outer loop
      vertex 99.8253 6.2853 2
      vertex 99.8253 4.7147 2
      vertex 99.925 4.76388 2
    endloop
  endfacet
  facet normal 0 0 1
    outer loop
      vertex 99.72 6.32104 2
      vertex 99.8253 4.7147 2
      vertex 99.8253 6.2853 2
    endloop
  endfacet
  facet normal 0 0 1
    outer loop
      vertex 99.72 6.32104 2
      vertex 99.72 4.67896 2
      vertex 99.8253 4.7147 2
    endloop
  endfacet
  facet normal 0 0 1
    outer loop
      vertex 99.6109 6.34273 2
      vertex 99.72 4.67896 2
      vertex 99.72 6.32104 2
    endloop
  endfacet
  facet normal 0 0 1
    outer loop
      vertex 99.6109 6.34273 2
      vertex 99.6109 4.65727 2
      vertex 99.72 4.67896 2
    endloop
  endfacet
  facet normal 0 0 1
    outer loop
      vertex 99.5 6.35 2
      vertex 99.6109 4.65727 2
      vertex 99.6109 6.34273 2
    endloop
  endfacet
  facet normal 0 0 1
    outer loop
      vertex 99.5 6.35 2
      vertex 99.5 4.65 2
      vertex 99.6109 4.65727 2
    endloop
  endfacet
  facet normal -0 0 1
    outer loop
      vertex 99.3891 6.34273 2
      vertex 99.5 4.65 2
      vertex 99.5 6.35 2
    endloop
  endfacet
  facet normal 0 0 1
    outer loop
      vertex 99.3891 6.34273 2
      vertex 99.3891 4.65727 2
      vertex 99.5 4.65 2
    endloop
  endfacet
  facet normal -0 0 1
    outer loop
      vertex 99.28 6.32104 2
      vertex 99.3891 4.65727 2
      vertex 99.3891 6.34273 2
    endloop
  endfacet
  facet normal 0 0 1
    outer loop
      vertex 99.28 6.32104 2
      vertex 99.28 4.67896 2
      vertex 99.3891 4.65727 2
    endloop
  endfacet
  facet normal -0 0 1
    outer loop
      vertex 99.1747 6.2853 2
      vertex 99.28 4.67896 2
      vertex 99.28 6.32104 2
    endloop
  endfacet
  facet normal 0 0 1
    outer loop
      vertex 99.1747 6.2853 2
      vertex 99.1747 4.7147 2
      vertex 99.28 4.67896 2
    endloop
  endfacet
  facet normal -0 0 1
    outer loop
      vertex 99.075 6.23612 2
      vertex 99.1747 4.7147 2
      vertex 99.1747 6.2853 2
    endloop
  endfacet
  facet normal 0 0 1
    outer loop
      vertex 99.075 6.23612 2
      vertex 99.075 4.76388 2
      vertex 99.1747 4.7147 2
    endloop
  endfacet
  facet normal -0 0 1
    outer loop
      vertex 98.9826 6.17435 2
      vertex 99.075 4.76388 2
      vertex 99.075 6.23612 2
    endloop
  endfacet
  facet normal 0 0 1
    outer loop
      vertex 98.9826 6.17435 2
      vertex 98.9826 4.82565 2
      vertex 99.075 4.76388 2
    endloop
  endfacet
  facet normal -0 0 1
    outer loop
      vertex 98.899 6.10104 2
      vertex 98.9826 4.82565 2
      vertex 98.9826 6.17435 2
    endloop
  endfacet
  facet normal 0 0 1
    outer loop
      vertex 98.899 6.10104 2
      vertex 98.899 4.89896 2
      vertex 98.9826 4.82565 2
    endloop
  endfacet
  facet normal -0 0 1
    outer loop
      vertex 98.8257 6.01745 2
      vertex 98.899 4.89896 2
      vertex 98.899 6.10104 2
    endloop
  endfacet
  facet normal 0 0 1
    outer loop
      vertex 98.8257 6.01745 2
      vertex 98.8257 4.98255 2
      vertex 98.899 4.89896 2
    endloop
  endfacet
  facet normal -0 0 1
    outer loop
      vertex 98.7639 5.925 2
      vertex 98.8257 4.98255 2
      vertex 98.8257 6.01745 2
    endloop
  endfacet
  facet normal 0 0 1
    outer loop
      vertex 98.7639 5.925 2
      vertex 98.7639 5.075 2
      vertex 98.8257 4.98255 2
    endloop
  endfacet
  facet normal -0 0 1
    outer loop
      vertex 98.7147 5.82528 2
      vertex 98.7639 5.075 2
      vertex 98.7639 5.925 2
    endloop
  endfacet
  facet normal 0 0 1
    outer loop
      vertex 98.7147 5.82528 2
      vertex 98.7147 5.17472 2
      vertex 98.7639 5.075 2
    endloop
  endfacet
  facet normal -0 0 1
    outer loop
      vertex 98.679 5.72 2
      vertex 98.7147 5.17472 2
      vertex 98.7147 5.82528 2
    endloop
  endfacet
  facet normal 0 0 1
    outer loop
      vertex 98.679 5.72 2
      vertex 98.679 5.28 2
      vertex 98.7147 5.17472 2
    endloop
  endfacet
  facet normal -0 0 1
    outer loop
      vertex 98.6573 5.61095 2
      vertex 98.679 5.28 2
      vertex 98.679 5.72 2
    endloop
  endfacet
  facet normal 0 0 1
    outer loop
      vertex 98.6573 5.61095 2
      vertex 98.6573 5.38905 2
      vertex 98.679 5.28 2
    endloop
  endfacet
  facet normal 0 -0 1
    outer loop
      vertex 98.6573 5.38905 2
      vertex 98.6573 5.61095 2
      vertex 98.65 5.5 2
    endloop
  endfacet
  facet normal -0.321403 -0.946943 0
    outer loop
      vertex 99.72 6.32104 2
      vertex 99.8253 6.2853 21.6
      vertex 99.72 6.32104 21.6
    endloop
  endfacet
  facet normal -0.321403 -0.946943 -0
    outer loop
      vertex 99.8253 6.2853 21.6
      vertex 99.72 6.32104 2
      vertex 99.8253 6.2853 2
    endloop
  endfacet
  facet normal 0.659319 -0.751863 0
    outer loop
      vertex 98.899 6.10104 2
      vertex 98.9826 6.17435 21.6
      vertex 98.899 6.10104 21.6
    endloop
  endfacet
  facet normal 0.659319 -0.751863 0
    outer loop
      vertex 98.9826 6.17435 21.6
      vertex 98.899 6.10104 2
      vertex 98.9826 6.17435 2
    endloop
  endfacet
  facet normal -0.557425 0.830227 0
    outer loop
      vertex 100.017 4.82565 2
      vertex 99.925 4.76388 21.6
      vertex 100.017 4.82565 21.6
    endloop
  endfacet
  facet normal -0.557425 0.830227 0
    outer loop
      vertex 99.925 4.76388 21.6
      vertex 100.017 4.82565 2
      vertex 99.925 4.76388 2
    endloop
  endfacet
  facet normal 0.194992 -0.980805 0
    outer loop
      vertex 99.28 6.32104 2
      vertex 99.3891 6.34273 21.6
      vertex 99.28 6.32104 21.6
    endloop
  endfacet
  facet normal 0.194992 -0.980805 0
    outer loop
      vertex 99.3891 6.34273 21.6
      vertex 99.28 6.32104 2
      vertex 99.3891 6.34273 2
    endloop
  endfacet
  facet normal 0.997842 0.0656534 0
    outer loop
      vertex 98.6573 5.38905 21.6
      vertex 98.65 5.5 2
      vertex 98.65 5.5 21.6
    endloop
  endfacet
  facet normal 0.997842 0.0656534 0
    outer loop
      vertex 98.65 5.5 2
      vertex 98.6573 5.38905 21.6
      vertex 98.6573 5.38905 2
    endloop
  endfacet
  facet normal 0.896789 0.442459 0
    outer loop
      vertex 98.7639 5.075 21.6
      vertex 98.7147 5.17472 2
      vertex 98.7147 5.17472 21.6
    endloop
  endfacet
  facet normal 0.896789 0.442459 0
    outer loop
      vertex 98.7147 5.17472 2
      vertex 98.7639 5.075 21.6
      vertex 98.7639 5.075 2
    endloop
  endfacet
  facet normal -0.0654141 -0.997858 0
    outer loop
      vertex 99.5 6.35 2
      vertex 99.6109 6.34273 21.6
      vertex 99.5 6.35 21.6
    endloop
  endfacet
  facet normal -0.0654141 -0.997858 -0
    outer loop
      vertex 99.6109 6.34273 21.6
      vertex 99.5 6.35 2
      vertex 99.6109 6.34273 2
    endloop
  endfacet
  facet normal 0.321403 0.946943 -0
    outer loop
      vertex 99.28 4.67896 2
      vertex 99.1747 4.7147 21.6
      vertex 99.28 4.67896 21.6
    endloop
  endfacet
  facet normal 0.321403 0.946943 0
    outer loop
      vertex 99.1747 4.7147 21.6
      vertex 99.28 4.67896 2
      vertex 99.1747 4.7147 2
    endloop
  endfacet
  facet normal -0.194992 0.980805 0
    outer loop
      vertex 99.72 4.67896 2
      vertex 99.6109 4.65727 21.6
      vertex 99.72 4.67896 21.6
    endloop
  endfacet
  facet normal -0.194992 0.980805 0
    outer loop
      vertex 99.6109 4.65727 21.6
      vertex 99.72 4.67896 2
      vertex 99.6109 4.65727 2
    endloop
  endfacet
  facet normal 0.442386 -0.896825 0
    outer loop
      vertex 99.075 6.23612 2
      vertex 99.1747 6.2853 21.6
      vertex 99.075 6.23612 21.6
    endloop
  endfacet
  facet normal 0.442386 -0.896825 0
    outer loop
      vertex 99.1747 6.2853 21.6
      vertex 99.075 6.23612 2
      vertex 99.1747 6.2853 2
    endloop
  endfacet
  facet normal -0.442386 -0.896825 0
    outer loop
      vertex 99.8253 6.2853 2
      vertex 99.925 6.23612 21.6
      vertex 99.8253 6.2853 21.6
    endloop
  endfacet
  facet normal -0.442386 -0.896825 -0
    outer loop
      vertex 99.925 6.23612 21.6
      vertex 99.8253 6.2853 2
      vertex 99.925 6.23612 2
    endloop
  endfacet
  facet normal -0.442386 0.896825 0
    outer loop
      vertex 99.925 4.76388 2
      vertex 99.8253 4.7147 21.6
      vertex 99.925 4.76388 21.6
    endloop
  endfacet
  facet normal -0.442386 0.896825 0
    outer loop
      vertex 99.8253 4.7147 21.6
      vertex 99.925 4.76388 2
      vertex 99.8253 4.7147 2
    endloop
  endfacet
  facet normal 0.98077 0.195165 0
    outer loop
      vertex 98.679 5.28 21.6
      vertex 98.6573 5.38905 2
      vertex 98.6573 5.38905 21.6
    endloop
  endfacet
  facet normal 0.98077 0.195165 0
    outer loop
      vertex 98.6573 5.38905 2
      vertex 98.679 5.28 21.6
      vertex 98.679 5.28 2
    endloop
  endfacet
  facet normal -0.998016 0.0629663 0
    outer loop
      vertex 100.343 5.38905 2
      vertex 100.35 5.5 21.6
      vertex 100.35 5.5 2
    endloop
  endfacet
  facet normal -0.998016 0.0629663 0
    outer loop
      vertex 100.35 5.5 21.6
      vertex 100.343 5.38905 2
      vertex 100.343 5.38905 21.6
    endloop
  endfacet
  facet normal 0.555759 0.831344 -0
    outer loop
      vertex 99.075 4.76388 2
      vertex 98.9826 4.82565 21.6
      vertex 99.075 4.76388 21.6
    endloop
  endfacet
  facet normal 0.555759 0.831344 0
    outer loop
      vertex 98.9826 4.82565 21.6
      vertex 99.075 4.76388 2
      vertex 98.9826 4.82565 2
    endloop
  endfacet
  facet normal -0.753207 0.657783 0
    outer loop
      vertex 100.101 4.89896 2
      vertex 100.174 4.98255 21.6
      vertex 100.174 4.98255 2
    endloop
  endfacet
  facet normal -0.753207 0.657783 0
    outer loop
      vertex 100.174 4.98255 21.6
      vertex 100.101 4.89896 2
      vertex 100.101 4.89896 21.6
    endloop
  endfacet
  facet normal -0.830527 0.556979 0
    outer loop
      vertex 100.174 4.98255 2
      vertex 100.236 5.075 21.6
      vertex 100.236 5.075 2
    endloop
  endfacet
  facet normal -0.830527 0.556979 0
    outer loop
      vertex 100.236 5.075 21.6
      vertex 100.174 4.98255 2
      vertex 100.174 4.98255 21.6
    endloop
  endfacet
  facet normal 0.751869 0.659313 0
    outer loop
      vertex 98.899 4.89896 21.6
      vertex 98.8257 4.98255 2
      vertex 98.8257 4.98255 21.6
    endloop
  endfacet
  facet normal 0.751869 0.659313 0
    outer loop
      vertex 98.8257 4.98255 2
      vertex 98.899 4.89896 21.6
      vertex 98.899 4.89896 2
    endloop
  endfacet
  facet normal 0.751869 -0.659313 0
    outer loop
      vertex 98.8257 6.01745 21.6
      vertex 98.899 6.10104 2
      vertex 98.899 6.10104 21.6
    endloop
  endfacet
  facet normal 0.751869 -0.659313 0
    outer loop
      vertex 98.899 6.10104 2
      vertex 98.8257 6.01745 21.6
      vertex 98.8257 6.01745 2
    endloop
  endfacet
  facet normal 0.831358 -0.555737 0
    outer loop
      vertex 98.7639 5.925 21.6
      vertex 98.8257 6.01745 2
      vertex 98.8257 6.01745 21.6
    endloop
  endfacet
  facet normal 0.831358 -0.555737 0
    outer loop
      vertex 98.8257 6.01745 2
      vertex 98.7639 5.925 21.6
      vertex 98.7639 5.925 2
    endloop
  endfacet
  facet normal -0.94621 0.323552 0
    outer loop
      vertex 100.285 5.17472 2
      vertex 100.321 5.28 21.6
      vertex 100.321 5.28 2
    endloop
  endfacet
  facet normal -0.94621 0.323552 0
    outer loop
      vertex 100.321 5.28 21.6
      vertex 100.285 5.17472 2
      vertex 100.285 5.17472 21.6
    endloop
  endfacet
  facet normal 0.831358 0.555737 0
    outer loop
      vertex 98.8257 4.98255 21.6
      vertex 98.7639 5.075 2
      vertex 98.7639 5.075 21.6
    endloop
  endfacet
  facet normal 0.831358 0.555737 0
    outer loop
      vertex 98.7639 5.075 2
      vertex 98.8257 4.98255 21.6
      vertex 98.8257 4.98255 2
    endloop
  endfacet
  facet normal -0.897502 0.441011 0
    outer loop
      vertex 100.236 5.075 2
      vertex 100.285 5.17472 21.6
      vertex 100.285 5.17472 2
    endloop
  endfacet
  facet normal -0.897502 0.441011 0
    outer loop
      vertex 100.285 5.17472 21.6
      vertex 100.236 5.075 2
      vertex 100.236 5.075 21.6
    endloop
  endfacet
  facet normal 0.194992 0.980805 -0
    outer loop
      vertex 99.3891 4.65727 2
      vertex 99.28 4.67896 21.6
      vertex 99.3891 4.65727 21.6
    endloop
  endfacet
  facet normal 0.194992 0.980805 0
    outer loop
      vertex 99.28 4.67896 21.6
      vertex 99.3891 4.65727 2
      vertex 99.28 4.67896 2
    endloop
  endfacet
  facet normal -0.0654141 0.997858 0
    outer loop
      vertex 99.6109 4.65727 2
      vertex 99.5 4.65 21.6
      vertex 99.6109 4.65727 21.6
    endloop
  endfacet
  facet normal -0.0654141 0.997858 0
    outer loop
      vertex 99.5 4.65 21.6
      vertex 99.6109 4.65727 2
      vertex 99.5 4.65 2
    endloop
  endfacet
  facet normal 0.442386 0.896825 -0
    outer loop
      vertex 99.1747 4.7147 2
      vertex 99.075 4.76388 21.6
      vertex 99.1747 4.7147 21.6
    endloop
  endfacet
  facet normal 0.442386 0.896825 0
    outer loop
      vertex 99.075 4.76388 21.6
      vertex 99.1747 4.7147 2
      vertex 99.075 4.76388 2
    endloop
  endfacet
  facet normal -0.194992 -0.980805 0
    outer loop
      vertex 99.6109 6.34273 2
      vertex 99.72 6.32104 21.6
      vertex 99.6109 6.34273 21.6
    endloop
  endfacet
  facet normal -0.194992 -0.980805 -0
    outer loop
      vertex 99.72 6.32104 21.6
      vertex 99.6109 6.34273 2
      vertex 99.72 6.32104 2
    endloop
  endfacet
  facet normal -0.657539 0.753421 0
    outer loop
      vertex 100.101 4.89896 2
      vertex 100.017 4.82565 21.6
      vertex 100.101 4.89896 21.6
    endloop
  endfacet
  facet normal -0.657539 0.753421 0
    outer loop
      vertex 100.017 4.82565 21.6
      vertex 100.101 4.89896 2
      vertex 100.017 4.82565 2
    endloop
  endfacet
  facet normal -0.557425 -0.830227 0
    outer loop
      vertex 99.925 6.23612 2
      vertex 100.017 6.17435 21.6
      vertex 99.925 6.23612 21.6
    endloop
  endfacet
  facet normal -0.557425 -0.830227 -0
    outer loop
      vertex 100.017 6.17435 21.6
      vertex 99.925 6.23612 2
      vertex 100.017 6.17435 2
    endloop
  endfacet
  facet normal 0.321403 -0.946943 0
    outer loop
      vertex 99.1747 6.2853 2
      vertex 99.28 6.32104 21.6
      vertex 99.1747 6.2853 21.6
    endloop
  endfacet
  facet normal 0.321403 -0.946943 0
    outer loop
      vertex 99.28 6.32104 21.6
      vertex 99.1747 6.2853 2
      vertex 99.28 6.32104 2
    endloop
  endfacet
  facet normal 0.0654141 0.997858 -0
    outer loop
      vertex 99.5 4.65 2
      vertex 99.3891 4.65727 21.6
      vertex 99.5 4.65 21.6
    endloop
  endfacet
  facet normal 0.0654141 0.997858 0
    outer loop
      vertex 99.3891 4.65727 21.6
      vertex 99.5 4.65 2
      vertex 99.3891 4.65727 2
    endloop
  endfacet
  facet normal 0.896789 -0.442459 0
    outer loop
      vertex 98.7147 5.82528 21.6
      vertex 98.7639 5.925 2
      vertex 98.7639 5.925 21.6
    endloop
  endfacet
  facet normal 0.896789 -0.442459 0
    outer loop
      vertex 98.7639 5.925 2
      vertex 98.7147 5.82528 21.6
      vertex 98.7147 5.82528 2
    endloop
  endfacet
  facet normal 0.98077 -0.195165 0
    outer loop
      vertex 98.6573 5.61095 21.6
      vertex 98.679 5.72 2
      vertex 98.679 5.72 21.6
    endloop
  endfacet
  facet normal 0.98077 -0.195165 0
    outer loop
      vertex 98.679 5.72 2
      vertex 98.6573 5.61095 21.6
      vertex 98.6573 5.61095 2
    endloop
  endfacet
  facet normal -0.753207 -0.657783 0
    outer loop
      vertex 100.174 6.01745 2
      vertex 100.101 6.10104 21.6
      vertex 100.101 6.10104 2
    endloop
  endfacet
  facet normal -0.753207 -0.657783 0
    outer loop
      vertex 100.101 6.10104 21.6
      vertex 100.174 6.01745 2
      vertex 100.174 6.01745 21.6
    endloop
  endfacet
  facet normal 0.659319 0.751863 -0
    outer loop
      vertex 98.9826 4.82565 2
      vertex 98.899 4.89896 21.6
      vertex 98.9826 4.82565 21.6
    endloop
  endfacet
  facet normal 0.659319 0.751863 0
    outer loop
      vertex 98.899 4.89896 21.6
      vertex 98.9826 4.82565 2
      vertex 98.899 4.89896 2
    endloop
  endfacet
  facet normal -0.657539 -0.753421 0
    outer loop
      vertex 100.017 6.17435 2
      vertex 100.101 6.10104 21.6
      vertex 100.017 6.17435 21.6
    endloop
  endfacet
  facet normal -0.657539 -0.753421 -0
    outer loop
      vertex 100.101 6.10104 21.6
      vertex 100.017 6.17435 2
      vertex 100.101 6.10104 2
    endloop
  endfacet
  facet normal 0.0654141 -0.997858 0
    outer loop
      vertex 99.3891 6.34273 2
      vertex 99.5 6.35 21.6
      vertex 99.3891 6.34273 21.6
    endloop
  endfacet
  facet normal 0.0654141 -0.997858 0
    outer loop
      vertex 99.5 6.35 21.6
      vertex 99.3891 6.34273 2
      vertex 99.5 6.35 2
    endloop
  endfacet
  facet normal 0.947033 -0.321135 0
    outer loop
      vertex 98.679 5.72 21.6
      vertex 98.7147 5.82528 2
      vertex 98.7147 5.82528 21.6
    endloop
  endfacet
  facet normal 0.947033 -0.321135 0
    outer loop
      vertex 98.7147 5.82528 2
      vertex 98.679 5.72 21.6
      vertex 98.679 5.72 2
    endloop
  endfacet
  facet normal 0.997842 -0.0656534 0
    outer loop
      vertex 98.65 5.5 21.6
      vertex 98.6573 5.61095 2
      vertex 98.6573 5.61095 21.6
    endloop
  endfacet
  facet normal 0.997842 -0.0656534 0
    outer loop
      vertex 98.6573 5.61095 2
      vertex 98.65 5.5 21.6
      vertex 98.65 5.5 2
    endloop
  endfacet
  facet normal -0.980268 -0.197671 0
    outer loop
      vertex 100.343 36.6109 2
      vertex 100.321 36.72 21.6
      vertex 100.321 36.72 2
    endloop
  endfacet
  facet normal -0.980268 -0.197671 0
    outer loop
      vertex 100.321 36.72 21.6
      vertex 100.343 36.6109 2
      vertex 100.343 36.6109 21.6
    endloop
  endfacet
  facet normal -0.998014 -0.0629946 0
    outer loop
      vertex 100.35 36.5 2
      vertex 100.343 36.6109 21.6
      vertex 100.343 36.6109 2
    endloop
  endfacet
  facet normal -0.998014 -0.0629946 0
    outer loop
      vertex 100.343 36.6109 21.6
      vertex 100.35 36.5 2
      vertex 100.35 36.5 21.6
    endloop
  endfacet
  facet normal -0.946229 -0.323497 0
    outer loop
      vertex 100.321 36.72 2
      vertex 100.285 36.8253 21.6
      vertex 100.285 36.8253 2
    endloop
  endfacet
  facet normal -0.946229 -0.323497 0
    outer loop
      vertex 100.285 36.8253 21.6
      vertex 100.321 36.72 2
      vertex 100.321 36.72 21.6
    endloop
  endfacet
  facet normal -0.830387 -0.557186 0
    outer loop
      vertex 100.236 36.925 2
      vertex 100.174 37.0174 21.6
      vertex 100.174 37.0174 2
    endloop
  endfacet
  facet normal -0.830387 -0.557186 0
    outer loop
      vertex 100.174 37.0174 21.6
      vertex 100.236 36.925 2
      vertex 100.236 36.925 21.6
    endloop
  endfacet
  facet normal 0.947052 0.32108 0
    outer loop
      vertex 98.7147 36.1747 21.6
      vertex 98.679 36.28 2
      vertex 98.679 36.28 21.6
    endloop
  endfacet
  facet normal 0.947052 0.32108 0
    outer loop
      vertex 98.679 36.28 2
      vertex 98.7147 36.1747 21.6
      vertex 98.7147 36.1747 2
    endloop
  endfacet
  facet normal -0.32108 0.947052 0
    outer loop
      vertex 99.8253 35.7147 2
      vertex 99.72 35.679 21.6
      vertex 99.8253 35.7147 21.6
    endloop
  endfacet
  facet normal -0.32108 0.947052 0
    outer loop
      vertex 99.72 35.679 21.6
      vertex 99.8253 35.7147 2
      vertex 99.72 35.679 2
    endloop
  endfacet
  facet normal -0.897467 -0.441082 0
    outer loop
      vertex 100.285 36.8253 2
      vertex 100.236 36.925 21.6
      vertex 100.236 36.925 2
    endloop
  endfacet
  facet normal -0.897467 -0.441082 0
    outer loop
      vertex 100.236 36.925 21.6
      vertex 100.285 36.8253 2
      vertex 100.285 36.8253 21.6
    endloop
  endfacet
  facet normal 0.555323 -0.831635 0
    outer loop
      vertex 98.9826 37.1744 2
      vertex 99.075 37.2361 21.6
      vertex 98.9826 37.1744 21.6
    endloop
  endfacet
  facet normal 0.555323 -0.831635 0
    outer loop
      vertex 99.075 37.2361 21.6
      vertex 98.9826 37.1744 2
      vertex 99.075 37.2361 2
    endloop
  endfacet
  facet normal -0.980268 0.197671 0
    outer loop
      vertex 100.321 36.28 2
      vertex 100.343 36.3891 21.6
      vertex 100.343 36.3891 2
    endloop
  endfacet
  facet normal -0.980268 0.197671 0
    outer loop
      vertex 100.343 36.3891 21.6
      vertex 100.321 36.28 2
      vertex 100.321 36.28 21.6
    endloop
  endfacet
  facet normal 0 0 1
    outer loop
      vertex 100.343 36.6109 2
      vertex 100.343 36.3891 2
      vertex 100.35 36.5 2
    endloop
  endfacet
  facet normal 0 0 1
    outer loop
      vertex 100.321 36.72 2
      vertex 100.343 36.3891 2
      vertex 100.343 36.6109 2
    endloop
  endfacet
  facet normal 0 0 1
    outer loop
      vertex 100.321 36.72 2
      vertex 100.321 36.28 2
      vertex 100.343 36.3891 2
    endloop
  endfacet
  facet normal 0 0 1
    outer loop
      vertex 100.285 36.8253 2
      vertex 100.321 36.28 2
      vertex 100.321 36.72 2
    endloop
  endfacet
  facet normal 0 0 1
    outer loop
      vertex 100.285 36.8253 2
      vertex 100.285 36.1747 2
      vertex 100.321 36.28 2
    endloop
  endfacet
  facet normal 0 0 1
    outer loop
      vertex 100.236 36.925 2
      vertex 100.285 36.1747 2
      vertex 100.285 36.8253 2
    endloop
  endfacet
  facet normal 0 0 1
    outer loop
      vertex 100.236 36.925 2
      vertex 100.236 36.075 2
      vertex 100.285 36.1747 2
    endloop
  endfacet
  facet normal 0 0 1
    outer loop
      vertex 100.174 37.0174 2
      vertex 100.236 36.075 2
      vertex 100.236 36.925 2
    endloop
  endfacet
  facet normal 0 0 1
    outer loop
      vertex 100.174 37.0174 2
      vertex 100.174 35.9826 2
      vertex 100.236 36.075 2
    endloop
  endfacet
  facet normal 0 0 1
    outer loop
      vertex 100.101 37.101 2
      vertex 100.174 35.9826 2
      vertex 100.174 37.0174 2
    endloop
  endfacet
  facet normal 0 0 1
    outer loop
      vertex 100.101 37.101 2
      vertex 100.101 35.899 2
      vertex 100.174 35.9826 2
    endloop
  endfacet
  facet normal 0 0 1
    outer loop
      vertex 100.017 37.1744 2
      vertex 100.101 35.899 2
      vertex 100.101 37.101 2
    endloop
  endfacet
  facet normal 0 0 1
    outer loop
      vertex 100.017 37.1744 2
      vertex 100.017 35.8256 2
      vertex 100.101 35.899 2
    endloop
  endfacet
  facet normal 0 0 1
    outer loop
      vertex 99.925 37.2361 2
      vertex 100.017 35.8256 2
      vertex 100.017 37.1744 2
    endloop
  endfacet
  facet normal 0 0 1
    outer loop
      vertex 99.925 37.2361 2
      vertex 99.925 35.7639 2
      vertex 100.017 35.8256 2
    endloop
  endfacet
  facet normal 0 0 1
    outer loop
      vertex 99.8253 37.2853 2
      vertex 99.925 35.7639 2
      vertex 99.925 37.2361 2
    endloop
  endfacet
  facet normal 0 0 1
    outer loop
      vertex 99.8253 37.2853 2
      vertex 99.8253 35.7147 2
      vertex 99.925 35.7639 2
    endloop
  endfacet
  facet normal 0 0 1
    outer loop
      vertex 99.72 37.321 2
      vertex 99.8253 35.7147 2
      vertex 99.8253 37.2853 2
    endloop
  endfacet
  facet normal 0 0 1
    outer loop
      vertex 99.72 37.321 2
      vertex 99.72 35.679 2
      vertex 99.8253 35.7147 2
    endloop
  endfacet
  facet normal 0 0 1
    outer loop
      vertex 99.6109 37.3427 2
      vertex 99.72 35.679 2
      vertex 99.72 37.321 2
    endloop
  endfacet
  facet normal 0 0 1
    outer loop
      vertex 99.6109 37.3427 2
      vertex 99.6109 35.6573 2
      vertex 99.72 35.679 2
    endloop
  endfacet
  facet normal 0 0 1
    outer loop
      vertex 99.5 37.35 2
      vertex 99.6109 35.6573 2
      vertex 99.6109 37.3427 2
    endloop
  endfacet
  facet normal 0 0 1
    outer loop
      vertex 99.5 37.35 2
      vertex 99.5 35.65 2
      vertex 99.6109 35.6573 2
    endloop
  endfacet
  facet normal -0 0 1
    outer loop
      vertex 99.3891 37.3427 2
      vertex 99.5 35.65 2
      vertex 99.5 37.35 2
    endloop
  endfacet
  facet normal 0 0 1
    outer loop
      vertex 99.3891 37.3427 2
      vertex 99.3891 35.6573 2
      vertex 99.5 35.65 2
    endloop
  endfacet
  facet normal -0 0 1
    outer loop
      vertex 99.28 37.321 2
      vertex 99.3891 35.6573 2
      vertex 99.3891 37.3427 2
    endloop
  endfacet
  facet normal 0 0 1
    outer loop
      vertex 99.28 37.321 2
      vertex 99.28 35.679 2
      vertex 99.3891 35.6573 2
    endloop
  endfacet
  facet normal -0 0 1
    outer loop
      vertex 99.1747 37.2853 2
      vertex 99.28 35.679 2
      vertex 99.28 37.321 2
    endloop
  endfacet
  facet normal 0 0 1
    outer loop
      vertex 99.1747 37.2853 2
      vertex 99.1747 35.7147 2
      vertex 99.28 35.679 2
    endloop
  endfacet
  facet normal -0 0 1
    outer loop
      vertex 99.075 37.2361 2
      vertex 99.1747 35.7147 2
      vertex 99.1747 37.2853 2
    endloop
  endfacet
  facet normal 0 0 1
    outer loop
      vertex 99.075 37.2361 2
      vertex 99.075 35.7639 2
      vertex 99.1747 35.7147 2
    endloop
  endfacet
  facet normal -0 0 1
    outer loop
      vertex 98.9826 37.1744 2
      vertex 99.075 35.7639 2
      vertex 99.075 37.2361 2
    endloop
  endfacet
  facet normal 0 0 1
    outer loop
      vertex 98.9826 37.1744 2
      vertex 98.9826 35.8256 2
      vertex 99.075 35.7639 2
    endloop
  endfacet
  facet normal -0 0 1
    outer loop
      vertex 98.899 37.101 2
      vertex 98.9826 35.8256 2
      vertex 98.9826 37.1744 2
    endloop
  endfacet
  facet normal 0 0 1
    outer loop
      vertex 98.899 37.101 2
      vertex 98.899 35.899 2
      vertex 98.9826 35.8256 2
    endloop
  endfacet
  facet normal -0 0 1
    outer loop
      vertex 98.8257 37.0174 2
      vertex 98.899 35.899 2
      vertex 98.899 37.101 2
    endloop
  endfacet
  facet normal 0 0 1
    outer loop
      vertex 98.8257 37.0174 2
      vertex 98.8257 35.9826 2
      vertex 98.899 35.899 2
    endloop
  endfacet
  facet normal -0 0 1
    outer loop
      vertex 98.7639 36.925 2
      vertex 98.8257 35.9826 2
      vertex 98.8257 37.0174 2
    endloop
  endfacet
  facet normal 0 0 1
    outer loop
      vertex 98.7639 36.925 2
      vertex 98.7639 36.075 2
      vertex 98.8257 35.9826 2
    endloop
  endfacet
  facet normal -0 0 1
    outer loop
      vertex 98.7147 36.8253 2
      vertex 98.7639 36.075 2
      vertex 98.7639 36.925 2
    endloop
  endfacet
  facet normal 0 0 1
    outer loop
      vertex 98.7147 36.8253 2
      vertex 98.7147 36.1747 2
      vertex 98.7639 36.075 2
    endloop
  endfacet
  facet normal -0 0 1
    outer loop
      vertex 98.679 36.72 2
      vertex 98.7147 36.1747 2
      vertex 98.7147 36.8253 2
    endloop
  endfacet
  facet normal 0 0 1
    outer loop
      vertex 98.679 36.72 2
      vertex 98.679 36.28 2
      vertex 98.7147 36.1747 2
    endloop
  endfacet
  facet normal -0 0 1
    outer loop
      vertex 98.6573 36.6109 2
      vertex 98.679 36.28 2
      vertex 98.679 36.72 2
    endloop
  endfacet
  facet normal 0 0 1
    outer loop
      vertex 98.6573 36.6109 2
      vertex 98.6573 36.3891 2
      vertex 98.679 36.28 2
    endloop
  endfacet
  facet normal 0 -0 1
    outer loop
      vertex 98.6573 36.3891 2
      vertex 98.6573 36.6109 2
      vertex 98.65 36.5 2
    endloop
  endfacet
  facet normal -0.32108 -0.947052 0
    outer loop
      vertex 99.72 37.321 2
      vertex 99.8253 37.2853 21.6
      vertex 99.72 37.321 21.6
    endloop
  endfacet
  facet normal -0.32108 -0.947052 -0
    outer loop
      vertex 99.8253 37.2853 21.6
      vertex 99.72 37.321 2
      vertex 99.8253 37.2853 2
    endloop
  endfacet
  facet normal 0.659776 -0.751462 0
    outer loop
      vertex 98.899 37.101 2
      vertex 98.9826 37.1744 21.6
      vertex 98.899 37.101 21.6
    endloop
  endfacet
  facet normal 0.659776 -0.751462 0
    outer loop
      vertex 98.9826 37.1744 21.6
      vertex 98.899 37.101 2
      vertex 98.9826 37.1744 2
    endloop
  endfacet
  facet normal -0.55699 0.830519 0
    outer loop
      vertex 100.017 35.8256 2
      vertex 99.925 35.7639 21.6
      vertex 100.017 35.8256 21.6
    endloop
  endfacet
  facet normal -0.55699 0.830519 0
    outer loop
      vertex 99.925 35.7639 21.6
      vertex 100.017 35.8256 2
      vertex 99.925 35.7639 2
    endloop
  endfacet
  facet normal 0.195079 -0.980788 0
    outer loop
      vertex 99.28 37.321 2
      vertex 99.3891 37.3427 21.6
      vertex 99.28 37.321 21.6
    endloop
  endfacet
  facet normal 0.195079 -0.980788 0
    outer loop
      vertex 99.3891 37.3427 21.6
      vertex 99.28 37.321 2
      vertex 99.3891 37.3427 2
    endloop
  endfacet
  facet normal 0.997841 0.0656829 0
    outer loop
      vertex 98.6573 36.3891 21.6
      vertex 98.65 36.5 2
      vertex 98.65 36.5 21.6
    endloop
  endfacet
  facet normal 0.997841 0.0656829 0
    outer loop
      vertex 98.65 36.5 2
      vertex 98.6573 36.3891 21.6
      vertex 98.6573 36.3891 2
    endloop
  endfacet
  facet normal 0.896754 0.44253 0
    outer loop
      vertex 98.7639 36.075 21.6
      vertex 98.7147 36.1747 2
      vertex 98.7147 36.1747 21.6
    endloop
  endfacet
  facet normal 0.896754 0.44253 0
    outer loop
      vertex 98.7147 36.1747 2
      vertex 98.7639 36.075 21.6
      vertex 98.7639 36.075 2
    endloop
  endfacet
  facet normal -0.0656829 -0.997841 0
    outer loop
      vertex 99.5 37.35 2
      vertex 99.6109 37.3427 21.6
      vertex 99.5 37.35 21.6
    endloop
  endfacet
  facet normal -0.0656829 -0.997841 -0
    outer loop
      vertex 99.6109 37.3427 21.6
      vertex 99.5 37.35 2
      vertex 99.6109 37.3427 2
    endloop
  endfacet
  facet normal 0.32108 0.947052 -0
    outer loop
      vertex 99.28 35.679 2
      vertex 99.1747 35.7147 21.6
      vertex 99.28 35.679 21.6
    endloop
  endfacet
  facet normal 0.32108 0.947052 0
    outer loop
      vertex 99.1747 35.7147 21.6
      vertex 99.28 35.679 2
      vertex 99.1747 35.7147 2
    endloop
  endfacet
  facet normal -0.195079 0.980788 0
    outer loop
      vertex 99.72 35.679 2
      vertex 99.6109 35.6573 21.6
      vertex 99.72 35.679 21.6
    endloop
  endfacet
  facet normal -0.195079 0.980788 0
    outer loop
      vertex 99.6109 35.6573 21.6
      vertex 99.72 35.679 2
      vertex 99.6109 35.6573 2
    endloop
  endfacet
  facet normal 0.44253 -0.896754 0
    outer loop
      vertex 99.075 37.2361 2
      vertex 99.1747 37.2853 21.6
      vertex 99.075 37.2361 21.6
    endloop
  endfacet
  facet normal 0.44253 -0.896754 0
    outer loop
      vertex 99.1747 37.2853 21.6
      vertex 99.075 37.2361 2
      vertex 99.1747 37.2853 2
    endloop
  endfacet
  facet normal -0.44253 -0.896754 0
    outer loop
      vertex 99.8253 37.2853 2
      vertex 99.925 37.2361 21.6
      vertex 99.8253 37.2853 21.6
    endloop
  endfacet
  facet normal -0.44253 -0.896754 -0
    outer loop
      vertex 99.925 37.2361 21.6
      vertex 99.8253 37.2853 2
      vertex 99.925 37.2361 2
    endloop
  endfacet
  facet normal -0.44253 0.896754 0
    outer loop
      vertex 99.925 35.7639 2
      vertex 99.8253 35.7147 21.6
      vertex 99.925 35.7639 21.6
    endloop
  endfacet
  facet normal -0.44253 0.896754 0
    outer loop
      vertex 99.8253 35.7147 21.6
      vertex 99.925 35.7639 2
      vertex 99.8253 35.7147 2
    endloop
  endfacet
  facet normal 0.980788 0.195079 0
    outer loop
      vertex 98.679 36.28 21.6
      vertex 98.6573 36.3891 2
      vertex 98.6573 36.3891 21.6
    endloop
  endfacet
  facet normal 0.980788 0.195079 0
    outer loop
      vertex 98.6573 36.3891 2
      vertex 98.679 36.28 21.6
      vertex 98.679 36.28 2
    endloop
  endfacet
  facet normal -0.998014 0.0629946 0
    outer loop
      vertex 100.343 36.3891 2
      vertex 100.35 36.5 21.6
      vertex 100.35 36.5 2
    endloop
  endfacet
  facet normal -0.998014 0.0629946 0
    outer loop
      vertex 100.35 36.5 21.6
      vertex 100.343 36.3891 2
      vertex 100.343 36.3891 21.6
    endloop
  endfacet
  facet normal 0.555323 0.831635 -0
    outer loop
      vertex 99.075 35.7639 2
      vertex 98.9826 35.8256 21.6
      vertex 99.075 35.7639 21.6
    endloop
  endfacet
  facet normal 0.555323 0.831635 0
    outer loop
      vertex 98.9826 35.8256 21.6
      vertex 99.075 35.7639 2
      vertex 98.9826 35.8256 2
    endloop
  endfacet
  facet normal -0.753246 0.657739 0
    outer loop
      vertex 100.101 35.899 2
      vertex 100.174 35.9826 21.6
      vertex 100.174 35.9826 2
    endloop
  endfacet
  facet normal -0.753246 0.657739 0
    outer loop
      vertex 100.174 35.9826 21.6
      vertex 100.101 35.899 2
      vertex 100.101 35.899 21.6
    endloop
  endfacet
  facet normal -0.830387 0.557186 0
    outer loop
      vertex 100.174 35.9826 2
      vertex 100.236 36.075 21.6
      vertex 100.236 36.075 2
    endloop
  endfacet
  facet normal -0.830387 0.557186 0
    outer loop
      vertex 100.236 36.075 21.6
      vertex 100.174 35.9826 2
      vertex 100.174 35.9826 21.6
    endloop
  endfacet
  facet normal 0.751908 0.659268 0
    outer loop
      vertex 98.899 35.899 21.6
      vertex 98.8257 35.9826 2
      vertex 98.8257 35.9826 21.6
    endloop
  endfacet
  facet normal 0.751908 0.659268 0
    outer loop
      vertex 98.8257 35.9826 2
      vertex 98.899 35.899 21.6
      vertex 98.899 35.899 2
    endloop
  endfacet
  facet normal 0.751908 -0.659268 0
    outer loop
      vertex 98.8257 37.0174 21.6
      vertex 98.899 37.101 2
      vertex 98.899 37.101 21.6
    endloop
  endfacet
  facet normal 0.751908 -0.659268 0
    outer loop
      vertex 98.899 37.101 2
      vertex 98.8257 37.0174 21.6
      vertex 98.8257 37.0174 2
    endloop
  endfacet
  facet normal 0.831219 -0.555945 0
    outer loop
      vertex 98.7639 36.925 21.6
      vertex 98.8257 37.0174 2
      vertex 98.8257 37.0174 21.6
    endloop
  endfacet
  facet normal 0.831219 -0.555945 0
    outer loop
      vertex 98.8257 37.0174 2
      vertex 98.7639 36.925 21.6
      vertex 98.7639 36.925 2
    endloop
  endfacet
  facet normal 0.659776 0.751462 -0
    outer loop
      vertex 98.9826 35.8256 2
      vertex 98.899 35.899 21.6
      vertex 98.9826 35.8256 21.6
    endloop
  endfacet
  facet normal 0.659776 0.751462 0
    outer loop
      vertex 98.899 35.899 21.6
      vertex 98.9826 35.8256 2
      vertex 98.899 35.899 2
    endloop
  endfacet
  facet normal -0.946229 0.323497 0
    outer loop
      vertex 100.285 36.1747 2
      vertex 100.321 36.28 21.6
      vertex 100.321 36.28 2
    endloop
  endfacet
  facet normal -0.946229 0.323497 0
    outer loop
      vertex 100.321 36.28 21.6
      vertex 100.285 36.1747 2
      vertex 100.285 36.1747 21.6
    endloop
  endfacet
  facet normal 0.831219 0.555945 0
    outer loop
      vertex 98.8257 35.9826 21.6
      vertex 98.7639 36.075 2
      vertex 98.7639 36.075 21.6
    endloop
  endfacet
  facet normal 0.831219 0.555945 0
    outer loop
      vertex 98.7639 36.075 2
      vertex 98.8257 35.9826 21.6
      vertex 98.8257 35.9826 2
    endloop
  endfacet
  facet normal -0.897467 0.441082 0
    outer loop
      vertex 100.236 36.075 2
      vertex 100.285 36.1747 21.6
      vertex 100.285 36.1747 2
    endloop
  endfacet
  facet normal -0.897467 0.441082 0
    outer loop
      vertex 100.285 36.1747 21.6
      vertex 100.236 36.075 2
      vertex 100.236 36.075 21.6
    endloop
  endfacet
  facet normal 0.195079 0.980788 -0
    outer loop
      vertex 99.3891 35.6573 2
      vertex 99.28 35.679 21.6
      vertex 99.3891 35.6573 21.6
    endloop
  endfacet
  facet normal 0.195079 0.980788 0
    outer loop
      vertex 99.28 35.679 21.6
      vertex 99.3891 35.6573 2
      vertex 99.28 35.679 2
    endloop
  endfacet
  facet normal -0.0656829 0.997841 0
    outer loop
      vertex 99.6109 35.6573 2
      vertex 99.5 35.65 21.6
      vertex 99.6109 35.6573 21.6
    endloop
  endfacet
  facet normal -0.0656829 0.997841 0
    outer loop
      vertex 99.5 35.65 21.6
      vertex 99.6109 35.6573 2
      vertex 99.5 35.65 2
    endloop
  endfacet
  facet normal 0.44253 0.896754 -0
    outer loop
      vertex 99.1747 35.7147 2
      vertex 99.075 35.7639 21.6
      vertex 99.1747 35.7147 21.6
    endloop
  endfacet
  facet normal 0.44253 0.896754 0
    outer loop
      vertex 99.075 35.7639 21.6
      vertex 99.1747 35.7147 2
      vertex 99.075 35.7639 2
    endloop
  endfacet
  facet normal -0.195079 -0.980788 0
    outer loop
      vertex 99.6109 37.3427 2
      vertex 99.72 37.321 21.6
      vertex 99.6109 37.3427 21.6
    endloop
  endfacet
  facet normal -0.195079 -0.980788 -0
    outer loop
      vertex 99.72 37.321 21.6
      vertex 99.6109 37.3427 2
      vertex 99.72 37.321 2
    endloop
  endfacet
  facet normal -0.657997 0.753021 0
    outer loop
      vertex 100.101 35.899 2
      vertex 100.017 35.8256 21.6
      vertex 100.101 35.899 21.6
    endloop
  endfacet
  facet normal -0.657997 0.753021 0
    outer loop
      vertex 100.017 35.8256 21.6
      vertex 100.101 35.899 2
      vertex 100.017 35.8256 2
    endloop
  endfacet
  facet normal -0.55699 -0.830519 0
    outer loop
      vertex 99.925 37.2361 2
      vertex 100.017 37.1744 21.6
      vertex 99.925 37.2361 21.6
    endloop
  endfacet
  facet normal -0.55699 -0.830519 -0
    outer loop
      vertex 100.017 37.1744 21.6
      vertex 99.925 37.2361 2
      vertex 100.017 37.1744 2
    endloop
  endfacet
  facet normal 0.32108 -0.947052 0
    outer loop
      vertex 99.1747 37.2853 2
      vertex 99.28 37.321 21.6
      vertex 99.1747 37.2853 21.6
    endloop
  endfacet
  facet normal 0.32108 -0.947052 0
    outer loop
      vertex 99.28 37.321 21.6
      vertex 99.1747 37.2853 2
      vertex 99.28 37.321 2
    endloop
  endfacet
  facet normal 0.0656829 0.997841 -0
    outer loop
      vertex 99.5 35.65 2
      vertex 99.3891 35.6573 21.6
      vertex 99.5 35.65 21.6
    endloop
  endfacet
  facet normal 0.0656829 0.997841 0
    outer loop
      vertex 99.3891 35.6573 21.6
      vertex 99.5 35.65 2
      vertex 99.3891 35.6573 2
    endloop
  endfacet
  facet normal 0.896754 -0.44253 0
    outer loop
      vertex 98.7147 36.8253 21.6
      vertex 98.7639 36.925 2
      vertex 98.7639 36.925 21.6
    endloop
  endfacet
  facet normal 0.896754 -0.44253 0
    outer loop
      vertex 98.7639 36.925 2
      vertex 98.7147 36.8253 21.6
      vertex 98.7147 36.8253 2
    endloop
  endfacet
  facet normal 0.980788 -0.195079 0
    outer loop
      vertex 98.6573 36.6109 21.6
      vertex 98.679 36.72 2
      vertex 98.679 36.72 21.6
    endloop
  endfacet
  facet normal 0.980788 -0.195079 0
    outer loop
      vertex 98.679 36.72 2
      vertex 98.6573 36.6109 21.6
      vertex 98.6573 36.6109 2
    endloop
  endfacet
  facet normal -0.753246 -0.657739 0
    outer loop
      vertex 100.174 37.0174 2
      vertex 100.101 37.101 21.6
      vertex 100.101 37.101 2
    endloop
  endfacet
  facet normal -0.753246 -0.657739 0
    outer loop
      vertex 100.101 37.101 21.6
      vertex 100.174 37.0174 2
      vertex 100.174 37.0174 21.6
    endloop
  endfacet
  facet normal -0.657997 -0.753021 0
    outer loop
      vertex 100.017 37.1744 2
      vertex 100.101 37.101 21.6
      vertex 100.017 37.1744 21.6
    endloop
  endfacet
  facet normal -0.657997 -0.753021 -0
    outer loop
      vertex 100.101 37.101 21.6
      vertex 100.017 37.1744 2
      vertex 100.101 37.101 2
    endloop
  endfacet
  facet normal 0.0656829 -0.997841 0
    outer loop
      vertex 99.3891 37.3427 2
      vertex 99.5 37.35 21.6
      vertex 99.3891 37.3427 21.6
    endloop
  endfacet
  facet normal 0.0656829 -0.997841 0
    outer loop
      vertex 99.5 37.35 21.6
      vertex 99.3891 37.3427 2
      vertex 99.5 37.35 2
    endloop
  endfacet
  facet normal 0.947052 -0.32108 0
    outer loop
      vertex 98.679 36.72 21.6
      vertex 98.7147 36.8253 2
      vertex 98.7147 36.8253 21.6
    endloop
  endfacet
  facet normal 0.947052 -0.32108 0
    outer loop
      vertex 98.7147 36.8253 2
      vertex 98.679 36.72 21.6
      vertex 98.679 36.72 2
    endloop
  endfacet
  facet normal 0.997841 -0.0656829 0
    outer loop
      vertex 98.65 36.5 21.6
      vertex 98.6573 36.6109 2
      vertex 98.6573 36.6109 21.6
    endloop
  endfacet
  facet normal 0.997841 -0.0656829 0
    outer loop
      vertex 98.6573 36.6109 2
      vertex 98.65 36.5 21.6
      vertex 98.65 36.5 2
    endloop
  endfacet
  facet normal 0 0 -1
    outer loop
      vertex 0 14.5 15
      vertex 2 27.5 15
      vertex 2 14.5 15
    endloop
  endfacet
  facet normal -0 0 -1
    outer loop
      vertex 2 27.5 15
      vertex 0 14.5 15
      vertex 0 27.5 15
    endloop
  endfacet
  facet normal -0 0 1
    outer loop
      vertex 0 27.5 6
      vertex 2 14.5 6
      vertex 2 27.5 6
    endloop
  endfacet
  facet normal 0 0 1
    outer loop
      vertex 2 14.5 6
      vertex 0 27.5 6
      vertex 0 14.5 6
    endloop
  endfacet
  facet normal 0 -1 0
    outer loop
      vertex 0 27.5 6
      vertex 2 27.5 15
      vertex 0 27.5 15
    endloop
  endfacet
  facet normal 0 -1 -0
    outer loop
      vertex 2 27.5 15
      vertex 0 27.5 6
      vertex 2 27.5 6
    endloop
  endfacet
  facet normal 0 1 -0
    outer loop
      vertex 2 14.5 6
      vertex 0 14.5 15
      vertex 2 14.5 15
    endloop
  endfacet
  facet normal 0 1 0
    outer loop
      vertex 0 14.5 15
      vertex 2 14.5 6
      vertex 0 14.5 6
    endloop
  endfacet
  facet normal 0 -0.321428 0.946934
    outer loop
      vertex 103 22.4351 6.53545
      vertex 105 21.9706 6.37778
      vertex 105 22.4351 6.53545
    endloop
  endfacet
  facet normal 0 -0.321428 0.946934
    outer loop
      vertex 105 21.9706 6.37778
      vertex 103 22.4351 6.53545
      vertex 103 21.9706 6.37778
    endloop
  endfacet
  facet normal 0 -0.980784 -0.195097
    outer loop
      vertex 103 24.7179 10.4895
      vertex 105 24.6222 10.9706
      vertex 103 24.6222 10.9706
    endloop
  endfacet
  facet normal 0 -0.980784 -0.195097
    outer loop
      vertex 105 24.6222 10.9706
      vertex 103 24.7179 10.4895
      vertex 105 24.7179 10.4895
    endloop
  endfacet
  facet normal -0 0.442314 0.89686
    outer loop
      vertex 103 19.5649 6.53545
      vertex 105 19.125 6.7524
      vertex 105 19.5649 6.53545
    endloop
  endfacet
  facet normal 0 0.442314 0.89686
    outer loop
      vertex 105 19.125 6.7524
      vertex 103 19.5649 6.53545
      vertex 103 19.125 6.7524
    endloop
  endfacet
  facet normal 0 0.321482 -0.946916
    outer loop
      vertex 103 19.5649 13.4645
      vertex 105 20.0294 13.6222
      vertex 105 19.5649 13.4645
    endloop
  endfacet
  facet normal 0 0.321482 -0.946916
    outer loop
      vertex 105 20.0294 13.6222
      vertex 103 19.5649 13.4645
      vertex 103 20.0294 13.6222
    endloop
  endfacet
  facet normal 0 0.980784 0.195097
    outer loop
      vertex 105 17.3778 9.02943
      vertex 103 17.2821 9.51053
      vertex 105 17.2821 9.51053
    endloop
  endfacet
  facet normal 0 0.980784 0.195097
    outer loop
      vertex 103 17.2821 9.51053
      vertex 105 17.3778 9.02943
      vertex 103 17.3778 9.02943
    endloop
  endfacet
  facet normal 0 -0.065396 0.997859
    outer loop
      vertex 103 21.4895 6.28208
      vertex 105 21 6.25
      vertex 105 21.4895 6.28208
    endloop
  endfacet
  facet normal 0 -0.065396 0.997859
    outer loop
      vertex 105 21 6.25
      vertex 103 21.4895 6.28208
      vertex 103 21 6.25
    endloop
  endfacet
  facet normal 0 -0.751768 -0.659428
    outer loop
      vertex 103 23.9751 12.2829
      vertex 105 23.6516 12.6517
      vertex 103 23.6516 12.6517
    endloop
  endfacet
  facet normal 0 -0.751768 -0.659428
    outer loop
      vertex 105 23.6516 12.6517
      vertex 103 23.9751 12.2829
      vertex 105 23.9751 12.2829
    endloop
  endfacet
  facet normal 0 -0.0654366 -0.997857
    outer loop
      vertex 103 21 13.75
      vertex 105 21.4895 13.7179
      vertex 105 21 13.75
    endloop
  endfacet
  facet normal -0 -0.0654366 -0.997857
    outer loop
      vertex 105 21.4895 13.7179
      vertex 103 21 13.75
      vertex 103 21.4895 13.7179
    endloop
  endfacet
  facet normal -0 0.065396 0.997859
    outer loop
      vertex 103 21 6.25
      vertex 105 20.5105 6.28208
      vertex 105 21 6.25
    endloop
  endfacet
  facet normal 0 0.065396 0.997859
    outer loop
      vertex 105 20.5105 6.28208
      vertex 103 21 6.25
      vertex 103 20.5105 6.28208
    endloop
  endfacet
  facet normal -0 0.321428 0.946934
    outer loop
      vertex 103 20.0294 6.37778
      vertex 105 19.5649 6.53545
      vertex 105 20.0294 6.37778
    endloop
  endfacet
  facet normal 0 0.321428 0.946934
    outer loop
      vertex 105 19.5649 6.53545
      vertex 103 20.0294 6.37778
      vertex 103 19.5649 6.53545
    endloop
  endfacet
  facet normal -0 0.195097 0.980784
    outer loop
      vertex 103 20.5105 6.28208
      vertex 105 20.0294 6.37778
      vertex 105 20.5105 6.28208
    endloop
  endfacet
  facet normal 0 0.195097 0.980784
    outer loop
      vertex 105 20.0294 6.37778
      vertex 103 20.5105 6.28208
      vertex 103 20.0294 6.37778
    endloop
  endfacet
  facet normal 0 0.831517 -0.5555
    outer loop
      vertex 105 17.7524 11.875
      vertex 103 18.0249 12.2829
      vertex 105 18.0249 12.2829
    endloop
  endfacet
  facet normal 0 0.831517 -0.5555
    outer loop
      vertex 103 18.0249 12.2829
      vertex 105 17.7524 11.875
      vertex 103 17.7524 11.875
    endloop
  endfacet
  facet normal 0 -0.195097 0.980784
    outer loop
      vertex 103 21.9706 6.37778
      vertex 105 21.4895 6.28208
      vertex 105 21.9706 6.37778
    endloop
  endfacet
  facet normal 0 -0.195097 0.980784
    outer loop
      vertex 105 21.4895 6.28208
      vertex 103 21.9706 6.37778
      vertex 103 21.4895 6.28208
    endloop
  endfacet
  facet normal 0 0.896836 0.442363
    outer loop
      vertex 105 17.7524 8.125
      vertex 103 17.5354 8.56494
      vertex 105 17.5354 8.56494
    endloop
  endfacet
  facet normal 0 0.896836 0.442363
    outer loop
      vertex 103 17.5354 8.56494
      vertex 105 17.7524 8.125
      vertex 103 17.7524 8.125
    endloop
  endfacet
  facet normal 0 -0.896901 -0.442232
    outer loop
      vertex 103 24.4645 11.4351
      vertex 105 24.2476 11.875
      vertex 103 24.2476 11.875
    endloop
  endfacet
  facet normal 0 -0.896901 -0.442232
    outer loop
      vertex 105 24.2476 11.875
      vertex 103 24.4645 11.4351
      vertex 105 24.4645 11.4351
    endloop
  endfacet
  facet normal 0 0.442232 -0.896901
    outer loop
      vertex 103 19.125 13.2476
      vertex 105 19.5649 13.4645
      vertex 105 19.125 13.2476
    endloop
  endfacet
  facet normal 0 0.442232 -0.896901
    outer loop
      vertex 105 19.5649 13.4645
      vertex 103 19.125 13.2476
      vertex 103 19.5649 13.4645
    endloop
  endfacet
  facet normal -0 0.555528 0.831498
    outer loop
      vertex 103 19.125 6.7524
      vertex 105 18.7171 7.02492
      vertex 105 19.125 6.7524
    endloop
  endfacet
  facet normal 0 0.555528 0.831498
    outer loop
      vertex 105 18.7171 7.02492
      vertex 103 19.125 6.7524
      vertex 103 18.7171 7.02492
    endloop
  endfacet
  facet normal 0 -0.442314 0.89686
    outer loop
      vertex 103 22.875 6.7524
      vertex 105 22.4351 6.53545
      vertex 105 22.875 6.7524
    endloop
  endfacet
  facet normal 0 -0.442314 0.89686
    outer loop
      vertex 105 22.4351 6.53545
      vertex 103 22.875 6.7524
      vertex 103 22.4351 6.53545
    endloop
  endfacet
  facet normal 0 -0.195097 -0.980784
    outer loop
      vertex 103 21.4895 13.7179
      vertex 105 21.9706 13.6222
      vertex 105 21.4895 13.7179
    endloop
  endfacet
  facet normal -0 -0.195097 -0.980784
    outer loop
      vertex 105 21.9706 13.6222
      vertex 103 21.4895 13.7179
      vertex 103 21.9706 13.6222
    endloop
  endfacet
  facet normal 0 0.75186 0.659323
    outer loop
      vertex 105 18.3483 7.34835
      vertex 103 18.0249 7.71714
      vertex 105 18.0249 7.71714
    endloop
  endfacet
  facet normal 0 0.75186 0.659323
    outer loop
      vertex 103 18.0249 7.71714
      vertex 105 18.3483 7.34835
      vertex 103 18.3483 7.34835
    endloop
  endfacet
  facet normal 0 0.831492 0.555537
    outer loop
      vertex 105 18.0249 7.71714
      vertex 103 17.7524 8.125
      vertex 105 17.7524 8.125
    endloop
  endfacet
  facet normal 0 0.831492 0.555537
    outer loop
      vertex 103 17.7524 8.125
      vertex 105 18.0249 7.71714
      vertex 103 18.0249 7.71714
    endloop
  endfacet
  facet normal 0 0.946975 0.321306
    outer loop
      vertex 105 17.5354 8.56494
      vertex 103 17.3778 9.02943
      vertex 105 17.3778 9.02943
    endloop
  endfacet
  facet normal 0 0.946975 0.321306
    outer loop
      vertex 103 17.3778 9.02943
      vertex 105 17.5354 8.56494
      vertex 103 17.5354 8.56494
    endloop
  endfacet
  facet normal 0 -0.997856 0.0654406
    outer loop
      vertex 103 24.7179 9.51053
      vertex 105 24.75 10
      vertex 103 24.75 10
    endloop
  endfacet
  facet normal 0 -0.997856 0.0654406
    outer loop
      vertex 105 24.75 10
      vertex 103 24.7179 9.51053
      vertex 105 24.7179 9.51053
    endloop
  endfacet
  facet normal 0 -0.831517 -0.5555
    outer loop
      vertex 103 24.2476 11.875
      vertex 105 23.9751 12.2829
      vertex 103 23.9751 12.2829
    endloop
  endfacet
  facet normal 0 -0.831517 -0.5555
    outer loop
      vertex 105 23.9751 12.2829
      vertex 103 24.2476 11.875
      vertex 105 24.2476 11.875
    endloop
  endfacet
  facet normal 0 0.751869 -0.659312
    outer loop
      vertex 105 18.0249 12.2829
      vertex 103 18.3483 12.6517
      vertex 105 18.3483 12.6517
    endloop
  endfacet
  facet normal 0 0.751869 -0.659312
    outer loop
      vertex 103 18.3483 12.6517
      vertex 105 18.0249 12.2829
      vertex 103 18.0249 12.2829
    endloop
  endfacet
  facet normal 0 -0.831492 0.555537
    outer loop
      vertex 103 23.9751 7.71714
      vertex 105 24.2476 8.125
      vertex 103 24.2476 8.125
    endloop
  endfacet
  facet normal 0 -0.831492 0.555537
    outer loop
      vertex 105 24.2476 8.125
      vertex 103 23.9751 7.71714
      vertex 105 23.9751 7.71714
    endloop
  endfacet
  facet normal 0 -0.751759 0.659438
    outer loop
      vertex 103 23.6516 7.34835
      vertex 105 23.9751 7.71714
      vertex 103 23.9751 7.71714
    endloop
  endfacet
  facet normal 0 -0.751759 0.659438
    outer loop
      vertex 105 23.9751 7.71714
      vertex 103 23.6516 7.34835
      vertex 105 23.6516 7.34835
    endloop
  endfacet
  facet normal 0 -0.946916 -0.321482
    outer loop
      vertex 103 24.6222 10.9706
      vertex 105 24.4645 11.4351
      vertex 103 24.4645 11.4351
    endloop
  endfacet
  facet normal 0 -0.946916 -0.321482
    outer loop
      vertex 105 24.4645 11.4351
      vertex 103 24.6222 10.9706
      vertex 105 24.6222 10.9706
    endloop
  endfacet
  facet normal -0 0.659347 0.751839
    outer loop
      vertex 103 18.7171 7.02492
      vertex 105 18.3483 7.34835
      vertex 105 18.7171 7.02492
    endloop
  endfacet
  facet normal 0 0.659347 0.751839
    outer loop
      vertex 105 18.3483 7.34835
      vertex 103 18.7171 7.02492
      vertex 103 18.3483 7.34835
    endloop
  endfacet
  facet normal 0 0.89682 -0.442396
    outer loop
      vertex 105 17.5354 11.4351
      vertex 103 17.7524 11.875
      vertex 105 17.7524 11.875
    endloop
  endfacet
  facet normal 0 0.89682 -0.442396
    outer loop
      vertex 103 17.7524 11.875
      vertex 105 17.5354 11.4351
      vertex 103 17.5354 11.4351
    endloop
  endfacet
  facet normal 0 -0.442232 -0.896901
    outer loop
      vertex 103 22.4351 13.4645
      vertex 105 22.875 13.2476
      vertex 105 22.4351 13.4645
    endloop
  endfacet
  facet normal -0 -0.442232 -0.896901
    outer loop
      vertex 105 22.875 13.2476
      vertex 103 22.4351 13.4645
      vertex 103 22.875 13.2476
    endloop
  endfacet
  facet normal 0 0.980784 -0.195097
    outer loop
      vertex 105 17.2821 10.4895
      vertex 103 17.3778 10.9706
      vertex 105 17.3778 10.9706
    endloop
  endfacet
  facet normal 0 0.980784 -0.195097
    outer loop
      vertex 103 17.3778 10.9706
      vertex 105 17.2821 10.4895
      vertex 103 17.2821 10.4895
    endloop
  endfacet
  facet normal 0 0.659312 -0.751869
    outer loop
      vertex 103 18.3483 12.6517
      vertex 105 18.7171 12.9751
      vertex 105 18.3483 12.6517
    endloop
  endfacet
  facet normal 0 0.659312 -0.751869
    outer loop
      vertex 105 18.7171 12.9751
      vertex 103 18.3483 12.6517
      vertex 103 18.7171 12.9751
    endloop
  endfacet
  facet normal 0 -0.555528 0.831498
    outer loop
      vertex 103 23.2829 7.02492
      vertex 105 22.875 6.7524
      vertex 105 23.2829 7.02492
    endloop
  endfacet
  facet normal 0 -0.555528 0.831498
    outer loop
      vertex 105 22.875 6.7524
      vertex 103 23.2829 7.02492
      vertex 103 22.875 6.7524
    endloop
  endfacet
  facet normal 0 0.195097 -0.980784
    outer loop
      vertex 103 20.0294 13.6222
      vertex 105 20.5105 13.7179
      vertex 105 20.0294 13.6222
    endloop
  endfacet
  facet normal 0 0.195097 -0.980784
    outer loop
      vertex 105 20.5105 13.7179
      vertex 103 20.0294 13.6222
      vertex 103 20.5105 13.7179
    endloop
  endfacet
  facet normal 0 -0.321482 -0.946916
    outer loop
      vertex 103 21.9706 13.6222
      vertex 105 22.4351 13.4645
      vertex 105 21.9706 13.6222
    endloop
  endfacet
  facet normal -0 -0.321482 -0.946916
    outer loop
      vertex 105 22.4351 13.4645
      vertex 103 21.9706 13.6222
      vertex 103 22.4351 13.4645
    endloop
  endfacet
  facet normal 0 0.0654366 -0.997857
    outer loop
      vertex 103 20.5105 13.7179
      vertex 105 21 13.75
      vertex 105 20.5105 13.7179
    endloop
  endfacet
  facet normal 0 0.0654366 -0.997857
    outer loop
      vertex 105 21 13.75
      vertex 103 20.5105 13.7179
      vertex 103 21 13.75
    endloop
  endfacet
  facet normal 0 -0.896917 0.442199
    outer loop
      vertex 103 24.2476 8.125
      vertex 105 24.4645 8.56494
      vertex 103 24.4645 8.56494
    endloop
  endfacet
  facet normal 0 -0.896917 0.442199
    outer loop
      vertex 105 24.4645 8.56494
      vertex 103 24.2476 8.125
      vertex 105 24.2476 8.125
    endloop
  endfacet
  facet normal 0 -0.659414 -0.75178
    outer loop
      vertex 103 23.2829 12.9751
      vertex 105 23.6516 12.6517
      vertex 105 23.2829 12.9751
    endloop
  endfacet
  facet normal -0 -0.659414 -0.75178
    outer loop
      vertex 105 23.6516 12.6517
      vertex 103 23.2829 12.9751
      vertex 103 23.6516 12.6517
    endloop
  endfacet
  facet normal 0 -0.980784 0.195097
    outer loop
      vertex 103 24.6222 9.02943
      vertex 105 24.7179 9.51053
      vertex 103 24.7179 9.51053
    endloop
  endfacet
  facet normal 0 -0.980784 0.195097
    outer loop
      vertex 105 24.7179 9.51053
      vertex 103 24.6222 9.02943
      vertex 105 24.6222 9.02943
    endloop
  endfacet
  facet normal 0 -0.997857 -0.0654366
    outer loop
      vertex 103 24.75 10
      vertex 105 24.7179 10.4895
      vertex 103 24.7179 10.4895
    endloop
  endfacet
  facet normal 0 -0.997857 -0.0654366
    outer loop
      vertex 105 24.7179 10.4895
      vertex 103 24.75 10
      vertex 105 24.75 10
    endloop
  endfacet
  facet normal 0 -0.946913 0.321489
    outer loop
      vertex 103 24.4645 8.56494
      vertex 105 24.6222 9.02943
      vertex 103 24.6222 9.02943
    endloop
  endfacet
  facet normal 0 -0.946913 0.321489
    outer loop
      vertex 105 24.6222 9.02943
      vertex 103 24.4645 8.56494
      vertex 105 24.4645 8.56494
    endloop
  endfacet
  facet normal 0 -0.659448 0.75175
    outer loop
      vertex 103 23.6516 7.34835
      vertex 105 23.2829 7.02492
      vertex 105 23.6516 7.34835
    endloop
  endfacet
  facet normal 0 -0.659448 0.75175
    outer loop
      vertex 105 23.2829 7.02492
      vertex 103 23.6516 7.34835
      vertex 103 23.2829 7.02492
    endloop
  endfacet
  facet normal 0 0.946978 -0.3213
    outer loop
      vertex 105 17.3778 10.9706
      vertex 103 17.5354 11.4351
      vertex 105 17.5354 11.4351
    endloop
  endfacet
  facet normal 0 0.946978 -0.3213
    outer loop
      vertex 103 17.5354 11.4351
      vertex 105 17.3778 10.9706
      vertex 103 17.3778 10.9706
    endloop
  endfacet
  facet normal 0 0.997856 0.0654406
    outer loop
      vertex 105 17.2821 9.51053
      vertex 103 17.25 10
      vertex 105 17.25 10
    endloop
  endfacet
  facet normal 0 0.997856 0.0654406
    outer loop
      vertex 103 17.25 10
      vertex 105 17.2821 9.51053
      vertex 103 17.2821 9.51053
    endloop
  endfacet
  facet normal 0 0.997857 -0.0654366
    outer loop
      vertex 105 17.25 10
      vertex 103 17.2821 10.4895
      vertex 105 17.2821 10.4895
    endloop
  endfacet
  facet normal 0 0.997857 -0.0654366
    outer loop
      vertex 103 17.2821 10.4895
      vertex 105 17.25 10
      vertex 103 17.25 10
    endloop
  endfacet
  facet normal 0 -0.5555 -0.831517
    outer loop
      vertex 103 22.875 13.2476
      vertex 105 23.2829 12.9751
      vertex 105 22.875 13.2476
    endloop
  endfacet
  facet normal -0 -0.5555 -0.831517
    outer loop
      vertex 105 23.2829 12.9751
      vertex 103 22.875 13.2476
      vertex 103 23.2829 12.9751
    endloop
  endfacet
  facet normal 0 0.5555 -0.831517
    outer loop
      vertex 103 18.7171 12.9751
      vertex 105 19.125 13.2476
      vertex 105 18.7171 12.9751
    endloop
  endfacet
  facet normal 0 0.5555 -0.831517
    outer loop
      vertex 105 19.125 13.2476
      vertex 103 18.7171 12.9751
      vertex 103 19.125 13.2476
    endloop
  endfacet
endsolid OpenSCAD_Model
