solid OpenSCAD_Model
  facet normal 0.442315 -0.89686 0
    outer loop
      vertex 102.287 2.30708 2.4
      vertex 102.375 2.35048 4.4
      vertex 102.287 2.30708 4.4
    endloop
  endfacet
  facet normal 0.442315 -0.89686 0
    outer loop
      vertex 102.375 2.35048 4.4
      vertex 102.287 2.30708 2.4
      vertex 102.375 2.35048 2.4
    endloop
  endfacet
  facet normal 1 -0 0
    outer loop
      vertex 102.75 3 4.4
      vertex 102.75 39 2.4
      vertex 102.75 39 4.4
    endloop
  endfacet
  facet normal 1 0 0
    outer loop
      vertex 102.75 39 2.4
      vertex 102.75 3 4.4
      vertex 102.75 3 2.4
    endloop
  endfacet
  facet normal 0.0653701 -0.997861 0
    outer loop
      vertex 102 2.25 2.4
      vertex 102.098 2.25642 4.4
      vertex 102 2.25 4.4
    endloop
  endfacet
  facet normal 0.0653701 -0.997861 0
    outer loop
      vertex 102.098 2.25642 4.4
      vertex 102 2.25 2.4
      vertex 102.098 2.25642 2.4
    endloop
  endfacet
  facet normal -0.946978 0.3213 0
    outer loop
      vertex 2.27556 39.1941 2.4
      vertex 2.30708 39.287 4.4
      vertex 2.30708 39.287 2.4
    endloop
  endfacet
  facet normal -0.946978 0.3213 0
    outer loop
      vertex 2.30708 39.287 4.4
      vertex 2.27556 39.1941 2.4
      vertex 2.27556 39.1941 4.4
    endloop
  endfacet
  facet normal 0.32099 -0.947083 0
    outer loop
      vertex 102.194 2.27556 2.4
      vertex 102.287 2.30708 4.4
      vertex 102.194 2.27556 4.4
    endloop
  endfacet
  facet normal 0.32099 -0.947083 0
    outer loop
      vertex 102.287 2.30708 4.4
      vertex 102.194 2.27556 2.4
      vertex 102.287 2.30708 2.4
    endloop
  endfacet
  facet normal -0.751819 -0.65937 0
    outer loop
      vertex 2.46967 2.46967 2.4
      vertex 2.40498 2.54343 4.4
      vertex 2.40498 2.54343 2.4
    endloop
  endfacet
  facet normal -0.751819 -0.65937 0
    outer loop
      vertex 2.40498 2.54343 4.4
      vertex 2.46967 2.46967 2.4
      vertex 2.46967 2.46967 4.4
    endloop
  endfacet
  facet normal -0.0652336 0.99787 0
    outer loop
      vertex 3 39.75 2.4
      vertex 2.9021 39.7436 4.4
      vertex 3 39.75 4.4
    endloop
  endfacet
  facet normal -0.0652336 0.99787 0
    outer loop
      vertex 2.9021 39.7436 4.4
      vertex 3 39.75 2.4
      vertex 2.9021 39.7436 2.4
    endloop
  endfacet
  facet normal -1 0 0
    outer loop
      vertex 2.25 3 2.4
      vertex 2.25 39 4.4
      vertex 2.25 39 2.4
    endloop
  endfacet
  facet normal -1 -0 0
    outer loop
      vertex 2.25 39 4.4
      vertex 2.25 3 2.4
      vertex 2.25 3 4.4
    endloop
  endfacet
  facet normal -0.997857 -0.0654366 0
    outer loop
      vertex 2.25642 2.9021 2.4
      vertex 2.25 3 4.4
      vertex 2.25 3 2.4
    endloop
  endfacet
  facet normal -0.997857 -0.0654366 0
    outer loop
      vertex 2.25 3 4.4
      vertex 2.25642 2.9021 2.4
      vertex 2.25642 2.9021 4.4
    endloop
  endfacet
  facet normal 0.749986 0.661453 0
    outer loop
      vertex 102.595 39.4566 4.4
      vertex 102.53 39.5303 2.4
      vertex 102.53 39.5303 4.4
    endloop
  endfacet
  facet normal 0.749986 0.661453 0
    outer loop
      vertex 102.53 39.5303 2.4
      vertex 102.595 39.4566 4.4
      vertex 102.595 39.4566 2.4
    endloop
  endfacet
  facet normal 0.898474 0.439027 0
    outer loop
      vertex 102.693 39.287 4.4
      vertex 102.65 39.375 2.4
      vertex 102.65 39.375 4.4
    endloop
  endfacet
  facet normal 0.898474 0.439027 0
    outer loop
      vertex 102.65 39.375 2.4
      vertex 102.693 39.287 4.4
      vertex 102.693 39.287 2.4
    endloop
  endfacet
  facet normal -0.195116 -0.98078 0
    outer loop
      vertex 2.80589 2.27556 2.4
      vertex 2.9021 2.25642 4.4
      vertex 2.80589 2.27556 4.4
    endloop
  endfacet
  facet normal -0.195116 -0.98078 -0
    outer loop
      vertex 2.9021 2.25642 4.4
      vertex 2.80589 2.27556 2.4
      vertex 2.9021 2.25642 2.4
    endloop
  endfacet
  facet normal 0 1 -0
    outer loop
      vertex 102 39.75 2.4
      vertex 3 39.75 4.4
      vertex 102 39.75 4.4
    endloop
  endfacet
  facet normal 0 1 0
    outer loop
      vertex 3 39.75 4.4
      vertex 102 39.75 2.4
      vertex 3 39.75 2.4
    endloop
  endfacet
  facet normal 0.898434 -0.439108 0
    outer loop
      vertex 102.65 2.625 4.4
      vertex 102.693 2.71298 2.4
      vertex 102.693 2.71298 4.4
    endloop
  endfacet
  facet normal 0.898434 -0.439108 0
    outer loop
      vertex 102.693 2.71298 2.4
      vertex 102.65 2.625 4.4
      vertex 102.65 2.625 2.4
    endloop
  endfacet
  facet normal 0.195527 -0.980698 0
    outer loop
      vertex 102.098 2.25642 2.4
      vertex 102.194 2.27556 4.4
      vertex 102.098 2.25642 4.4
    endloop
  endfacet
  facet normal 0.195527 -0.980698 0
    outer loop
      vertex 102.194 2.27556 4.4
      vertex 102.098 2.25642 2.4
      vertex 102.194 2.27556 2.4
    endloop
  endfacet
  facet normal -0.997857 0.0654366 0
    outer loop
      vertex 2.25 39 2.4
      vertex 2.25642 39.0979 4.4
      vertex 2.25642 39.0979 2.4
    endloop
  endfacet
  facet normal -0.997857 0.0654366 0
    outer loop
      vertex 2.25642 39.0979 4.4
      vertex 2.25 39 2.4
      vertex 2.25 39 4.4
    endloop
  endfacet
  facet normal 0.998127 0.0611723 0
    outer loop
      vertex 102.75 39 4.4
      vertex 102.744 39.0979 2.4
      vertex 102.744 39.0979 4.4
    endloop
  endfacet
  facet normal 0.998127 0.0611723 0
    outer loop
      vertex 102.744 39.0979 2.4
      vertex 102.75 39 4.4
      vertex 102.75 39 2.4
    endloop
  endfacet
  facet normal 0 -1 0
    outer loop
      vertex 3 2.25 2.4
      vertex 102 2.25 4.4
      vertex 3 2.25 4.4
    endloop
  endfacet
  facet normal 0 -1 -0
    outer loop
      vertex 102 2.25 4.4
      vertex 3 2.25 2.4
      vertex 102 2.25 2.4
    endloop
  endfacet
  facet normal -0.980776 0.195136 0
    outer loop
      vertex 2.25642 39.0979 2.4
      vertex 2.27556 39.1941 4.4
      vertex 2.27556 39.1941 2.4
    endloop
  endfacet
  facet normal -0.980776 0.195136 0
    outer loop
      vertex 2.27556 39.1941 4.4
      vertex 2.25642 39.0979 2.4
      vertex 2.25642 39.0979 4.4
    endloop
  endfacet
  facet normal -0.65937 -0.751819 0
    outer loop
      vertex 2.46967 2.46967 2.4
      vertex 2.54343 2.40498 4.4
      vertex 2.46967 2.46967 4.4
    endloop
  endfacet
  facet normal -0.65937 -0.751819 -0
    outer loop
      vertex 2.54343 2.40498 4.4
      vertex 2.46967 2.46967 2.4
      vertex 2.54343 2.40498 2.4
    endloop
  endfacet
  facet normal -0.195704 0.980663 0
    outer loop
      vertex 2.9021 39.7436 2.4
      vertex 2.80589 39.7244 4.4
      vertex 2.9021 39.7436 4.4
    endloop
  endfacet
  facet normal -0.195704 0.980663 0
    outer loop
      vertex 2.80589 39.7244 4.4
      vertex 2.9021 39.7436 2.4
      vertex 2.80589 39.7244 2.4
    endloop
  endfacet
  facet normal 0.663224 -0.748421 0
    outer loop
      vertex 102.457 2.40498 2.4
      vertex 102.53 2.46967 4.4
      vertex 102.457 2.40498 4.4
    endloop
  endfacet
  facet normal 0.663224 -0.748421 0
    outer loop
      vertex 102.53 2.46967 4.4
      vertex 102.457 2.40498 2.4
      vertex 102.53 2.46967 2.4
    endloop
  endfacet
  facet normal 0.829225 0.558914 0
    outer loop
      vertex 102.65 39.375 4.4
      vertex 102.595 39.4566 2.4
      vertex 102.595 39.4566 4.4
    endloop
  endfacet
  facet normal 0.829225 0.558914 0
    outer loop
      vertex 102.595 39.4566 2.4
      vertex 102.65 39.375 4.4
      vertex 102.65 39.375 2.4
    endloop
  endfacet
  facet normal 0.553528 -0.832831 0
    outer loop
      vertex 102.375 2.35048 2.4
      vertex 102.457 2.40498 4.4
      vertex 102.375 2.35048 4.4
    endloop
  endfacet
  facet normal 0.553528 -0.832831 0
    outer loop
      vertex 102.457 2.40498 4.4
      vertex 102.375 2.35048 2.4
      vertex 102.457 2.40498 2.4
    endloop
  endfacet
  facet normal -0.0654366 -0.997857 0
    outer loop
      vertex 2.9021 2.25642 2.4
      vertex 3 2.25 4.4
      vertex 2.9021 2.25642 4.4
    endloop
  endfacet
  facet normal -0.0654366 -0.997857 -0
    outer loop
      vertex 3 2.25 4.4
      vertex 2.9021 2.25642 2.4
      vertex 3 2.25 2.4
    endloop
  endfacet
  facet normal 0.663281 0.74837 -0
    outer loop
      vertex 102.53 39.5303 2.4
      vertex 102.457 39.595 4.4
      vertex 102.53 39.5303 4.4
    endloop
  endfacet
  facet normal 0.663281 0.74837 0
    outer loop
      vertex 102.457 39.595 4.4
      vertex 102.53 39.5303 2.4
      vertex 102.457 39.595 2.4
    endloop
  endfacet
  facet normal 0.979069 -0.203528 0
    outer loop
      vertex 102.724 2.80589 4.4
      vertex 102.744 2.9021 2.4
      vertex 102.744 2.9021 4.4
    endloop
  endfacet
  facet normal 0.979069 -0.203528 0
    outer loop
      vertex 102.744 2.9021 2.4
      vertex 102.724 2.80589 4.4
      vertex 102.724 2.80589 2.4
    endloop
  endfacet
  facet normal -0.751552 0.659673 0
    outer loop
      vertex 2.40498 39.4566 2.4
      vertex 2.46967 39.5303 4.4
      vertex 2.46967 39.5303 2.4
    endloop
  endfacet
  facet normal -0.751552 0.659673 0
    outer loop
      vertex 2.46967 39.5303 4.4
      vertex 2.40498 39.4566 2.4
      vertex 2.40498 39.4566 4.4
    endloop
  endfacet
  facet normal 0.442315 0.89686 -0
    outer loop
      vertex 102.375 39.6495 2.4
      vertex 102.287 39.6929 4.4
      vertex 102.375 39.6495 4.4
    endloop
  endfacet
  facet normal 0.442315 0.89686 0
    outer loop
      vertex 102.287 39.6929 4.4
      vertex 102.375 39.6495 2.4
      vertex 102.287 39.6929 2.4
    endloop
  endfacet
  facet normal 0.998127 -0.0611723 0
    outer loop
      vertex 102.744 2.9021 4.4
      vertex 102.75 3 2.4
      vertex 102.75 3 4.4
    endloop
  endfacet
  facet normal 0.998127 -0.0611723 0
    outer loop
      vertex 102.75 3 2.4
      vertex 102.744 2.9021 4.4
      vertex 102.744 2.9021 2.4
    endloop
  endfacet
  facet normal -0.555547 -0.831485 0
    outer loop
      vertex 2.54343 2.40498 2.4
      vertex 2.625 2.35048 4.4
      vertex 2.54343 2.40498 4.4
    endloop
  endfacet
  facet normal -0.555547 -0.831485 -0
    outer loop
      vertex 2.625 2.35048 4.4
      vertex 2.54343 2.40498 2.4
      vertex 2.625 2.35048 2.4
    endloop
  endfacet
  facet normal -0.321086 0.94705 0
    outer loop
      vertex 2.80589 39.7244 2.4
      vertex 2.71298 39.6929 4.4
      vertex 2.80589 39.7244 4.4
    endloop
  endfacet
  facet normal -0.321086 0.94705 0
    outer loop
      vertex 2.71298 39.6929 4.4
      vertex 2.80589 39.7244 2.4
      vertex 2.71298 39.6929 2.4
    endloop
  endfacet
  facet normal -0.555547 0.831485 0
    outer loop
      vertex 2.625 39.6495 2.4
      vertex 2.54343 39.595 4.4
      vertex 2.625 39.6495 4.4
    endloop
  endfacet
  facet normal -0.555547 0.831485 0
    outer loop
      vertex 2.54343 39.595 4.4
      vertex 2.625 39.6495 2.4
      vertex 2.54343 39.595 2.4
    endloop
  endfacet
  facet normal 0.320807 0.947145 -0
    outer loop
      vertex 102.287 39.6929 2.4
      vertex 102.194 39.7244 4.4
      vertex 102.287 39.6929 4.4
    endloop
  endfacet
  facet normal 0.320807 0.947145 0
    outer loop
      vertex 102.194 39.7244 4.4
      vertex 102.287 39.6929 2.4
      vertex 102.194 39.7244 2.4
    endloop
  endfacet
  facet normal -0.89682 -0.442396 0
    outer loop
      vertex 2.35048 2.625 2.4
      vertex 2.30708 2.71298 4.4
      vertex 2.30708 2.71298 2.4
    endloop
  endfacet
  facet normal -0.89682 -0.442396 0
    outer loop
      vertex 2.30708 2.71298 4.4
      vertex 2.35048 2.625 2.4
      vertex 2.35048 2.625 4.4
    endloop
  endfacet
  facet normal -0.946988 -0.321269 0
    outer loop
      vertex 2.30708 2.71298 2.4
      vertex 2.27556 2.80589 4.4
      vertex 2.27556 2.80589 2.4
    endloop
  endfacet
  facet normal -0.946988 -0.321269 0
    outer loop
      vertex 2.27556 2.80589 4.4
      vertex 2.30708 2.71298 2.4
      vertex 2.30708 2.71298 4.4
    endloop
  endfacet
  facet normal -0.83158 0.555406 0
    outer loop
      vertex 2.35048 39.375 2.4
      vertex 2.40498 39.4566 4.4
      vertex 2.40498 39.4566 2.4
    endloop
  endfacet
  facet normal -0.83158 0.555406 0
    outer loop
      vertex 2.40498 39.4566 4.4
      vertex 2.35048 39.375 2.4
      vertex 2.35048 39.375 4.4
    endloop
  endfacet
  facet normal -0.321269 -0.946988 0
    outer loop
      vertex 2.71298 2.30708 2.4
      vertex 2.80589 2.27556 4.4
      vertex 2.71298 2.30708 4.4
    endloop
  endfacet
  facet normal -0.321269 -0.946988 -0
    outer loop
      vertex 2.80589 2.27556 4.4
      vertex 2.71298 2.30708 2.4
      vertex 2.80589 2.27556 2.4
    endloop
  endfacet
  facet normal 0 0 1
    outer loop
      vertex 101.521 38.5207 4.4
      vertex 102.75 39 4.4
      vertex 102.744 39.0979 4.4
    endloop
  endfacet
  facet normal 0 0 1
    outer loop
      vertex 102.75 39 4.4
      vertex 101.55 38.45 4.4
      vertex 102.75 3 4.4
    endloop
  endfacet
  facet normal 0 0 1
    outer loop
      vertex 101.521 38.5207 4.4
      vertex 102.744 39.0979 4.4
      vertex 102.724 39.1941 4.4
    endloop
  endfacet
  facet normal -0 0 1
    outer loop
      vertex 101.55 3.55001 4.4
      vertex 102.75 3 4.4
      vertex 101.55 38.45 4.4
    endloop
  endfacet
  facet normal 0 0 1
    outer loop
      vertex 101.521 38.5207 4.4
      vertex 102.724 39.1941 4.4
      vertex 102.693 39.287 4.4
    endloop
  endfacet
  facet normal -0 0 1
    outer loop
      vertex 101.549 3.53696 4.4
      vertex 102.75 3 4.4
      vertex 101.55 3.55001 4.4
    endloop
  endfacet
  facet normal 0 0 1
    outer loop
      vertex 101.521 38.5207 4.4
      vertex 102.693 39.287 4.4
      vertex 102.65 39.375 4.4
    endloop
  endfacet
  facet normal -0 0 1
    outer loop
      vertex 101.547 3.52413 4.4
      vertex 102.75 3 4.4
      vertex 101.549 3.53696 4.4
    endloop
  endfacet
  facet normal 0 0 1
    outer loop
      vertex 101.521 38.5207 4.4
      vertex 102.65 39.375 4.4
      vertex 102.595 39.4566 4.4
    endloop
  endfacet
  facet normal -0 0 1
    outer loop
      vertex 101.542 3.51174 4.4
      vertex 102.75 3 4.4
      vertex 101.547 3.52413 4.4
    endloop
  endfacet
  facet normal 0 0 1
    outer loop
      vertex 101.521 38.5207 4.4
      vertex 102.595 39.4566 4.4
      vertex 102.53 39.5303 4.4
    endloop
  endfacet
  facet normal -0 0 1
    outer loop
      vertex 101.537 3.5 4.4
      vertex 102.75 3 4.4
      vertex 101.542 3.51174 4.4
    endloop
  endfacet
  facet normal 0 0 1
    outer loop
      vertex 101.521 38.5207 4.4
      vertex 102.53 39.5303 4.4
      vertex 102.457 39.595 4.4
    endloop
  endfacet
  facet normal -0 0 1
    outer loop
      vertex 101.529 3.48912 4.4
      vertex 102.75 3 4.4
      vertex 101.537 3.5 4.4
    endloop
  endfacet
  facet normal 0 0 1
    outer loop
      vertex 101.521 38.5207 4.4
      vertex 102.457 39.595 4.4
      vertex 102.375 39.6495 4.4
    endloop
  endfacet
  facet normal -0 0 1
    outer loop
      vertex 101.521 3.4793 4.4
      vertex 102.75 3 4.4
      vertex 101.529 3.48912 4.4
    endloop
  endfacet
  facet normal 0 0 1
    outer loop
      vertex 101.521 38.5207 4.4
      vertex 102.375 39.6495 4.4
      vertex 102.287 39.6929 4.4
    endloop
  endfacet
  facet normal 0 0 1
    outer loop
      vertex 102.75 3 4.4
      vertex 101.521 3.4793 4.4
      vertex 102.744 2.9021 4.4
    endloop
  endfacet
  facet normal 0 0 1
    outer loop
      vertex 101.521 38.5207 4.4
      vertex 102.287 39.6929 4.4
      vertex 102.194 39.7244 4.4
    endloop
  endfacet
  facet normal 0 0 1
    outer loop
      vertex 102.744 2.9021 4.4
      vertex 101.521 3.4793 4.4
      vertex 102.724 2.80589 4.4
    endloop
  endfacet
  facet normal 0 0 1
    outer loop
      vertex 101.521 38.5207 4.4
      vertex 102.194 39.7244 4.4
      vertex 102.098 39.7436 4.4
    endloop
  endfacet
  facet normal 0 0 1
    outer loop
      vertex 102.724 2.80589 4.4
      vertex 101.521 3.4793 4.4
      vertex 102.693 2.71298 4.4
    endloop
  endfacet
  facet normal 0 0 1
    outer loop
      vertex 101.521 38.5207 4.4
      vertex 102.098 39.7436 4.4
      vertex 102 39.75 4.4
    endloop
  endfacet
  facet normal 0 0 1
    outer loop
      vertex 102.693 2.71298 4.4
      vertex 101.521 3.4793 4.4
      vertex 102.65 2.625 4.4
    endloop
  endfacet
  facet normal 0 0 1
    outer loop
      vertex 102.65 2.625 4.4
      vertex 101.521 3.4793 4.4
      vertex 102.595 2.54343 4.4
    endloop
  endfacet
  facet normal 0 0 1
    outer loop
      vertex 102.75 39 4.4
      vertex 101.549 38.463 4.4
      vertex 101.55 38.45 4.4
    endloop
  endfacet
  facet normal 0 0 1
    outer loop
      vertex 102.75 39 4.4
      vertex 101.547 38.4759 4.4
      vertex 101.549 38.463 4.4
    endloop
  endfacet
  facet normal 0 0 1
    outer loop
      vertex 102.75 39 4.4
      vertex 101.542 38.4883 4.4
      vertex 101.547 38.4759 4.4
    endloop
  endfacet
  facet normal 0 0 1
    outer loop
      vertex 102.75 39 4.4
      vertex 101.537 38.5 4.4
      vertex 101.542 38.4883 4.4
    endloop
  endfacet
  facet normal 0 0 1
    outer loop
      vertex 102.75 39 4.4
      vertex 101.529 38.5109 4.4
      vertex 101.537 38.5 4.4
    endloop
  endfacet
  facet normal 0 0 1
    outer loop
      vertex 102.75 39 4.4
      vertex 101.521 38.5207 4.4
      vertex 101.529 38.5109 4.4
    endloop
  endfacet
  facet normal 0 0 1
    outer loop
      vertex 102 39.75 4.4
      vertex 101.511 38.5293 4.4
      vertex 101.521 38.5207 4.4
    endloop
  endfacet
  facet normal 0 0 1
    outer loop
      vertex 102 39.75 4.4
      vertex 101.5 38.5366 4.4
      vertex 101.511 38.5293 4.4
    endloop
  endfacet
  facet normal 0 0 1
    outer loop
      vertex 102 39.75 4.4
      vertex 101.488 38.5424 4.4
      vertex 101.5 38.5366 4.4
    endloop
  endfacet
  facet normal 0 0 1
    outer loop
      vertex 102 39.75 4.4
      vertex 101.476 38.5466 4.4
      vertex 101.488 38.5424 4.4
    endloop
  endfacet
  facet normal 0 0 1
    outer loop
      vertex 102 39.75 4.4
      vertex 101.463 38.5491 4.4
      vertex 101.476 38.5466 4.4
    endloop
  endfacet
  facet normal 0 0 1
    outer loop
      vertex 102 39.75 4.4
      vertex 101.45 38.55 4.4
      vertex 101.463 38.5491 4.4
    endloop
  endfacet
  facet normal 0 0 1
    outer loop
      vertex 102 39.75 4.4
      vertex 3.55001 38.55 4.4
      vertex 101.45 38.55 4.4
    endloop
  endfacet
  facet normal -0 0 1
    outer loop
      vertex 2.40498 39.4566 4.4
      vertex 3.4793 38.5207 4.4
      vertex 2.46967 39.5303 4.4
    endloop
  endfacet
  facet normal -0 0 1
    outer loop
      vertex 2.46967 39.5303 4.4
      vertex 3.4793 38.5207 4.4
      vertex 2.54343 39.595 4.4
    endloop
  endfacet
  facet normal -0 0 1
    outer loop
      vertex 2.54343 39.595 4.4
      vertex 3.4793 38.5207 4.4
      vertex 2.625 39.6495 4.4
    endloop
  endfacet
  facet normal -0 0 1
    outer loop
      vertex 2.625 39.6495 4.4
      vertex 3.4793 38.5207 4.4
      vertex 2.71298 39.6929 4.4
    endloop
  endfacet
  facet normal -0 0 1
    outer loop
      vertex 2.71298 39.6929 4.4
      vertex 3.4793 38.5207 4.4
      vertex 2.80589 39.7244 4.4
    endloop
  endfacet
  facet normal -0 0 1
    outer loop
      vertex 2.80589 39.7244 4.4
      vertex 3.4793 38.5207 4.4
      vertex 2.9021 39.7436 4.4
    endloop
  endfacet
  facet normal -0 0 1
    outer loop
      vertex 2.9021 39.7436 4.4
      vertex 3.4793 38.5207 4.4
      vertex 3 39.75 4.4
    endloop
  endfacet
  facet normal 0 0 1
    outer loop
      vertex 3.48912 38.5293 4.4
      vertex 3 39.75 4.4
      vertex 3.4793 38.5207 4.4
    endloop
  endfacet
  facet normal 0 0 1
    outer loop
      vertex 3.5 38.5366 4.4
      vertex 3 39.75 4.4
      vertex 3.48912 38.5293 4.4
    endloop
  endfacet
  facet normal 0 0 1
    outer loop
      vertex 3.51174 38.5424 4.4
      vertex 3 39.75 4.4
      vertex 3.5 38.5366 4.4
    endloop
  endfacet
  facet normal 0 0 1
    outer loop
      vertex 3.52413 38.5466 4.4
      vertex 3 39.75 4.4
      vertex 3.51174 38.5424 4.4
    endloop
  endfacet
  facet normal 0 0 1
    outer loop
      vertex 3.53696 38.5491 4.4
      vertex 3 39.75 4.4
      vertex 3.52413 38.5466 4.4
    endloop
  endfacet
  facet normal 0 0 1
    outer loop
      vertex 3.55001 38.55 4.4
      vertex 3 39.75 4.4
      vertex 3.53696 38.5491 4.4
    endloop
  endfacet
  facet normal -0 0 1
    outer loop
      vertex 3 39.75 4.4
      vertex 3.55001 38.55 4.4
      vertex 102 39.75 4.4
    endloop
  endfacet
  facet normal 0 0 1
    outer loop
      vertex 102.595 2.54343 4.4
      vertex 101.521 3.4793 4.4
      vertex 102.53 2.46967 4.4
    endloop
  endfacet
  facet normal 0 0 1
    outer loop
      vertex 102.53 2.46967 4.4
      vertex 101.521 3.4793 4.4
      vertex 102.457 2.40498 4.4
    endloop
  endfacet
  facet normal 0 0 1
    outer loop
      vertex 102.457 2.40498 4.4
      vertex 101.521 3.4793 4.4
      vertex 102.375 2.35048 4.4
    endloop
  endfacet
  facet normal 0 0 1
    outer loop
      vertex 102.375 2.35048 4.4
      vertex 101.521 3.4793 4.4
      vertex 102.287 2.30708 4.4
    endloop
  endfacet
  facet normal 0 0 1
    outer loop
      vertex 102.287 2.30708 4.4
      vertex 101.521 3.4793 4.4
      vertex 102.194 2.27556 4.4
    endloop
  endfacet
  facet normal 0 0 1
    outer loop
      vertex 102.194 2.27556 4.4
      vertex 101.521 3.4793 4.4
      vertex 102.098 2.25642 4.4
    endloop
  endfacet
  facet normal 0 0 1
    outer loop
      vertex 102.098 2.25642 4.4
      vertex 101.521 3.4793 4.4
      vertex 102 2.25 4.4
    endloop
  endfacet
  facet normal -0 0 1
    outer loop
      vertex 101.511 3.47068 4.4
      vertex 102 2.25 4.4
      vertex 101.521 3.4793 4.4
    endloop
  endfacet
  facet normal -0 0 1
    outer loop
      vertex 101.5 3.4634 4.4
      vertex 102 2.25 4.4
      vertex 101.511 3.47068 4.4
    endloop
  endfacet
  facet normal -0 0 1
    outer loop
      vertex 101.488 3.45761 4.4
      vertex 102 2.25 4.4
      vertex 101.5 3.4634 4.4
    endloop
  endfacet
  facet normal -0 0 1
    outer loop
      vertex 101.476 3.45342 4.4
      vertex 102 2.25 4.4
      vertex 101.488 3.45761 4.4
    endloop
  endfacet
  facet normal -0 0 1
    outer loop
      vertex 101.463 3.45085 4.4
      vertex 102 2.25 4.4
      vertex 101.476 3.45342 4.4
    endloop
  endfacet
  facet normal -0 0 1
    outer loop
      vertex 101.45 3.45 4.4
      vertex 102 2.25 4.4
      vertex 101.463 3.45085 4.4
    endloop
  endfacet
  facet normal -0 0 1
    outer loop
      vertex 3.55001 3.45 4.4
      vertex 102 2.25 4.4
      vertex 101.45 3.45 4.4
    endloop
  endfacet
  facet normal 0 0 1
    outer loop
      vertex 3.55001 3.45 4.4
      vertex 3 2.25 4.4
      vertex 102 2.25 4.4
    endloop
  endfacet
  facet normal 0 0 1
    outer loop
      vertex 3.53696 3.45085 4.4
      vertex 3 2.25 4.4
      vertex 3.55001 3.45 4.4
    endloop
  endfacet
  facet normal 0 0 1
    outer loop
      vertex 3.52413 3.45342 4.4
      vertex 3 2.25 4.4
      vertex 3.53696 3.45085 4.4
    endloop
  endfacet
  facet normal 0 0 1
    outer loop
      vertex 3.51174 3.45761 4.4
      vertex 3 2.25 4.4
      vertex 3.52413 3.45342 4.4
    endloop
  endfacet
  facet normal 0 0 1
    outer loop
      vertex 3.5 3.4634 4.4
      vertex 3 2.25 4.4
      vertex 3.51174 3.45761 4.4
    endloop
  endfacet
  facet normal 0 0 1
    outer loop
      vertex 3.48912 3.47068 4.4
      vertex 3 2.25 4.4
      vertex 3.5 3.4634 4.4
    endloop
  endfacet
  facet normal 0 0 1
    outer loop
      vertex 3.4793 3.4793 4.4
      vertex 3 2.25 4.4
      vertex 3.48912 3.47068 4.4
    endloop
  endfacet
  facet normal 0 0 1
    outer loop
      vertex 2.25 3 4.4
      vertex 3.4793 3.4793 4.4
      vertex 3.47068 3.48912 4.4
    endloop
  endfacet
  facet normal 0 0 1
    outer loop
      vertex 2.25 3 4.4
      vertex 3.47068 3.48912 4.4
      vertex 3.4634 3.5 4.4
    endloop
  endfacet
  facet normal 0 0 1
    outer loop
      vertex 2.25 3 4.4
      vertex 3.4634 3.5 4.4
      vertex 3.45761 3.51174 4.4
    endloop
  endfacet
  facet normal 0 0 1
    outer loop
      vertex 2.25 3 4.4
      vertex 3.45761 3.51174 4.4
      vertex 3.45342 3.52413 4.4
    endloop
  endfacet
  facet normal 0 0 1
    outer loop
      vertex 2.25 3 4.4
      vertex 3.45342 3.52413 4.4
      vertex 3.45085 3.53696 4.4
    endloop
  endfacet
  facet normal 0 0 1
    outer loop
      vertex 2.25 3 4.4
      vertex 3.45085 3.53696 4.4
      vertex 3.45 3.55001 4.4
    endloop
  endfacet
  facet normal 0 0 1
    outer loop
      vertex 3.45 38.45 4.4
      vertex 2.25 39 4.4
      vertex 3.45 3.55001 4.4
    endloop
  endfacet
  facet normal -0 0 1
    outer loop
      vertex 2.35048 39.375 4.4
      vertex 3.4793 38.5207 4.4
      vertex 2.40498 39.4566 4.4
    endloop
  endfacet
  facet normal 0 0 1
    outer loop
      vertex 2.25 3 4.4
      vertex 3.45 3.55001 4.4
      vertex 2.25 39 4.4
    endloop
  endfacet
  facet normal -0 0 1
    outer loop
      vertex 2.30708 39.287 4.4
      vertex 3.4793 38.5207 4.4
      vertex 2.35048 39.375 4.4
    endloop
  endfacet
  facet normal 0 0 1
    outer loop
      vertex 3.4793 3.4793 4.4
      vertex 2.25 3 4.4
      vertex 2.27556 2.80589 4.4
    endloop
  endfacet
  facet normal -0 0 1
    outer loop
      vertex 2.27556 39.1941 4.4
      vertex 3.4793 38.5207 4.4
      vertex 2.30708 39.287 4.4
    endloop
  endfacet
  facet normal 0 0 1
    outer loop
      vertex 3.4793 3.4793 4.4
      vertex 2.9021 2.25642 4.4
      vertex 3 2.25 4.4
    endloop
  endfacet
  facet normal -0 0 1
    outer loop
      vertex 2.25 39 4.4
      vertex 3.4793 38.5207 4.4
      vertex 2.27556 39.1941 4.4
    endloop
  endfacet
  facet normal 0 0 1
    outer loop
      vertex 3.4793 3.4793 4.4
      vertex 2.80589 2.27556 4.4
      vertex 2.9021 2.25642 4.4
    endloop
  endfacet
  facet normal 0 0 1
    outer loop
      vertex 3.4793 38.5207 4.4
      vertex 2.25 39 4.4
      vertex 3.47068 38.5109 4.4
    endloop
  endfacet
  facet normal 0 0 1
    outer loop
      vertex 3.4793 3.4793 4.4
      vertex 2.71298 2.30708 4.4
      vertex 2.80589 2.27556 4.4
    endloop
  endfacet
  facet normal 0 0 1
    outer loop
      vertex 3.4634 38.5 4.4
      vertex 2.25 39 4.4
      vertex 3.45761 38.4883 4.4
    endloop
  endfacet
  facet normal 0 0 1
    outer loop
      vertex 3.4793 3.4793 4.4
      vertex 2.625 2.35048 4.4
      vertex 2.71298 2.30708 4.4
    endloop
  endfacet
  facet normal 0 0 1
    outer loop
      vertex 3.45085 38.463 4.4
      vertex 2.25 39 4.4
      vertex 3.45 38.45 4.4
    endloop
  endfacet
  facet normal 0 0 1
    outer loop
      vertex 3.4793 3.4793 4.4
      vertex 2.54343 2.40498 4.4
      vertex 2.625 2.35048 4.4
    endloop
  endfacet
  facet normal 0 0 1
    outer loop
      vertex 3.45342 38.4759 4.4
      vertex 2.25 39 4.4
      vertex 3.45085 38.463 4.4
    endloop
  endfacet
  facet normal 0 0 1
    outer loop
      vertex 3.4793 3.4793 4.4
      vertex 2.46967 2.46967 4.4
      vertex 2.54343 2.40498 4.4
    endloop
  endfacet
  facet normal 0 0 1
    outer loop
      vertex 3.45761 38.4883 4.4
      vertex 2.25 39 4.4
      vertex 3.45342 38.4759 4.4
    endloop
  endfacet
  facet normal 0 0 1
    outer loop
      vertex 3.4793 3.4793 4.4
      vertex 2.40498 2.54343 4.4
      vertex 2.46967 2.46967 4.4
    endloop
  endfacet
  facet normal 0 0 1
    outer loop
      vertex 3.47068 38.5109 4.4
      vertex 2.25 39 4.4
      vertex 3.4634 38.5 4.4
    endloop
  endfacet
  facet normal 0 0 1
    outer loop
      vertex 3.4793 3.4793 4.4
      vertex 2.35048 2.625 4.4
      vertex 2.40498 2.54343 4.4
    endloop
  endfacet
  facet normal 0 0 1
    outer loop
      vertex 2.25 39 4.4
      vertex 2.27556 39.1941 4.4
      vertex 2.25642 39.0979 4.4
    endloop
  endfacet
  facet normal 0 0 1
    outer loop
      vertex 3.4793 3.4793 4.4
      vertex 2.30708 2.71298 4.4
      vertex 2.35048 2.625 4.4
    endloop
  endfacet
  facet normal 0 0 1
    outer loop
      vertex 3.4793 3.4793 4.4
      vertex 2.27556 2.80589 4.4
      vertex 2.30708 2.71298 4.4
    endloop
  endfacet
  facet normal 0 0 1
    outer loop
      vertex 2.27556 2.80589 4.4
      vertex 2.25 3 4.4
      vertex 2.25642 2.9021 4.4
    endloop
  endfacet
  facet normal 0.0651673 0.997874 -0
    outer loop
      vertex 102.098 39.7436 2.4
      vertex 102 39.75 4.4
      vertex 102.098 39.7436 4.4
    endloop
  endfacet
  facet normal 0.0651673 0.997874 0
    outer loop
      vertex 102 39.75 4.4
      vertex 102.098 39.7436 2.4
      vertex 102 39.75 2.4
    endloop
  endfacet
  facet normal 0.750253 -0.661151 0
    outer loop
      vertex 102.53 2.46967 4.4
      vertex 102.595 2.54343 2.4
      vertex 102.595 2.54343 4.4
    endloop
  endfacet
  facet normal 0.750253 -0.661151 0
    outer loop
      vertex 102.595 2.54343 2.4
      vertex 102.53 2.46967 4.4
      vertex 102.53 2.46967 2.4
    endloop
  endfacet
  facet normal -0.442396 -0.89682 0
    outer loop
      vertex 2.625 2.35048 2.4
      vertex 2.71298 2.30708 4.4
      vertex 2.625 2.35048 4.4
    endloop
  endfacet
  facet normal -0.442396 -0.89682 -0
    outer loop
      vertex 2.71298 2.30708 4.4
      vertex 2.625 2.35048 2.4
      vertex 2.71298 2.30708 2.4
    endloop
  endfacet
  facet normal 0.948591 -0.316503 0
    outer loop
      vertex 102.693 2.71298 4.4
      vertex 102.724 2.80589 2.4
      vertex 102.724 2.80589 4.4
    endloop
  endfacet
  facet normal 0.948591 -0.316503 0
    outer loop
      vertex 102.724 2.80589 2.4
      vertex 102.693 2.71298 4.4
      vertex 102.693 2.71298 2.4
    endloop
  endfacet
  facet normal 0.82913 -0.559056 0
    outer loop
      vertex 102.595 2.54343 4.4
      vertex 102.65 2.625 2.4
      vertex 102.65 2.625 4.4
    endloop
  endfacet
  facet normal 0.82913 -0.559056 0
    outer loop
      vertex 102.65 2.625 2.4
      vertex 102.595 2.54343 4.4
      vertex 102.595 2.54343 2.4
    endloop
  endfacet
  facet normal 0 0 -1
    outer loop
      vertex 101.521 3.4793 2.4
      vertex 102.75 3 2.4
      vertex 102.744 2.9021 2.4
    endloop
  endfacet
  facet normal 0 0 -1
    outer loop
      vertex 102.75 3 2.4
      vertex 101.55 3.55001 2.4
      vertex 102.75 39 2.4
    endloop
  endfacet
  facet normal 0 0 -1
    outer loop
      vertex 101.521 3.4793 2.4
      vertex 102.744 2.9021 2.4
      vertex 102.724 2.80589 2.4
    endloop
  endfacet
  facet normal 0 0 -1
    outer loop
      vertex 101.55 38.45 2.4
      vertex 102.75 39 2.4
      vertex 101.55 3.55001 2.4
    endloop
  endfacet
  facet normal 0 0 -1
    outer loop
      vertex 101.521 3.4793 2.4
      vertex 102.724 2.80589 2.4
      vertex 102.693 2.71298 2.4
    endloop
  endfacet
  facet normal 0 0 -1
    outer loop
      vertex 101.549 38.463 2.4
      vertex 102.75 39 2.4
      vertex 101.55 38.45 2.4
    endloop
  endfacet
  facet normal 0 0 -1
    outer loop
      vertex 101.521 3.4793 2.4
      vertex 102.693 2.71298 2.4
      vertex 102.65 2.625 2.4
    endloop
  endfacet
  facet normal 0 0 -1
    outer loop
      vertex 101.547 38.4759 2.4
      vertex 102.75 39 2.4
      vertex 101.549 38.463 2.4
    endloop
  endfacet
  facet normal 0 0 -1
    outer loop
      vertex 101.521 3.4793 2.4
      vertex 102.65 2.625 2.4
      vertex 102.595 2.54343 2.4
    endloop
  endfacet
  facet normal 0 0 -1
    outer loop
      vertex 101.542 38.4883 2.4
      vertex 102.75 39 2.4
      vertex 101.547 38.4759 2.4
    endloop
  endfacet
  facet normal 0 0 -1
    outer loop
      vertex 101.521 3.4793 2.4
      vertex 102.595 2.54343 2.4
      vertex 102.53 2.46967 2.4
    endloop
  endfacet
  facet normal 0 0 -1
    outer loop
      vertex 101.537 38.5 2.4
      vertex 102.75 39 2.4
      vertex 101.542 38.4883 2.4
    endloop
  endfacet
  facet normal 0 0 -1
    outer loop
      vertex 101.521 3.4793 2.4
      vertex 102.53 2.46967 2.4
      vertex 102.457 2.40498 2.4
    endloop
  endfacet
  facet normal 0 0 -1
    outer loop
      vertex 101.529 38.5109 2.4
      vertex 102.75 39 2.4
      vertex 101.537 38.5 2.4
    endloop
  endfacet
  facet normal 0 0 -1
    outer loop
      vertex 101.521 3.4793 2.4
      vertex 102.457 2.40498 2.4
      vertex 102.375 2.35048 2.4
    endloop
  endfacet
  facet normal 0 0 -1
    outer loop
      vertex 101.521 38.5207 2.4
      vertex 102.75 39 2.4
      vertex 101.529 38.5109 2.4
    endloop
  endfacet
  facet normal 0 0 -1
    outer loop
      vertex 101.521 3.4793 2.4
      vertex 102.375 2.35048 2.4
      vertex 102.287 2.30708 2.4
    endloop
  endfacet
  facet normal -0 0 -1
    outer loop
      vertex 102.75 39 2.4
      vertex 101.521 38.5207 2.4
      vertex 102.744 39.0979 2.4
    endloop
  endfacet
  facet normal 0 0 -1
    outer loop
      vertex 101.521 3.4793 2.4
      vertex 102.287 2.30708 2.4
      vertex 102.194 2.27556 2.4
    endloop
  endfacet
  facet normal -0 0 -1
    outer loop
      vertex 102.744 39.0979 2.4
      vertex 101.521 38.5207 2.4
      vertex 102.724 39.1941 2.4
    endloop
  endfacet
  facet normal 0 0 -1
    outer loop
      vertex 101.521 3.4793 2.4
      vertex 102.194 2.27556 2.4
      vertex 102.098 2.25642 2.4
    endloop
  endfacet
  facet normal -0 0 -1
    outer loop
      vertex 102.724 39.1941 2.4
      vertex 101.521 38.5207 2.4
      vertex 102.693 39.287 2.4
    endloop
  endfacet
  facet normal 0 0 -1
    outer loop
      vertex 101.521 3.4793 2.4
      vertex 102.098 2.25642 2.4
      vertex 102 2.25 2.4
    endloop
  endfacet
  facet normal -0 0 -1
    outer loop
      vertex 102.693 39.287 2.4
      vertex 101.521 38.5207 2.4
      vertex 102.65 39.375 2.4
    endloop
  endfacet
  facet normal -0 0 -1
    outer loop
      vertex 102.65 39.375 2.4
      vertex 101.521 38.5207 2.4
      vertex 102.595 39.4566 2.4
    endloop
  endfacet
  facet normal 0 0 -1
    outer loop
      vertex 102.75 3 2.4
      vertex 101.549 3.53696 2.4
      vertex 101.55 3.55001 2.4
    endloop
  endfacet
  facet normal 0 0 -1
    outer loop
      vertex 102.75 3 2.4
      vertex 101.547 3.52413 2.4
      vertex 101.549 3.53696 2.4
    endloop
  endfacet
  facet normal 0 0 -1
    outer loop
      vertex 102.75 3 2.4
      vertex 101.542 3.51174 2.4
      vertex 101.547 3.52413 2.4
    endloop
  endfacet
  facet normal 0 0 -1
    outer loop
      vertex 102.75 3 2.4
      vertex 101.537 3.5 2.4
      vertex 101.542 3.51174 2.4
    endloop
  endfacet
  facet normal 0 0 -1
    outer loop
      vertex 102.75 3 2.4
      vertex 101.529 3.48912 2.4
      vertex 101.537 3.5 2.4
    endloop
  endfacet
  facet normal 0 0 -1
    outer loop
      vertex 102.75 3 2.4
      vertex 101.521 3.4793 2.4
      vertex 101.529 3.48912 2.4
    endloop
  endfacet
  facet normal 0 0 -1
    outer loop
      vertex 102 2.25 2.4
      vertex 101.511 3.47068 2.4
      vertex 101.521 3.4793 2.4
    endloop
  endfacet
  facet normal 0 0 -1
    outer loop
      vertex 102 2.25 2.4
      vertex 101.5 3.4634 2.4
      vertex 101.511 3.47068 2.4
    endloop
  endfacet
  facet normal 0 0 -1
    outer loop
      vertex 102 2.25 2.4
      vertex 101.488 3.45761 2.4
      vertex 101.5 3.4634 2.4
    endloop
  endfacet
  facet normal 0 0 -1
    outer loop
      vertex 102 2.25 2.4
      vertex 101.476 3.45342 2.4
      vertex 101.488 3.45761 2.4
    endloop
  endfacet
  facet normal 0 0 -1
    outer loop
      vertex 102 2.25 2.4
      vertex 101.463 3.45085 2.4
      vertex 101.476 3.45342 2.4
    endloop
  endfacet
  facet normal 0 0 -1
    outer loop
      vertex 102 2.25 2.4
      vertex 101.45 3.45 2.4
      vertex 101.463 3.45085 2.4
    endloop
  endfacet
  facet normal 0 0 -1
    outer loop
      vertex 102 2.25 2.4
      vertex 3.55001 3.45 2.4
      vertex 101.45 3.45 2.4
    endloop
  endfacet
  facet normal 0 0 -1
    outer loop
      vertex 2.40498 2.54343 2.4
      vertex 3.4793 3.4793 2.4
      vertex 2.46967 2.46967 2.4
    endloop
  endfacet
  facet normal 0 0 -1
    outer loop
      vertex 2.46967 2.46967 2.4
      vertex 3.4793 3.4793 2.4
      vertex 2.54343 2.40498 2.4
    endloop
  endfacet
  facet normal 0 0 -1
    outer loop
      vertex 2.54343 2.40498 2.4
      vertex 3.4793 3.4793 2.4
      vertex 2.625 2.35048 2.4
    endloop
  endfacet
  facet normal 0 0 -1
    outer loop
      vertex 2.625 2.35048 2.4
      vertex 3.4793 3.4793 2.4
      vertex 2.71298 2.30708 2.4
    endloop
  endfacet
  facet normal 0 0 -1
    outer loop
      vertex 2.71298 2.30708 2.4
      vertex 3.4793 3.4793 2.4
      vertex 2.80589 2.27556 2.4
    endloop
  endfacet
  facet normal 0 0 -1
    outer loop
      vertex 2.80589 2.27556 2.4
      vertex 3.4793 3.4793 2.4
      vertex 2.9021 2.25642 2.4
    endloop
  endfacet
  facet normal 0 0 -1
    outer loop
      vertex 2.9021 2.25642 2.4
      vertex 3.4793 3.4793 2.4
      vertex 3 2.25 2.4
    endloop
  endfacet
  facet normal -0 0 -1
    outer loop
      vertex 3.48912 3.47068 2.4
      vertex 3 2.25 2.4
      vertex 3.4793 3.4793 2.4
    endloop
  endfacet
  facet normal -0 0 -1
    outer loop
      vertex 3.5 3.4634 2.4
      vertex 3 2.25 2.4
      vertex 3.48912 3.47068 2.4
    endloop
  endfacet
  facet normal -0 0 -1
    outer loop
      vertex 3.51174 3.45761 2.4
      vertex 3 2.25 2.4
      vertex 3.5 3.4634 2.4
    endloop
  endfacet
  facet normal -0 0 -1
    outer loop
      vertex 3.52413 3.45342 2.4
      vertex 3 2.25 2.4
      vertex 3.51174 3.45761 2.4
    endloop
  endfacet
  facet normal -0 0 -1
    outer loop
      vertex 3.53696 3.45085 2.4
      vertex 3 2.25 2.4
      vertex 3.52413 3.45342 2.4
    endloop
  endfacet
  facet normal -0 0 -1
    outer loop
      vertex 3.55001 3.45 2.4
      vertex 3 2.25 2.4
      vertex 3.53696 3.45085 2.4
    endloop
  endfacet
  facet normal 0 0 -1
    outer loop
      vertex 3 2.25 2.4
      vertex 3.55001 3.45 2.4
      vertex 102 2.25 2.4
    endloop
  endfacet
  facet normal -0 0 -1
    outer loop
      vertex 102.595 39.4566 2.4
      vertex 101.521 38.5207 2.4
      vertex 102.53 39.5303 2.4
    endloop
  endfacet
  facet normal -0 0 -1
    outer loop
      vertex 102.53 39.5303 2.4
      vertex 101.521 38.5207 2.4
      vertex 102.457 39.595 2.4
    endloop
  endfacet
  facet normal -0 0 -1
    outer loop
      vertex 102.457 39.595 2.4
      vertex 101.521 38.5207 2.4
      vertex 102.375 39.6495 2.4
    endloop
  endfacet
  facet normal -0 0 -1
    outer loop
      vertex 102.375 39.6495 2.4
      vertex 101.521 38.5207 2.4
      vertex 102.287 39.6929 2.4
    endloop
  endfacet
  facet normal -0 0 -1
    outer loop
      vertex 102.287 39.6929 2.4
      vertex 101.521 38.5207 2.4
      vertex 102.194 39.7244 2.4
    endloop
  endfacet
  facet normal -0 0 -1
    outer loop
      vertex 102.194 39.7244 2.4
      vertex 101.521 38.5207 2.4
      vertex 102.098 39.7436 2.4
    endloop
  endfacet
  facet normal -0 0 -1
    outer loop
      vertex 102.098 39.7436 2.4
      vertex 101.521 38.5207 2.4
      vertex 102 39.75 2.4
    endloop
  endfacet
  facet normal 0 0 -1
    outer loop
      vertex 101.511 38.5293 2.4
      vertex 102 39.75 2.4
      vertex 101.521 38.5207 2.4
    endloop
  endfacet
  facet normal 0 0 -1
    outer loop
      vertex 101.5 38.5366 2.4
      vertex 102 39.75 2.4
      vertex 101.511 38.5293 2.4
    endloop
  endfacet
  facet normal 0 0 -1
    outer loop
      vertex 101.488 38.5424 2.4
      vertex 102 39.75 2.4
      vertex 101.5 38.5366 2.4
    endloop
  endfacet
  facet normal 0 0 -1
    outer loop
      vertex 101.476 38.5466 2.4
      vertex 102 39.75 2.4
      vertex 101.488 38.5424 2.4
    endloop
  endfacet
  facet normal 0 0 -1
    outer loop
      vertex 101.463 38.5491 2.4
      vertex 102 39.75 2.4
      vertex 101.476 38.5466 2.4
    endloop
  endfacet
  facet normal 0 0 -1
    outer loop
      vertex 101.45 38.55 2.4
      vertex 102 39.75 2.4
      vertex 101.463 38.5491 2.4
    endloop
  endfacet
  facet normal 0 0 -1
    outer loop
      vertex 3.55001 38.55 2.4
      vertex 102 39.75 2.4
      vertex 101.45 38.55 2.4
    endloop
  endfacet
  facet normal 0 0 -1
    outer loop
      vertex 3.55001 38.55 2.4
      vertex 3 39.75 2.4
      vertex 102 39.75 2.4
    endloop
  endfacet
  facet normal 0 0 -1
    outer loop
      vertex 3.53696 38.5491 2.4
      vertex 3 39.75 2.4
      vertex 3.55001 38.55 2.4
    endloop
  endfacet
  facet normal 0 0 -1
    outer loop
      vertex 3.52413 38.5466 2.4
      vertex 3 39.75 2.4
      vertex 3.53696 38.5491 2.4
    endloop
  endfacet
  facet normal 0 0 -1
    outer loop
      vertex 3.51174 38.5424 2.4
      vertex 3 39.75 2.4
      vertex 3.52413 38.5466 2.4
    endloop
  endfacet
  facet normal 0 0 -1
    outer loop
      vertex 3.5 38.5366 2.4
      vertex 3 39.75 2.4
      vertex 3.51174 38.5424 2.4
    endloop
  endfacet
  facet normal 0 0 -1
    outer loop
      vertex 3.48912 38.5293 2.4
      vertex 3 39.75 2.4
      vertex 3.5 38.5366 2.4
    endloop
  endfacet
  facet normal 0 0 -1
    outer loop
      vertex 3.4793 38.5207 2.4
      vertex 3 39.75 2.4
      vertex 3.48912 38.5293 2.4
    endloop
  endfacet
  facet normal 0 0 -1
    outer loop
      vertex 2.25 39 2.4
      vertex 3.4793 38.5207 2.4
      vertex 3.47068 38.5109 2.4
    endloop
  endfacet
  facet normal 0 0 -1
    outer loop
      vertex 2.25 39 2.4
      vertex 3.47068 38.5109 2.4
      vertex 3.4634 38.5 2.4
    endloop
  endfacet
  facet normal 0 0 -1
    outer loop
      vertex 2.25 39 2.4
      vertex 3.4634 38.5 2.4
      vertex 3.45761 38.4883 2.4
    endloop
  endfacet
  facet normal 0 0 -1
    outer loop
      vertex 2.25 39 2.4
      vertex 3.45761 38.4883 2.4
      vertex 3.45342 38.4759 2.4
    endloop
  endfacet
  facet normal 0 0 -1
    outer loop
      vertex 2.25 39 2.4
      vertex 3.45342 38.4759 2.4
      vertex 3.45085 38.463 2.4
    endloop
  endfacet
  facet normal 0 0 -1
    outer loop
      vertex 2.25 39 2.4
      vertex 3.45085 38.463 2.4
      vertex 3.45 38.45 2.4
    endloop
  endfacet
  facet normal -0 0 -1
    outer loop
      vertex 3.45 3.55001 2.4
      vertex 2.25 3 2.4
      vertex 3.45 38.45 2.4
    endloop
  endfacet
  facet normal 0 0 -1
    outer loop
      vertex 2.35048 2.625 2.4
      vertex 3.4793 3.4793 2.4
      vertex 2.40498 2.54343 2.4
    endloop
  endfacet
  facet normal 0 0 -1
    outer loop
      vertex 2.25 39 2.4
      vertex 3.45 38.45 2.4
      vertex 2.25 3 2.4
    endloop
  endfacet
  facet normal 0 0 -1
    outer loop
      vertex 2.30708 2.71298 2.4
      vertex 3.4793 3.4793 2.4
      vertex 2.35048 2.625 2.4
    endloop
  endfacet
  facet normal 0 0 -1
    outer loop
      vertex 3.4793 38.5207 2.4
      vertex 2.25 39 2.4
      vertex 2.27556 39.1941 2.4
    endloop
  endfacet
  facet normal 0 0 -1
    outer loop
      vertex 2.27556 2.80589 2.4
      vertex 3.4793 3.4793 2.4
      vertex 2.30708 2.71298 2.4
    endloop
  endfacet
  facet normal 0 0 -1
    outer loop
      vertex 3.4793 38.5207 2.4
      vertex 2.9021 39.7436 2.4
      vertex 3 39.75 2.4
    endloop
  endfacet
  facet normal 0 0 -1
    outer loop
      vertex 2.25 3 2.4
      vertex 3.4793 3.4793 2.4
      vertex 2.27556 2.80589 2.4
    endloop
  endfacet
  facet normal 0 0 -1
    outer loop
      vertex 3.4793 38.5207 2.4
      vertex 2.80589 39.7244 2.4
      vertex 2.9021 39.7436 2.4
    endloop
  endfacet
  facet normal -0 0 -1
    outer loop
      vertex 3.4793 3.4793 2.4
      vertex 2.25 3 2.4
      vertex 3.47068 3.48912 2.4
    endloop
  endfacet
  facet normal 0 0 -1
    outer loop
      vertex 3.4793 38.5207 2.4
      vertex 2.71298 39.6929 2.4
      vertex 2.80589 39.7244 2.4
    endloop
  endfacet
  facet normal -0 0 -1
    outer loop
      vertex 3.4634 3.5 2.4
      vertex 2.25 3 2.4
      vertex 3.45761 3.51174 2.4
    endloop
  endfacet
  facet normal 0 0 -1
    outer loop
      vertex 3.4793 38.5207 2.4
      vertex 2.625 39.6495 2.4
      vertex 2.71298 39.6929 2.4
    endloop
  endfacet
  facet normal -0 0 -1
    outer loop
      vertex 3.45085 3.53696 2.4
      vertex 2.25 3 2.4
      vertex 3.45 3.55001 2.4
    endloop
  endfacet
  facet normal 0 0 -1
    outer loop
      vertex 3.4793 38.5207 2.4
      vertex 2.54343 39.595 2.4
      vertex 2.625 39.6495 2.4
    endloop
  endfacet
  facet normal -0 0 -1
    outer loop
      vertex 3.45342 3.52413 2.4
      vertex 2.25 3 2.4
      vertex 3.45085 3.53696 2.4
    endloop
  endfacet
  facet normal 0 0 -1
    outer loop
      vertex 3.4793 38.5207 2.4
      vertex 2.46967 39.5303 2.4
      vertex 2.54343 39.595 2.4
    endloop
  endfacet
  facet normal -0 0 -1
    outer loop
      vertex 3.45761 3.51174 2.4
      vertex 2.25 3 2.4
      vertex 3.45342 3.52413 2.4
    endloop
  endfacet
  facet normal 0 0 -1
    outer loop
      vertex 3.4793 38.5207 2.4
      vertex 2.40498 39.4566 2.4
      vertex 2.46967 39.5303 2.4
    endloop
  endfacet
  facet normal -0 0 -1
    outer loop
      vertex 3.47068 3.48912 2.4
      vertex 2.25 3 2.4
      vertex 3.4634 3.5 2.4
    endloop
  endfacet
  facet normal 0 0 -1
    outer loop
      vertex 3.4793 38.5207 2.4
      vertex 2.35048 39.375 2.4
      vertex 2.40498 39.4566 2.4
    endloop
  endfacet
  facet normal 0 0 -1
    outer loop
      vertex 2.25 3 2.4
      vertex 2.27556 2.80589 2.4
      vertex 2.25642 2.9021 2.4
    endloop
  endfacet
  facet normal 0 0 -1
    outer loop
      vertex 3.4793 38.5207 2.4
      vertex 2.30708 39.287 2.4
      vertex 2.35048 39.375 2.4
    endloop
  endfacet
  facet normal 0 0 -1
    outer loop
      vertex 3.4793 38.5207 2.4
      vertex 2.27556 39.1941 2.4
      vertex 2.30708 39.287 2.4
    endloop
  endfacet
  facet normal 0 0 -1
    outer loop
      vertex 2.27556 39.1941 2.4
      vertex 2.25 39 2.4
      vertex 2.25642 39.0979 2.4
    endloop
  endfacet
  facet normal 0.553528 0.832831 -0
    outer loop
      vertex 102.457 39.595 2.4
      vertex 102.375 39.6495 4.4
      vertex 102.457 39.595 4.4
    endloop
  endfacet
  facet normal 0.553528 0.832831 0
    outer loop
      vertex 102.375 39.6495 4.4
      vertex 102.457 39.595 2.4
      vertex 102.375 39.6495 2.4
    endloop
  endfacet
  facet normal 0.196116 0.980581 -0
    outer loop
      vertex 102.194 39.7244 2.4
      vertex 102.098 39.7436 4.4
      vertex 102.194 39.7244 4.4
    endloop
  endfacet
  facet normal 0.196116 0.980581 0
    outer loop
      vertex 102.098 39.7436 4.4
      vertex 102.194 39.7244 2.4
      vertex 102.098 39.7436 2.4
    endloop
  endfacet
  facet normal -0.659428 0.751768 0
    outer loop
      vertex 2.54343 39.595 2.4
      vertex 2.46967 39.5303 4.4
      vertex 2.54343 39.595 4.4
    endloop
  endfacet
  facet normal -0.659428 0.751768 0
    outer loop
      vertex 2.46967 39.5303 4.4
      vertex 2.54343 39.595 2.4
      vertex 2.46967 39.5303 2.4
    endloop
  endfacet
  facet normal -0.442396 0.89682 0
    outer loop
      vertex 2.71298 39.6929 2.4
      vertex 2.625 39.6495 4.4
      vertex 2.71298 39.6929 4.4
    endloop
  endfacet
  facet normal -0.442396 0.89682 0
    outer loop
      vertex 2.625 39.6495 4.4
      vertex 2.71298 39.6929 2.4
      vertex 2.625 39.6495 2.4
    endloop
  endfacet
  facet normal -0.831485 -0.555547 0
    outer loop
      vertex 2.40498 2.54343 2.4
      vertex 2.35048 2.625 4.4
      vertex 2.35048 2.625 2.4
    endloop
  endfacet
  facet normal -0.831485 -0.555547 0
    outer loop
      vertex 2.35048 2.625 4.4
      vertex 2.40498 2.54343 2.4
      vertex 2.40498 2.54343 4.4
    endloop
  endfacet
  facet normal -0.89686 0.442315 0
    outer loop
      vertex 2.30708 39.287 2.4
      vertex 2.35048 39.375 4.4
      vertex 2.35048 39.375 2.4
    endloop
  endfacet
  facet normal -0.89686 0.442315 0
    outer loop
      vertex 2.35048 39.375 4.4
      vertex 2.30708 39.287 2.4
      vertex 2.30708 39.287 4.4
    endloop
  endfacet
  facet normal 0.948581 0.316534 0
    outer loop
      vertex 102.724 39.1941 4.4
      vertex 102.693 39.287 2.4
      vertex 102.693 39.287 4.4
    endloop
  endfacet
  facet normal 0.948581 0.316534 0
    outer loop
      vertex 102.693 39.287 2.4
      vertex 102.724 39.1941 4.4
      vertex 102.724 39.1941 2.4
    endloop
  endfacet
  facet normal 0.979065 0.203548 0
    outer loop
      vertex 102.744 39.0979 4.4
      vertex 102.724 39.1941 2.4
      vertex 102.724 39.1941 4.4
    endloop
  endfacet
  facet normal 0.979065 0.203548 0
    outer loop
      vertex 102.724 39.1941 2.4
      vertex 102.744 39.0979 4.4
      vertex 102.744 39.0979 2.4
    endloop
  endfacet
  facet normal -0.98078 -0.195116 0
    outer loop
      vertex 2.27556 2.80589 2.4
      vertex 2.25642 2.9021 4.4
      vertex 2.25642 2.9021 2.4
    endloop
  endfacet
  facet normal -0.98078 -0.195116 0
    outer loop
      vertex 2.25642 2.9021 4.4
      vertex 2.27556 2.80589 2.4
      vertex 2.27556 2.80589 4.4
    endloop
  endfacet
  facet normal -0.0652453 0.997869 0
    outer loop
      vertex 101.463 3.45085 2.4
      vertex 101.45 3.45 4.4
      vertex 101.463 3.45085 4.4
    endloop
  endfacet
  facet normal -0.0652453 0.997869 0
    outer loop
      vertex 101.45 3.45 4.4
      vertex 101.463 3.45085 2.4
      vertex 101.45 3.45 2.4
    endloop
  endfacet
  facet normal -0.988194 -0.153208 0
    outer loop
      vertex 101.549 38.463 2.4
      vertex 101.547 38.4759 4.4
      vertex 101.547 38.4759 2.4
    endloop
  endfacet
  facet normal -0.988194 -0.153208 0
    outer loop
      vertex 101.547 38.4759 4.4
      vertex 101.549 38.463 2.4
      vertex 101.549 38.463 4.4
    endloop
  endfacet
  facet normal -0.65291 0.757436 0
    outer loop
      vertex 101.521 3.4793 2.4
      vertex 101.511 3.47068 4.4
      vertex 101.521 3.4793 4.4
    endloop
  endfacet
  facet normal -0.65291 0.757436 0
    outer loop
      vertex 101.511 3.47068 4.4
      vertex 101.521 3.4793 2.4
      vertex 101.511 3.47068 2.4
    endloop
  endfacet
  facet normal -0.0690655 -0.997612 0
    outer loop
      vertex 101.45 38.55 2.4
      vertex 101.463 38.5491 4.4
      vertex 101.45 38.55 4.4
    endloop
  endfacet
  facet normal -0.0690655 -0.997612 -0
    outer loop
      vertex 101.463 38.5491 4.4
      vertex 101.45 38.55 2.4
      vertex 101.463 38.5491 2.4
    endloop
  endfacet
  facet normal 0.0649964 0.997886 -0
    outer loop
      vertex 3.55001 3.45 2.4
      vertex 3.53696 3.45085 4.4
      vertex 3.55001 3.45 4.4
    endloop
  endfacet
  facet normal 0.0649964 0.997886 0
    outer loop
      vertex 3.53696 3.45085 4.4
      vertex 3.55001 3.45 2.4
      vertex 3.53696 3.45085 2.4
    endloop
  endfacet
  facet normal 1 -0 0
    outer loop
      vertex 3.45 3.55001 4.4
      vertex 3.45 38.45 2.4
      vertex 3.45 38.45 4.4
    endloop
  endfacet
  facet normal 1 0 0
    outer loop
      vertex 3.45 38.45 2.4
      vertex 3.45 3.55001 4.4
      vertex 3.45 3.55001 2.4
    endloop
  endfacet
  facet normal 0.65883 -0.752292 0
    outer loop
      vertex 3.4793 38.5207 2.4
      vertex 3.48912 38.5293 4.4
      vertex 3.4793 38.5207 4.4
    endloop
  endfacet
  facet normal 0.65883 -0.752292 0
    outer loop
      vertex 3.48912 38.5293 4.4
      vertex 3.4793 38.5207 2.4
      vertex 3.48912 38.5293 2.4
    endloop
  endfacet
  facet normal 0.659696 0.751533 -0
    outer loop
      vertex 3.48912 3.47068 2.4
      vertex 3.4793 3.4793 4.4
      vertex 3.48912 3.47068 4.4
    endloop
  endfacet
  facet normal 0.659696 0.751533 0
    outer loop
      vertex 3.4793 3.4793 4.4
      vertex 3.48912 3.47068 2.4
      vertex 3.4793 3.4793 2.4
    endloop
  endfacet
  facet normal 0 -1 0
    outer loop
      vertex 3.55001 38.55 2.4
      vertex 101.45 38.55 4.4
      vertex 3.55001 38.55 4.4
    endloop
  endfacet
  facet normal 0 -1 -0
    outer loop
      vertex 101.45 38.55 4.4
      vertex 3.55001 38.55 2.4
      vertex 101.45 38.55 2.4
    endloop
  endfacet
  facet normal 0.831581 -0.555404 0
    outer loop
      vertex 3.4634 38.5 4.4
      vertex 3.47068 38.5109 2.4
      vertex 3.47068 38.5109 4.4
    endloop
  endfacet
  facet normal 0.831581 -0.555404 0
    outer loop
      vertex 3.47068 38.5109 2.4
      vertex 3.4634 38.5 4.4
      vertex 3.4634 38.5 2.4
    endloop
  endfacet
  facet normal -0.652039 -0.758185 0
    outer loop
      vertex 101.511 38.5293 2.4
      vertex 101.521 38.5207 4.4
      vertex 101.511 38.5293 4.4
    endloop
  endfacet
  facet normal -0.652039 -0.758185 -0
    outer loop
      vertex 101.521 38.5207 4.4
      vertex 101.511 38.5293 2.4
      vertex 101.521 38.5207 2.4
    endloop
  endfacet
  facet normal 0 1 -0
    outer loop
      vertex 101.45 3.45 2.4
      vertex 3.55001 3.45 4.4
      vertex 101.45 3.45 4.4
    endloop
  endfacet
  facet normal 0 1 0
    outer loop
      vertex 3.55001 3.45 4.4
      vertex 101.45 3.45 2.4
      vertex 3.55001 3.45 2.4
    endloop
  endfacet
  facet normal 0.442932 -0.896555 0
    outer loop
      vertex 3.5 38.5366 2.4
      vertex 3.51174 38.5424 4.4
      vertex 3.5 38.5366 4.4
    endloop
  endfacet
  facet normal 0.442932 -0.896555 0
    outer loop
      vertex 3.51174 38.5424 4.4
      vertex 3.5 38.5366 2.4
      vertex 3.51174 38.5424 2.4
    endloop
  endfacet
  facet normal -0.997077 0.0764044 0
    outer loop
      vertex 101.549 3.53696 2.4
      vertex 101.55 3.55001 4.4
      vertex 101.55 3.55001 2.4
    endloop
  endfacet
  facet normal -0.997077 0.0764044 0
    outer loop
      vertex 101.55 3.55001 4.4
      vertex 101.549 3.53696 2.4
      vertex 101.549 3.53696 4.4
    endloop
  endfacet
  facet normal -0.774661 -0.632376 0
    outer loop
      vertex 101.529 38.5109 2.4
      vertex 101.521 38.5207 4.4
      vertex 101.521 38.5207 2.4
    endloop
  endfacet
  facet normal -0.774661 -0.632376 0
    outer loop
      vertex 101.521 38.5207 4.4
      vertex 101.529 38.5109 2.4
      vertex 101.529 38.5109 4.4
    endloop
  endfacet
  facet normal -0.551898 0.833912 0
    outer loop
      vertex 101.511 3.47068 2.4
      vertex 101.5 3.4634 4.4
      vertex 101.511 3.47068 4.4
    endloop
  endfacet
  facet normal -0.551898 0.833912 0
    outer loop
      vertex 101.5 3.4634 4.4
      vertex 101.511 3.47068 2.4
      vertex 101.5 3.4634 2.4
    endloop
  endfacet
  facet normal 0.320353 0.947298 -0
    outer loop
      vertex 3.52413 3.45342 2.4
      vertex 3.51174 3.45761 4.4
      vertex 3.52413 3.45342 4.4
    endloop
  endfacet
  facet normal 0.320353 0.947298 0
    outer loop
      vertex 3.51174 3.45761 4.4
      vertex 3.52413 3.45342 2.4
      vertex 3.51174 3.45761 2.4
    endloop
  endfacet
  facet normal 0.831109 0.55611 0
    outer loop
      vertex 3.47068 3.48912 4.4
      vertex 3.4634 3.5 2.4
      vertex 3.4634 3.5 4.4
    endloop
  endfacet
  facet normal 0.831109 0.55611 0
    outer loop
      vertex 3.4634 3.5 2.4
      vertex 3.47068 3.48912 4.4
      vertex 3.47068 3.48912 2.4
    endloop
  endfacet
  facet normal 0.55611 0.831109 -0
    outer loop
      vertex 3.5 3.4634 2.4
      vertex 3.48912 3.47068 4.4
      vertex 3.5 3.4634 4.4
    endloop
  endfacet
  facet normal 0.55611 0.831109 0
    outer loop
      vertex 3.48912 3.47068 4.4
      vertex 3.5 3.4634 2.4
      vertex 3.48912 3.47068 2.4
    endloop
  endfacet
  facet normal -1 0 0
    outer loop
      vertex 101.55 3.55001 2.4
      vertex 101.55 38.45 4.4
      vertex 101.55 38.45 2.4
    endloop
  endfacet
  facet normal -1 -0 0
    outer loop
      vertex 101.55 38.45 4.4
      vertex 101.55 3.55001 2.4
      vertex 101.55 3.55001 4.4
    endloop
  endfacet
  facet normal 0.997869 -0.0652453 0
    outer loop
      vertex 3.45 38.45 4.4
      vertex 3.45085 38.463 2.4
      vertex 3.45085 38.463 4.4
    endloop
  endfacet
  facet normal 0.997869 -0.0652453 0
    outer loop
      vertex 3.45085 38.463 2.4
      vertex 3.45 38.45 4.4
      vertex 3.45 38.45 2.4
    endloop
  endfacet
  facet normal -0.988067 0.154024 0
    outer loop
      vertex 101.547 3.52413 2.4
      vertex 101.549 3.53696 4.4
      vertex 101.549 3.53696 2.4
    endloop
  endfacet
  facet normal -0.988067 0.154024 0
    outer loop
      vertex 101.549 3.53696 4.4
      vertex 101.547 3.52413 2.4
      vertex 101.547 3.52413 4.4
    endloop
  endfacet
  facet normal 0.557164 -0.830403 0
    outer loop
      vertex 3.48912 38.5293 2.4
      vertex 3.5 38.5366 4.4
      vertex 3.48912 38.5293 4.4
    endloop
  endfacet
  facet normal 0.557164 -0.830403 0
    outer loop
      vertex 3.5 38.5366 4.4
      vertex 3.48912 38.5293 2.4
      vertex 3.5 38.5366 2.4
    endloop
  endfacet
  facet normal 0.0688021 -0.99763 0
    outer loop
      vertex 3.53696 38.5491 2.4
      vertex 3.55001 38.55 4.4
      vertex 3.53696 38.5491 4.4
    endloop
  endfacet
  facet normal 0.0688021 -0.99763 0
    outer loop
      vertex 3.55001 38.55 4.4
      vertex 3.53696 38.5491 2.4
      vertex 3.55001 38.55 2.4
    endloop
  endfacet
  facet normal -0.188847 -0.982006 0
    outer loop
      vertex 101.463 38.5491 2.4
      vertex 101.476 38.5466 4.4
      vertex 101.463 38.5491 4.4
    endloop
  endfacet
  facet normal -0.188847 -0.982006 -0
    outer loop
      vertex 101.476 38.5466 4.4
      vertex 101.463 38.5491 2.4
      vertex 101.476 38.5466 2.4
    endloop
  endfacet
  facet normal 0.896858 0.442318 0
    outer loop
      vertex 3.4634 3.5 4.4
      vertex 3.45761 3.51174 2.4
      vertex 3.45761 3.51174 4.4
    endloop
  endfacet
  facet normal 0.896858 0.442318 0
    outer loop
      vertex 3.45761 3.51174 2.4
      vertex 3.4634 3.5 4.4
      vertex 3.4634 3.5 2.4
    endloop
  endfacet
  facet normal -0.33035 -0.943858 0
    outer loop
      vertex 101.476 38.5466 2.4
      vertex 101.488 38.5424 4.4
      vertex 101.476 38.5466 4.4
    endloop
  endfacet
  facet normal -0.33035 -0.943858 -0
    outer loop
      vertex 101.488 38.5424 4.4
      vertex 101.476 38.5466 2.4
      vertex 101.488 38.5424 2.4
    endloop
  endfacet
  facet normal -0.919551 -0.392971 0
    outer loop
      vertex 101.542 38.4883 2.4
      vertex 101.537 38.5 4.4
      vertex 101.537 38.5 2.4
    endloop
  endfacet
  facet normal -0.919551 -0.392971 0
    outer loop
      vertex 101.537 38.5 4.4
      vertex 101.542 38.4883 2.4
      vertex 101.542 38.4883 4.4
    endloop
  endfacet
  facet normal 0.751533 0.659696 0
    outer loop
      vertex 3.4793 3.4793 4.4
      vertex 3.47068 3.48912 2.4
      vertex 3.47068 3.48912 4.4
    endloop
  endfacet
  facet normal 0.751533 0.659696 0
    outer loop
      vertex 3.47068 3.48912 2.4
      vertex 3.4793 3.4793 4.4
      vertex 3.4793 3.4793 2.4
    endloop
  endfacet
  facet normal 0.947298 0.320353 0
    outer loop
      vertex 3.45761 3.51174 4.4
      vertex 3.45342 3.52413 2.4
      vertex 3.45342 3.52413 4.4
    endloop
  endfacet
  facet normal 0.947298 0.320353 0
    outer loop
      vertex 3.45342 3.52413 2.4
      vertex 3.45761 3.51174 4.4
      vertex 3.45761 3.51174 2.4
    endloop
  endfacet
  facet normal 0.980727 -0.195385 0
    outer loop
      vertex 3.45085 38.463 4.4
      vertex 3.45342 38.4759 2.4
      vertex 3.45342 38.4759 4.4
    endloop
  endfacet
  facet normal 0.980727 -0.195385 0
    outer loop
      vertex 3.45342 38.4759 2.4
      vertex 3.45085 38.463 4.4
      vertex 3.45085 38.463 2.4
    endloop
  endfacet
  facet normal 0.19641 0.980522 -0
    outer loop
      vertex 3.53696 3.45085 2.4
      vertex 3.52413 3.45342 4.4
      vertex 3.53696 3.45085 4.4
    endloop
  endfacet
  facet normal 0.19641 0.980522 0
    outer loop
      vertex 3.52413 3.45342 4.4
      vertex 3.53696 3.45085 2.4
      vertex 3.52413 3.45342 2.4
    endloop
  endfacet
  facet normal -0.805651 0.59239 0
    outer loop
      vertex 101.529 3.48912 2.4
      vertex 101.537 3.5 4.4
      vertex 101.537 3.5 2.4
    endloop
  endfacet
  facet normal -0.805651 0.59239 0
    outer loop
      vertex 101.537 3.5 4.4
      vertex 101.529 3.48912 2.4
      vertex 101.529 3.48912 4.4
    endloop
  endfacet
  facet normal 0.947376 -0.320122 0
    outer loop
      vertex 3.45342 38.4759 4.4
      vertex 3.45761 38.4883 2.4
      vertex 3.45761 38.4883 4.4
    endloop
  endfacet
  facet normal 0.947376 -0.320122 0
    outer loop
      vertex 3.45761 38.4883 2.4
      vertex 3.45342 38.4759 4.4
      vertex 3.45342 38.4759 2.4
    endloop
  endfacet
  facet normal 0.896258 -0.443533 0
    outer loop
      vertex 3.45761 38.4883 4.4
      vertex 3.4634 38.5 2.4
      vertex 3.4634 38.5 4.4
    endloop
  endfacet
  facet normal 0.896258 -0.443533 0
    outer loop
      vertex 3.4634 38.5 2.4
      vertex 3.45761 38.4883 4.4
      vertex 3.45761 38.4883 2.4
    endloop
  endfacet
  facet normal -0.80617 -0.591684 0
    outer loop
      vertex 101.537 38.5 2.4
      vertex 101.529 38.5109 4.4
      vertex 101.529 38.5109 2.4
    endloop
  endfacet
  facet normal -0.80617 -0.591684 0
    outer loop
      vertex 101.529 38.5109 4.4
      vertex 101.537 38.5 2.4
      vertex 101.537 38.5 4.4
    endloop
  endfacet
  facet normal -0.435169 -0.900349 0
    outer loop
      vertex 101.488 38.5424 2.4
      vertex 101.5 38.5366 4.4
      vertex 101.488 38.5424 4.4
    endloop
  endfacet
  facet normal -0.435169 -0.900349 -0
    outer loop
      vertex 101.5 38.5366 4.4
      vertex 101.488 38.5424 2.4
      vertex 101.5 38.5366 2.4
    endloop
  endfacet
  facet normal 0.191259 -0.98154 0
    outer loop
      vertex 3.52413 38.5466 2.4
      vertex 3.53696 38.5491 4.4
      vertex 3.52413 38.5466 4.4
    endloop
  endfacet
  facet normal 0.191259 -0.98154 0
    outer loop
      vertex 3.53696 38.5491 4.4
      vertex 3.52413 38.5466 2.4
      vertex 3.53696 38.5491 2.4
    endloop
  endfacet
  facet normal 0.321039 -0.947066 0
    outer loop
      vertex 3.51174 38.5424 2.4
      vertex 3.52413 38.5466 4.4
      vertex 3.51174 38.5424 4.4
    endloop
  endfacet
  facet normal 0.321039 -0.947066 0
    outer loop
      vertex 3.52413 38.5466 4.4
      vertex 3.51174 38.5424 2.4
      vertex 3.52413 38.5466 2.4
    endloop
  endfacet
  facet normal -0.927337 0.374228 0
    outer loop
      vertex 101.542 3.51174 2.4
      vertex 101.547 3.52413 4.4
      vertex 101.547 3.52413 2.4
    endloop
  endfacet
  facet normal -0.927337 0.374228 0
    outer loop
      vertex 101.547 3.52413 4.4
      vertex 101.542 3.51174 2.4
      vertex 101.542 3.51174 4.4
    endloop
  endfacet
  facet normal -0.927441 -0.373968 0
    outer loop
      vertex 101.547 38.4759 2.4
      vertex 101.542 38.4883 4.4
      vertex 101.542 38.4883 2.4
    endloop
  endfacet
  facet normal -0.927441 -0.373968 0
    outer loop
      vertex 101.542 38.4883 4.4
      vertex 101.547 38.4759 2.4
      vertex 101.547 38.4759 4.4
    endloop
  endfacet
  facet normal -0.920034 0.391837 0
    outer loop
      vertex 101.537 3.5 2.4
      vertex 101.542 3.51174 4.4
      vertex 101.542 3.51174 2.4
    endloop
  endfacet
  facet normal -0.920034 0.391837 0
    outer loop
      vertex 101.542 3.51174 4.4
      vertex 101.537 3.5 2.4
      vertex 101.537 3.5 4.4
    endloop
  endfacet
  facet normal -0.329649 0.944103 0
    outer loop
      vertex 101.488 3.45761 2.4
      vertex 101.476 3.45342 4.4
      vertex 101.488 3.45761 4.4
    endloop
  endfacet
  facet normal -0.329649 0.944103 0
    outer loop
      vertex 101.476 3.45342 4.4
      vertex 101.488 3.45761 2.4
      vertex 101.476 3.45342 2.4
    endloop
  endfacet
  facet normal 0.997886 0.0649964 0
    outer loop
      vertex 3.45085 3.53696 4.4
      vertex 3.45 3.55001 2.4
      vertex 3.45 3.55001 4.4
    endloop
  endfacet
  facet normal 0.997886 0.0649964 0
    outer loop
      vertex 3.45 3.55001 2.4
      vertex 3.45085 3.53696 4.4
      vertex 3.45085 3.53696 2.4
    endloop
  endfacet
  facet normal 0.980522 0.19641 0
    outer loop
      vertex 3.45342 3.52413 4.4
      vertex 3.45085 3.53696 2.4
      vertex 3.45085 3.53696 4.4
    endloop
  endfacet
  facet normal 0.980522 0.19641 0
    outer loop
      vertex 3.45085 3.53696 2.4
      vertex 3.45342 3.52413 4.4
      vertex 3.45342 3.52413 2.4
    endloop
  endfacet
  facet normal 0.750865 -0.660455 0
    outer loop
      vertex 3.47068 38.5109 4.4
      vertex 3.4793 38.5207 2.4
      vertex 3.4793 38.5207 4.4
    endloop
  endfacet
  facet normal 0.750865 -0.660455 0
    outer loop
      vertex 3.4793 38.5207 2.4
      vertex 3.47068 38.5109 4.4
      vertex 3.47068 38.5109 2.4
    endloop
  endfacet
  facet normal 0.442318 0.896858 -0
    outer loop
      vertex 3.51174 3.45761 2.4
      vertex 3.5 3.4634 4.4
      vertex 3.51174 3.45761 4.4
    endloop
  endfacet
  facet normal 0.442318 0.896858 0
    outer loop
      vertex 3.5 3.4634 4.4
      vertex 3.51174 3.45761 2.4
      vertex 3.5 3.4634 2.4
    endloop
  endfacet
  facet normal -0.775292 0.631603 0
    outer loop
      vertex 101.521 3.4793 2.4
      vertex 101.529 3.48912 4.4
      vertex 101.529 3.48912 2.4
    endloop
  endfacet
  facet normal -0.775292 0.631603 0
    outer loop
      vertex 101.529 3.48912 4.4
      vertex 101.521 3.4793 2.4
      vertex 101.521 3.4793 4.4
    endloop
  endfacet
  facet normal -0.43456 0.900643 0
    outer loop
      vertex 101.5 3.4634 2.4
      vertex 101.488 3.45761 4.4
      vertex 101.5 3.4634 4.4
    endloop
  endfacet
  facet normal -0.43456 0.900643 0
    outer loop
      vertex 101.488 3.45761 4.4
      vertex 101.5 3.4634 2.4
      vertex 101.488 3.45761 2.4
    endloop
  endfacet
  facet normal -0.193939 0.981014 0
    outer loop
      vertex 101.476 3.45342 2.4
      vertex 101.463 3.45085 4.4
      vertex 101.476 3.45342 4.4
    endloop
  endfacet
  facet normal -0.193939 0.981014 0
    outer loop
      vertex 101.463 3.45085 4.4
      vertex 101.476 3.45342 2.4
      vertex 101.463 3.45085 2.4
    endloop
  endfacet
  facet normal -0.997054 -0.0766965 0
    outer loop
      vertex 101.55 38.45 2.4
      vertex 101.549 38.463 4.4
      vertex 101.549 38.463 2.4
    endloop
  endfacet
  facet normal -0.997054 -0.0766965 0
    outer loop
      vertex 101.549 38.463 4.4
      vertex 101.55 38.45 2.4
      vertex 101.55 38.45 4.4
    endloop
  endfacet
  facet normal -0.552951 -0.833214 0
    outer loop
      vertex 101.5 38.5366 2.4
      vertex 101.511 38.5293 4.4
      vertex 101.5 38.5366 4.4
    endloop
  endfacet
  facet normal -0.552951 -0.833214 -0
    outer loop
      vertex 101.511 38.5293 4.4
      vertex 101.5 38.5366 2.4
      vertex 101.511 38.5293 2.4
    endloop
  endfacet
  facet normal -0.0654043 -0.997859 0
    outer loop
      vertex 2.60843 0.0256653 0
      vertex 3 0 2.4
      vertex 2.60843 0.0256653 2.4
    endloop
  endfacet
  facet normal -0.0654043 -0.997859 -0
    outer loop
      vertex 3 0 2.4
      vertex 2.60843 0.0256653 0
      vertex 3 0 0
    endloop
  endfacet
  facet normal 0.321136 -0.947033 0
    outer loop
      vertex 102.776 0.102219 0
      vertex 103.148 0.228363 2.4
      vertex 102.776 0.102219 2.4
    endloop
  endfacet
  facet normal 0.321136 -0.947033 0
    outer loop
      vertex 103.148 0.228363 2.4
      vertex 102.776 0.102219 0
      vertex 103.148 0.228363 0
    endloop
  endfacet
  facet normal 0 -1 0
    outer loop
      vertex 3 0 0
      vertex 102 0 2.4
      vertex 3 0 2.4
    endloop
  endfacet
  facet normal 0 -1 -0
    outer loop
      vertex 102 0 2.4
      vertex 3 0 0
      vertex 102 0 0
    endloop
  endfacet
  facet normal 0.195511 -0.980701 0
    outer loop
      vertex 102.392 0.0256653 0
      vertex 102.776 0.102219 2.4
      vertex 102.392 0.0256653 2.4
    endloop
  endfacet
  facet normal 0.195511 -0.980701 0
    outer loop
      vertex 102.776 0.102219 2.4
      vertex 102.392 0.0256653 0
      vertex 102.776 0.102219 0
    endloop
  endfacet
  facet normal -0.195076 -0.980788 0
    outer loop
      vertex 2.22354 0.102219 0
      vertex 2.60843 0.0256653 2.4
      vertex 2.22354 0.102219 2.4
    endloop
  endfacet
  facet normal -0.195076 -0.980788 -0
    outer loop
      vertex 2.60843 0.0256653 2.4
      vertex 2.22354 0.102219 0
      vertex 2.60843 0.0256653 0
    endloop
  endfacet
  facet normal -0.659424 0.751771 0
    outer loop
      vertex 1.17372 41.3801 0
      vertex 0.878677 41.1213 2.4
      vertex 1.17372 41.3801 2.4
    endloop
  endfacet
  facet normal -0.659424 0.751771 0
    outer loop
      vertex 0.878677 41.1213 2.4
      vertex 1.17372 41.3801 0
      vertex 0.878677 41.1213 0
    endloop
  endfacet
  facet normal 0.0653328 -0.997864 0
    outer loop
      vertex 102 0 0
      vertex 102.392 0.0256653 2.4
      vertex 102 0 2.4
    endloop
  endfacet
  facet normal 0.0653328 -0.997864 0
    outer loop
      vertex 102.392 0.0256653 2.4
      vertex 102 0 0
      vertex 102.392 0.0256653 0
    endloop
  endfacet
  facet normal 0.321264 0.94699 -0
    outer loop
      vertex 103.148 41.7716 0
      vertex 102.776 41.8978 2.4
      vertex 103.148 41.7716 2.4
    endloop
  endfacet
  facet normal 0.321264 0.94699 0
    outer loop
      vertex 102.776 41.8978 2.4
      vertex 103.148 41.7716 0
      vertex 102.776 41.8978 0
    endloop
  endfacet
  facet normal 0.94704 0.321117 0
    outer loop
      vertex 104.898 39.7765 2.4
      vertex 104.772 40.1481 0
      vertex 104.772 40.1481 2.4
    endloop
  endfacet
  facet normal 0.94704 0.321117 0
    outer loop
      vertex 104.772 40.1481 0
      vertex 104.898 39.7765 2.4
      vertex 104.898 39.7765 0
    endloop
  endfacet
  facet normal -0.0654923 0.997853 0
    outer loop
      vertex 3 42 0
      vertex 2.60843 41.9743 2.4
      vertex 3 42 2.4
    endloop
  endfacet
  facet normal -0.0654923 0.997853 0
    outer loop
      vertex 2.60843 41.9743 2.4
      vertex 3 42 0
      vertex 2.60843 41.9743 0
    endloop
  endfacet
  facet normal -1 0 0
    outer loop
      vertex 0 3 0
      vertex 0 39 2.4
      vertex 0 39 0
    endloop
  endfacet
  facet normal -1 -0 0
    outer loop
      vertex 0 39 2.4
      vertex 0 3 0
      vertex 0 3 2.4
    endloop
  endfacet
  facet normal -0.321574 0.946885 0
    outer loop
      vertex 2.22354 41.8978 0
      vertex 1.85194 41.7716 2.4
      vertex 2.22354 41.8978 2.4
    endloop
  endfacet
  facet normal -0.321574 0.946885 0
    outer loop
      vertex 1.85194 41.7716 2.4
      vertex 2.22354 41.8978 0
      vertex 1.85194 41.7716 0
    endloop
  endfacet
  facet normal 0.555877 0.831265 -0
    outer loop
      vertex 103.826 41.3801 0
      vertex 103.5 41.5981 2.4
      vertex 103.826 41.3801 2.4
    endloop
  endfacet
  facet normal 0.555877 0.831265 0
    outer loop
      vertex 103.5 41.5981 2.4
      vertex 103.826 41.3801 0
      vertex 103.5 41.5981 0
    endloop
  endfacet
  facet normal -0 0 1
    outer loop
      vertex 6.45202 35.7695 2.4
      vertex 32.642 29.0723 2.4
      vertex 6.53923 35.9 2.4
    endloop
  endfacet
  facet normal 0 0 1
    outer loop
      vertex 32.7366 13.2808 2.4
      vertex 6.68973 5.65663 2.4
      vertex 6.7 5.5 2.4
    endloop
  endfacet
  facet normal 0 0 1
    outer loop
      vertex 32.642 29.0723 2.4
      vertex 6.45202 35.7695 2.4
      vertex 32.6777 28.8927 2.4
    endloop
  endfacet
  facet normal 0 0 1
    outer loop
      vertex 32.7366 13.2808 2.4
      vertex 6.65911 5.81058 2.4
      vertex 6.68973 5.65663 2.4
    endloop
  endfacet
  facet normal -0 0 1
    outer loop
      vertex 6.34853 35.6515 2.4
      vertex 32.6777 28.8927 2.4
      vertex 6.45202 35.7695 2.4
    endloop
  endfacet
  facet normal 0 0 1
    outer loop
      vertex 32.7366 13.2808 2.4
      vertex 6.60865 5.95922 2.4
      vertex 6.65911 5.81058 2.4
    endloop
  endfacet
  facet normal 0 0 1
    outer loop
      vertex 32.6777 28.8927 2.4
      vertex 6.34853 35.6515 2.4
      vertex 32.7366 28.7192 2.4
    endloop
  endfacet
  facet normal 0 0 1
    outer loop
      vertex 32.7366 13.2808 2.4
      vertex 6.53923 6.1 2.4
      vertex 6.60865 5.95922 2.4
    endloop
  endfacet
  facet normal -0 0 1
    outer loop
      vertex 6.23051 35.548 2.4
      vertex 32.7366 28.7192 2.4
      vertex 6.34853 35.6515 2.4
    endloop
  endfacet
  facet normal 0 0 1
    outer loop
      vertex 32.7366 13.2808 2.4
      vertex 6.45202 6.23051 2.4
      vertex 6.53923 6.1 2.4
    endloop
  endfacet
  facet normal 0 0 1
    outer loop
      vertex 32.7366 28.7192 2.4
      vertex 6.23051 35.548 2.4
      vertex 32.7366 13.2808 2.4
    endloop
  endfacet
  facet normal 0 0 1
    outer loop
      vertex 32.7366 13.2808 2.4
      vertex 6.34853 6.34853 2.4
      vertex 6.45202 6.23051 2.4
    endloop
  endfacet
  facet normal 0 0 1
    outer loop
      vertex 6.23051 6.45202 2.4
      vertex 32.7366 13.2808 2.4
      vertex 6.23051 35.548 2.4
    endloop
  endfacet
  facet normal 0 0 1
    outer loop
      vertex 32.7366 13.2808 2.4
      vertex 6.23051 6.45202 2.4
      vertex 6.34853 6.34853 2.4
    endloop
  endfacet
  facet normal -0 0 1
    outer loop
      vertex 6.1 35.4608 2.4
      vertex 6.23051 6.45202 2.4
      vertex 6.23051 35.548 2.4
    endloop
  endfacet
  facet normal 0 0 1
    outer loop
      vertex 6.1 35.4608 2.4
      vertex 6.1 6.53923 2.4
      vertex 6.23051 6.45202 2.4
    endloop
  endfacet
  facet normal -0 0 1
    outer loop
      vertex 5.95922 35.3913 2.4
      vertex 6.1 6.53923 2.4
      vertex 6.1 35.4608 2.4
    endloop
  endfacet
  facet normal 0 0 1
    outer loop
      vertex 5.95922 35.3913 2.4
      vertex 5.95922 6.60865 2.4
      vertex 6.1 6.53923 2.4
    endloop
  endfacet
  facet normal -0 0 1
    outer loop
      vertex 5.81058 35.3409 2.4
      vertex 5.95922 6.60865 2.4
      vertex 5.95922 35.3913 2.4
    endloop
  endfacet
  facet normal 0 0 1
    outer loop
      vertex 5.81058 35.3409 2.4
      vertex 5.81058 6.65911 2.4
      vertex 5.95922 6.60865 2.4
    endloop
  endfacet
  facet normal -0 0 1
    outer loop
      vertex 5.65663 35.3103 2.4
      vertex 5.81058 6.65911 2.4
      vertex 5.81058 35.3409 2.4
    endloop
  endfacet
  facet normal 0 0 1
    outer loop
      vertex 5.65663 35.3103 2.4
      vertex 5.65663 6.68973 2.4
      vertex 5.81058 6.65911 2.4
    endloop
  endfacet
  facet normal -0 0 1
    outer loop
      vertex 5.5 35.3 2.4
      vertex 5.65663 6.68973 2.4
      vertex 5.65663 35.3103 2.4
    endloop
  endfacet
  facet normal 0 0 1
    outer loop
      vertex 5.5 35.3 2.4
      vertex 5.5 6.7 2.4
      vertex 5.65663 6.68973 2.4
    endloop
  endfacet
  facet normal 0 0 1
    outer loop
      vertex 5.34337 35.3103 2.4
      vertex 5.5 6.7 2.4
      vertex 5.5 35.3 2.4
    endloop
  endfacet
  facet normal 0 0 1
    outer loop
      vertex 5.34337 35.3103 2.4
      vertex 5.34337 6.68973 2.4
      vertex 5.5 6.7 2.4
    endloop
  endfacet
  facet normal 0 0 1
    outer loop
      vertex 5.18942 35.3409 2.4
      vertex 5.34337 6.68973 2.4
      vertex 5.34337 35.3103 2.4
    endloop
  endfacet
  facet normal 0 0 1
    outer loop
      vertex 5.18942 35.3409 2.4
      vertex 5.18942 6.65911 2.4
      vertex 5.34337 6.68973 2.4
    endloop
  endfacet
  facet normal 0 0 1
    outer loop
      vertex 5.04078 35.3913 2.4
      vertex 5.18942 6.65911 2.4
      vertex 5.18942 35.3409 2.4
    endloop
  endfacet
  facet normal 0 0 1
    outer loop
      vertex 5.04078 35.3913 2.4
      vertex 5.04078 6.60865 2.4
      vertex 5.18942 6.65911 2.4
    endloop
  endfacet
  facet normal 0 0 1
    outer loop
      vertex 4.9 35.4608 2.4
      vertex 5.04078 6.60865 2.4
      vertex 5.04078 35.3913 2.4
    endloop
  endfacet
  facet normal 0 0 1
    outer loop
      vertex 4.9 35.4608 2.4
      vertex 4.9 6.53923 2.4
      vertex 5.04078 6.60865 2.4
    endloop
  endfacet
  facet normal 0 0 1
    outer loop
      vertex 4.76949 35.548 2.4
      vertex 4.9 6.53923 2.4
      vertex 4.9 35.4608 2.4
    endloop
  endfacet
  facet normal 0 0 1
    outer loop
      vertex 4.76949 35.548 2.4
      vertex 4.76949 6.45202 2.4
      vertex 4.9 6.53923 2.4
    endloop
  endfacet
  facet normal 0 0 1
    outer loop
      vertex 4.65147 35.6515 2.4
      vertex 4.76949 6.45202 2.4
      vertex 4.76949 35.548 2.4
    endloop
  endfacet
  facet normal 0 0 1
    outer loop
      vertex 4.65147 35.6515 2.4
      vertex 4.65147 6.34853 2.4
      vertex 4.76949 6.45202 2.4
    endloop
  endfacet
  facet normal 0 0 1
    outer loop
      vertex 0 39 2.4
      vertex 4.65147 35.6515 2.4
      vertex 4.54798 35.7695 2.4
    endloop
  endfacet
  facet normal 0 0 1
    outer loop
      vertex 4.65147 35.6515 2.4
      vertex 0 39 2.4
      vertex 4.65147 6.34853 2.4
    endloop
  endfacet
  facet normal 0 0 1
    outer loop
      vertex 0 39 2.4
      vertex 4.54798 35.7695 2.4
      vertex 4.46077 35.9 2.4
    endloop
  endfacet
  facet normal 0 0 1
    outer loop
      vertex 0 3 2.4
      vertex 4.65147 6.34853 2.4
      vertex 0 39 2.4
    endloop
  endfacet
  facet normal 0 0 1
    outer loop
      vertex 0 39 2.4
      vertex 4.46077 35.9 2.4
      vertex 4.39134 36.0408 2.4
    endloop
  endfacet
  facet normal 0 0 1
    outer loop
      vertex 4.65147 6.34853 2.4
      vertex 0 3 2.4
      vertex 4.54798 6.23051 2.4
    endloop
  endfacet
  facet normal 0 0 1
    outer loop
      vertex 0 39 2.4
      vertex 4.39134 36.0408 2.4
      vertex 4.34089 36.1894 2.4
    endloop
  endfacet
  facet normal 0 0 1
    outer loop
      vertex 4.54798 6.23051 2.4
      vertex 0 3 2.4
      vertex 4.46077 6.1 2.4
    endloop
  endfacet
  facet normal 0 0 1
    outer loop
      vertex 0 39 2.4
      vertex 4.34089 36.1894 2.4
      vertex 4.31027 36.3434 2.4
    endloop
  endfacet
  facet normal 0 0 1
    outer loop
      vertex 4.46077 6.1 2.4
      vertex 0 3 2.4
      vertex 4.39134 5.95922 2.4
    endloop
  endfacet
  facet normal 0 0 1
    outer loop
      vertex 0 39 2.4
      vertex 4.31027 36.3434 2.4
      vertex 4.3 36.5 2.4
    endloop
  endfacet
  facet normal 0 0 1
    outer loop
      vertex 4.39134 5.95922 2.4
      vertex 0 3 2.4
      vertex 4.34089 5.81058 2.4
    endloop
  endfacet
  facet normal 0 0 1
    outer loop
      vertex 76.3643 23.3344 2.4
      vertex 63.1824 28.555 2.4
      vertex 76.1078 22.5788 2.4
    endloop
  endfacet
  facet normal 0 0 1
    outer loop
      vertex 75.9 21 2.4
      vertex 63.358 12.9277 2.4
      vertex 63.37 12.745 2.4
    endloop
  endfacet
  facet normal -0 0 1
    outer loop
      vertex 63.0807 28.4027 2.4
      vertex 76.1078 22.5788 2.4
      vertex 63.1824 28.555 2.4
    endloop
  endfacet
  facet normal 0 0 1
    outer loop
      vertex 75.9 21 2.4
      vertex 63.3223 13.1073 2.4
      vertex 63.358 12.9277 2.4
    endloop
  endfacet
  facet normal 0 0 1
    outer loop
      vertex 76.1078 22.5788 2.4
      vertex 63.0807 28.4027 2.4
      vertex 75.9522 21.7962 2.4
    endloop
  endfacet
  facet normal 0 0 1
    outer loop
      vertex 75.9 21 2.4
      vertex 63.2634 13.2808 2.4
      vertex 63.3223 13.1073 2.4
    endloop
  endfacet
  facet normal -0 0 1
    outer loop
      vertex 62.9599 28.265 2.4
      vertex 75.9522 21.7962 2.4
      vertex 63.0807 28.4027 2.4
    endloop
  endfacet
  facet normal 0 0 1
    outer loop
      vertex 75.9 21 2.4
      vertex 63.1824 13.445 2.4
      vertex 63.2634 13.2808 2.4
    endloop
  endfacet
  facet normal -0 0 1
    outer loop
      vertex 61 25.25 2.4
      vertex 75.9522 21.7962 2.4
      vertex 62.9599 28.265 2.4
    endloop
  endfacet
  facet normal 0 0 1
    outer loop
      vertex 75.9 21 2.4
      vertex 63.0807 13.5973 2.4
      vertex 63.1824 13.445 2.4
    endloop
  endfacet
  facet normal 0 0 1
    outer loop
      vertex 75.9522 21.7962 2.4
      vertex 61 25.25 2.4
      vertex 75.9 21 2.4
    endloop
  endfacet
  facet normal 0 0 1
    outer loop
      vertex 75.9 21 2.4
      vertex 62.9599 13.7349 2.4
      vertex 63.0807 13.5973 2.4
    endloop
  endfacet
  facet normal 0 0 1
    outer loop
      vertex 61 25.25 2.4
      vertex 62.9599 28.265 2.4
      vertex 62.8223 28.1443 2.4
    endloop
  endfacet
  facet normal 0 0 1
    outer loop
      vertex 61 16.75 2.4
      vertex 75.9 21 2.4
      vertex 61 25.25 2.4
    endloop
  endfacet
  facet normal 0 0 1
    outer loop
      vertex 61 25.25 2.4
      vertex 62.8223 28.1443 2.4
      vertex 62.67 28.0426 2.4
    endloop
  endfacet
  facet normal 0 0 1
    outer loop
      vertex 75.9 21 2.4
      vertex 61 16.75 2.4
      vertex 62.9599 13.7349 2.4
    endloop
  endfacet
  facet normal 0 0 1
    outer loop
      vertex 61 25.25 2.4
      vertex 62.67 28.0426 2.4
      vertex 62.5058 27.9616 2.4
    endloop
  endfacet
  facet normal 0 0 1
    outer loop
      vertex 62.9599 13.7349 2.4
      vertex 61 16.75 2.4
      vertex 62.8223 13.8557 2.4
    endloop
  endfacet
  facet normal 0 0 1
    outer loop
      vertex 61 25.25 2.4
      vertex 62.5058 27.9616 2.4
      vertex 62.3323 27.9027 2.4
    endloop
  endfacet
  facet normal 0 0 1
    outer loop
      vertex 62.8223 13.8557 2.4
      vertex 61 16.75 2.4
      vertex 62.67 13.9574 2.4
    endloop
  endfacet
  facet normal 0 0 1
    outer loop
      vertex 61 25.25 2.4
      vertex 62.3323 27.9027 2.4
      vertex 62.1527 27.867 2.4
    endloop
  endfacet
  facet normal 0 0 1
    outer loop
      vertex 62.67 13.9574 2.4
      vertex 61 16.75 2.4
      vertex 62.5058 14.0384 2.4
    endloop
  endfacet
  facet normal 0 0 1
    outer loop
      vertex 61 25.25 2.4
      vertex 62.1527 27.867 2.4
      vertex 61.97 27.855 2.4
    endloop
  endfacet
  facet normal 0 0 1
    outer loop
      vertex 62.5058 14.0384 2.4
      vertex 61 16.75 2.4
      vertex 62.3323 14.0973 2.4
    endloop
  endfacet
  facet normal 0 0 1
    outer loop
      vertex 61 25.25 2.4
      vertex 61.97 27.855 2.4
      vertex 61.7873 27.867 2.4
    endloop
  endfacet
  facet normal 0 0 1
    outer loop
      vertex 62.3323 14.0973 2.4
      vertex 61 16.75 2.4
      vertex 62.1527 14.133 2.4
    endloop
  endfacet
  facet normal 0 0 1
    outer loop
      vertex 61 25.25 2.4
      vertex 61.7873 27.867 2.4
      vertex 61.6077 27.9027 2.4
    endloop
  endfacet
  facet normal 0 0 1
    outer loop
      vertex 62.1527 14.133 2.4
      vertex 61 16.75 2.4
      vertex 61.97 14.145 2.4
    endloop
  endfacet
  facet normal 0 0 1
    outer loop
      vertex 61 25.25 2.4
      vertex 61.6077 27.9027 2.4
      vertex 61.4342 27.9616 2.4
    endloop
  endfacet
  facet normal 0 0 1
    outer loop
      vertex 61.97 14.145 2.4
      vertex 61 16.75 2.4
      vertex 61.7873 14.133 2.4
    endloop
  endfacet
  facet normal 0 0 1
    outer loop
      vertex 61 25.25 2.4
      vertex 61.4342 27.9616 2.4
      vertex 61.27 28.0426 2.4
    endloop
  endfacet
  facet normal 0 0 1
    outer loop
      vertex 61.7873 14.133 2.4
      vertex 61 16.75 2.4
      vertex 61.6077 14.0973 2.4
    endloop
  endfacet
  facet normal 0 0 1
    outer loop
      vertex 61 25.25 2.4
      vertex 61.27 28.0426 2.4
      vertex 61.1177 28.1443 2.4
    endloop
  endfacet
  facet normal 0 0 1
    outer loop
      vertex 61.6077 14.0973 2.4
      vertex 61 16.75 2.4
      vertex 61.4342 14.0384 2.4
    endloop
  endfacet
  facet normal 0 0 1
    outer loop
      vertex 61.4342 14.0384 2.4
      vertex 61 16.75 2.4
      vertex 61.27 13.9574 2.4
    endloop
  endfacet
  facet normal 0 0 1
    outer loop
      vertex 60.98 28.265 2.4
      vertex 61 25.25 2.4
      vertex 61.1177 28.1443 2.4
    endloop
  endfacet
  facet normal 0 0 1
    outer loop
      vertex 60.8593 28.4027 2.4
      vertex 61 25.25 2.4
      vertex 60.98 28.265 2.4
    endloop
  endfacet
  facet normal 0 0 1
    outer loop
      vertex 60.7576 28.555 2.4
      vertex 61 25.25 2.4
      vertex 60.8593 28.4027 2.4
    endloop
  endfacet
  facet normal 0 0 1
    outer loop
      vertex 60.6766 28.7192 2.4
      vertex 61 25.25 2.4
      vertex 60.7576 28.555 2.4
    endloop
  endfacet
  facet normal 0 0 1
    outer loop
      vertex 60.6177 28.8927 2.4
      vertex 61 25.25 2.4
      vertex 60.6766 28.7192 2.4
    endloop
  endfacet
  facet normal 0 0 1
    outer loop
      vertex 35.3823 28.8927 2.4
      vertex 60.6177 28.8927 2.4
      vertex 60.582 29.0723 2.4
    endloop
  endfacet
  facet normal -0 0 1
    outer loop
      vertex 35.43 29.255 2.4
      vertex 60.582 29.0723 2.4
      vertex 60.57 29.255 2.4
    endloop
  endfacet
  facet normal 0 0 1
    outer loop
      vertex 35.418 29.0723 2.4
      vertex 60.582 29.0723 2.4
      vertex 35.43 29.255 2.4
    endloop
  endfacet
  facet normal 0 0 1
    outer loop
      vertex 35.3823 28.8927 2.4
      vertex 60.582 29.0723 2.4
      vertex 35.418 29.0723 2.4
    endloop
  endfacet
  facet normal 0 0 1
    outer loop
      vertex 60.6177 28.8927 2.4
      vertex 35.3823 28.8927 2.4
      vertex 61 25.25 2.4
    endloop
  endfacet
  facet normal 0 0 1
    outer loop
      vertex 35 25.25 2.4
      vertex 35.3823 28.8927 2.4
      vertex 35.3234 28.7192 2.4
    endloop
  endfacet
  facet normal 0 0 1
    outer loop
      vertex 35 25.25 2.4
      vertex 35.3234 28.7192 2.4
      vertex 35.2424 28.555 2.4
    endloop
  endfacet
  facet normal 0 0 1
    outer loop
      vertex 35 25.25 2.4
      vertex 35.2424 28.555 2.4
      vertex 35.1407 28.4027 2.4
    endloop
  endfacet
  facet normal 0 0 1
    outer loop
      vertex 35 25.25 2.4
      vertex 35.1407 28.4027 2.4
      vertex 35.02 28.265 2.4
    endloop
  endfacet
  facet normal 0 0 1
    outer loop
      vertex 35.3823 28.8927 2.4
      vertex 35 25.25 2.4
      vertex 61 25.25 2.4
    endloop
  endfacet
  facet normal -0 0 1
    outer loop
      vertex 34.73 28.0426 2.4
      vertex 35 25.25 2.4
      vertex 34.8823 28.1443 2.4
    endloop
  endfacet
  facet normal -0 0 1
    outer loop
      vertex 34.8823 28.1443 2.4
      vertex 35 25.25 2.4
      vertex 35.02 28.265 2.4
    endloop
  endfacet
  facet normal 0 0 1
    outer loop
      vertex 100.609 36.0408 2.4
      vertex 105 39 2.4
      vertex 100.659 36.1894 2.4
    endloop
  endfacet
  facet normal 0 0 1
    outer loop
      vertex 105 3 2.4
      vertex 100.69 5.65663 2.4
      vertex 100.7 5.5 2.4
    endloop
  endfacet
  facet normal 0 0 1
    outer loop
      vertex 100.539 35.9 2.4
      vertex 105 39 2.4
      vertex 100.609 36.0408 2.4
    endloop
  endfacet
  facet normal 0 0 1
    outer loop
      vertex 105 3 2.4
      vertex 100.659 5.81058 2.4
      vertex 100.69 5.65663 2.4
    endloop
  endfacet
  facet normal 0 0 1
    outer loop
      vertex 100.452 35.7695 2.4
      vertex 105 39 2.4
      vertex 100.539 35.9 2.4
    endloop
  endfacet
  facet normal 0 0 1
    outer loop
      vertex 105 3 2.4
      vertex 100.609 5.95922 2.4
      vertex 100.659 5.81058 2.4
    endloop
  endfacet
  facet normal 0 0 1
    outer loop
      vertex 100.349 35.6515 2.4
      vertex 105 39 2.4
      vertex 100.452 35.7695 2.4
    endloop
  endfacet
  facet normal 0 0 1
    outer loop
      vertex 105 3 2.4
      vertex 100.539 6.1 2.4
      vertex 100.609 5.95922 2.4
    endloop
  endfacet
  facet normal 0 0 1
    outer loop
      vertex 105 39 2.4
      vertex 100.349 35.6515 2.4
      vertex 105 3 2.4
    endloop
  endfacet
  facet normal 0 0 1
    outer loop
      vertex 105 3 2.4
      vertex 100.452 6.23051 2.4
      vertex 100.539 6.1 2.4
    endloop
  endfacet
  facet normal -0 0 1
    outer loop
      vertex 100.349 6.34853 2.4
      vertex 105 3 2.4
      vertex 100.349 35.6515 2.4
    endloop
  endfacet
  facet normal 0 0 1
    outer loop
      vertex 105 3 2.4
      vertex 100.349 6.34853 2.4
      vertex 100.452 6.23051 2.4
    endloop
  endfacet
  facet normal -0 0 1
    outer loop
      vertex 100.231 35.548 2.4
      vertex 100.349 6.34853 2.4
      vertex 100.349 35.6515 2.4
    endloop
  endfacet
  facet normal 0 0 1
    outer loop
      vertex 100.231 35.548 2.4
      vertex 100.231 6.45202 2.4
      vertex 100.349 6.34853 2.4
    endloop
  endfacet
  facet normal -0 0 1
    outer loop
      vertex 100.1 35.4608 2.4
      vertex 100.231 6.45202 2.4
      vertex 100.231 35.548 2.4
    endloop
  endfacet
  facet normal 0 0 1
    outer loop
      vertex 100.1 35.4608 2.4
      vertex 100.1 6.53923 2.4
      vertex 100.231 6.45202 2.4
    endloop
  endfacet
  facet normal -0 0 1
    outer loop
      vertex 99.9592 35.3913 2.4
      vertex 100.1 6.53923 2.4
      vertex 100.1 35.4608 2.4
    endloop
  endfacet
  facet normal 0 0 1
    outer loop
      vertex 99.9592 35.3913 2.4
      vertex 99.9592 6.60865 2.4
      vertex 100.1 6.53923 2.4
    endloop
  endfacet
  facet normal -0 0 1
    outer loop
      vertex 99.8106 35.3409 2.4
      vertex 99.9592 6.60865 2.4
      vertex 99.9592 35.3913 2.4
    endloop
  endfacet
  facet normal 0 0 1
    outer loop
      vertex 99.8106 35.3409 2.4
      vertex 99.8106 6.65911 2.4
      vertex 99.9592 6.60865 2.4
    endloop
  endfacet
  facet normal 0 0 1
    outer loop
      vertex 88.1 21 2.4
      vertex 99.8106 35.3409 2.4
      vertex 99.6566 35.3103 2.4
    endloop
  endfacet
  facet normal 0 0 1
    outer loop
      vertex 99.8106 35.3409 2.4
      vertex 88.1 21 2.4
      vertex 99.8106 6.65911 2.4
    endloop
  endfacet
  facet normal 0 0 1
    outer loop
      vertex 88.0478 21.7962 2.4
      vertex 99.6566 35.3103 2.4
      vertex 99.5 35.3 2.4
    endloop
  endfacet
  facet normal 0 0 1
    outer loop
      vertex 99.8106 6.65911 2.4
      vertex 88.1 21 2.4
      vertex 99.6566 6.68973 2.4
    endloop
  endfacet
  facet normal 0 0 1
    outer loop
      vertex 88.0478 21.7962 2.4
      vertex 99.5 35.3 2.4
      vertex 99.3434 35.3103 2.4
    endloop
  endfacet
  facet normal -0 0 1
    outer loop
      vertex 88.0478 20.2038 2.4
      vertex 99.6566 6.68973 2.4
      vertex 88.1 21 2.4
    endloop
  endfacet
  facet normal 0 0 1
    outer loop
      vertex 87.8922 22.5788 2.4
      vertex 99.3434 35.3103 2.4
      vertex 99.1894 35.3409 2.4
    endloop
  endfacet
  facet normal 0 0 1
    outer loop
      vertex 99.6566 6.68973 2.4
      vertex 88.0478 20.2038 2.4
      vertex 99.5 6.7 2.4
    endloop
  endfacet
  facet normal 0 0 1
    outer loop
      vertex 87.6357 23.3344 2.4
      vertex 99.1894 35.3409 2.4
      vertex 99.0408 35.3913 2.4
    endloop
  endfacet
  facet normal 0 0 1
    outer loop
      vertex 99.5 6.7 2.4
      vertex 88.0478 20.2038 2.4
      vertex 99.3434 6.68973 2.4
    endloop
  endfacet
  facet normal 0 0 1
    outer loop
      vertex 87.2828 24.05 2.4
      vertex 99.0408 35.3913 2.4
      vertex 98.9 35.4608 2.4
    endloop
  endfacet
  facet normal -0 0 1
    outer loop
      vertex 87.8922 19.4212 2.4
      vertex 99.3434 6.68973 2.4
      vertex 88.0478 20.2038 2.4
    endloop
  endfacet
  facet normal 0 0 1
    outer loop
      vertex 87.2828 24.05 2.4
      vertex 98.9 35.4608 2.4
      vertex 98.7695 35.548 2.4
    endloop
  endfacet
  facet normal 0 0 1
    outer loop
      vertex 99.3434 6.68973 2.4
      vertex 87.8922 19.4212 2.4
      vertex 99.1894 6.65911 2.4
    endloop
  endfacet
  facet normal 0 0 1
    outer loop
      vertex 86.8395 24.7134 2.4
      vertex 98.7695 35.548 2.4
      vertex 98.6515 35.6515 2.4
    endloop
  endfacet
  facet normal -0 0 1
    outer loop
      vertex 87.6357 18.6656 2.4
      vertex 99.1894 6.65911 2.4
      vertex 87.8922 19.4212 2.4
    endloop
  endfacet
  facet normal 0 0 1
    outer loop
      vertex 86.3134 25.3134 2.4
      vertex 98.6515 35.6515 2.4
      vertex 98.548 35.7695 2.4
    endloop
  endfacet
  facet normal 0 0 1
    outer loop
      vertex 99.1894 6.65911 2.4
      vertex 87.6357 18.6656 2.4
      vertex 99.0408 6.60865 2.4
    endloop
  endfacet
  facet normal 0 0 1
    outer loop
      vertex 86.3134 25.3134 2.4
      vertex 98.548 35.7695 2.4
      vertex 98.4608 35.9 2.4
    endloop
  endfacet
  facet normal -0 0 1
    outer loop
      vertex 87.2828 17.95 2.4
      vertex 99.0408 6.60865 2.4
      vertex 87.6357 18.6656 2.4
    endloop
  endfacet
  facet normal 0 0 1
    outer loop
      vertex 85.7134 25.8395 2.4
      vertex 98.4608 35.9 2.4
      vertex 98.3913 36.0408 2.4
    endloop
  endfacet
  facet normal 0 0 1
    outer loop
      vertex 99.0408 6.60865 2.4
      vertex 87.2828 17.95 2.4
      vertex 98.9 6.53923 2.4
    endloop
  endfacet
  facet normal 0 0 1
    outer loop
      vertex 85.7134 25.8395 2.4
      vertex 98.3913 36.0408 2.4
      vertex 98.3409 36.1894 2.4
    endloop
  endfacet
  facet normal 0 0 1
    outer loop
      vertex 98.9 6.53923 2.4
      vertex 87.2828 17.95 2.4
      vertex 98.7695 6.45202 2.4
    endloop
  endfacet
  facet normal 0 0 1
    outer loop
      vertex 85.05 26.2828 2.4
      vertex 98.3409 36.1894 2.4
      vertex 98.3103 36.3434 2.4
    endloop
  endfacet
  facet normal -0 0 1
    outer loop
      vertex 86.8395 17.2866 2.4
      vertex 98.7695 6.45202 2.4
      vertex 87.2828 17.95 2.4
    endloop
  endfacet
  facet normal 0 0 1
    outer loop
      vertex 84.3344 26.6357 2.4
      vertex 98.3103 36.3434 2.4
      vertex 98.3 36.5 2.4
    endloop
  endfacet
  facet normal 0 0 1
    outer loop
      vertex 98.7695 6.45202 2.4
      vertex 86.8395 17.2866 2.4
      vertex 98.6515 6.34853 2.4
    endloop
  endfacet
  facet normal 0 0 1
    outer loop
      vertex 100.452 37.2305 2.4
      vertex 105 39 2.4
      vertex 104.974 39.3916 2.4
    endloop
  endfacet
  facet normal 0 0 1
    outer loop
      vertex 100.69 36.3434 2.4
      vertex 105 39 2.4
      vertex 100.7 36.5 2.4
    endloop
  endfacet
  facet normal 0 0 1
    outer loop
      vertex 100.349 37.3485 2.4
      vertex 104.974 39.3916 2.4
      vertex 104.898 39.7765 2.4
    endloop
  endfacet
  facet normal 0 0 1
    outer loop
      vertex 100.659 36.1894 2.4
      vertex 105 39 2.4
      vertex 100.69 36.3434 2.4
    endloop
  endfacet
  facet normal 0 0 1
    outer loop
      vertex 100.349 37.3485 2.4
      vertex 104.898 39.7765 2.4
      vertex 104.772 40.1481 2.4
    endloop
  endfacet
  facet normal -0 0 1
    outer loop
      vertex 100.69 5.34337 2.4
      vertex 105 3 2.4
      vertex 100.7 5.5 2.4
    endloop
  endfacet
  facet normal 0 0 1
    outer loop
      vertex 100.349 37.3485 2.4
      vertex 104.772 40.1481 2.4
      vertex 104.598 40.5 2.4
    endloop
  endfacet
  facet normal -0 0 1
    outer loop
      vertex 100.659 5.18942 2.4
      vertex 105 3 2.4
      vertex 100.69 5.34337 2.4
    endloop
  endfacet
  facet normal 0 0 1
    outer loop
      vertex 100.349 37.3485 2.4
      vertex 104.598 40.5 2.4
      vertex 104.38 40.8263 2.4
    endloop
  endfacet
  facet normal -0 0 1
    outer loop
      vertex 100.609 5.04078 2.4
      vertex 105 3 2.4
      vertex 100.659 5.18942 2.4
    endloop
  endfacet
  facet normal 0 0 1
    outer loop
      vertex 100.349 37.3485 2.4
      vertex 104.38 40.8263 2.4
      vertex 104.121 41.1213 2.4
    endloop
  endfacet
  facet normal -0 0 1
    outer loop
      vertex 100.539 4.9 2.4
      vertex 105 3 2.4
      vertex 100.609 5.04078 2.4
    endloop
  endfacet
  facet normal 0 0 1
    outer loop
      vertex 100.349 37.3485 2.4
      vertex 104.121 41.1213 2.4
      vertex 103.826 41.3801 2.4
    endloop
  endfacet
  facet normal -0 0 1
    outer loop
      vertex 100.452 4.76949 2.4
      vertex 105 3 2.4
      vertex 100.539 4.9 2.4
    endloop
  endfacet
  facet normal 0 0 1
    outer loop
      vertex 100.349 37.3485 2.4
      vertex 103.826 41.3801 2.4
      vertex 103.5 41.5981 2.4
    endloop
  endfacet
  facet normal 0 0 1
    outer loop
      vertex 105 3 2.4
      vertex 100.452 4.76949 2.4
      vertex 104.974 2.60843 2.4
    endloop
  endfacet
  facet normal 0 0 1
    outer loop
      vertex 100.349 37.3485 2.4
      vertex 103.5 41.5981 2.4
      vertex 103.148 41.7716 2.4
    endloop
  endfacet
  facet normal -0 0 1
    outer loop
      vertex 100.349 4.65147 2.4
      vertex 104.974 2.60843 2.4
      vertex 100.452 4.76949 2.4
    endloop
  endfacet
  facet normal 0 0 1
    outer loop
      vertex 100.349 37.3485 2.4
      vertex 103.148 41.7716 2.4
      vertex 102.776 41.8978 2.4
    endloop
  endfacet
  facet normal 0 0 1
    outer loop
      vertex 104.974 2.60843 2.4
      vertex 100.349 4.65147 2.4
      vertex 104.898 2.22354 2.4
    endloop
  endfacet
  facet normal 0 0 1
    outer loop
      vertex 100.349 37.3485 2.4
      vertex 102.776 41.8978 2.4
      vertex 102.392 41.9743 2.4
    endloop
  endfacet
  facet normal 0 0 1
    outer loop
      vertex 104.898 2.22354 2.4
      vertex 100.349 4.65147 2.4
      vertex 104.772 1.85194 2.4
    endloop
  endfacet
  facet normal 0 0 1
    outer loop
      vertex 100.349 37.3485 2.4
      vertex 102.392 41.9743 2.4
      vertex 102 42 2.4
    endloop
  endfacet
  facet normal 0 0 1
    outer loop
      vertex 104.772 1.85194 2.4
      vertex 100.349 4.65147 2.4
      vertex 104.598 1.5 2.4
    endloop
  endfacet
  facet normal 0 0 1
    outer loop
      vertex 104.598 1.5 2.4
      vertex 100.349 4.65147 2.4
      vertex 104.38 1.17372 2.4
    endloop
  endfacet
  facet normal 0 0 1
    outer loop
      vertex 105 39 2.4
      vertex 100.69 36.6566 2.4
      vertex 100.7 36.5 2.4
    endloop
  endfacet
  facet normal 0 0 1
    outer loop
      vertex 105 39 2.4
      vertex 100.659 36.8106 2.4
      vertex 100.69 36.6566 2.4
    endloop
  endfacet
  facet normal 0 0 1
    outer loop
      vertex 105 39 2.4
      vertex 100.609 36.9592 2.4
      vertex 100.659 36.8106 2.4
    endloop
  endfacet
  facet normal 0 0 1
    outer loop
      vertex 105 39 2.4
      vertex 100.539 37.1 2.4
      vertex 100.609 36.9592 2.4
    endloop
  endfacet
  facet normal 0 0 1
    outer loop
      vertex 105 39 2.4
      vertex 100.452 37.2305 2.4
      vertex 100.539 37.1 2.4
    endloop
  endfacet
  facet normal 0 0 1
    outer loop
      vertex 104.974 39.3916 2.4
      vertex 100.349 37.3485 2.4
      vertex 100.452 37.2305 2.4
    endloop
  endfacet
  facet normal 0 0 1
    outer loop
      vertex 102 42 2.4
      vertex 100.231 37.452 2.4
      vertex 100.349 37.3485 2.4
    endloop
  endfacet
  facet normal 0 0 1
    outer loop
      vertex 102 42 2.4
      vertex 100.1 37.5392 2.4
      vertex 100.231 37.452 2.4
    endloop
  endfacet
  facet normal 0 0 1
    outer loop
      vertex 102 42 2.4
      vertex 99.9592 37.6087 2.4
      vertex 100.1 37.5392 2.4
    endloop
  endfacet
  facet normal 0 0 1
    outer loop
      vertex 102 42 2.4
      vertex 99.8106 37.6591 2.4
      vertex 99.9592 37.6087 2.4
    endloop
  endfacet
  facet normal 0 0 1
    outer loop
      vertex 102 42 2.4
      vertex 99.6566 37.6897 2.4
      vertex 99.8106 37.6591 2.4
    endloop
  endfacet
  facet normal 0 0 1
    outer loop
      vertex 102 42 2.4
      vertex 99.5 37.7 2.4
      vertex 99.6566 37.6897 2.4
    endloop
  endfacet
  facet normal 0 0 1
    outer loop
      vertex 102 42 2.4
      vertex 99.3434 37.6897 2.4
      vertex 99.5 37.7 2.4
    endloop
  endfacet
  facet normal 0 0 1
    outer loop
      vertex 102 42 2.4
      vertex 99.1894 37.6591 2.4
      vertex 99.3434 37.6897 2.4
    endloop
  endfacet
  facet normal 0 0 1
    outer loop
      vertex 102 42 2.4
      vertex 99.0408 37.6087 2.4
      vertex 99.1894 37.6591 2.4
    endloop
  endfacet
  facet normal 0 0 1
    outer loop
      vertex 102 42 2.4
      vertex 98.9 37.5392 2.4
      vertex 99.0408 37.6087 2.4
    endloop
  endfacet
  facet normal 0 0 1
    outer loop
      vertex 102 42 2.4
      vertex 98.7695 37.452 2.4
      vertex 98.9 37.5392 2.4
    endloop
  endfacet
  facet normal 0 0 1
    outer loop
      vertex 102 42 2.4
      vertex 98.6515 37.3485 2.4
      vertex 98.7695 37.452 2.4
    endloop
  endfacet
  facet normal 0 0 1
    outer loop
      vertex 102 42 2.4
      vertex 98.548 37.2305 2.4
      vertex 98.6515 37.3485 2.4
    endloop
  endfacet
  facet normal -0 0 1
    outer loop
      vertex 86.3134 16.6866 2.4
      vertex 98.6515 6.34853 2.4
      vertex 86.8395 17.2866 2.4
    endloop
  endfacet
  facet normal 0 0 1
    outer loop
      vertex 83.5788 26.8921 2.4
      vertex 98.3 36.5 2.4
      vertex 98.3103 36.6566 2.4
    endloop
  endfacet
  facet normal 0 0 1
    outer loop
      vertex 83.5788 26.8921 2.4
      vertex 98.3103 36.6566 2.4
      vertex 98.3409 36.8106 2.4
    endloop
  endfacet
  facet normal 0 0 1
    outer loop
      vertex 82.7962 27.0478 2.4
      vertex 98.3409 36.8106 2.4
      vertex 98.3913 36.9592 2.4
    endloop
  endfacet
  facet normal 0 0 1
    outer loop
      vertex 82 27.1 2.4
      vertex 98.3913 36.9592 2.4
      vertex 98.4608 37.1 2.4
    endloop
  endfacet
  facet normal 0 0 1
    outer loop
      vertex 99.6566 35.3103 2.4
      vertex 88.0478 21.7962 2.4
      vertex 88.1 21 2.4
    endloop
  endfacet
  facet normal 0 0 1
    outer loop
      vertex 81.2038 27.0478 2.4
      vertex 98.4608 37.1 2.4
      vertex 98.548 37.2305 2.4
    endloop
  endfacet
  facet normal 0 0 1
    outer loop
      vertex 99.3434 35.3103 2.4
      vertex 87.8922 22.5788 2.4
      vertex 88.0478 21.7962 2.4
    endloop
  endfacet
  facet normal 0 0 1
    outer loop
      vertex 62.67 30.4674 2.4
      vertex 98.548 37.2305 2.4
      vertex 102 42 2.4
    endloop
  endfacet
  facet normal 0 0 1
    outer loop
      vertex 99.1894 35.3409 2.4
      vertex 87.6357 23.3344 2.4
      vertex 87.8922 22.5788 2.4
    endloop
  endfacet
  facet normal 0 0 1
    outer loop
      vertex 99.0408 35.3913 2.4
      vertex 87.2828 24.05 2.4
      vertex 87.6357 23.3344 2.4
    endloop
  endfacet
  facet normal 0 0 1
    outer loop
      vertex 98.7695 35.548 2.4
      vertex 86.8395 24.7134 2.4
      vertex 87.2828 24.05 2.4
    endloop
  endfacet
  facet normal 0 0 1
    outer loop
      vertex 98.6515 35.6515 2.4
      vertex 86.3134 25.3134 2.4
      vertex 86.8395 24.7134 2.4
    endloop
  endfacet
  facet normal 0 0 1
    outer loop
      vertex 98.4608 35.9 2.4
      vertex 85.7134 25.8395 2.4
      vertex 86.3134 25.3134 2.4
    endloop
  endfacet
  facet normal 0 0 1
    outer loop
      vertex 98.3409 36.1894 2.4
      vertex 85.05 26.2828 2.4
      vertex 85.7134 25.8395 2.4
    endloop
  endfacet
  facet normal 0 0 1
    outer loop
      vertex 98.3103 36.3434 2.4
      vertex 84.3344 26.6357 2.4
      vertex 85.05 26.2828 2.4
    endloop
  endfacet
  facet normal 0 0 1
    outer loop
      vertex 98.3 36.5 2.4
      vertex 83.5788 26.8921 2.4
      vertex 84.3344 26.6357 2.4
    endloop
  endfacet
  facet normal 0 0 1
    outer loop
      vertex 98.3409 36.8106 2.4
      vertex 82.7962 27.0478 2.4
      vertex 83.5788 26.8921 2.4
    endloop
  endfacet
  facet normal 0 0 1
    outer loop
      vertex 98.3913 36.9592 2.4
      vertex 82 27.1 2.4
      vertex 82.7962 27.0478 2.4
    endloop
  endfacet
  facet normal 0 0 1
    outer loop
      vertex 98.4608 37.1 2.4
      vertex 81.2038 27.0478 2.4
      vertex 82 27.1 2.4
    endloop
  endfacet
  facet normal 0 0 1
    outer loop
      vertex 98.548 37.2305 2.4
      vertex 62.67 30.4674 2.4
      vertex 81.2038 27.0478 2.4
    endloop
  endfacet
  facet normal 0 0 1
    outer loop
      vertex 81.2038 27.0478 2.4
      vertex 62.67 30.4674 2.4
      vertex 80.4212 26.8921 2.4
    endloop
  endfacet
  facet normal -0 -0 1
    outer loop
      vertex 62.8223 30.3657 2.4
      vertex 80.4212 26.8921 2.4
      vertex 62.67 30.4674 2.4
    endloop
  endfacet
  facet normal -0 -0 1
    outer loop
      vertex 62.9599 30.2449 2.4
      vertex 80.4212 26.8921 2.4
      vertex 62.8223 30.3657 2.4
    endloop
  endfacet
  facet normal -0 0 1
    outer loop
      vertex 63.2634 28.7192 2.4
      vertex 76.3643 23.3344 2.4
      vertex 63.3223 28.8927 2.4
    endloop
  endfacet
  facet normal 0 0 1
    outer loop
      vertex 76.7172 24.05 2.4
      vertex 63.3223 28.8927 2.4
      vertex 76.3643 23.3344 2.4
    endloop
  endfacet
  facet normal -0 0 1
    outer loop
      vertex 63.3223 28.8927 2.4
      vertex 76.7172 24.05 2.4
      vertex 63.358 29.0723 2.4
    endloop
  endfacet
  facet normal 0 0 1
    outer loop
      vertex 77.1605 24.7134 2.4
      vertex 63.358 29.0723 2.4
      vertex 76.7172 24.05 2.4
    endloop
  endfacet
  facet normal -0 0 1
    outer loop
      vertex 63.358 29.0723 2.4
      vertex 77.1605 24.7134 2.4
      vertex 63.37 29.255 2.4
    endloop
  endfacet
  facet normal 0 0 1
    outer loop
      vertex 63.358 29.4377 2.4
      vertex 77.1605 24.7134 2.4
      vertex 77.6866 25.3134 2.4
    endloop
  endfacet
  facet normal 0 0 1
    outer loop
      vertex 63.3223 29.6173 2.4
      vertex 77.6866 25.3134 2.4
      vertex 78.2866 25.8395 2.4
    endloop
  endfacet
  facet normal -0 -0 1
    outer loop
      vertex 63.0807 30.1073 2.4
      vertex 79.6656 26.6357 2.4
      vertex 62.9599 30.2449 2.4
    endloop
  endfacet
  facet normal 0 0 1
    outer loop
      vertex 77.1605 24.7134 2.4
      vertex 63.358 29.4377 2.4
      vertex 63.37 29.255 2.4
    endloop
  endfacet
  facet normal 0 0 1
    outer loop
      vertex 77.6866 25.3134 2.4
      vertex 63.3223 29.6173 2.4
      vertex 63.358 29.4377 2.4
    endloop
  endfacet
  facet normal 0 0 1
    outer loop
      vertex 78.2866 25.8395 2.4
      vertex 63.2634 29.7908 2.4
      vertex 63.3223 29.6173 2.4
    endloop
  endfacet
  facet normal 0 0 1
    outer loop
      vertex 78.2866 25.8395 2.4
      vertex 63.1824 29.955 2.4
      vertex 63.2634 29.7908 2.4
    endloop
  endfacet
  facet normal 0 0 1
    outer loop
      vertex 78.95 26.2828 2.4
      vertex 63.1824 29.955 2.4
      vertex 78.2866 25.8395 2.4
    endloop
  endfacet
  facet normal -0 -0 1
    outer loop
      vertex 63.1824 29.955 2.4
      vertex 78.95 26.2828 2.4
      vertex 63.0807 30.1073 2.4
    endloop
  endfacet
  facet normal 0 0 1
    outer loop
      vertex 79.6656 26.6357 2.4
      vertex 63.0807 30.1073 2.4
      vertex 78.95 26.2828 2.4
    endloop
  endfacet
  facet normal 0 0 1
    outer loop
      vertex 80.4212 26.8921 2.4
      vertex 62.9599 30.2449 2.4
      vertex 79.6656 26.6357 2.4
    endloop
  endfacet
  facet normal 0 0 1
    outer loop
      vertex 102 42 2.4
      vertex 62.5058 30.5484 2.4
      vertex 62.67 30.4674 2.4
    endloop
  endfacet
  facet normal 0 0 1
    outer loop
      vertex 102 42 2.4
      vertex 62.3323 30.6073 2.4
      vertex 62.5058 30.5484 2.4
    endloop
  endfacet
  facet normal 0 0 1
    outer loop
      vertex 102 42 2.4
      vertex 62.1527 30.643 2.4
      vertex 62.3323 30.6073 2.4
    endloop
  endfacet
  facet normal 0 0 1
    outer loop
      vertex 102 42 2.4
      vertex 61.97 30.655 2.4
      vertex 62.1527 30.643 2.4
    endloop
  endfacet
  facet normal 0 0 1
    outer loop
      vertex 102 42 2.4
      vertex 61.7873 30.643 2.4
      vertex 61.97 30.655 2.4
    endloop
  endfacet
  facet normal -0 0 1
    outer loop
      vertex 3 42 2.4
      vertex 61.7873 30.643 2.4
      vertex 102 42 2.4
    endloop
  endfacet
  facet normal 0 0 1
    outer loop
      vertex 60.582 29.4377 2.4
      vertex 35.43 29.255 2.4
      vertex 60.57 29.255 2.4
    endloop
  endfacet
  facet normal 0 0 1
    outer loop
      vertex 35.418 29.4377 2.4
      vertex 60.582 29.4377 2.4
      vertex 60.6177 29.6173 2.4
    endloop
  endfacet
  facet normal 0 0 1
    outer loop
      vertex 35.3823 29.6173 2.4
      vertex 60.6177 29.6173 2.4
      vertex 60.6766 29.7908 2.4
    endloop
  endfacet
  facet normal 0 0 1
    outer loop
      vertex 35.3234 29.7908 2.4
      vertex 60.6766 29.7908 2.4
      vertex 60.7576 29.955 2.4
    endloop
  endfacet
  facet normal 0 0 1
    outer loop
      vertex 35.2424 29.955 2.4
      vertex 60.7576 29.955 2.4
      vertex 60.8593 30.1073 2.4
    endloop
  endfacet
  facet normal 0 0 1
    outer loop
      vertex 35.1407 30.1073 2.4
      vertex 60.8593 30.1073 2.4
      vertex 60.98 30.2449 2.4
    endloop
  endfacet
  facet normal 0 0 1
    outer loop
      vertex 35.02 30.2449 2.4
      vertex 60.98 30.2449 2.4
      vertex 61.1177 30.3657 2.4
    endloop
  endfacet
  facet normal 0 0 1
    outer loop
      vertex 34.8823 30.3657 2.4
      vertex 61.1177 30.3657 2.4
      vertex 61.27 30.4674 2.4
    endloop
  endfacet
  facet normal 0 0 1
    outer loop
      vertex 34.73 30.4674 2.4
      vertex 61.27 30.4674 2.4
      vertex 61.4342 30.5484 2.4
    endloop
  endfacet
  facet normal 0 0 1
    outer loop
      vertex 34.5658 30.5484 2.4
      vertex 61.4342 30.5484 2.4
      vertex 61.6077 30.6073 2.4
    endloop
  endfacet
  facet normal 0 -0 1
    outer loop
      vertex 34.2127 30.643 2.4
      vertex 61.7873 30.643 2.4
      vertex 3 42 2.4
    endloop
  endfacet
  facet normal 0 0 1
    outer loop
      vertex 60.582 29.4377 2.4
      vertex 35.418 29.4377 2.4
      vertex 35.43 29.255 2.4
    endloop
  endfacet
  facet normal 0 0 1
    outer loop
      vertex 60.6177 29.6173 2.4
      vertex 35.3823 29.6173 2.4
      vertex 35.418 29.4377 2.4
    endloop
  endfacet
  facet normal 0 0 1
    outer loop
      vertex 60.6766 29.7908 2.4
      vertex 35.3234 29.7908 2.4
      vertex 35.3823 29.6173 2.4
    endloop
  endfacet
  facet normal 0 0 1
    outer loop
      vertex 60.7576 29.955 2.4
      vertex 35.2424 29.955 2.4
      vertex 35.3234 29.7908 2.4
    endloop
  endfacet
  facet normal 0 0 1
    outer loop
      vertex 60.8593 30.1073 2.4
      vertex 35.1407 30.1073 2.4
      vertex 35.2424 29.955 2.4
    endloop
  endfacet
  facet normal 0 0 1
    outer loop
      vertex 60.98 30.2449 2.4
      vertex 35.02 30.2449 2.4
      vertex 35.1407 30.1073 2.4
    endloop
  endfacet
  facet normal 0 0 1
    outer loop
      vertex 61.1177 30.3657 2.4
      vertex 34.8823 30.3657 2.4
      vertex 35.02 30.2449 2.4
    endloop
  endfacet
  facet normal 0 0 1
    outer loop
      vertex 61.27 30.4674 2.4
      vertex 34.73 30.4674 2.4
      vertex 34.8823 30.3657 2.4
    endloop
  endfacet
  facet normal 0 0 1
    outer loop
      vertex 61.4342 30.5484 2.4
      vertex 34.5658 30.5484 2.4
      vertex 34.73 30.4674 2.4
    endloop
  endfacet
  facet normal 0 0 1
    outer loop
      vertex 61.6077 30.6073 2.4
      vertex 34.3923 30.6073 2.4
      vertex 34.5658 30.5484 2.4
    endloop
  endfacet
  facet normal 0 0 1
    outer loop
      vertex 61.6077 30.6073 2.4
      vertex 34.2127 30.643 2.4
      vertex 34.3923 30.6073 2.4
    endloop
  endfacet
  facet normal 0 0 1
    outer loop
      vertex 61.7873 30.643 2.4
      vertex 34.2127 30.643 2.4
      vertex 61.6077 30.6073 2.4
    endloop
  endfacet
  facet normal 0 0 1
    outer loop
      vertex 34.2127 30.643 2.4
      vertex 3 42 2.4
      vertex 34.03 30.655 2.4
    endloop
  endfacet
  facet normal 0 0 1
    outer loop
      vertex 32.6777 13.1073 2.4
      vertex 6.7 5.5 2.4
      vertex 32.642 12.9277 2.4
    endloop
  endfacet
  facet normal -0 0 1
    outer loop
      vertex 6.65911 36.1894 2.4
      vertex 32.6777 29.6173 2.4
      vertex 6.68973 36.3434 2.4
    endloop
  endfacet
  facet normal 0 0 1
    outer loop
      vertex 32.7366 29.7908 2.4
      vertex 6.68973 36.3434 2.4
      vertex 32.6777 29.6173 2.4
    endloop
  endfacet
  facet normal -0 0 1
    outer loop
      vertex 6.68973 36.3434 2.4
      vertex 32.7366 29.7908 2.4
      vertex 6.7 36.5 2.4
    endloop
  endfacet
  facet normal 0 0 1
    outer loop
      vertex 32.8176 29.955 2.4
      vertex 6.7 36.5 2.4
      vertex 32.7366 29.7908 2.4
    endloop
  endfacet
  facet normal 0 0 1
    outer loop
      vertex 6.68973 36.6566 2.4
      vertex 32.8176 29.955 2.4
      vertex 32.9193 30.1073 2.4
    endloop
  endfacet
  facet normal 0 0 1
    outer loop
      vertex 6.65911 36.8106 2.4
      vertex 32.9193 30.1073 2.4
      vertex 33.0401 30.2449 2.4
    endloop
  endfacet
  facet normal 0 0 1
    outer loop
      vertex 6.60865 36.9592 2.4
      vertex 33.0401 30.2449 2.4
      vertex 33.1777 30.3657 2.4
    endloop
  endfacet
  facet normal 0 0 1
    outer loop
      vertex 6.53923 37.1 2.4
      vertex 33.1777 30.3657 2.4
      vertex 33.33 30.4674 2.4
    endloop
  endfacet
  facet normal 0 0 1
    outer loop
      vertex 6.45202 37.2305 2.4
      vertex 33.33 30.4674 2.4
      vertex 33.4942 30.5484 2.4
    endloop
  endfacet
  facet normal 0 0 1
    outer loop
      vertex 3 42 2.4
      vertex 33.4942 30.5484 2.4
      vertex 33.6677 30.6073 2.4
    endloop
  endfacet
  facet normal 0 0 1
    outer loop
      vertex 3 42 2.4
      vertex 33.6677 30.6073 2.4
      vertex 33.8473 30.643 2.4
    endloop
  endfacet
  facet normal 0 0 1
    outer loop
      vertex 34.03 30.655 2.4
      vertex 3 42 2.4
      vertex 33.8473 30.643 2.4
    endloop
  endfacet
  facet normal 0 0 1
    outer loop
      vertex 32.8176 29.955 2.4
      vertex 6.68973 36.6566 2.4
      vertex 6.7 36.5 2.4
    endloop
  endfacet
  facet normal 0 0 1
    outer loop
      vertex 32.9193 30.1073 2.4
      vertex 6.65911 36.8106 2.4
      vertex 6.68973 36.6566 2.4
    endloop
  endfacet
  facet normal 0 0 1
    outer loop
      vertex 33.0401 30.2449 2.4
      vertex 6.60865 36.9592 2.4
      vertex 6.65911 36.8106 2.4
    endloop
  endfacet
  facet normal 0 0 1
    outer loop
      vertex 33.1777 30.3657 2.4
      vertex 6.53923 37.1 2.4
      vertex 6.60865 36.9592 2.4
    endloop
  endfacet
  facet normal 0 0 1
    outer loop
      vertex 33.33 30.4674 2.4
      vertex 6.45202 37.2305 2.4
      vertex 6.53923 37.1 2.4
    endloop
  endfacet
  facet normal 0 0 1
    outer loop
      vertex 33.4942 30.5484 2.4
      vertex 3 42 2.4
      vertex 6.34853 37.3485 2.4
    endloop
  endfacet
  facet normal 0 0 1
    outer loop
      vertex 33.4942 30.5484 2.4
      vertex 6.34853 37.3485 2.4
      vertex 6.45202 37.2305 2.4
    endloop
  endfacet
  facet normal 0 0 1
    outer loop
      vertex 6.34853 37.3485 2.4
      vertex 3 42 2.4
      vertex 6.23051 37.452 2.4
    endloop
  endfacet
  facet normal 0 0 1
    outer loop
      vertex 6.23051 37.452 2.4
      vertex 3 42 2.4
      vertex 6.1 37.5392 2.4
    endloop
  endfacet
  facet normal 0 0 1
    outer loop
      vertex 6.1 37.5392 2.4
      vertex 3 42 2.4
      vertex 5.95922 37.6087 2.4
    endloop
  endfacet
  facet normal 0 0 1
    outer loop
      vertex 5.95922 37.6087 2.4
      vertex 3 42 2.4
      vertex 5.81058 37.6591 2.4
    endloop
  endfacet
  facet normal 0 0 1
    outer loop
      vertex 5.81058 37.6591 2.4
      vertex 3 42 2.4
      vertex 5.65663 37.6897 2.4
    endloop
  endfacet
  facet normal -0 0 1
    outer loop
      vertex 0.619934 40.8263 2.4
      vertex 4.65147 37.3485 2.4
      vertex 0.878677 41.1213 2.4
    endloop
  endfacet
  facet normal -0 0 1
    outer loop
      vertex 0.878677 41.1213 2.4
      vertex 4.65147 37.3485 2.4
      vertex 1.17372 41.3801 2.4
    endloop
  endfacet
  facet normal -0 0 1
    outer loop
      vertex 1.17372 41.3801 2.4
      vertex 4.65147 37.3485 2.4
      vertex 1.5 41.5981 2.4
    endloop
  endfacet
  facet normal -0 0 1
    outer loop
      vertex 1.5 41.5981 2.4
      vertex 4.65147 37.3485 2.4
      vertex 1.85194 41.7716 2.4
    endloop
  endfacet
  facet normal -0 0 1
    outer loop
      vertex 1.85194 41.7716 2.4
      vertex 4.65147 37.3485 2.4
      vertex 2.22354 41.8978 2.4
    endloop
  endfacet
  facet normal -0 0 1
    outer loop
      vertex 2.22354 41.8978 2.4
      vertex 4.65147 37.3485 2.4
      vertex 2.60843 41.9743 2.4
    endloop
  endfacet
  facet normal -0 0 1
    outer loop
      vertex 2.60843 41.9743 2.4
      vertex 4.65147 37.3485 2.4
      vertex 3 42 2.4
    endloop
  endfacet
  facet normal 0 0 1
    outer loop
      vertex 4.76949 37.452 2.4
      vertex 3 42 2.4
      vertex 4.65147 37.3485 2.4
    endloop
  endfacet
  facet normal 0 0 1
    outer loop
      vertex 4.9 37.5392 2.4
      vertex 3 42 2.4
      vertex 4.76949 37.452 2.4
    endloop
  endfacet
  facet normal 0 0 1
    outer loop
      vertex 5.04078 37.6087 2.4
      vertex 3 42 2.4
      vertex 4.9 37.5392 2.4
    endloop
  endfacet
  facet normal 0 0 1
    outer loop
      vertex 5.18942 37.6591 2.4
      vertex 3 42 2.4
      vertex 5.04078 37.6087 2.4
    endloop
  endfacet
  facet normal 0 0 1
    outer loop
      vertex 5.34337 37.6897 2.4
      vertex 3 42 2.4
      vertex 5.18942 37.6591 2.4
    endloop
  endfacet
  facet normal 0 0 1
    outer loop
      vertex 5.5 37.7 2.4
      vertex 3 42 2.4
      vertex 5.34337 37.6897 2.4
    endloop
  endfacet
  facet normal 0 0 1
    outer loop
      vertex 5.65663 37.6897 2.4
      vertex 3 42 2.4
      vertex 5.5 37.7 2.4
    endloop
  endfacet
  facet normal 0 0 1
    outer loop
      vertex 104.38 1.17372 2.4
      vertex 100.349 4.65147 2.4
      vertex 104.121 0.878677 2.4
    endloop
  endfacet
  facet normal 0 0 1
    outer loop
      vertex 104.121 0.878677 2.4
      vertex 100.349 4.65147 2.4
      vertex 103.826 0.619934 2.4
    endloop
  endfacet
  facet normal 0 0 1
    outer loop
      vertex 103.826 0.619934 2.4
      vertex 100.349 4.65147 2.4
      vertex 103.5 0.401917 2.4
    endloop
  endfacet
  facet normal 0 0 1
    outer loop
      vertex 103.5 0.401917 2.4
      vertex 100.349 4.65147 2.4
      vertex 103.148 0.228363 2.4
    endloop
  endfacet
  facet normal 0 0 1
    outer loop
      vertex 103.148 0.228363 2.4
      vertex 100.349 4.65147 2.4
      vertex 102.776 0.102219 2.4
    endloop
  endfacet
  facet normal 0 0 1
    outer loop
      vertex 102.776 0.102219 2.4
      vertex 100.349 4.65147 2.4
      vertex 102.392 0.0256653 2.4
    endloop
  endfacet
  facet normal 0 0 1
    outer loop
      vertex 102.392 0.0256653 2.4
      vertex 100.349 4.65147 2.4
      vertex 102 0 2.4
    endloop
  endfacet
  facet normal -0 0 1
    outer loop
      vertex 100.231 4.54798 2.4
      vertex 102 0 2.4
      vertex 100.349 4.65147 2.4
    endloop
  endfacet
  facet normal -0 0 1
    outer loop
      vertex 100.1 4.46077 2.4
      vertex 102 0 2.4
      vertex 100.231 4.54798 2.4
    endloop
  endfacet
  facet normal -0 0 1
    outer loop
      vertex 99.9592 4.39134 2.4
      vertex 102 0 2.4
      vertex 100.1 4.46077 2.4
    endloop
  endfacet
  facet normal -0 0 1
    outer loop
      vertex 99.8106 4.34089 2.4
      vertex 102 0 2.4
      vertex 99.9592 4.39134 2.4
    endloop
  endfacet
  facet normal -0 0 1
    outer loop
      vertex 99.6566 4.31027 2.4
      vertex 102 0 2.4
      vertex 99.8106 4.34089 2.4
    endloop
  endfacet
  facet normal -0 0 1
    outer loop
      vertex 99.5 4.3 2.4
      vertex 102 0 2.4
      vertex 99.6566 4.31027 2.4
    endloop
  endfacet
  facet normal 0 0 1
    outer loop
      vertex 99.3434 4.31027 2.4
      vertex 102 0 2.4
      vertex 99.5 4.3 2.4
    endloop
  endfacet
  facet normal 0 0 1
    outer loop
      vertex 99.1894 4.34089 2.4
      vertex 102 0 2.4
      vertex 99.3434 4.31027 2.4
    endloop
  endfacet
  facet normal 0 0 1
    outer loop
      vertex 99.0408 4.39134 2.4
      vertex 102 0 2.4
      vertex 99.1894 4.34089 2.4
    endloop
  endfacet
  facet normal 0 0 1
    outer loop
      vertex 98.9 4.46077 2.4
      vertex 102 0 2.4
      vertex 99.0408 4.39134 2.4
    endloop
  endfacet
  facet normal 0 0 1
    outer loop
      vertex 98.7695 4.54798 2.4
      vertex 102 0 2.4
      vertex 98.9 4.46077 2.4
    endloop
  endfacet
  facet normal 0 0 1
    outer loop
      vertex 98.6515 4.65147 2.4
      vertex 102 0 2.4
      vertex 98.7695 4.54798 2.4
    endloop
  endfacet
  facet normal 0 0 1
    outer loop
      vertex 98.548 4.76949 2.4
      vertex 102 0 2.4
      vertex 98.6515 4.65147 2.4
    endloop
  endfacet
  facet normal 0 0 1
    outer loop
      vertex 98.6515 6.34853 2.4
      vertex 86.3134 16.6866 2.4
      vertex 98.548 6.23051 2.4
    endloop
  endfacet
  facet normal 0 0 1
    outer loop
      vertex 98.548 6.23051 2.4
      vertex 86.3134 16.6866 2.4
      vertex 98.4608 6.1 2.4
    endloop
  endfacet
  facet normal -0 0 1
    outer loop
      vertex 85.7134 16.1605 2.4
      vertex 98.4608 6.1 2.4
      vertex 86.3134 16.6866 2.4
    endloop
  endfacet
  facet normal 0 0 1
    outer loop
      vertex 98.4608 6.1 2.4
      vertex 85.7134 16.1605 2.4
      vertex 98.3913 5.95922 2.4
    endloop
  endfacet
  facet normal 0 0 1
    outer loop
      vertex 98.3913 5.95922 2.4
      vertex 85.7134 16.1605 2.4
      vertex 98.3409 5.81058 2.4
    endloop
  endfacet
  facet normal -0 0 1
    outer loop
      vertex 85.05 15.7172 2.4
      vertex 98.3409 5.81058 2.4
      vertex 85.7134 16.1605 2.4
    endloop
  endfacet
  facet normal 0 0 1
    outer loop
      vertex 98.3409 5.81058 2.4
      vertex 85.05 15.7172 2.4
      vertex 98.3103 5.65663 2.4
    endloop
  endfacet
  facet normal -0 0 1
    outer loop
      vertex 84.3344 15.3643 2.4
      vertex 98.3103 5.65663 2.4
      vertex 85.05 15.7172 2.4
    endloop
  endfacet
  facet normal 0 0 1
    outer loop
      vertex 98.3103 5.65663 2.4
      vertex 84.3344 15.3643 2.4
      vertex 98.3 5.5 2.4
    endloop
  endfacet
  facet normal -0 0 1
    outer loop
      vertex 83.5788 15.1079 2.4
      vertex 98.3 5.5 2.4
      vertex 84.3344 15.3643 2.4
    endloop
  endfacet
  facet normal 0 0 1
    outer loop
      vertex 98.3 5.5 2.4
      vertex 83.5788 15.1079 2.4
      vertex 98.3103 5.34337 2.4
    endloop
  endfacet
  facet normal 0 0 1
    outer loop
      vertex 98.3103 5.34337 2.4
      vertex 83.5788 15.1079 2.4
      vertex 98.3409 5.18942 2.4
    endloop
  endfacet
  facet normal -0 0 1
    outer loop
      vertex 82.7962 14.9522 2.4
      vertex 98.3409 5.18942 2.4
      vertex 83.5788 15.1079 2.4
    endloop
  endfacet
  facet normal 0 0 1
    outer loop
      vertex 98.3409 5.18942 2.4
      vertex 82.7962 14.9522 2.4
      vertex 98.3913 5.04078 2.4
    endloop
  endfacet
  facet normal -0 0 1
    outer loop
      vertex 82 14.9 2.4
      vertex 98.3913 5.04078 2.4
      vertex 82.7962 14.9522 2.4
    endloop
  endfacet
  facet normal 0 0 1
    outer loop
      vertex 98.3913 5.04078 2.4
      vertex 82 14.9 2.4
      vertex 98.4608 4.9 2.4
    endloop
  endfacet
  facet normal 0 0 1
    outer loop
      vertex 81.2038 14.9522 2.4
      vertex 98.4608 4.9 2.4
      vertex 82 14.9 2.4
    endloop
  endfacet
  facet normal 0 0 1
    outer loop
      vertex 98.4608 4.9 2.4
      vertex 81.2038 14.9522 2.4
      vertex 98.548 4.76949 2.4
    endloop
  endfacet
  facet normal -0 0 1
    outer loop
      vertex 62.67 11.5326 2.4
      vertex 98.548 4.76949 2.4
      vertex 81.2038 14.9522 2.4
    endloop
  endfacet
  facet normal 0 0 1
    outer loop
      vertex 62.67 11.5326 2.4
      vertex 81.2038 14.9522 2.4
      vertex 80.4212 15.1079 2.4
    endloop
  endfacet
  facet normal 0 0 1
    outer loop
      vertex 62.9599 11.755 2.4
      vertex 80.4212 15.1079 2.4
      vertex 79.6656 15.3643 2.4
    endloop
  endfacet
  facet normal 0 0 1
    outer loop
      vertex 63.0807 11.8927 2.4
      vertex 79.6656 15.3643 2.4
      vertex 78.95 15.7172 2.4
    endloop
  endfacet
  facet normal 0 0 1
    outer loop
      vertex 63.1824 12.045 2.4
      vertex 78.95 15.7172 2.4
      vertex 78.2866 16.1605 2.4
    endloop
  endfacet
  facet normal -0 0 1
    outer loop
      vertex 63.1824 28.555 2.4
      vertex 76.3643 23.3344 2.4
      vertex 63.2634 28.7192 2.4
    endloop
  endfacet
  facet normal 0 0 1
    outer loop
      vertex 75.9 21 2.4
      vertex 63.37 12.745 2.4
      vertex 75.9522 20.2038 2.4
    endloop
  endfacet
  facet normal 0 0 1
    outer loop
      vertex 75.9522 20.2038 2.4
      vertex 63.37 12.745 2.4
      vertex 76.1078 19.4212 2.4
    endloop
  endfacet
  facet normal 0 0 1
    outer loop
      vertex 76.1078 19.4212 2.4
      vertex 63.37 12.745 2.4
      vertex 76.3643 18.6656 2.4
    endloop
  endfacet
  facet normal 0 0 1
    outer loop
      vertex 76.3643 18.6656 2.4
      vertex 63.37 12.745 2.4
      vertex 76.7172 17.95 2.4
    endloop
  endfacet
  facet normal 0 0 1
    outer loop
      vertex 76.7172 17.95 2.4
      vertex 63.37 12.745 2.4
      vertex 77.1605 17.2866 2.4
    endloop
  endfacet
  facet normal 0 0 1
    outer loop
      vertex 63.358 12.5623 2.4
      vertex 77.1605 17.2866 2.4
      vertex 63.37 12.745 2.4
    endloop
  endfacet
  facet normal 0 0 1
    outer loop
      vertex 77.1605 17.2866 2.4
      vertex 63.358 12.5623 2.4
      vertex 77.6866 16.6866 2.4
    endloop
  endfacet
  facet normal 0 0 1
    outer loop
      vertex 63.3223 12.3827 2.4
      vertex 77.6866 16.6866 2.4
      vertex 63.358 12.5623 2.4
    endloop
  endfacet
  facet normal 0 0 1
    outer loop
      vertex 77.6866 16.6866 2.4
      vertex 63.3223 12.3827 2.4
      vertex 78.2866 16.1605 2.4
    endloop
  endfacet
  facet normal 0 0 1
    outer loop
      vertex 63.2634 12.2092 2.4
      vertex 78.2866 16.1605 2.4
      vertex 63.3223 12.3827 2.4
    endloop
  endfacet
  facet normal 0 0 1
    outer loop
      vertex 63.1824 12.045 2.4
      vertex 78.2866 16.1605 2.4
      vertex 63.2634 12.2092 2.4
    endloop
  endfacet
  facet normal 0 0 1
    outer loop
      vertex 78.95 15.7172 2.4
      vertex 63.1824 12.045 2.4
      vertex 63.0807 11.8927 2.4
    endloop
  endfacet
  facet normal 0 0 1
    outer loop
      vertex 79.6656 15.3643 2.4
      vertex 63.0807 11.8927 2.4
      vertex 62.9599 11.755 2.4
    endloop
  endfacet
  facet normal 0 0 1
    outer loop
      vertex 80.4212 15.1079 2.4
      vertex 62.9599 11.755 2.4
      vertex 62.8223 11.6343 2.4
    endloop
  endfacet
  facet normal 0 0 1
    outer loop
      vertex 80.4212 15.1079 2.4
      vertex 62.8223 11.6343 2.4
      vertex 62.67 11.5326 2.4
    endloop
  endfacet
  facet normal 0 0 1
    outer loop
      vertex 98.548 4.76949 2.4
      vertex 62.67 11.5326 2.4
      vertex 102 0 2.4
    endloop
  endfacet
  facet normal -0 0 1
    outer loop
      vertex 62.5058 11.4516 2.4
      vertex 102 0 2.4
      vertex 62.67 11.5326 2.4
    endloop
  endfacet
  facet normal -0 0 1
    outer loop
      vertex 62.3323 11.3927 2.4
      vertex 102 0 2.4
      vertex 62.5058 11.4516 2.4
    endloop
  endfacet
  facet normal -0 0 1
    outer loop
      vertex 62.1527 11.357 2.4
      vertex 102 0 2.4
      vertex 62.3323 11.3927 2.4
    endloop
  endfacet
  facet normal -0 0 1
    outer loop
      vertex 61.97 11.345 2.4
      vertex 102 0 2.4
      vertex 62.1527 11.357 2.4
    endloop
  endfacet
  facet normal 0 0 1
    outer loop
      vertex 61.7873 11.357 2.4
      vertex 102 0 2.4
      vertex 61.97 11.345 2.4
    endloop
  endfacet
  facet normal 0 0 1
    outer loop
      vertex 34.2127 11.357 2.4
      vertex 61.7873 11.357 2.4
      vertex 61.6077 11.3927 2.4
    endloop
  endfacet
  facet normal -0 0 1
    outer loop
      vertex 35.43 12.745 2.4
      vertex 60.582 12.5623 2.4
      vertex 60.57 12.745 2.4
    endloop
  endfacet
  facet normal 0 0 1
    outer loop
      vertex 35.418 12.5623 2.4
      vertex 60.582 12.5623 2.4
      vertex 35.43 12.745 2.4
    endloop
  endfacet
  facet normal 0 0 1
    outer loop
      vertex 60.582 12.5623 2.4
      vertex 35.418 12.5623 2.4
      vertex 60.6177 12.3827 2.4
    endloop
  endfacet
  facet normal 0 0 1
    outer loop
      vertex 35.3823 12.3827 2.4
      vertex 60.6177 12.3827 2.4
      vertex 35.418 12.5623 2.4
    endloop
  endfacet
  facet normal 0 0 1
    outer loop
      vertex 60.6177 12.3827 2.4
      vertex 35.3823 12.3827 2.4
      vertex 60.6766 12.2092 2.4
    endloop
  endfacet
  facet normal 0 0 1
    outer loop
      vertex 35.3234 12.2092 2.4
      vertex 60.6766 12.2092 2.4
      vertex 35.3823 12.3827 2.4
    endloop
  endfacet
  facet normal 0 0 1
    outer loop
      vertex 60.6766 12.2092 2.4
      vertex 35.3234 12.2092 2.4
      vertex 60.7576 12.045 2.4
    endloop
  endfacet
  facet normal 0 0 1
    outer loop
      vertex 35.2424 12.045 2.4
      vertex 60.7576 12.045 2.4
      vertex 35.3234 12.2092 2.4
    endloop
  endfacet
  facet normal 0 0 1
    outer loop
      vertex 60.7576 12.045 2.4
      vertex 35.2424 12.045 2.4
      vertex 60.8593 11.8927 2.4
    endloop
  endfacet
  facet normal 0 0 1
    outer loop
      vertex 35.1407 11.8927 2.4
      vertex 60.8593 11.8927 2.4
      vertex 35.2424 12.045 2.4
    endloop
  endfacet
  facet normal 0 0 1
    outer loop
      vertex 60.8593 11.8927 2.4
      vertex 35.1407 11.8927 2.4
      vertex 60.98 11.755 2.4
    endloop
  endfacet
  facet normal 0 0 1
    outer loop
      vertex 35.02 11.755 2.4
      vertex 60.98 11.755 2.4
      vertex 35.1407 11.8927 2.4
    endloop
  endfacet
  facet normal 0 0 1
    outer loop
      vertex 60.98 11.755 2.4
      vertex 35.02 11.755 2.4
      vertex 61.1177 11.6343 2.4
    endloop
  endfacet
  facet normal 0 0 1
    outer loop
      vertex 34.8823 11.6343 2.4
      vertex 61.1177 11.6343 2.4
      vertex 35.02 11.755 2.4
    endloop
  endfacet
  facet normal 0 0 1
    outer loop
      vertex 61.1177 11.6343 2.4
      vertex 34.8823 11.6343 2.4
      vertex 61.27 11.5326 2.4
    endloop
  endfacet
  facet normal 0 0 1
    outer loop
      vertex 34.73 11.5326 2.4
      vertex 61.27 11.5326 2.4
      vertex 34.8823 11.6343 2.4
    endloop
  endfacet
  facet normal 0 0 1
    outer loop
      vertex 61.27 11.5326 2.4
      vertex 34.73 11.5326 2.4
      vertex 61.4342 11.4516 2.4
    endloop
  endfacet
  facet normal 0 0 1
    outer loop
      vertex 34.5658 11.4516 2.4
      vertex 61.4342 11.4516 2.4
      vertex 34.73 11.5326 2.4
    endloop
  endfacet
  facet normal 0 0 1
    outer loop
      vertex 61.4342 11.4516 2.4
      vertex 34.5658 11.4516 2.4
      vertex 61.6077 11.3927 2.4
    endloop
  endfacet
  facet normal 0 0 1
    outer loop
      vertex 34.3923 11.3927 2.4
      vertex 61.6077 11.3927 2.4
      vertex 34.5658 11.4516 2.4
    endloop
  endfacet
  facet normal 0 0 1
    outer loop
      vertex 34.2127 11.357 2.4
      vertex 61.6077 11.3927 2.4
      vertex 34.3923 11.3927 2.4
    endloop
  endfacet
  facet normal 0 0 1
    outer loop
      vertex 61.7873 11.357 2.4
      vertex 34.2127 11.357 2.4
      vertex 3 0 2.4
    endloop
  endfacet
  facet normal 0 0 1
    outer loop
      vertex 3 0 2.4
      vertex 34.2127 11.357 2.4
      vertex 34.03 11.345 2.4
    endloop
  endfacet
  facet normal 0 0 1
    outer loop
      vertex 3 0 2.4
      vertex 34.03 11.345 2.4
      vertex 33.8473 11.357 2.4
    endloop
  endfacet
  facet normal 0 0 1
    outer loop
      vertex 32.642 12.9277 2.4
      vertex 6.7 5.5 2.4
      vertex 32.63 12.745 2.4
    endloop
  endfacet
  facet normal 0 0 1
    outer loop
      vertex 32.63 12.745 2.4
      vertex 6.7 5.5 2.4
      vertex 32.642 12.5623 2.4
    endloop
  endfacet
  facet normal 0 0 1
    outer loop
      vertex 32.642 12.5623 2.4
      vertex 6.7 5.5 2.4
      vertex 32.6777 12.3827 2.4
    endloop
  endfacet
  facet normal 0 0 1
    outer loop
      vertex 32.6777 12.3827 2.4
      vertex 6.7 5.5 2.4
      vertex 32.7366 12.2092 2.4
    endloop
  endfacet
  facet normal 0 0 1
    outer loop
      vertex 32.7366 12.2092 2.4
      vertex 6.7 5.5 2.4
      vertex 32.8176 12.045 2.4
    endloop
  endfacet
  facet normal 0 0 1
    outer loop
      vertex 6.68973 5.34337 2.4
      vertex 32.8176 12.045 2.4
      vertex 6.7 5.5 2.4
    endloop
  endfacet
  facet normal 0 0 1
    outer loop
      vertex 32.8176 12.045 2.4
      vertex 6.68973 5.34337 2.4
      vertex 32.9193 11.8927 2.4
    endloop
  endfacet
  facet normal 0 0 1
    outer loop
      vertex 6.65911 5.18942 2.4
      vertex 32.9193 11.8927 2.4
      vertex 6.68973 5.34337 2.4
    endloop
  endfacet
  facet normal 0 0 1
    outer loop
      vertex 32.9193 11.8927 2.4
      vertex 6.65911 5.18942 2.4
      vertex 33.0401 11.755 2.4
    endloop
  endfacet
  facet normal 0 0 1
    outer loop
      vertex 6.60865 5.04078 2.4
      vertex 33.0401 11.755 2.4
      vertex 6.65911 5.18942 2.4
    endloop
  endfacet
  facet normal 0 0 1
    outer loop
      vertex 33.0401 11.755 2.4
      vertex 6.60865 5.04078 2.4
      vertex 33.1777 11.6343 2.4
    endloop
  endfacet
  facet normal 0 0 1
    outer loop
      vertex 6.53923 4.9 2.4
      vertex 33.1777 11.6343 2.4
      vertex 6.60865 5.04078 2.4
    endloop
  endfacet
  facet normal 0 0 1
    outer loop
      vertex 33.1777 11.6343 2.4
      vertex 6.53923 4.9 2.4
      vertex 33.33 11.5326 2.4
    endloop
  endfacet
  facet normal 0 0 1
    outer loop
      vertex 6.45202 4.76949 2.4
      vertex 33.33 11.5326 2.4
      vertex 6.53923 4.9 2.4
    endloop
  endfacet
  facet normal 0 0 1
    outer loop
      vertex 33.33 11.5326 2.4
      vertex 6.45202 4.76949 2.4
      vertex 33.4942 11.4516 2.4
    endloop
  endfacet
  facet normal 0 0 1
    outer loop
      vertex 6.34853 4.65147 2.4
      vertex 33.4942 11.4516 2.4
      vertex 6.45202 4.76949 2.4
    endloop
  endfacet
  facet normal 0 0 1
    outer loop
      vertex 3 0 2.4
      vertex 33.4942 11.4516 2.4
      vertex 6.34853 4.65147 2.4
    endloop
  endfacet
  facet normal 0 0 1
    outer loop
      vertex 33.4942 11.4516 2.4
      vertex 3 0 2.4
      vertex 33.6677 11.3927 2.4
    endloop
  endfacet
  facet normal 0 0 1
    outer loop
      vertex 33.6677 11.3927 2.4
      vertex 3 0 2.4
      vertex 33.8473 11.357 2.4
    endloop
  endfacet
  facet normal 0 0 1
    outer loop
      vertex 3 0 2.4
      vertex 6.34853 4.65147 2.4
      vertex 6.23051 4.54798 2.4
    endloop
  endfacet
  facet normal 0 0 1
    outer loop
      vertex 3 0 2.4
      vertex 6.23051 4.54798 2.4
      vertex 6.1 4.46077 2.4
    endloop
  endfacet
  facet normal 0 0 1
    outer loop
      vertex 3 0 2.4
      vertex 6.1 4.46077 2.4
      vertex 5.95922 4.39134 2.4
    endloop
  endfacet
  facet normal 0 0 1
    outer loop
      vertex 3 0 2.4
      vertex 5.95922 4.39134 2.4
      vertex 5.81058 4.34089 2.4
    endloop
  endfacet
  facet normal 0 0 1
    outer loop
      vertex 3 0 2.4
      vertex 5.81058 4.34089 2.4
      vertex 5.65663 4.31027 2.4
    endloop
  endfacet
  facet normal 0 0 1
    outer loop
      vertex 3 0 2.4
      vertex 5.65663 4.31027 2.4
      vertex 5.5 4.3 2.4
    endloop
  endfacet
  facet normal 0 0 1
    outer loop
      vertex 61.7873 11.357 2.4
      vertex 3 0 2.4
      vertex 102 0 2.4
    endloop
  endfacet
  facet normal 0 0 1
    outer loop
      vertex 5.34337 4.31027 2.4
      vertex 3 0 2.4
      vertex 5.5 4.3 2.4
    endloop
  endfacet
  facet normal 0 0 1
    outer loop
      vertex 5.18942 4.34089 2.4
      vertex 3 0 2.4
      vertex 5.34337 4.31027 2.4
    endloop
  endfacet
  facet normal 0 0 1
    outer loop
      vertex 5.04078 4.39134 2.4
      vertex 3 0 2.4
      vertex 5.18942 4.34089 2.4
    endloop
  endfacet
  facet normal 0 0 1
    outer loop
      vertex 4.9 4.46077 2.4
      vertex 3 0 2.4
      vertex 5.04078 4.39134 2.4
    endloop
  endfacet
  facet normal 0 0 1
    outer loop
      vertex 4.76949 4.54798 2.4
      vertex 3 0 2.4
      vertex 4.9 4.46077 2.4
    endloop
  endfacet
  facet normal 0 0 1
    outer loop
      vertex 4.65147 4.65147 2.4
      vertex 3 0 2.4
      vertex 4.76949 4.54798 2.4
    endloop
  endfacet
  facet normal 0 0 1
    outer loop
      vertex 0.0256653 2.60843 2.4
      vertex 4.65147 4.65147 2.4
      vertex 4.54798 4.76949 2.4
    endloop
  endfacet
  facet normal 0 0 1
    outer loop
      vertex 0 3 2.4
      vertex 4.54798 4.76949 2.4
      vertex 4.46077 4.9 2.4
    endloop
  endfacet
  facet normal 0 0 1
    outer loop
      vertex 0 3 2.4
      vertex 4.46077 4.9 2.4
      vertex 4.39134 5.04078 2.4
    endloop
  endfacet
  facet normal 0 0 1
    outer loop
      vertex 0 3 2.4
      vertex 4.39134 5.04078 2.4
      vertex 4.34089 5.18942 2.4
    endloop
  endfacet
  facet normal 0 0 1
    outer loop
      vertex 0 3 2.4
      vertex 4.34089 5.18942 2.4
      vertex 4.31027 5.34337 2.4
    endloop
  endfacet
  facet normal 0 0 1
    outer loop
      vertex 0 3 2.4
      vertex 4.31027 5.34337 2.4
      vertex 4.3 5.5 2.4
    endloop
  endfacet
  facet normal 0 0 1
    outer loop
      vertex 4.34089 5.81058 2.4
      vertex 0 3 2.4
      vertex 4.31027 5.65663 2.4
    endloop
  endfacet
  facet normal -0 0 1
    outer loop
      vertex 0.401917 40.5 2.4
      vertex 4.65147 37.3485 2.4
      vertex 0.619934 40.8263 2.4
    endloop
  endfacet
  facet normal 0 0 1
    outer loop
      vertex 4.31027 5.65663 2.4
      vertex 0 3 2.4
      vertex 4.3 5.5 2.4
    endloop
  endfacet
  facet normal -0 0 1
    outer loop
      vertex 0.228363 40.1481 2.4
      vertex 4.65147 37.3485 2.4
      vertex 0.401917 40.5 2.4
    endloop
  endfacet
  facet normal 0 0 1
    outer loop
      vertex 4.54798 4.76949 2.4
      vertex 0 3 2.4
      vertex 0.0256653 2.60843 2.4
    endloop
  endfacet
  facet normal -0 0 1
    outer loop
      vertex 0.102219 39.7765 2.4
      vertex 4.65147 37.3485 2.4
      vertex 0.228363 40.1481 2.4
    endloop
  endfacet
  facet normal 0 0 1
    outer loop
      vertex 4.65147 4.65147 2.4
      vertex 2.60843 0.0256653 2.4
      vertex 3 0 2.4
    endloop
  endfacet
  facet normal -0 0 1
    outer loop
      vertex 0.0256653 39.3916 2.4
      vertex 4.65147 37.3485 2.4
      vertex 0.102219 39.7765 2.4
    endloop
  endfacet
  facet normal 0 0 1
    outer loop
      vertex 4.65147 4.65147 2.4
      vertex 2.22354 0.102219 2.4
      vertex 2.60843 0.0256653 2.4
    endloop
  endfacet
  facet normal 0 0 1
    outer loop
      vertex 4.65147 37.3485 2.4
      vertex 0.0256653 39.3916 2.4
      vertex 4.54798 37.2305 2.4
    endloop
  endfacet
  facet normal 0 0 1
    outer loop
      vertex 4.65147 4.65147 2.4
      vertex 1.85194 0.228363 2.4
      vertex 2.22354 0.102219 2.4
    endloop
  endfacet
  facet normal -0 0 1
    outer loop
      vertex 0 39 2.4
      vertex 4.54798 37.2305 2.4
      vertex 0.0256653 39.3916 2.4
    endloop
  endfacet
  facet normal 0 0 1
    outer loop
      vertex 4.65147 4.65147 2.4
      vertex 1.5 0.401917 2.4
      vertex 1.85194 0.228363 2.4
    endloop
  endfacet
  facet normal 0 0 1
    outer loop
      vertex 4.54798 37.2305 2.4
      vertex 0 39 2.4
      vertex 4.46077 37.1 2.4
    endloop
  endfacet
  facet normal 0 0 1
    outer loop
      vertex 4.65147 4.65147 2.4
      vertex 1.17372 0.619934 2.4
      vertex 1.5 0.401917 2.4
    endloop
  endfacet
  facet normal 0 0 1
    outer loop
      vertex 4.31027 36.6566 2.4
      vertex 0 39 2.4
      vertex 4.3 36.5 2.4
    endloop
  endfacet
  facet normal 0 0 1
    outer loop
      vertex 4.65147 4.65147 2.4
      vertex 0.878677 0.878677 2.4
      vertex 1.17372 0.619934 2.4
    endloop
  endfacet
  facet normal 0 0 1
    outer loop
      vertex 4.46077 37.1 2.4
      vertex 0 39 2.4
      vertex 4.39134 36.9592 2.4
    endloop
  endfacet
  facet normal 0 0 1
    outer loop
      vertex 4.65147 4.65147 2.4
      vertex 0.619934 1.17372 2.4
      vertex 0.878677 0.878677 2.4
    endloop
  endfacet
  facet normal 0 0 1
    outer loop
      vertex 4.34089 36.8106 2.4
      vertex 0 39 2.4
      vertex 4.31027 36.6566 2.4
    endloop
  endfacet
  facet normal 0 0 1
    outer loop
      vertex 4.65147 4.65147 2.4
      vertex 0.401917 1.5 2.4
      vertex 0.619934 1.17372 2.4
    endloop
  endfacet
  facet normal 0 0 1
    outer loop
      vertex 4.39134 36.9592 2.4
      vertex 0 39 2.4
      vertex 4.34089 36.8106 2.4
    endloop
  endfacet
  facet normal 0 0 1
    outer loop
      vertex 4.65147 4.65147 2.4
      vertex 0.228363 1.85194 2.4
      vertex 0.401917 1.5 2.4
    endloop
  endfacet
  facet normal 0 0 1
    outer loop
      vertex 4.65147 4.65147 2.4
      vertex 0.102219 2.22354 2.4
      vertex 0.228363 1.85194 2.4
    endloop
  endfacet
  facet normal 0 0 1
    outer loop
      vertex 4.65147 4.65147 2.4
      vertex 0.0256653 2.60843 2.4
      vertex 0.102219 2.22354 2.4
    endloop
  endfacet
  facet normal 0 0 1
    outer loop
      vertex 61.27 13.9574 2.4
      vertex 61 16.75 2.4
      vertex 61.1177 13.8557 2.4
    endloop
  endfacet
  facet normal 0 0 1
    outer loop
      vertex 61 16.75 2.4
      vertex 60.98 13.7349 2.4
      vertex 61.1177 13.8557 2.4
    endloop
  endfacet
  facet normal 0 0 1
    outer loop
      vertex 61 16.75 2.4
      vertex 60.8593 13.5973 2.4
      vertex 60.98 13.7349 2.4
    endloop
  endfacet
  facet normal 0 0 1
    outer loop
      vertex 61 16.75 2.4
      vertex 60.7576 13.445 2.4
      vertex 60.8593 13.5973 2.4
    endloop
  endfacet
  facet normal 0 0 1
    outer loop
      vertex 61 16.75 2.4
      vertex 60.6766 13.2808 2.4
      vertex 60.7576 13.445 2.4
    endloop
  endfacet
  facet normal 0 0 1
    outer loop
      vertex 61 16.75 2.4
      vertex 60.6177 13.1073 2.4
      vertex 60.6766 13.2808 2.4
    endloop
  endfacet
  facet normal 0 0 1
    outer loop
      vertex 35.3823 13.1073 2.4
      vertex 60.6177 13.1073 2.4
      vertex 61 16.75 2.4
    endloop
  endfacet
  facet normal 0 0 1
    outer loop
      vertex 60.582 12.9277 2.4
      vertex 35.43 12.745 2.4
      vertex 60.57 12.745 2.4
    endloop
  endfacet
  facet normal 0 0 1
    outer loop
      vertex 60.6177 13.1073 2.4
      vertex 35.3823 13.1073 2.4
      vertex 60.582 12.9277 2.4
    endloop
  endfacet
  facet normal 0 0 1
    outer loop
      vertex 60.582 12.9277 2.4
      vertex 35.418 12.9277 2.4
      vertex 35.43 12.745 2.4
    endloop
  endfacet
  facet normal 0 0 1
    outer loop
      vertex 60.582 12.9277 2.4
      vertex 35.3823 13.1073 2.4
      vertex 35.418 12.9277 2.4
    endloop
  endfacet
  facet normal -0 0 1
    outer loop
      vertex 35 16.75 2.4
      vertex 35.3823 13.1073 2.4
      vertex 61 16.75 2.4
    endloop
  endfacet
  facet normal 0 0 1
    outer loop
      vertex 35.3823 13.1073 2.4
      vertex 35 16.75 2.4
      vertex 35.3234 13.2808 2.4
    endloop
  endfacet
  facet normal 0 0 1
    outer loop
      vertex 35.3234 13.2808 2.4
      vertex 35 16.75 2.4
      vertex 35.2424 13.445 2.4
    endloop
  endfacet
  facet normal 0 0 1
    outer loop
      vertex 35.2424 13.445 2.4
      vertex 35 16.75 2.4
      vertex 35.1407 13.5973 2.4
    endloop
  endfacet
  facet normal 0 0 1
    outer loop
      vertex 35.1407 13.5973 2.4
      vertex 35 16.75 2.4
      vertex 35.02 13.7349 2.4
    endloop
  endfacet
  facet normal -0 0 1
    outer loop
      vertex 34.5658 27.9616 2.4
      vertex 35 25.25 2.4
      vertex 34.73 28.0426 2.4
    endloop
  endfacet
  facet normal 0 0 1
    outer loop
      vertex 35 16.75 2.4
      vertex 34.8823 13.8557 2.4
      vertex 35.02 13.7349 2.4
    endloop
  endfacet
  facet normal -0 0 1
    outer loop
      vertex 34.3923 27.9027 2.4
      vertex 35 25.25 2.4
      vertex 34.5658 27.9616 2.4
    endloop
  endfacet
  facet normal 0 0 1
    outer loop
      vertex 35 16.75 2.4
      vertex 34.73 13.9574 2.4
      vertex 34.8823 13.8557 2.4
    endloop
  endfacet
  facet normal -0 0 1
    outer loop
      vertex 34.2127 27.867 2.4
      vertex 35 25.25 2.4
      vertex 34.3923 27.9027 2.4
    endloop
  endfacet
  facet normal 0 0 1
    outer loop
      vertex 35 16.75 2.4
      vertex 34.5658 14.0384 2.4
      vertex 34.73 13.9574 2.4
    endloop
  endfacet
  facet normal -0 0 1
    outer loop
      vertex 34.03 27.855 2.4
      vertex 35 25.25 2.4
      vertex 34.2127 27.867 2.4
    endloop
  endfacet
  facet normal 0 0 1
    outer loop
      vertex 35 16.75 2.4
      vertex 34.3923 14.0973 2.4
      vertex 34.5658 14.0384 2.4
    endloop
  endfacet
  facet normal 0 0 1
    outer loop
      vertex 33.8473 27.867 2.4
      vertex 35 25.25 2.4
      vertex 34.03 27.855 2.4
    endloop
  endfacet
  facet normal 0 0 1
    outer loop
      vertex 35 16.75 2.4
      vertex 34.2127 14.133 2.4
      vertex 34.3923 14.0973 2.4
    endloop
  endfacet
  facet normal 0 0 1
    outer loop
      vertex 33.6677 27.9027 2.4
      vertex 35 25.25 2.4
      vertex 33.8473 27.867 2.4
    endloop
  endfacet
  facet normal 0 0 1
    outer loop
      vertex 35 16.75 2.4
      vertex 34.03 14.145 2.4
      vertex 34.2127 14.133 2.4
    endloop
  endfacet
  facet normal 0 0 1
    outer loop
      vertex 33.4942 27.9616 2.4
      vertex 35 25.25 2.4
      vertex 33.6677 27.9027 2.4
    endloop
  endfacet
  facet normal 0 0 1
    outer loop
      vertex 35 16.75 2.4
      vertex 33.8473 14.133 2.4
      vertex 34.03 14.145 2.4
    endloop
  endfacet
  facet normal 0 0 1
    outer loop
      vertex 33.33 28.0426 2.4
      vertex 35 25.25 2.4
      vertex 33.4942 27.9616 2.4
    endloop
  endfacet
  facet normal 0 0 1
    outer loop
      vertex 35 16.75 2.4
      vertex 33.6677 14.0973 2.4
      vertex 33.8473 14.133 2.4
    endloop
  endfacet
  facet normal 0 0 1
    outer loop
      vertex 33.1777 28.1443 2.4
      vertex 35 25.25 2.4
      vertex 33.33 28.0426 2.4
    endloop
  endfacet
  facet normal 0 0 1
    outer loop
      vertex 35 16.75 2.4
      vertex 33.4942 14.0384 2.4
      vertex 33.6677 14.0973 2.4
    endloop
  endfacet
  facet normal 0 0 1
    outer loop
      vertex 33.0401 28.265 2.4
      vertex 35 25.25 2.4
      vertex 33.1777 28.1443 2.4
    endloop
  endfacet
  facet normal 0 0 1
    outer loop
      vertex 35 16.75 2.4
      vertex 33.33 13.9574 2.4
      vertex 33.4942 14.0384 2.4
    endloop
  endfacet
  facet normal 0 0 1
    outer loop
      vertex 35 25.25 2.4
      vertex 33.0401 28.265 2.4
      vertex 35 16.75 2.4
    endloop
  endfacet
  facet normal 0 0 1
    outer loop
      vertex 35 16.75 2.4
      vertex 33.1777 13.8557 2.4
      vertex 33.33 13.9574 2.4
    endloop
  endfacet
  facet normal 0 0 1
    outer loop
      vertex 33.0401 13.7349 2.4
      vertex 35 16.75 2.4
      vertex 33.0401 28.265 2.4
    endloop
  endfacet
  facet normal 0 0 1
    outer loop
      vertex 35 16.75 2.4
      vertex 33.0401 13.7349 2.4
      vertex 33.1777 13.8557 2.4
    endloop
  endfacet
  facet normal 0 0 1
    outer loop
      vertex 32.9193 28.4027 2.4
      vertex 33.0401 13.7349 2.4
      vertex 33.0401 28.265 2.4
    endloop
  endfacet
  facet normal 0 0 1
    outer loop
      vertex 32.9193 28.4027 2.4
      vertex 32.9193 13.5973 2.4
      vertex 33.0401 13.7349 2.4
    endloop
  endfacet
  facet normal 0 0 1
    outer loop
      vertex 32.8176 28.555 2.4
      vertex 32.9193 13.5973 2.4
      vertex 32.9193 28.4027 2.4
    endloop
  endfacet
  facet normal 0 0 1
    outer loop
      vertex 32.8176 28.555 2.4
      vertex 32.8176 13.445 2.4
      vertex 32.9193 13.5973 2.4
    endloop
  endfacet
  facet normal 0 0 1
    outer loop
      vertex 32.7366 28.7192 2.4
      vertex 32.8176 13.445 2.4
      vertex 32.8176 28.555 2.4
    endloop
  endfacet
  facet normal 0 0 1
    outer loop
      vertex 32.7366 28.7192 2.4
      vertex 32.7366 13.2808 2.4
      vertex 32.8176 13.445 2.4
    endloop
  endfacet
  facet normal 0 0 1
    outer loop
      vertex 32.642 29.4377 2.4
      vertex 6.60865 36.0408 2.4
      vertex 32.63 29.255 2.4
    endloop
  endfacet
  facet normal -0 0 1
    outer loop
      vertex 6.53923 35.9 2.4
      vertex 32.63 29.255 2.4
      vertex 6.60865 36.0408 2.4
    endloop
  endfacet
  facet normal -0 0 1
    outer loop
      vertex 6.60865 36.0408 2.4
      vertex 32.642 29.4377 2.4
      vertex 6.65911 36.1894 2.4
    endloop
  endfacet
  facet normal 0 0 1
    outer loop
      vertex 32.63 29.255 2.4
      vertex 6.53923 35.9 2.4
      vertex 32.642 29.0723 2.4
    endloop
  endfacet
  facet normal 0 0 1
    outer loop
      vertex 32.6777 29.6173 2.4
      vertex 6.65911 36.1894 2.4
      vertex 32.642 29.4377 2.4
    endloop
  endfacet
  facet normal 0 0 1
    outer loop
      vertex 32.7366 13.2808 2.4
      vertex 6.7 5.5 2.4
      vertex 32.6777 13.1073 2.4
    endloop
  endfacet
  facet normal 0 1 -0
    outer loop
      vertex 102 42 0
      vertex 3 42 2.4
      vertex 102 42 2.4
    endloop
  endfacet
  facet normal 0 1 0
    outer loop
      vertex 3 42 2.4
      vertex 102 42 0
      vertex 3 42 0
    endloop
  endfacet
  facet normal 0.659396 -0.751796 0
    outer loop
      vertex 103.826 0.619934 0
      vertex 104.121 0.878677 2.4
      vertex 103.826 0.619934 2.4
    endloop
  endfacet
  facet normal 0.659396 -0.751796 0
    outer loop
      vertex 104.121 0.878677 2.4
      vertex 103.826 0.619934 0
      vertex 104.121 0.878677 0
    endloop
  endfacet
  facet normal -0.321446 -0.946928 0
    outer loop
      vertex 1.85194 0.228363 0
      vertex 2.22354 0.102219 2.4
      vertex 1.85194 0.228363 2.4
    endloop
  endfacet
  facet normal -0.321446 -0.946928 -0
    outer loop
      vertex 2.22354 0.102219 2.4
      vertex 1.85194 0.228363 0
      vertex 2.22354 0.102219 0
    endloop
  endfacet
  facet normal -0.946928 0.321446 0
    outer loop
      vertex 0.102219 39.7765 0
      vertex 0.228363 40.1481 2.4
      vertex 0.228363 40.1481 0
    endloop
  endfacet
  facet normal -0.946928 0.321446 0
    outer loop
      vertex 0.228363 40.1481 2.4
      vertex 0.102219 39.7765 0
      vertex 0.102219 39.7765 2.4
    endloop
  endfacet
  facet normal -0.896856 0.442322 0
    outer loop
      vertex 0.228363 40.1481 0
      vertex 0.401917 40.5 2.4
      vertex 0.401917 40.5 0
    endloop
  endfacet
  facet normal -0.896856 0.442322 0
    outer loop
      vertex 0.401917 40.5 2.4
      vertex 0.228363 40.1481 0
      vertex 0.228363 40.1481 2.4
    endloop
  endfacet
  facet normal 1 -0 0
    outer loop
      vertex 105 3 2.4
      vertex 105 39 0
      vertex 105 39 2.4
    endloop
  endfacet
  facet normal 1 0 0
    outer loop
      vertex 105 39 0
      vertex 105 3 2.4
      vertex 105 3 0
    endloop
  endfacet
  facet normal -0.442171 0.896931 0
    outer loop
      vertex 1.85194 41.7716 0
      vertex 1.5 41.5981 2.4
      vertex 1.85194 41.7716 2.4
    endloop
  endfacet
  facet normal -0.442171 0.896931 0
    outer loop
      vertex 1.5 41.5981 2.4
      vertex 1.85194 41.7716 0
      vertex 1.5 41.5981 0
    endloop
  endfacet
  facet normal 0.831485 -0.555547 0
    outer loop
      vertex 104.38 1.17372 2.4
      vertex 104.598 1.5 0
      vertex 104.598 1.5 2.4
    endloop
  endfacet
  facet normal 0.831485 -0.555547 0
    outer loop
      vertex 104.598 1.5 0
      vertex 104.38 1.17372 2.4
      vertex 104.38 1.17372 0
    endloop
  endfacet
  facet normal 0.195379 0.980728 -0
    outer loop
      vertex 102.776 41.8978 0
      vertex 102.392 41.9743 2.4
      vertex 102.776 41.8978 2.4
    endloop
  endfacet
  facet normal 0.195379 0.980728 0
    outer loop
      vertex 102.392 41.9743 2.4
      vertex 102.776 41.8978 0
      vertex 102.392 41.9743 0
    endloop
  endfacet
  facet normal 0.751519 -0.659712 0
    outer loop
      vertex 104.121 0.878677 2.4
      vertex 104.38 1.17372 0
      vertex 104.38 1.17372 2.4
    endloop
  endfacet
  facet normal 0.751519 -0.659712 0
    outer loop
      vertex 104.38 1.17372 0
      vertex 104.121 0.878677 2.4
      vertex 104.121 0.878677 0
    endloop
  endfacet
  facet normal -0.194945 0.980814 0
    outer loop
      vertex 2.60843 41.9743 0
      vertex 2.22354 41.8978 2.4
      vertex 2.60843 41.9743 2.4
    endloop
  endfacet
  facet normal -0.194945 0.980814 0
    outer loop
      vertex 2.22354 41.8978 2.4
      vertex 2.60843 41.9743 0
      vertex 2.22354 41.8978 0
    endloop
  endfacet
  facet normal 0.997803 -0.0662535 0
    outer loop
      vertex 104.974 2.60843 2.4
      vertex 105 3 0
      vertex 105 3 2.4
    endloop
  endfacet
  facet normal 0.997803 -0.0662535 0
    outer loop
      vertex 105 3 0
      vertex 104.974 2.60843 2.4
      vertex 104.974 2.60843 0
    endloop
  endfacet
  facet normal -0.980789 0.195072 0
    outer loop
      vertex 0.0256653 39.3916 0
      vertex 0.102219 39.7765 2.4
      vertex 0.102219 39.7765 0
    endloop
  endfacet
  facet normal -0.980789 0.195072 0
    outer loop
      vertex 0.102219 39.7765 2.4
      vertex 0.0256653 39.3916 0
      vertex 0.0256653 39.3916 2.4
    endloop
  endfacet
  facet normal -0.555547 0.831485 0
    outer loop
      vertex 1.5 41.5981 0
      vertex 1.17372 41.3801 2.4
      vertex 1.5 41.5981 2.4
    endloop
  endfacet
  facet normal -0.555547 0.831485 0
    outer loop
      vertex 1.17372 41.3801 2.4
      vertex 1.5 41.5981 0
      vertex 1.17372 41.3801 0
    endloop
  endfacet
  facet normal -0.997859 -0.0654043 0
    outer loop
      vertex 0.0256653 2.60843 0
      vertex 0 3 2.4
      vertex 0 3 0
    endloop
  endfacet
  facet normal -0.997859 -0.0654043 0
    outer loop
      vertex 0 3 2.4
      vertex 0.0256653 2.60843 0
      vertex 0.0256653 2.60843 2.4
    endloop
  endfacet
  facet normal 0.751471 0.659766 0
    outer loop
      vertex 104.38 40.8263 2.4
      vertex 104.121 41.1213 0
      vertex 104.121 41.1213 2.4
    endloop
  endfacet
  facet normal 0.751471 0.659766 0
    outer loop
      vertex 104.121 41.1213 0
      vertex 104.38 40.8263 2.4
      vertex 104.38 40.8263 0
    endloop
  endfacet
  facet normal 0.0654208 0.997858 -0
    outer loop
      vertex 102.392 41.9743 0
      vertex 102 42 2.4
      vertex 102.392 41.9743 2.4
    endloop
  endfacet
  facet normal 0.0654208 0.997858 0
    outer loop
      vertex 102 42 2.4
      vertex 102.392 41.9743 0
      vertex 102 42 0
    endloop
  endfacet
  facet normal -0.751796 0.659396 0
    outer loop
      vertex 0.619934 40.8263 0
      vertex 0.878677 41.1213 2.4
      vertex 0.878677 41.1213 0
    endloop
  endfacet
  facet normal -0.751796 0.659396 0
    outer loop
      vertex 0.878677 41.1213 2.4
      vertex 0.619934 40.8263 0
      vertex 0.619934 40.8263 2.4
    endloop
  endfacet
  facet normal 0.831501 0.555523 0
    outer loop
      vertex 104.598 40.5 2.4
      vertex 104.38 40.8263 0
      vertex 104.38 40.8263 2.4
    endloop
  endfacet
  facet normal 0.831501 0.555523 0
    outer loop
      vertex 104.38 40.8263 0
      vertex 104.598 40.5 2.4
      vertex 104.598 40.5 0
    endloop
  endfacet
  facet normal -0.831481 0.555553 0
    outer loop
      vertex 0.401917 40.5 0
      vertex 0.619934 40.8263 2.4
      vertex 0.619934 40.8263 0
    endloop
  endfacet
  facet normal -0.831481 0.555553 0
    outer loop
      vertex 0.619934 40.8263 2.4
      vertex 0.401917 40.5 0
      vertex 0.401917 40.5 2.4
    endloop
  endfacet
  facet normal 0.981057 -0.193719 0
    outer loop
      vertex 104.898 2.22354 2.4
      vertex 104.974 2.60843 0
      vertex 104.974 2.60843 2.4
    endloop
  endfacet
  facet normal 0.981057 -0.193719 0
    outer loop
      vertex 104.974 2.60843 0
      vertex 104.898 2.22354 2.4
      vertex 104.898 2.22354 0
    endloop
  endfacet
  facet normal -0.751843 -0.659342 0
    outer loop
      vertex 0.878677 0.878677 0
      vertex 0.619934 1.17372 2.4
      vertex 0.619934 1.17372 0
    endloop
  endfacet
  facet normal -0.751843 -0.659342 0
    outer loop
      vertex 0.619934 1.17372 2.4
      vertex 0.878677 0.878677 0
      vertex 0.878677 0.878677 2.4
    endloop
  endfacet
  facet normal 0.659478 0.751724 -0
    outer loop
      vertex 104.121 41.1213 0
      vertex 103.826 41.3801 2.4
      vertex 104.121 41.1213 2.4
    endloop
  endfacet
  facet normal 0.659478 0.751724 0
    outer loop
      vertex 103.826 41.3801 2.4
      vertex 104.121 41.1213 0
      vertex 103.826 41.3801 0
    endloop
  endfacet
  facet normal 0.896405 0.443235 0
    outer loop
      vertex 104.772 40.1481 2.4
      vertex 104.598 40.5 0
      vertex 104.598 40.5 2.4
    endloop
  endfacet
  facet normal 0.896405 0.443235 0
    outer loop
      vertex 104.598 40.5 0
      vertex 104.772 40.1481 2.4
      vertex 104.772 40.1481 0
    endloop
  endfacet
  facet normal 0.981058 0.193714 0
    outer loop
      vertex 104.974 39.3916 2.4
      vertex 104.898 39.7765 0
      vertex 104.898 39.7765 2.4
    endloop
  endfacet
  facet normal 0.981058 0.193714 0
    outer loop
      vertex 104.898 39.7765 0
      vertex 104.974 39.3916 2.4
      vertex 104.974 39.3916 0
    endloop
  endfacet
  facet normal 0.94704 -0.321117 0
    outer loop
      vertex 104.772 1.85194 2.4
      vertex 104.898 2.22354 0
      vertex 104.898 2.22354 2.4
    endloop
  endfacet
  facet normal 0.94704 -0.321117 0
    outer loop
      vertex 104.898 2.22354 0
      vertex 104.772 1.85194 2.4
      vertex 104.772 1.85194 0
    endloop
  endfacet
  facet normal 0.896425 -0.443195 0
    outer loop
      vertex 104.598 1.5 2.4
      vertex 104.772 1.85194 0
      vertex 104.772 1.85194 2.4
    endloop
  endfacet
  facet normal 0.896425 -0.443195 0
    outer loop
      vertex 104.772 1.85194 0
      vertex 104.598 1.5 2.4
      vertex 104.598 1.5 0
    endloop
  endfacet
  facet normal -0.997859 0.0653993 0
    outer loop
      vertex 0 39 0
      vertex 0.0256653 39.3916 2.4
      vertex 0.0256653 39.3916 0
    endloop
  endfacet
  facet normal -0.997859 0.0653993 0
    outer loop
      vertex 0.0256653 39.3916 2.4
      vertex 0 39 0
      vertex 0 39 2.4
    endloop
  endfacet
  facet normal 0.997803 0.0662484 0
    outer loop
      vertex 105 39 2.4
      vertex 104.974 39.3916 0
      vertex 104.974 39.3916 2.4
    endloop
  endfacet
  facet normal 0.997803 0.0662484 0
    outer loop
      vertex 104.974 39.3916 0
      vertex 105 39 2.4
      vertex 105 39 0
    endloop
  endfacet
  facet normal -0.442281 -0.896876 0
    outer loop
      vertex 1.5 0.401917 0
      vertex 1.85194 0.228363 2.4
      vertex 1.5 0.401917 2.4
    endloop
  endfacet
  facet normal -0.442281 -0.896876 -0
    outer loop
      vertex 1.85194 0.228363 2.4
      vertex 1.5 0.401917 0
      vertex 1.85194 0.228363 0
    endloop
  endfacet
  facet normal 0.555906 -0.831245 0
    outer loop
      vertex 103.5 0.401917 0
      vertex 103.826 0.619934 2.4
      vertex 103.5 0.401917 2.4
    endloop
  endfacet
  facet normal 0.555906 -0.831245 0
    outer loop
      vertex 103.826 0.619934 2.4
      vertex 103.5 0.401917 0
      vertex 103.826 0.619934 0
    endloop
  endfacet
  facet normal -0.555577 -0.831465 0
    outer loop
      vertex 1.17372 0.619934 0
      vertex 1.5 0.401917 2.4
      vertex 1.17372 0.619934 2.4
    endloop
  endfacet
  facet normal -0.555577 -0.831465 -0
    outer loop
      vertex 1.5 0.401917 2.4
      vertex 1.17372 0.619934 0
      vertex 1.5 0.401917 0
    endloop
  endfacet
  facet normal 0.44211 0.896961 -0
    outer loop
      vertex 103.5 41.5981 0
      vertex 103.148 41.7716 2.4
      vertex 103.5 41.5981 2.4
    endloop
  endfacet
  facet normal 0.44211 0.896961 0
    outer loop
      vertex 103.148 41.7716 2.4
      vertex 103.5 41.5981 0
      vertex 103.148 41.7716 0
    endloop
  endfacet
  facet normal -0.896876 -0.442281 0
    outer loop
      vertex 0.401917 1.5 0
      vertex 0.228363 1.85194 2.4
      vertex 0.228363 1.85194 0
    endloop
  endfacet
  facet normal -0.896876 -0.442281 0
    outer loop
      vertex 0.228363 1.85194 2.4
      vertex 0.401917 1.5 0
      vertex 0.401917 1.5 2.4
    endloop
  endfacet
  facet normal -0.980788 -0.195076 0
    outer loop
      vertex 0.102219 2.22354 0
      vertex 0.0256653 2.60843 2.4
      vertex 0.0256653 2.60843 0
    endloop
  endfacet
  facet normal -0.980788 -0.195076 0
    outer loop
      vertex 0.0256653 2.60843 2.4
      vertex 0.102219 2.22354 0
      vertex 0.102219 2.22354 2.4
    endloop
  endfacet
  facet normal -0.831465 -0.555577 0
    outer loop
      vertex 0.619934 1.17372 0
      vertex 0.401917 1.5 2.4
      vertex 0.401917 1.5 0
    endloop
  endfacet
  facet normal -0.831465 -0.555577 0
    outer loop
      vertex 0.401917 1.5 2.4
      vertex 0.619934 1.17372 0
      vertex 0.619934 1.17372 2.4
    endloop
  endfacet
  facet normal -0.659342 -0.751843 0
    outer loop
      vertex 0.878677 0.878677 0
      vertex 1.17372 0.619934 2.4
      vertex 0.878677 0.878677 2.4
    endloop
  endfacet
  facet normal -0.659342 -0.751843 -0
    outer loop
      vertex 1.17372 0.619934 2.4
      vertex 0.878677 0.878677 0
      vertex 1.17372 0.619934 0
    endloop
  endfacet
  facet normal 0.442221 -0.896906 0
    outer loop
      vertex 103.148 0.228363 0
      vertex 103.5 0.401917 2.4
      vertex 103.148 0.228363 2.4
    endloop
  endfacet
  facet normal 0.442221 -0.896906 0
    outer loop
      vertex 103.5 0.401917 2.4
      vertex 103.148 0.228363 0
      vertex 103.5 0.401917 0
    endloop
  endfacet
  facet normal -0.946928 -0.321446 0
    outer loop
      vertex 0.228363 1.85194 0
      vertex 0.102219 2.22354 2.4
      vertex 0.102219 2.22354 0
    endloop
  endfacet
  facet normal -0.946928 -0.321446 0
    outer loop
      vertex 0.102219 2.22354 2.4
      vertex 0.228363 1.85194 0
      vertex 0.228363 1.85194 2.4
    endloop
  endfacet
  facet normal 0 0 -1
    outer loop
      vertex 6.45202 6.23051 0
      vertex 32.642 12.9277 0
      vertex 6.53923 6.1 0
    endloop
  endfacet
  facet normal 0 0 -1
    outer loop
      vertex 32.7366 28.7192 0
      vertex 6.68973 36.3434 0
      vertex 6.7 36.5 0
    endloop
  endfacet
  facet normal -0 0 -1
    outer loop
      vertex 32.642 12.9277 0
      vertex 6.45202 6.23051 0
      vertex 32.6777 13.1073 0
    endloop
  endfacet
  facet normal 0 0 -1
    outer loop
      vertex 32.7366 28.7192 0
      vertex 6.65911 36.1894 0
      vertex 6.68973 36.3434 0
    endloop
  endfacet
  facet normal 0 0 -1
    outer loop
      vertex 6.34853 6.34853 0
      vertex 32.6777 13.1073 0
      vertex 6.45202 6.23051 0
    endloop
  endfacet
  facet normal 0 0 -1
    outer loop
      vertex 32.7366 28.7192 0
      vertex 6.60865 36.0408 0
      vertex 6.65911 36.1894 0
    endloop
  endfacet
  facet normal -0 0 -1
    outer loop
      vertex 32.6777 13.1073 0
      vertex 6.34853 6.34853 0
      vertex 32.7366 13.2808 0
    endloop
  endfacet
  facet normal 0 0 -1
    outer loop
      vertex 32.7366 28.7192 0
      vertex 6.53923 35.9 0
      vertex 6.60865 36.0408 0
    endloop
  endfacet
  facet normal 0 0 -1
    outer loop
      vertex 6.23051 6.45202 0
      vertex 32.7366 13.2808 0
      vertex 6.34853 6.34853 0
    endloop
  endfacet
  facet normal 0 0 -1
    outer loop
      vertex 32.7366 28.7192 0
      vertex 6.45202 35.7695 0
      vertex 6.53923 35.9 0
    endloop
  endfacet
  facet normal -0 0 -1
    outer loop
      vertex 32.7366 13.2808 0
      vertex 6.23051 6.45202 0
      vertex 32.7366 28.7192 0
    endloop
  endfacet
  facet normal 0 0 -1
    outer loop
      vertex 32.7366 28.7192 0
      vertex 6.34853 35.6515 0
      vertex 6.45202 35.7695 0
    endloop
  endfacet
  facet normal 0 0 -1
    outer loop
      vertex 6.23051 35.548 0
      vertex 32.7366 28.7192 0
      vertex 6.23051 6.45202 0
    endloop
  endfacet
  facet normal 0 0 -1
    outer loop
      vertex 32.7366 28.7192 0
      vertex 6.23051 35.548 0
      vertex 6.34853 35.6515 0
    endloop
  endfacet
  facet normal 0 0 -1
    outer loop
      vertex 6.1 6.53923 0
      vertex 6.23051 35.548 0
      vertex 6.23051 6.45202 0
    endloop
  endfacet
  facet normal 0 0 -1
    outer loop
      vertex 6.1 6.53923 0
      vertex 6.1 35.4608 0
      vertex 6.23051 35.548 0
    endloop
  endfacet
  facet normal 0 0 -1
    outer loop
      vertex 5.95922 6.60865 0
      vertex 6.1 35.4608 0
      vertex 6.1 6.53923 0
    endloop
  endfacet
  facet normal 0 0 -1
    outer loop
      vertex 5.95922 6.60865 0
      vertex 5.95922 35.3913 0
      vertex 6.1 35.4608 0
    endloop
  endfacet
  facet normal 0 0 -1
    outer loop
      vertex 5.81058 6.65911 0
      vertex 5.95922 35.3913 0
      vertex 5.95922 6.60865 0
    endloop
  endfacet
  facet normal 0 0 -1
    outer loop
      vertex 5.81058 6.65911 0
      vertex 5.81058 35.3409 0
      vertex 5.95922 35.3913 0
    endloop
  endfacet
  facet normal 0 0 -1
    outer loop
      vertex 5.65663 6.68973 0
      vertex 5.81058 35.3409 0
      vertex 5.81058 6.65911 0
    endloop
  endfacet
  facet normal 0 0 -1
    outer loop
      vertex 5.65663 6.68973 0
      vertex 5.65663 35.3103 0
      vertex 5.81058 35.3409 0
    endloop
  endfacet
  facet normal 0 0 -1
    outer loop
      vertex 5.5 6.7 0
      vertex 5.65663 35.3103 0
      vertex 5.65663 6.68973 0
    endloop
  endfacet
  facet normal 0 0 -1
    outer loop
      vertex 5.5 6.7 0
      vertex 5.5 35.3 0
      vertex 5.65663 35.3103 0
    endloop
  endfacet
  facet normal 0 0 -1
    outer loop
      vertex 5.34337 6.68973 0
      vertex 5.5 35.3 0
      vertex 5.5 6.7 0
    endloop
  endfacet
  facet normal 0 0 -1
    outer loop
      vertex 5.34337 6.68973 0
      vertex 5.34337 35.3103 0
      vertex 5.5 35.3 0
    endloop
  endfacet
  facet normal 0 0 -1
    outer loop
      vertex 5.18942 6.65911 0
      vertex 5.34337 35.3103 0
      vertex 5.34337 6.68973 0
    endloop
  endfacet
  facet normal 0 0 -1
    outer loop
      vertex 5.18942 6.65911 0
      vertex 5.18942 35.3409 0
      vertex 5.34337 35.3103 0
    endloop
  endfacet
  facet normal 0 0 -1
    outer loop
      vertex 5.04078 6.60865 0
      vertex 5.18942 35.3409 0
      vertex 5.18942 6.65911 0
    endloop
  endfacet
  facet normal 0 0 -1
    outer loop
      vertex 5.04078 6.60865 0
      vertex 5.04078 35.3913 0
      vertex 5.18942 35.3409 0
    endloop
  endfacet
  facet normal 0 0 -1
    outer loop
      vertex 4.9 6.53923 0
      vertex 5.04078 35.3913 0
      vertex 5.04078 6.60865 0
    endloop
  endfacet
  facet normal 0 0 -1
    outer loop
      vertex 4.9 6.53923 0
      vertex 4.9 35.4608 0
      vertex 5.04078 35.3913 0
    endloop
  endfacet
  facet normal 0 0 -1
    outer loop
      vertex 4.76949 6.45202 0
      vertex 4.9 35.4608 0
      vertex 4.9 6.53923 0
    endloop
  endfacet
  facet normal 0 0 -1
    outer loop
      vertex 4.76949 6.45202 0
      vertex 4.76949 35.548 0
      vertex 4.9 35.4608 0
    endloop
  endfacet
  facet normal 0 0 -1
    outer loop
      vertex 4.65147 6.34853 0
      vertex 4.76949 35.548 0
      vertex 4.76949 6.45202 0
    endloop
  endfacet
  facet normal 0 0 -1
    outer loop
      vertex 4.65147 6.34853 0
      vertex 4.65147 35.6515 0
      vertex 4.76949 35.548 0
    endloop
  endfacet
  facet normal 0 0 -1
    outer loop
      vertex 0 3 0
      vertex 4.65147 6.34853 0
      vertex 4.54798 6.23051 0
    endloop
  endfacet
  facet normal -0 0 -1
    outer loop
      vertex 4.65147 6.34853 0
      vertex 0 3 0
      vertex 4.65147 35.6515 0
    endloop
  endfacet
  facet normal 0 0 -1
    outer loop
      vertex 0 3 0
      vertex 4.54798 6.23051 0
      vertex 4.46077 6.1 0
    endloop
  endfacet
  facet normal 0 0 -1
    outer loop
      vertex 0 39 0
      vertex 4.65147 35.6515 0
      vertex 0 3 0
    endloop
  endfacet
  facet normal 0 0 -1
    outer loop
      vertex 0 3 0
      vertex 4.46077 6.1 0
      vertex 4.39134 5.95922 0
    endloop
  endfacet
  facet normal 0 0 -1
    outer loop
      vertex 4.65147 35.6515 0
      vertex 0 39 0
      vertex 4.54798 35.7695 0
    endloop
  endfacet
  facet normal 0 0 -1
    outer loop
      vertex 0 3 0
      vertex 4.39134 5.95922 0
      vertex 4.34089 5.81058 0
    endloop
  endfacet
  facet normal 0 0 -1
    outer loop
      vertex 4.54798 35.7695 0
      vertex 0 39 0
      vertex 4.46077 35.9 0
    endloop
  endfacet
  facet normal 0 0 -1
    outer loop
      vertex 0 3 0
      vertex 4.34089 5.81058 0
      vertex 4.31027 5.65663 0
    endloop
  endfacet
  facet normal 0 0 -1
    outer loop
      vertex 4.46077 35.9 0
      vertex 0 39 0
      vertex 4.39134 36.0408 0
    endloop
  endfacet
  facet normal 0 0 -1
    outer loop
      vertex 0 3 0
      vertex 4.31027 5.65663 0
      vertex 4.3 5.5 0
    endloop
  endfacet
  facet normal 0 0 -1
    outer loop
      vertex 4.39134 36.0408 0
      vertex 0 39 0
      vertex 4.34089 36.1894 0
    endloop
  endfacet
  facet normal -0 0 -1
    outer loop
      vertex 76.3643 18.6656 0
      vertex 63.1824 13.445 0
      vertex 76.1078 19.4212 0
    endloop
  endfacet
  facet normal 0 0 -1
    outer loop
      vertex 75.9 21 0
      vertex 63.358 29.0723 0
      vertex 63.37 29.255 0
    endloop
  endfacet
  facet normal 0 0 -1
    outer loop
      vertex 63.0807 13.5973 0
      vertex 76.1078 19.4212 0
      vertex 63.1824 13.445 0
    endloop
  endfacet
  facet normal 0 0 -1
    outer loop
      vertex 75.9 21 0
      vertex 63.3223 28.8927 0
      vertex 63.358 29.0723 0
    endloop
  endfacet
  facet normal -0 0 -1
    outer loop
      vertex 76.1078 19.4212 0
      vertex 63.0807 13.5973 0
      vertex 75.9522 20.2038 0
    endloop
  endfacet
  facet normal 0 0 -1
    outer loop
      vertex 75.9 21 0
      vertex 63.2634 28.7192 0
      vertex 63.3223 28.8927 0
    endloop
  endfacet
  facet normal 0 0 -1
    outer loop
      vertex 62.9599 13.7349 0
      vertex 75.9522 20.2038 0
      vertex 63.0807 13.5973 0
    endloop
  endfacet
  facet normal 0 0 -1
    outer loop
      vertex 75.9 21 0
      vertex 63.1824 28.555 0
      vertex 63.2634 28.7192 0
    endloop
  endfacet
  facet normal 0 0 -1
    outer loop
      vertex 61 16.75 0
      vertex 75.9522 20.2038 0
      vertex 62.9599 13.7349 0
    endloop
  endfacet
  facet normal 0 0 -1
    outer loop
      vertex 75.9 21 0
      vertex 63.0807 28.4027 0
      vertex 63.1824 28.555 0
    endloop
  endfacet
  facet normal -0 0 -1
    outer loop
      vertex 75.9522 20.2038 0
      vertex 61 16.75 0
      vertex 75.9 21 0
    endloop
  endfacet
  facet normal 0 0 -1
    outer loop
      vertex 75.9 21 0
      vertex 62.9599 28.265 0
      vertex 63.0807 28.4027 0
    endloop
  endfacet
  facet normal 0 0 -1
    outer loop
      vertex 61 16.75 0
      vertex 62.9599 13.7349 0
      vertex 62.8223 13.8557 0
    endloop
  endfacet
  facet normal 0 0 -1
    outer loop
      vertex 61 25.25 0
      vertex 75.9 21 0
      vertex 61 16.75 0
    endloop
  endfacet
  facet normal 0 0 -1
    outer loop
      vertex 61 16.75 0
      vertex 62.8223 13.8557 0
      vertex 62.67 13.9574 0
    endloop
  endfacet
  facet normal 0 0 -1
    outer loop
      vertex 75.9 21 0
      vertex 61 25.25 0
      vertex 62.9599 28.265 0
    endloop
  endfacet
  facet normal 0 0 -1
    outer loop
      vertex 61 16.75 0
      vertex 62.67 13.9574 0
      vertex 62.5058 14.0384 0
    endloop
  endfacet
  facet normal 0 0 -1
    outer loop
      vertex 62.9599 28.265 0
      vertex 61 25.25 0
      vertex 62.8223 28.1443 0
    endloop
  endfacet
  facet normal 0 0 -1
    outer loop
      vertex 61 16.75 0
      vertex 62.5058 14.0384 0
      vertex 62.3323 14.0973 0
    endloop
  endfacet
  facet normal 0 0 -1
    outer loop
      vertex 62.8223 28.1443 0
      vertex 61 25.25 0
      vertex 62.67 28.0426 0
    endloop
  endfacet
  facet normal 0 0 -1
    outer loop
      vertex 61 16.75 0
      vertex 62.3323 14.0973 0
      vertex 62.1527 14.133 0
    endloop
  endfacet
  facet normal 0 0 -1
    outer loop
      vertex 62.67 28.0426 0
      vertex 61 25.25 0
      vertex 62.5058 27.9616 0
    endloop
  endfacet
  facet normal 0 0 -1
    outer loop
      vertex 61 16.75 0
      vertex 62.1527 14.133 0
      vertex 61.97 14.145 0
    endloop
  endfacet
  facet normal 0 0 -1
    outer loop
      vertex 62.5058 27.9616 0
      vertex 61 25.25 0
      vertex 62.3323 27.9027 0
    endloop
  endfacet
  facet normal 0 0 -1
    outer loop
      vertex 61 16.75 0
      vertex 61.97 14.145 0
      vertex 61.7873 14.133 0
    endloop
  endfacet
  facet normal 0 0 -1
    outer loop
      vertex 62.3323 27.9027 0
      vertex 61 25.25 0
      vertex 62.1527 27.867 0
    endloop
  endfacet
  facet normal 0 0 -1
    outer loop
      vertex 61 16.75 0
      vertex 61.7873 14.133 0
      vertex 61.6077 14.0973 0
    endloop
  endfacet
  facet normal 0 0 -1
    outer loop
      vertex 62.1527 27.867 0
      vertex 61 25.25 0
      vertex 61.97 27.855 0
    endloop
  endfacet
  facet normal 0 0 -1
    outer loop
      vertex 61 16.75 0
      vertex 61.6077 14.0973 0
      vertex 61.4342 14.0384 0
    endloop
  endfacet
  facet normal -0 0 -1
    outer loop
      vertex 61.97 27.855 0
      vertex 61 25.25 0
      vertex 61.7873 27.867 0
    endloop
  endfacet
  facet normal 0 0 -1
    outer loop
      vertex 61 16.75 0
      vertex 61.4342 14.0384 0
      vertex 61.27 13.9574 0
    endloop
  endfacet
  facet normal -0 0 -1
    outer loop
      vertex 61.7873 27.867 0
      vertex 61 25.25 0
      vertex 61.6077 27.9027 0
    endloop
  endfacet
  facet normal 0 0 -1
    outer loop
      vertex 61 16.75 0
      vertex 61.27 13.9574 0
      vertex 61.1177 13.8557 0
    endloop
  endfacet
  facet normal -0 0 -1
    outer loop
      vertex 61.6077 27.9027 0
      vertex 61 25.25 0
      vertex 61.4342 27.9616 0
    endloop
  endfacet
  facet normal -0 0 -1
    outer loop
      vertex 61.4342 27.9616 0
      vertex 61 25.25 0
      vertex 61.27 28.0426 0
    endloop
  endfacet
  facet normal 0 0 -1
    outer loop
      vertex 60.98 13.7349 0
      vertex 61 16.75 0
      vertex 61.1177 13.8557 0
    endloop
  endfacet
  facet normal 0 0 -1
    outer loop
      vertex 60.8593 13.5973 0
      vertex 61 16.75 0
      vertex 60.98 13.7349 0
    endloop
  endfacet
  facet normal 0 0 -1
    outer loop
      vertex 60.7576 13.445 0
      vertex 61 16.75 0
      vertex 60.8593 13.5973 0
    endloop
  endfacet
  facet normal 0 0 -1
    outer loop
      vertex 60.6766 13.2808 0
      vertex 61 16.75 0
      vertex 60.7576 13.445 0
    endloop
  endfacet
  facet normal 0 0 -1
    outer loop
      vertex 60.6177 13.1073 0
      vertex 61 16.75 0
      vertex 60.6766 13.2808 0
    endloop
  endfacet
  facet normal 0 0 -1
    outer loop
      vertex 35.3823 13.1073 0
      vertex 60.6177 13.1073 0
      vertex 60.582 12.9277 0
    endloop
  endfacet
  facet normal 0 0 -1
    outer loop
      vertex 35.43 12.745 0
      vertex 60.582 12.9277 0
      vertex 60.57 12.745 0
    endloop
  endfacet
  facet normal 0 0 -1
    outer loop
      vertex 35.418 12.9277 0
      vertex 60.582 12.9277 0
      vertex 35.43 12.745 0
    endloop
  endfacet
  facet normal 0 0 -1
    outer loop
      vertex 35.3823 13.1073 0
      vertex 60.582 12.9277 0
      vertex 35.418 12.9277 0
    endloop
  endfacet
  facet normal 0 0 -1
    outer loop
      vertex 60.6177 13.1073 0
      vertex 35.3823 13.1073 0
      vertex 61 16.75 0
    endloop
  endfacet
  facet normal 0 0 -1
    outer loop
      vertex 35 16.75 0
      vertex 35.3823 13.1073 0
      vertex 35.3234 13.2808 0
    endloop
  endfacet
  facet normal 0 0 -1
    outer loop
      vertex 35 16.75 0
      vertex 35.3234 13.2808 0
      vertex 35.2424 13.445 0
    endloop
  endfacet
  facet normal 0 0 -1
    outer loop
      vertex 35 16.75 0
      vertex 35.2424 13.445 0
      vertex 35.1407 13.5973 0
    endloop
  endfacet
  facet normal 0 0 -1
    outer loop
      vertex 35 16.75 0
      vertex 35.1407 13.5973 0
      vertex 35.02 13.7349 0
    endloop
  endfacet
  facet normal 0 0 -1
    outer loop
      vertex 35.3823 13.1073 0
      vertex 35 16.75 0
      vertex 61 16.75 0
    endloop
  endfacet
  facet normal 0 0 -1
    outer loop
      vertex 34.73 13.9574 0
      vertex 35 16.75 0
      vertex 34.8823 13.8557 0
    endloop
  endfacet
  facet normal 0 0 -1
    outer loop
      vertex 34.8823 13.8557 0
      vertex 35 16.75 0
      vertex 35.02 13.7349 0
    endloop
  endfacet
  facet normal 0 0 -1
    outer loop
      vertex 100.609 5.95922 0
      vertex 105 3 0
      vertex 100.659 5.81058 0
    endloop
  endfacet
  facet normal 0 0 -1
    outer loop
      vertex 105 39 0
      vertex 100.69 36.3434 0
      vertex 100.7 36.5 0
    endloop
  endfacet
  facet normal 0 0 -1
    outer loop
      vertex 100.539 6.1 0
      vertex 105 3 0
      vertex 100.609 5.95922 0
    endloop
  endfacet
  facet normal 0 0 -1
    outer loop
      vertex 105 39 0
      vertex 100.659 36.1894 0
      vertex 100.69 36.3434 0
    endloop
  endfacet
  facet normal 0 0 -1
    outer loop
      vertex 100.452 6.23051 0
      vertex 105 3 0
      vertex 100.539 6.1 0
    endloop
  endfacet
  facet normal 0 0 -1
    outer loop
      vertex 105 39 0
      vertex 100.609 36.0408 0
      vertex 100.659 36.1894 0
    endloop
  endfacet
  facet normal 0 0 -1
    outer loop
      vertex 100.349 6.34853 0
      vertex 105 3 0
      vertex 100.452 6.23051 0
    endloop
  endfacet
  facet normal 0 0 -1
    outer loop
      vertex 105 39 0
      vertex 100.539 35.9 0
      vertex 100.609 36.0408 0
    endloop
  endfacet
  facet normal 0 0 -1
    outer loop
      vertex 105 3 0
      vertex 100.349 6.34853 0
      vertex 105 39 0
    endloop
  endfacet
  facet normal 0 0 -1
    outer loop
      vertex 105 39 0
      vertex 100.452 35.7695 0
      vertex 100.539 35.9 0
    endloop
  endfacet
  facet normal 0 0 -1
    outer loop
      vertex 100.349 35.6515 0
      vertex 105 39 0
      vertex 100.349 6.34853 0
    endloop
  endfacet
  facet normal 0 0 -1
    outer loop
      vertex 105 39 0
      vertex 100.349 35.6515 0
      vertex 100.452 35.7695 0
    endloop
  endfacet
  facet normal 0 0 -1
    outer loop
      vertex 100.231 6.45202 0
      vertex 100.349 35.6515 0
      vertex 100.349 6.34853 0
    endloop
  endfacet
  facet normal 0 0 -1
    outer loop
      vertex 100.231 6.45202 0
      vertex 100.231 35.548 0
      vertex 100.349 35.6515 0
    endloop
  endfacet
  facet normal 0 0 -1
    outer loop
      vertex 100.1 6.53923 0
      vertex 100.231 35.548 0
      vertex 100.231 6.45202 0
    endloop
  endfacet
  facet normal 0 0 -1
    outer loop
      vertex 100.1 6.53923 0
      vertex 100.1 35.4608 0
      vertex 100.231 35.548 0
    endloop
  endfacet
  facet normal 0 0 -1
    outer loop
      vertex 99.9592 6.60865 0
      vertex 100.1 35.4608 0
      vertex 100.1 6.53923 0
    endloop
  endfacet
  facet normal 0 0 -1
    outer loop
      vertex 99.9592 6.60865 0
      vertex 99.9592 35.3913 0
      vertex 100.1 35.4608 0
    endloop
  endfacet
  facet normal 0 0 -1
    outer loop
      vertex 99.8106 6.65911 0
      vertex 99.9592 35.3913 0
      vertex 99.9592 6.60865 0
    endloop
  endfacet
  facet normal 0 0 -1
    outer loop
      vertex 99.8106 6.65911 0
      vertex 99.8106 35.3409 0
      vertex 99.9592 35.3913 0
    endloop
  endfacet
  facet normal 0 0 -1
    outer loop
      vertex 88.1 21 0
      vertex 99.8106 6.65911 0
      vertex 99.6566 6.68973 0
    endloop
  endfacet
  facet normal 0 0 -1
    outer loop
      vertex 99.8106 6.65911 0
      vertex 88.1 21 0
      vertex 99.8106 35.3409 0
    endloop
  endfacet
  facet normal 0 0 -1
    outer loop
      vertex 88.0478 20.2038 0
      vertex 99.6566 6.68973 0
      vertex 99.5 6.7 0
    endloop
  endfacet
  facet normal 0 0 -1
    outer loop
      vertex 99.8106 35.3409 0
      vertex 88.1 21 0
      vertex 99.6566 35.3103 0
    endloop
  endfacet
  facet normal 0 0 -1
    outer loop
      vertex 88.0478 20.2038 0
      vertex 99.5 6.7 0
      vertex 99.3434 6.68973 0
    endloop
  endfacet
  facet normal 0 0 -1
    outer loop
      vertex 88.0478 21.7962 0
      vertex 99.6566 35.3103 0
      vertex 88.1 21 0
    endloop
  endfacet
  facet normal 0 0 -1
    outer loop
      vertex 87.8922 19.4212 0
      vertex 99.3434 6.68973 0
      vertex 99.1894 6.65911 0
    endloop
  endfacet
  facet normal 0 0 -1
    outer loop
      vertex 99.6566 35.3103 0
      vertex 88.0478 21.7962 0
      vertex 99.5 35.3 0
    endloop
  endfacet
  facet normal 0 0 -1
    outer loop
      vertex 87.6357 18.6656 0
      vertex 99.1894 6.65911 0
      vertex 99.0408 6.60865 0
    endloop
  endfacet
  facet normal -0 0 -1
    outer loop
      vertex 99.5 35.3 0
      vertex 88.0478 21.7962 0
      vertex 99.3434 35.3103 0
    endloop
  endfacet
  facet normal 0 0 -1
    outer loop
      vertex 87.2828 17.95 0
      vertex 99.0408 6.60865 0
      vertex 98.9 6.53923 0
    endloop
  endfacet
  facet normal 0 0 -1
    outer loop
      vertex 87.8922 22.5788 0
      vertex 99.3434 35.3103 0
      vertex 88.0478 21.7962 0
    endloop
  endfacet
  facet normal 0 0 -1
    outer loop
      vertex 87.2828 17.95 0
      vertex 98.9 6.53923 0
      vertex 98.7695 6.45202 0
    endloop
  endfacet
  facet normal -0 0 -1
    outer loop
      vertex 99.3434 35.3103 0
      vertex 87.8922 22.5788 0
      vertex 99.1894 35.3409 0
    endloop
  endfacet
  facet normal 0 0 -1
    outer loop
      vertex 86.8395 17.2866 0
      vertex 98.7695 6.45202 0
      vertex 98.6515 6.34853 0
    endloop
  endfacet
  facet normal 0 0 -1
    outer loop
      vertex 87.6357 23.3344 0
      vertex 99.1894 35.3409 0
      vertex 87.8922 22.5788 0
    endloop
  endfacet
  facet normal 0 0 -1
    outer loop
      vertex 86.3134 16.6866 0
      vertex 98.6515 6.34853 0
      vertex 98.548 6.23051 0
    endloop
  endfacet
  facet normal -0 0 -1
    outer loop
      vertex 99.1894 35.3409 0
      vertex 87.6357 23.3344 0
      vertex 99.0408 35.3913 0
    endloop
  endfacet
  facet normal 0 0 -1
    outer loop
      vertex 86.3134 16.6866 0
      vertex 98.548 6.23051 0
      vertex 98.4608 6.1 0
    endloop
  endfacet
  facet normal 0 0 -1
    outer loop
      vertex 87.2828 24.05 0
      vertex 99.0408 35.3913 0
      vertex 87.6357 23.3344 0
    endloop
  endfacet
  facet normal 0 0 -1
    outer loop
      vertex 85.7134 16.1605 0
      vertex 98.4608 6.1 0
      vertex 98.3913 5.95922 0
    endloop
  endfacet
  facet normal -0 0 -1
    outer loop
      vertex 99.0408 35.3913 0
      vertex 87.2828 24.05 0
      vertex 98.9 35.4608 0
    endloop
  endfacet
  facet normal 0 0 -1
    outer loop
      vertex 85.7134 16.1605 0
      vertex 98.3913 5.95922 0
      vertex 98.3409 5.81058 0
    endloop
  endfacet
  facet normal -0 0 -1
    outer loop
      vertex 98.9 35.4608 0
      vertex 87.2828 24.05 0
      vertex 98.7695 35.548 0
    endloop
  endfacet
  facet normal 0 0 -1
    outer loop
      vertex 85.05 15.7172 0
      vertex 98.3409 5.81058 0
      vertex 98.3103 5.65663 0
    endloop
  endfacet
  facet normal 0 0 -1
    outer loop
      vertex 86.8395 24.7134 0
      vertex 98.7695 35.548 0
      vertex 87.2828 24.05 0
    endloop
  endfacet
  facet normal 0 0 -1
    outer loop
      vertex 84.3344 15.3643 0
      vertex 98.3103 5.65663 0
      vertex 98.3 5.5 0
    endloop
  endfacet
  facet normal -0 0 -1
    outer loop
      vertex 98.7695 35.548 0
      vertex 86.8395 24.7134 0
      vertex 98.6515 35.6515 0
    endloop
  endfacet
  facet normal 0 0 -1
    outer loop
      vertex 100.452 4.76949 0
      vertex 105 3 0
      vertex 104.974 2.60843 0
    endloop
  endfacet
  facet normal 0 0 -1
    outer loop
      vertex 100.69 5.65663 0
      vertex 105 3 0
      vertex 100.7 5.5 0
    endloop
  endfacet
  facet normal 0 0 -1
    outer loop
      vertex 100.349 4.65147 0
      vertex 104.974 2.60843 0
      vertex 104.898 2.22354 0
    endloop
  endfacet
  facet normal 0 0 -1
    outer loop
      vertex 100.659 5.81058 0
      vertex 105 3 0
      vertex 100.69 5.65663 0
    endloop
  endfacet
  facet normal 0 0 -1
    outer loop
      vertex 100.349 4.65147 0
      vertex 104.898 2.22354 0
      vertex 104.772 1.85194 0
    endloop
  endfacet
  facet normal 0 0 -1
    outer loop
      vertex 100.69 36.6566 0
      vertex 105 39 0
      vertex 100.7 36.5 0
    endloop
  endfacet
  facet normal 0 0 -1
    outer loop
      vertex 100.349 4.65147 0
      vertex 104.772 1.85194 0
      vertex 104.598 1.5 0
    endloop
  endfacet
  facet normal 0 0 -1
    outer loop
      vertex 100.659 36.8106 0
      vertex 105 39 0
      vertex 100.69 36.6566 0
    endloop
  endfacet
  facet normal 0 0 -1
    outer loop
      vertex 100.349 4.65147 0
      vertex 104.598 1.5 0
      vertex 104.38 1.17372 0
    endloop
  endfacet
  facet normal 0 0 -1
    outer loop
      vertex 100.609 36.9592 0
      vertex 105 39 0
      vertex 100.659 36.8106 0
    endloop
  endfacet
  facet normal 0 0 -1
    outer loop
      vertex 100.349 4.65147 0
      vertex 104.38 1.17372 0
      vertex 104.121 0.878677 0
    endloop
  endfacet
  facet normal 0 0 -1
    outer loop
      vertex 100.539 37.1 0
      vertex 105 39 0
      vertex 100.609 36.9592 0
    endloop
  endfacet
  facet normal 0 0 -1
    outer loop
      vertex 100.349 4.65147 0
      vertex 104.121 0.878677 0
      vertex 103.826 0.619934 0
    endloop
  endfacet
  facet normal 0 0 -1
    outer loop
      vertex 100.452 37.2305 0
      vertex 105 39 0
      vertex 100.539 37.1 0
    endloop
  endfacet
  facet normal 0 0 -1
    outer loop
      vertex 100.349 4.65147 0
      vertex 103.826 0.619934 0
      vertex 103.5 0.401917 0
    endloop
  endfacet
  facet normal -0 0 -1
    outer loop
      vertex 105 39 0
      vertex 100.452 37.2305 0
      vertex 104.974 39.3916 0
    endloop
  endfacet
  facet normal 0 0 -1
    outer loop
      vertex 100.349 4.65147 0
      vertex 103.5 0.401917 0
      vertex 103.148 0.228363 0
    endloop
  endfacet
  facet normal 0 0 -1
    outer loop
      vertex 100.349 37.3485 0
      vertex 104.974 39.3916 0
      vertex 100.452 37.2305 0
    endloop
  endfacet
  facet normal 0 0 -1
    outer loop
      vertex 100.349 4.65147 0
      vertex 103.148 0.228363 0
      vertex 102.776 0.102219 0
    endloop
  endfacet
  facet normal -0 0 -1
    outer loop
      vertex 104.974 39.3916 0
      vertex 100.349 37.3485 0
      vertex 104.898 39.7765 0
    endloop
  endfacet
  facet normal 0 0 -1
    outer loop
      vertex 100.349 4.65147 0
      vertex 102.776 0.102219 0
      vertex 102.392 0.0256653 0
    endloop
  endfacet
  facet normal -0 0 -1
    outer loop
      vertex 104.898 39.7765 0
      vertex 100.349 37.3485 0
      vertex 104.772 40.1481 0
    endloop
  endfacet
  facet normal 0 0 -1
    outer loop
      vertex 100.349 4.65147 0
      vertex 102.392 0.0256653 0
      vertex 102 0 0
    endloop
  endfacet
  facet normal -0 0 -1
    outer loop
      vertex 104.772 40.1481 0
      vertex 100.349 37.3485 0
      vertex 104.598 40.5 0
    endloop
  endfacet
  facet normal -0 0 -1
    outer loop
      vertex 104.598 40.5 0
      vertex 100.349 37.3485 0
      vertex 104.38 40.8263 0
    endloop
  endfacet
  facet normal 0 0 -1
    outer loop
      vertex 105 3 0
      vertex 100.69 5.34337 0
      vertex 100.7 5.5 0
    endloop
  endfacet
  facet normal 0 0 -1
    outer loop
      vertex 105 3 0
      vertex 100.659 5.18942 0
      vertex 100.69 5.34337 0
    endloop
  endfacet
  facet normal 0 0 -1
    outer loop
      vertex 105 3 0
      vertex 100.609 5.04078 0
      vertex 100.659 5.18942 0
    endloop
  endfacet
  facet normal 0 0 -1
    outer loop
      vertex 105 3 0
      vertex 100.539 4.9 0
      vertex 100.609 5.04078 0
    endloop
  endfacet
  facet normal 0 0 -1
    outer loop
      vertex 105 3 0
      vertex 100.452 4.76949 0
      vertex 100.539 4.9 0
    endloop
  endfacet
  facet normal 0 0 -1
    outer loop
      vertex 104.974 2.60843 0
      vertex 100.349 4.65147 0
      vertex 100.452 4.76949 0
    endloop
  endfacet
  facet normal 0 0 -1
    outer loop
      vertex 102 0 0
      vertex 100.231 4.54798 0
      vertex 100.349 4.65147 0
    endloop
  endfacet
  facet normal 0 0 -1
    outer loop
      vertex 102 0 0
      vertex 100.1 4.46077 0
      vertex 100.231 4.54798 0
    endloop
  endfacet
  facet normal 0 0 -1
    outer loop
      vertex 102 0 0
      vertex 99.9592 4.39134 0
      vertex 100.1 4.46077 0
    endloop
  endfacet
  facet normal 0 0 -1
    outer loop
      vertex 102 0 0
      vertex 99.8106 4.34089 0
      vertex 99.9592 4.39134 0
    endloop
  endfacet
  facet normal 0 0 -1
    outer loop
      vertex 102 0 0
      vertex 99.6566 4.31027 0
      vertex 99.8106 4.34089 0
    endloop
  endfacet
  facet normal 0 0 -1
    outer loop
      vertex 102 0 0
      vertex 99.5 4.3 0
      vertex 99.6566 4.31027 0
    endloop
  endfacet
  facet normal 0 0 -1
    outer loop
      vertex 102 0 0
      vertex 99.3434 4.31027 0
      vertex 99.5 4.3 0
    endloop
  endfacet
  facet normal 0 0 -1
    outer loop
      vertex 102 0 0
      vertex 99.1894 4.34089 0
      vertex 99.3434 4.31027 0
    endloop
  endfacet
  facet normal 0 0 -1
    outer loop
      vertex 102 0 0
      vertex 99.0408 4.39134 0
      vertex 99.1894 4.34089 0
    endloop
  endfacet
  facet normal 0 0 -1
    outer loop
      vertex 102 0 0
      vertex 98.9 4.46077 0
      vertex 99.0408 4.39134 0
    endloop
  endfacet
  facet normal 0 0 -1
    outer loop
      vertex 102 0 0
      vertex 98.7695 4.54798 0
      vertex 98.9 4.46077 0
    endloop
  endfacet
  facet normal 0 0 -1
    outer loop
      vertex 102 0 0
      vertex 98.6515 4.65147 0
      vertex 98.7695 4.54798 0
    endloop
  endfacet
  facet normal 0 0 -1
    outer loop
      vertex 102 0 0
      vertex 98.548 4.76949 0
      vertex 98.6515 4.65147 0
    endloop
  endfacet
  facet normal 0 0 -1
    outer loop
      vertex 86.3134 25.3134 0
      vertex 98.6515 35.6515 0
      vertex 86.8395 24.7134 0
    endloop
  endfacet
  facet normal 0 0 -1
    outer loop
      vertex 83.5788 15.1079 0
      vertex 98.3 5.5 0
      vertex 98.3103 5.34337 0
    endloop
  endfacet
  facet normal 0 0 -1
    outer loop
      vertex 83.5788 15.1079 0
      vertex 98.3103 5.34337 0
      vertex 98.3409 5.18942 0
    endloop
  endfacet
  facet normal 0 0 -1
    outer loop
      vertex 82.7962 14.9522 0
      vertex 98.3409 5.18942 0
      vertex 98.3913 5.04078 0
    endloop
  endfacet
  facet normal 0 0 -1
    outer loop
      vertex 82 14.9 0
      vertex 98.3913 5.04078 0
      vertex 98.4608 4.9 0
    endloop
  endfacet
  facet normal 0 0 -1
    outer loop
      vertex 99.6566 6.68973 0
      vertex 88.0478 20.2038 0
      vertex 88.1 21 0
    endloop
  endfacet
  facet normal 0 0 -1
    outer loop
      vertex 81.2038 14.9522 0
      vertex 98.4608 4.9 0
      vertex 98.548 4.76949 0
    endloop
  endfacet
  facet normal 0 0 -1
    outer loop
      vertex 99.3434 6.68973 0
      vertex 87.8922 19.4212 0
      vertex 88.0478 20.2038 0
    endloop
  endfacet
  facet normal 0 0 -1
    outer loop
      vertex 62.67 11.5326 0
      vertex 98.548 4.76949 0
      vertex 102 0 0
    endloop
  endfacet
  facet normal 0 0 -1
    outer loop
      vertex 99.1894 6.65911 0
      vertex 87.6357 18.6656 0
      vertex 87.8922 19.4212 0
    endloop
  endfacet
  facet normal 0 0 -1
    outer loop
      vertex 99.0408 6.60865 0
      vertex 87.2828 17.95 0
      vertex 87.6357 18.6656 0
    endloop
  endfacet
  facet normal 0 0 -1
    outer loop
      vertex 98.7695 6.45202 0
      vertex 86.8395 17.2866 0
      vertex 87.2828 17.95 0
    endloop
  endfacet
  facet normal 0 0 -1
    outer loop
      vertex 98.6515 6.34853 0
      vertex 86.3134 16.6866 0
      vertex 86.8395 17.2866 0
    endloop
  endfacet
  facet normal 0 0 -1
    outer loop
      vertex 98.4608 6.1 0
      vertex 85.7134 16.1605 0
      vertex 86.3134 16.6866 0
    endloop
  endfacet
  facet normal 0 0 -1
    outer loop
      vertex 98.3409 5.81058 0
      vertex 85.05 15.7172 0
      vertex 85.7134 16.1605 0
    endloop
  endfacet
  facet normal 0 0 -1
    outer loop
      vertex 98.3103 5.65663 0
      vertex 84.3344 15.3643 0
      vertex 85.05 15.7172 0
    endloop
  endfacet
  facet normal 0 0 -1
    outer loop
      vertex 98.3 5.5 0
      vertex 83.5788 15.1079 0
      vertex 84.3344 15.3643 0
    endloop
  endfacet
  facet normal 0 0 -1
    outer loop
      vertex 98.3409 5.18942 0
      vertex 82.7962 14.9522 0
      vertex 83.5788 15.1079 0
    endloop
  endfacet
  facet normal 0 0 -1
    outer loop
      vertex 98.3913 5.04078 0
      vertex 82 14.9 0
      vertex 82.7962 14.9522 0
    endloop
  endfacet
  facet normal 0 0 -1
    outer loop
      vertex 98.4608 4.9 0
      vertex 81.2038 14.9522 0
      vertex 82 14.9 0
    endloop
  endfacet
  facet normal 0 0 -1
    outer loop
      vertex 98.548 4.76949 0
      vertex 62.67 11.5326 0
      vertex 81.2038 14.9522 0
    endloop
  endfacet
  facet normal -0 0 -1
    outer loop
      vertex 81.2038 14.9522 0
      vertex 62.67 11.5326 0
      vertex 80.4212 15.1079 0
    endloop
  endfacet
  facet normal 0 -0 -1
    outer loop
      vertex 62.8223 11.6343 0
      vertex 80.4212 15.1079 0
      vertex 62.67 11.5326 0
    endloop
  endfacet
  facet normal 0 -0 -1
    outer loop
      vertex 62.9599 11.755 0
      vertex 80.4212 15.1079 0
      vertex 62.8223 11.6343 0
    endloop
  endfacet
  facet normal 0 0 -1
    outer loop
      vertex 63.2634 13.2808 0
      vertex 76.3643 18.6656 0
      vertex 63.3223 13.1073 0
    endloop
  endfacet
  facet normal -0 0 -1
    outer loop
      vertex 76.7172 17.95 0
      vertex 63.3223 13.1073 0
      vertex 76.3643 18.6656 0
    endloop
  endfacet
  facet normal 0 0 -1
    outer loop
      vertex 63.3223 13.1073 0
      vertex 76.7172 17.95 0
      vertex 63.358 12.9277 0
    endloop
  endfacet
  facet normal -0 0 -1
    outer loop
      vertex 77.1605 17.2866 0
      vertex 63.358 12.9277 0
      vertex 76.7172 17.95 0
    endloop
  endfacet
  facet normal 0 0 -1
    outer loop
      vertex 63.358 12.9277 0
      vertex 77.1605 17.2866 0
      vertex 63.37 12.745 0
    endloop
  endfacet
  facet normal 0 0 -1
    outer loop
      vertex 63.358 12.5623 0
      vertex 77.1605 17.2866 0
      vertex 77.6866 16.6866 0
    endloop
  endfacet
  facet normal 0 0 -1
    outer loop
      vertex 63.3223 12.3827 0
      vertex 77.6866 16.6866 0
      vertex 78.2866 16.1605 0
    endloop
  endfacet
  facet normal 0 -0 -1
    outer loop
      vertex 63.0807 11.8927 0
      vertex 79.6656 15.3643 0
      vertex 62.9599 11.755 0
    endloop
  endfacet
  facet normal 0 0 -1
    outer loop
      vertex 77.1605 17.2866 0
      vertex 63.358 12.5623 0
      vertex 63.37 12.745 0
    endloop
  endfacet
  facet normal 0 0 -1
    outer loop
      vertex 77.6866 16.6866 0
      vertex 63.3223 12.3827 0
      vertex 63.358 12.5623 0
    endloop
  endfacet
  facet normal 0 0 -1
    outer loop
      vertex 78.2866 16.1605 0
      vertex 63.2634 12.2092 0
      vertex 63.3223 12.3827 0
    endloop
  endfacet
  facet normal 0 0 -1
    outer loop
      vertex 78.2866 16.1605 0
      vertex 63.1824 12.045 0
      vertex 63.2634 12.2092 0
    endloop
  endfacet
  facet normal -0 0 -1
    outer loop
      vertex 78.95 15.7172 0
      vertex 63.1824 12.045 0
      vertex 78.2866 16.1605 0
    endloop
  endfacet
  facet normal 0 -0 -1
    outer loop
      vertex 63.1824 12.045 0
      vertex 78.95 15.7172 0
      vertex 63.0807 11.8927 0
    endloop
  endfacet
  facet normal -0 0 -1
    outer loop
      vertex 79.6656 15.3643 0
      vertex 63.0807 11.8927 0
      vertex 78.95 15.7172 0
    endloop
  endfacet
  facet normal -0 0 -1
    outer loop
      vertex 80.4212 15.1079 0
      vertex 62.9599 11.755 0
      vertex 79.6656 15.3643 0
    endloop
  endfacet
  facet normal 0 0 -1
    outer loop
      vertex 102 0 0
      vertex 62.5058 11.4516 0
      vertex 62.67 11.5326 0
    endloop
  endfacet
  facet normal 0 0 -1
    outer loop
      vertex 102 0 0
      vertex 62.3323 11.3927 0
      vertex 62.5058 11.4516 0
    endloop
  endfacet
  facet normal 0 0 -1
    outer loop
      vertex 102 0 0
      vertex 62.1527 11.357 0
      vertex 62.3323 11.3927 0
    endloop
  endfacet
  facet normal 0 0 -1
    outer loop
      vertex 102 0 0
      vertex 61.97 11.345 0
      vertex 62.1527 11.357 0
    endloop
  endfacet
  facet normal 0 0 -1
    outer loop
      vertex 102 0 0
      vertex 61.7873 11.357 0
      vertex 61.97 11.345 0
    endloop
  endfacet
  facet normal 0 0 -1
    outer loop
      vertex 3 0 0
      vertex 61.7873 11.357 0
      vertex 102 0 0
    endloop
  endfacet
  facet normal 0 0 -1
    outer loop
      vertex 60.582 12.5623 0
      vertex 35.43 12.745 0
      vertex 60.57 12.745 0
    endloop
  endfacet
  facet normal 0 0 -1
    outer loop
      vertex 35.418 12.5623 0
      vertex 60.582 12.5623 0
      vertex 60.6177 12.3827 0
    endloop
  endfacet
  facet normal 0 0 -1
    outer loop
      vertex 35.3823 12.3827 0
      vertex 60.6177 12.3827 0
      vertex 60.6766 12.2092 0
    endloop
  endfacet
  facet normal 0 0 -1
    outer loop
      vertex 35.3234 12.2092 0
      vertex 60.6766 12.2092 0
      vertex 60.7576 12.045 0
    endloop
  endfacet
  facet normal 0 0 -1
    outer loop
      vertex 35.2424 12.045 0
      vertex 60.7576 12.045 0
      vertex 60.8593 11.8927 0
    endloop
  endfacet
  facet normal 0 0 -1
    outer loop
      vertex 35.1407 11.8927 0
      vertex 60.8593 11.8927 0
      vertex 60.98 11.755 0
    endloop
  endfacet
  facet normal 0 0 -1
    outer loop
      vertex 35.02 11.755 0
      vertex 60.98 11.755 0
      vertex 61.1177 11.6343 0
    endloop
  endfacet
  facet normal 0 0 -1
    outer loop
      vertex 34.8823 11.6343 0
      vertex 61.1177 11.6343 0
      vertex 61.27 11.5326 0
    endloop
  endfacet
  facet normal 0 0 -1
    outer loop
      vertex 34.73 11.5326 0
      vertex 61.27 11.5326 0
      vertex 61.4342 11.4516 0
    endloop
  endfacet
  facet normal 0 0 -1
    outer loop
      vertex 34.5658 11.4516 0
      vertex 61.4342 11.4516 0
      vertex 61.6077 11.3927 0
    endloop
  endfacet
  facet normal 0 -0 -1
    outer loop
      vertex 34.2127 11.357 0
      vertex 61.7873 11.357 0
      vertex 3 0 0
    endloop
  endfacet
  facet normal 0 0 -1
    outer loop
      vertex 60.582 12.5623 0
      vertex 35.418 12.5623 0
      vertex 35.43 12.745 0
    endloop
  endfacet
  facet normal 0 0 -1
    outer loop
      vertex 60.6177 12.3827 0
      vertex 35.3823 12.3827 0
      vertex 35.418 12.5623 0
    endloop
  endfacet
  facet normal 0 0 -1
    outer loop
      vertex 60.6766 12.2092 0
      vertex 35.3234 12.2092 0
      vertex 35.3823 12.3827 0
    endloop
  endfacet
  facet normal 0 0 -1
    outer loop
      vertex 60.7576 12.045 0
      vertex 35.2424 12.045 0
      vertex 35.3234 12.2092 0
    endloop
  endfacet
  facet normal 0 0 -1
    outer loop
      vertex 60.8593 11.8927 0
      vertex 35.1407 11.8927 0
      vertex 35.2424 12.045 0
    endloop
  endfacet
  facet normal 0 0 -1
    outer loop
      vertex 60.98 11.755 0
      vertex 35.02 11.755 0
      vertex 35.1407 11.8927 0
    endloop
  endfacet
  facet normal 0 0 -1
    outer loop
      vertex 61.1177 11.6343 0
      vertex 34.8823 11.6343 0
      vertex 35.02 11.755 0
    endloop
  endfacet
  facet normal 0 0 -1
    outer loop
      vertex 61.27 11.5326 0
      vertex 34.73 11.5326 0
      vertex 34.8823 11.6343 0
    endloop
  endfacet
  facet normal 0 0 -1
    outer loop
      vertex 61.4342 11.4516 0
      vertex 34.5658 11.4516 0
      vertex 34.73 11.5326 0
    endloop
  endfacet
  facet normal 0 0 -1
    outer loop
      vertex 61.6077 11.3927 0
      vertex 34.3923 11.3927 0
      vertex 34.5658 11.4516 0
    endloop
  endfacet
  facet normal -0 0 -1
    outer loop
      vertex 61.6077 11.3927 0
      vertex 34.2127 11.357 0
      vertex 34.3923 11.3927 0
    endloop
  endfacet
  facet normal 0 0 -1
    outer loop
      vertex 61.7873 11.357 0
      vertex 34.2127 11.357 0
      vertex 61.6077 11.3927 0
    endloop
  endfacet
  facet normal 0 0 -1
    outer loop
      vertex 34.2127 11.357 0
      vertex 3 0 0
      vertex 34.03 11.345 0
    endloop
  endfacet
  facet normal 0 0 -1
    outer loop
      vertex 32.6777 28.8927 0
      vertex 6.7 36.5 0
      vertex 32.642 29.0723 0
    endloop
  endfacet
  facet normal 0 0 -1
    outer loop
      vertex 6.65911 5.81058 0
      vertex 32.6777 12.3827 0
      vertex 6.68973 5.65663 0
    endloop
  endfacet
  facet normal -0 0 -1
    outer loop
      vertex 32.7366 12.2092 0
      vertex 6.68973 5.65663 0
      vertex 32.6777 12.3827 0
    endloop
  endfacet
  facet normal 0 0 -1
    outer loop
      vertex 6.68973 5.65663 0
      vertex 32.7366 12.2092 0
      vertex 6.7 5.5 0
    endloop
  endfacet
  facet normal -0 0 -1
    outer loop
      vertex 32.8176 12.045 0
      vertex 6.7 5.5 0
      vertex 32.7366 12.2092 0
    endloop
  endfacet
  facet normal 0 0 -1
    outer loop
      vertex 6.68973 5.34337 0
      vertex 32.8176 12.045 0
      vertex 32.9193 11.8927 0
    endloop
  endfacet
  facet normal 0 0 -1
    outer loop
      vertex 6.65911 5.18942 0
      vertex 32.9193 11.8927 0
      vertex 33.0401 11.755 0
    endloop
  endfacet
  facet normal 0 0 -1
    outer loop
      vertex 6.60865 5.04078 0
      vertex 33.0401 11.755 0
      vertex 33.1777 11.6343 0
    endloop
  endfacet
  facet normal 0 0 -1
    outer loop
      vertex 6.53923 4.9 0
      vertex 33.1777 11.6343 0
      vertex 33.33 11.5326 0
    endloop
  endfacet
  facet normal 0 0 -1
    outer loop
      vertex 6.45202 4.76949 0
      vertex 33.33 11.5326 0
      vertex 33.4942 11.4516 0
    endloop
  endfacet
  facet normal 0 0 -1
    outer loop
      vertex 3 0 0
      vertex 33.4942 11.4516 0
      vertex 33.6677 11.3927 0
    endloop
  endfacet
  facet normal 0 0 -1
    outer loop
      vertex 3 0 0
      vertex 33.6677 11.3927 0
      vertex 33.8473 11.357 0
    endloop
  endfacet
  facet normal -0 0 -1
    outer loop
      vertex 34.03 11.345 0
      vertex 3 0 0
      vertex 33.8473 11.357 0
    endloop
  endfacet
  facet normal 0 0 -1
    outer loop
      vertex 32.8176 12.045 0
      vertex 6.68973 5.34337 0
      vertex 6.7 5.5 0
    endloop
  endfacet
  facet normal 0 0 -1
    outer loop
      vertex 32.9193 11.8927 0
      vertex 6.65911 5.18942 0
      vertex 6.68973 5.34337 0
    endloop
  endfacet
  facet normal 0 0 -1
    outer loop
      vertex 33.0401 11.755 0
      vertex 6.60865 5.04078 0
      vertex 6.65911 5.18942 0
    endloop
  endfacet
  facet normal 0 0 -1
    outer loop
      vertex 33.1777 11.6343 0
      vertex 6.53923 4.9 0
      vertex 6.60865 5.04078 0
    endloop
  endfacet
  facet normal 0 0 -1
    outer loop
      vertex 33.33 11.5326 0
      vertex 6.45202 4.76949 0
      vertex 6.53923 4.9 0
    endloop
  endfacet
  facet normal 0 0 -1
    outer loop
      vertex 33.4942 11.4516 0
      vertex 3 0 0
      vertex 6.34853 4.65147 0
    endloop
  endfacet
  facet normal 0 0 -1
    outer loop
      vertex 33.4942 11.4516 0
      vertex 6.34853 4.65147 0
      vertex 6.45202 4.76949 0
    endloop
  endfacet
  facet normal 0 0 -1
    outer loop
      vertex 6.34853 4.65147 0
      vertex 3 0 0
      vertex 6.23051 4.54798 0
    endloop
  endfacet
  facet normal 0 0 -1
    outer loop
      vertex 6.23051 4.54798 0
      vertex 3 0 0
      vertex 6.1 4.46077 0
    endloop
  endfacet
  facet normal 0 0 -1
    outer loop
      vertex 6.1 4.46077 0
      vertex 3 0 0
      vertex 5.95922 4.39134 0
    endloop
  endfacet
  facet normal 0 0 -1
    outer loop
      vertex 5.95922 4.39134 0
      vertex 3 0 0
      vertex 5.81058 4.34089 0
    endloop
  endfacet
  facet normal 0 0 -1
    outer loop
      vertex 5.81058 4.34089 0
      vertex 3 0 0
      vertex 5.65663 4.31027 0
    endloop
  endfacet
  facet normal 0 0 -1
    outer loop
      vertex 0.619934 1.17372 0
      vertex 4.65147 4.65147 0
      vertex 0.878677 0.878677 0
    endloop
  endfacet
  facet normal 0 0 -1
    outer loop
      vertex 0.878677 0.878677 0
      vertex 4.65147 4.65147 0
      vertex 1.17372 0.619934 0
    endloop
  endfacet
  facet normal 0 0 -1
    outer loop
      vertex 1.17372 0.619934 0
      vertex 4.65147 4.65147 0
      vertex 1.5 0.401917 0
    endloop
  endfacet
  facet normal 0 0 -1
    outer loop
      vertex 1.5 0.401917 0
      vertex 4.65147 4.65147 0
      vertex 1.85194 0.228363 0
    endloop
  endfacet
  facet normal 0 0 -1
    outer loop
      vertex 1.85194 0.228363 0
      vertex 4.65147 4.65147 0
      vertex 2.22354 0.102219 0
    endloop
  endfacet
  facet normal 0 0 -1
    outer loop
      vertex 2.22354 0.102219 0
      vertex 4.65147 4.65147 0
      vertex 2.60843 0.0256653 0
    endloop
  endfacet
  facet normal 0 0 -1
    outer loop
      vertex 2.60843 0.0256653 0
      vertex 4.65147 4.65147 0
      vertex 3 0 0
    endloop
  endfacet
  facet normal -0 0 -1
    outer loop
      vertex 4.76949 4.54798 0
      vertex 3 0 0
      vertex 4.65147 4.65147 0
    endloop
  endfacet
  facet normal -0 0 -1
    outer loop
      vertex 4.9 4.46077 0
      vertex 3 0 0
      vertex 4.76949 4.54798 0
    endloop
  endfacet
  facet normal -0 0 -1
    outer loop
      vertex 5.04078 4.39134 0
      vertex 3 0 0
      vertex 4.9 4.46077 0
    endloop
  endfacet
  facet normal -0 0 -1
    outer loop
      vertex 5.18942 4.34089 0
      vertex 3 0 0
      vertex 5.04078 4.39134 0
    endloop
  endfacet
  facet normal -0 0 -1
    outer loop
      vertex 5.34337 4.31027 0
      vertex 3 0 0
      vertex 5.18942 4.34089 0
    endloop
  endfacet
  facet normal -0 0 -1
    outer loop
      vertex 5.5 4.3 0
      vertex 3 0 0
      vertex 5.34337 4.31027 0
    endloop
  endfacet
  facet normal 0 0 -1
    outer loop
      vertex 5.65663 4.31027 0
      vertex 3 0 0
      vertex 5.5 4.3 0
    endloop
  endfacet
  facet normal -0 0 -1
    outer loop
      vertex 104.38 40.8263 0
      vertex 100.349 37.3485 0
      vertex 104.121 41.1213 0
    endloop
  endfacet
  facet normal -0 0 -1
    outer loop
      vertex 104.121 41.1213 0
      vertex 100.349 37.3485 0
      vertex 103.826 41.3801 0
    endloop
  endfacet
  facet normal -0 0 -1
    outer loop
      vertex 103.826 41.3801 0
      vertex 100.349 37.3485 0
      vertex 103.5 41.5981 0
    endloop
  endfacet
  facet normal -0 0 -1
    outer loop
      vertex 103.5 41.5981 0
      vertex 100.349 37.3485 0
      vertex 103.148 41.7716 0
    endloop
  endfacet
  facet normal -0 0 -1
    outer loop
      vertex 103.148 41.7716 0
      vertex 100.349 37.3485 0
      vertex 102.776 41.8978 0
    endloop
  endfacet
  facet normal -0 0 -1
    outer loop
      vertex 102.776 41.8978 0
      vertex 100.349 37.3485 0
      vertex 102.392 41.9743 0
    endloop
  endfacet
  facet normal -0 0 -1
    outer loop
      vertex 102.392 41.9743 0
      vertex 100.349 37.3485 0
      vertex 102 42 0
    endloop
  endfacet
  facet normal 0 0 -1
    outer loop
      vertex 100.231 37.452 0
      vertex 102 42 0
      vertex 100.349 37.3485 0
    endloop
  endfacet
  facet normal 0 0 -1
    outer loop
      vertex 100.1 37.5392 0
      vertex 102 42 0
      vertex 100.231 37.452 0
    endloop
  endfacet
  facet normal 0 0 -1
    outer loop
      vertex 99.9592 37.6087 0
      vertex 102 42 0
      vertex 100.1 37.5392 0
    endloop
  endfacet
  facet normal 0 0 -1
    outer loop
      vertex 99.8106 37.6591 0
      vertex 102 42 0
      vertex 99.9592 37.6087 0
    endloop
  endfacet
  facet normal 0 0 -1
    outer loop
      vertex 99.6566 37.6897 0
      vertex 102 42 0
      vertex 99.8106 37.6591 0
    endloop
  endfacet
  facet normal 0 0 -1
    outer loop
      vertex 99.5 37.7 0
      vertex 102 42 0
      vertex 99.6566 37.6897 0
    endloop
  endfacet
  facet normal 0 0 -1
    outer loop
      vertex 99.3434 37.6897 0
      vertex 102 42 0
      vertex 99.5 37.7 0
    endloop
  endfacet
  facet normal 0 0 -1
    outer loop
      vertex 99.1894 37.6591 0
      vertex 102 42 0
      vertex 99.3434 37.6897 0
    endloop
  endfacet
  facet normal 0 0 -1
    outer loop
      vertex 99.0408 37.6087 0
      vertex 102 42 0
      vertex 99.1894 37.6591 0
    endloop
  endfacet
  facet normal 0 0 -1
    outer loop
      vertex 98.9 37.5392 0
      vertex 102 42 0
      vertex 99.0408 37.6087 0
    endloop
  endfacet
  facet normal 0 0 -1
    outer loop
      vertex 98.7695 37.452 0
      vertex 102 42 0
      vertex 98.9 37.5392 0
    endloop
  endfacet
  facet normal 0 0 -1
    outer loop
      vertex 98.6515 37.3485 0
      vertex 102 42 0
      vertex 98.7695 37.452 0
    endloop
  endfacet
  facet normal 0 0 -1
    outer loop
      vertex 98.548 37.2305 0
      vertex 102 42 0
      vertex 98.6515 37.3485 0
    endloop
  endfacet
  facet normal -0 0 -1
    outer loop
      vertex 98.6515 35.6515 0
      vertex 86.3134 25.3134 0
      vertex 98.548 35.7695 0
    endloop
  endfacet
  facet normal -0 0 -1
    outer loop
      vertex 98.548 35.7695 0
      vertex 86.3134 25.3134 0
      vertex 98.4608 35.9 0
    endloop
  endfacet
  facet normal 0 0 -1
    outer loop
      vertex 85.7134 25.8395 0
      vertex 98.4608 35.9 0
      vertex 86.3134 25.3134 0
    endloop
  endfacet
  facet normal -0 0 -1
    outer loop
      vertex 98.4608 35.9 0
      vertex 85.7134 25.8395 0
      vertex 98.3913 36.0408 0
    endloop
  endfacet
  facet normal -0 0 -1
    outer loop
      vertex 98.3913 36.0408 0
      vertex 85.7134 25.8395 0
      vertex 98.3409 36.1894 0
    endloop
  endfacet
  facet normal 0 0 -1
    outer loop
      vertex 85.05 26.2828 0
      vertex 98.3409 36.1894 0
      vertex 85.7134 25.8395 0
    endloop
  endfacet
  facet normal -0 0 -1
    outer loop
      vertex 98.3409 36.1894 0
      vertex 85.05 26.2828 0
      vertex 98.3103 36.3434 0
    endloop
  endfacet
  facet normal 0 0 -1
    outer loop
      vertex 84.3344 26.6357 0
      vertex 98.3103 36.3434 0
      vertex 85.05 26.2828 0
    endloop
  endfacet
  facet normal -0 0 -1
    outer loop
      vertex 98.3103 36.3434 0
      vertex 84.3344 26.6357 0
      vertex 98.3 36.5 0
    endloop
  endfacet
  facet normal 0 0 -1
    outer loop
      vertex 83.5788 26.8921 0
      vertex 98.3 36.5 0
      vertex 84.3344 26.6357 0
    endloop
  endfacet
  facet normal -0 0 -1
    outer loop
      vertex 98.3 36.5 0
      vertex 83.5788 26.8921 0
      vertex 98.3103 36.6566 0
    endloop
  endfacet
  facet normal -0 0 -1
    outer loop
      vertex 98.3103 36.6566 0
      vertex 83.5788 26.8921 0
      vertex 98.3409 36.8106 0
    endloop
  endfacet
  facet normal 0 0 -1
    outer loop
      vertex 82.7962 27.0478 0
      vertex 98.3409 36.8106 0
      vertex 83.5788 26.8921 0
    endloop
  endfacet
  facet normal -0 0 -1
    outer loop
      vertex 98.3409 36.8106 0
      vertex 82.7962 27.0478 0
      vertex 98.3913 36.9592 0
    endloop
  endfacet
  facet normal 0 0 -1
    outer loop
      vertex 82 27.1 0
      vertex 98.3913 36.9592 0
      vertex 82.7962 27.0478 0
    endloop
  endfacet
  facet normal -0 0 -1
    outer loop
      vertex 98.3913 36.9592 0
      vertex 82 27.1 0
      vertex 98.4608 37.1 0
    endloop
  endfacet
  facet normal 0 0 -1
    outer loop
      vertex 81.2038 27.0478 0
      vertex 98.4608 37.1 0
      vertex 82 27.1 0
    endloop
  endfacet
  facet normal -0 0 -1
    outer loop
      vertex 98.4608 37.1 0
      vertex 81.2038 27.0478 0
      vertex 98.548 37.2305 0
    endloop
  endfacet
  facet normal 0 0 -1
    outer loop
      vertex 62.67 30.4674 0
      vertex 98.548 37.2305 0
      vertex 81.2038 27.0478 0
    endloop
  endfacet
  facet normal 0 0 -1
    outer loop
      vertex 62.67 30.4674 0
      vertex 81.2038 27.0478 0
      vertex 80.4212 26.8921 0
    endloop
  endfacet
  facet normal 0 0 -1
    outer loop
      vertex 62.9599 30.2449 0
      vertex 80.4212 26.8921 0
      vertex 79.6656 26.6357 0
    endloop
  endfacet
  facet normal 0 0 -1
    outer loop
      vertex 63.0807 30.1073 0
      vertex 79.6656 26.6357 0
      vertex 78.95 26.2828 0
    endloop
  endfacet
  facet normal 0 0 -1
    outer loop
      vertex 63.1824 29.955 0
      vertex 78.95 26.2828 0
      vertex 78.2866 25.8395 0
    endloop
  endfacet
  facet normal 0 0 -1
    outer loop
      vertex 63.1824 13.445 0
      vertex 76.3643 18.6656 0
      vertex 63.2634 13.2808 0
    endloop
  endfacet
  facet normal 0 0 -1
    outer loop
      vertex 75.9 21 0
      vertex 63.37 29.255 0
      vertex 75.9522 21.7962 0
    endloop
  endfacet
  facet normal 0 0 -1
    outer loop
      vertex 75.9522 21.7962 0
      vertex 63.37 29.255 0
      vertex 76.1078 22.5788 0
    endloop
  endfacet
  facet normal 0 0 -1
    outer loop
      vertex 76.1078 22.5788 0
      vertex 63.37 29.255 0
      vertex 76.3643 23.3344 0
    endloop
  endfacet
  facet normal 0 0 -1
    outer loop
      vertex 76.3643 23.3344 0
      vertex 63.37 29.255 0
      vertex 76.7172 24.05 0
    endloop
  endfacet
  facet normal 0 0 -1
    outer loop
      vertex 76.7172 24.05 0
      vertex 63.37 29.255 0
      vertex 77.1605 24.7134 0
    endloop
  endfacet
  facet normal 0 0 -1
    outer loop
      vertex 63.358 29.4377 0
      vertex 77.1605 24.7134 0
      vertex 63.37 29.255 0
    endloop
  endfacet
  facet normal 0 0 -1
    outer loop
      vertex 77.1605 24.7134 0
      vertex 63.358 29.4377 0
      vertex 77.6866 25.3134 0
    endloop
  endfacet
  facet normal 0 0 -1
    outer loop
      vertex 63.3223 29.6173 0
      vertex 77.6866 25.3134 0
      vertex 63.358 29.4377 0
    endloop
  endfacet
  facet normal 0 0 -1
    outer loop
      vertex 77.6866 25.3134 0
      vertex 63.3223 29.6173 0
      vertex 78.2866 25.8395 0
    endloop
  endfacet
  facet normal 0 0 -1
    outer loop
      vertex 63.2634 29.7908 0
      vertex 78.2866 25.8395 0
      vertex 63.3223 29.6173 0
    endloop
  endfacet
  facet normal 0 0 -1
    outer loop
      vertex 63.1824 29.955 0
      vertex 78.2866 25.8395 0
      vertex 63.2634 29.7908 0
    endloop
  endfacet
  facet normal 0 0 -1
    outer loop
      vertex 78.95 26.2828 0
      vertex 63.1824 29.955 0
      vertex 63.0807 30.1073 0
    endloop
  endfacet
  facet normal 0 0 -1
    outer loop
      vertex 79.6656 26.6357 0
      vertex 63.0807 30.1073 0
      vertex 62.9599 30.2449 0
    endloop
  endfacet
  facet normal 0 0 -1
    outer loop
      vertex 80.4212 26.8921 0
      vertex 62.9599 30.2449 0
      vertex 62.8223 30.3657 0
    endloop
  endfacet
  facet normal 0 0 -1
    outer loop
      vertex 80.4212 26.8921 0
      vertex 62.8223 30.3657 0
      vertex 62.67 30.4674 0
    endloop
  endfacet
  facet normal -0 0 -1
    outer loop
      vertex 98.548 37.2305 0
      vertex 62.67 30.4674 0
      vertex 102 42 0
    endloop
  endfacet
  facet normal 0 0 -1
    outer loop
      vertex 62.5058 30.5484 0
      vertex 102 42 0
      vertex 62.67 30.4674 0
    endloop
  endfacet
  facet normal 0 0 -1
    outer loop
      vertex 62.3323 30.6073 0
      vertex 102 42 0
      vertex 62.5058 30.5484 0
    endloop
  endfacet
  facet normal 0 0 -1
    outer loop
      vertex 62.1527 30.643 0
      vertex 102 42 0
      vertex 62.3323 30.6073 0
    endloop
  endfacet
  facet normal 0 0 -1
    outer loop
      vertex 61.97 30.655 0
      vertex 102 42 0
      vertex 62.1527 30.643 0
    endloop
  endfacet
  facet normal 0 0 -1
    outer loop
      vertex 61.7873 30.643 0
      vertex 102 42 0
      vertex 61.97 30.655 0
    endloop
  endfacet
  facet normal 0 0 -1
    outer loop
      vertex 34.2127 30.643 0
      vertex 61.7873 30.643 0
      vertex 61.6077 30.6073 0
    endloop
  endfacet
  facet normal 0 0 -1
    outer loop
      vertex 35.43 29.255 0
      vertex 60.582 29.4377 0
      vertex 60.57 29.255 0
    endloop
  endfacet
  facet normal 0 0 -1
    outer loop
      vertex 35.418 29.4377 0
      vertex 60.582 29.4377 0
      vertex 35.43 29.255 0
    endloop
  endfacet
  facet normal 0 0 -1
    outer loop
      vertex 60.582 29.4377 0
      vertex 35.418 29.4377 0
      vertex 60.6177 29.6173 0
    endloop
  endfacet
  facet normal 0 0 -1
    outer loop
      vertex 35.3823 29.6173 0
      vertex 60.6177 29.6173 0
      vertex 35.418 29.4377 0
    endloop
  endfacet
  facet normal 0 0 -1
    outer loop
      vertex 60.6177 29.6173 0
      vertex 35.3823 29.6173 0
      vertex 60.6766 29.7908 0
    endloop
  endfacet
  facet normal 0 0 -1
    outer loop
      vertex 35.3234 29.7908 0
      vertex 60.6766 29.7908 0
      vertex 35.3823 29.6173 0
    endloop
  endfacet
  facet normal 0 0 -1
    outer loop
      vertex 60.6766 29.7908 0
      vertex 35.3234 29.7908 0
      vertex 60.7576 29.955 0
    endloop
  endfacet
  facet normal 0 0 -1
    outer loop
      vertex 35.2424 29.955 0
      vertex 60.7576 29.955 0
      vertex 35.3234 29.7908 0
    endloop
  endfacet
  facet normal 0 0 -1
    outer loop
      vertex 60.7576 29.955 0
      vertex 35.2424 29.955 0
      vertex 60.8593 30.1073 0
    endloop
  endfacet
  facet normal 0 0 -1
    outer loop
      vertex 35.1407 30.1073 0
      vertex 60.8593 30.1073 0
      vertex 35.2424 29.955 0
    endloop
  endfacet
  facet normal 0 0 -1
    outer loop
      vertex 60.8593 30.1073 0
      vertex 35.1407 30.1073 0
      vertex 60.98 30.2449 0
    endloop
  endfacet
  facet normal 0 0 -1
    outer loop
      vertex 35.02 30.2449 0
      vertex 60.98 30.2449 0
      vertex 35.1407 30.1073 0
    endloop
  endfacet
  facet normal 0 0 -1
    outer loop
      vertex 60.98 30.2449 0
      vertex 35.02 30.2449 0
      vertex 61.1177 30.3657 0
    endloop
  endfacet
  facet normal 0 0 -1
    outer loop
      vertex 34.8823 30.3657 0
      vertex 61.1177 30.3657 0
      vertex 35.02 30.2449 0
    endloop
  endfacet
  facet normal 0 0 -1
    outer loop
      vertex 61.1177 30.3657 0
      vertex 34.8823 30.3657 0
      vertex 61.27 30.4674 0
    endloop
  endfacet
  facet normal 0 0 -1
    outer loop
      vertex 34.73 30.4674 0
      vertex 61.27 30.4674 0
      vertex 34.8823 30.3657 0
    endloop
  endfacet
  facet normal 0 0 -1
    outer loop
      vertex 61.27 30.4674 0
      vertex 34.73 30.4674 0
      vertex 61.4342 30.5484 0
    endloop
  endfacet
  facet normal 0 0 -1
    outer loop
      vertex 34.5658 30.5484 0
      vertex 61.4342 30.5484 0
      vertex 34.73 30.4674 0
    endloop
  endfacet
  facet normal 0 0 -1
    outer loop
      vertex 61.4342 30.5484 0
      vertex 34.5658 30.5484 0
      vertex 61.6077 30.6073 0
    endloop
  endfacet
  facet normal 0 0 -1
    outer loop
      vertex 34.3923 30.6073 0
      vertex 61.6077 30.6073 0
      vertex 34.5658 30.5484 0
    endloop
  endfacet
  facet normal 0 0 -1
    outer loop
      vertex 34.2127 30.643 0
      vertex 61.6077 30.6073 0
      vertex 34.3923 30.6073 0
    endloop
  endfacet
  facet normal 0 0 -1
    outer loop
      vertex 61.7873 30.643 0
      vertex 34.2127 30.643 0
      vertex 3 42 0
    endloop
  endfacet
  facet normal 0 0 -1
    outer loop
      vertex 3 42 0
      vertex 34.2127 30.643 0
      vertex 34.03 30.655 0
    endloop
  endfacet
  facet normal 0 0 -1
    outer loop
      vertex 3 42 0
      vertex 34.03 30.655 0
      vertex 33.8473 30.643 0
    endloop
  endfacet
  facet normal 0 0 -1
    outer loop
      vertex 32.642 29.0723 0
      vertex 6.7 36.5 0
      vertex 32.63 29.255 0
    endloop
  endfacet
  facet normal 0 0 -1
    outer loop
      vertex 32.63 29.255 0
      vertex 6.7 36.5 0
      vertex 32.642 29.4377 0
    endloop
  endfacet
  facet normal 0 0 -1
    outer loop
      vertex 32.642 29.4377 0
      vertex 6.7 36.5 0
      vertex 32.6777 29.6173 0
    endloop
  endfacet
  facet normal 0 0 -1
    outer loop
      vertex 32.6777 29.6173 0
      vertex 6.7 36.5 0
      vertex 32.7366 29.7908 0
    endloop
  endfacet
  facet normal 0 0 -1
    outer loop
      vertex 32.7366 29.7908 0
      vertex 6.7 36.5 0
      vertex 32.8176 29.955 0
    endloop
  endfacet
  facet normal 0 0 -1
    outer loop
      vertex 6.68973 36.6566 0
      vertex 32.8176 29.955 0
      vertex 6.7 36.5 0
    endloop
  endfacet
  facet normal 0 0 -1
    outer loop
      vertex 32.8176 29.955 0
      vertex 6.68973 36.6566 0
      vertex 32.9193 30.1073 0
    endloop
  endfacet
  facet normal 0 0 -1
    outer loop
      vertex 6.65911 36.8106 0
      vertex 32.9193 30.1073 0
      vertex 6.68973 36.6566 0
    endloop
  endfacet
  facet normal 0 0 -1
    outer loop
      vertex 32.9193 30.1073 0
      vertex 6.65911 36.8106 0
      vertex 33.0401 30.2449 0
    endloop
  endfacet
  facet normal 0 0 -1
    outer loop
      vertex 6.60865 36.9592 0
      vertex 33.0401 30.2449 0
      vertex 6.65911 36.8106 0
    endloop
  endfacet
  facet normal 0 0 -1
    outer loop
      vertex 33.0401 30.2449 0
      vertex 6.60865 36.9592 0
      vertex 33.1777 30.3657 0
    endloop
  endfacet
  facet normal 0 0 -1
    outer loop
      vertex 6.53923 37.1 0
      vertex 33.1777 30.3657 0
      vertex 6.60865 36.9592 0
    endloop
  endfacet
  facet normal 0 0 -1
    outer loop
      vertex 33.1777 30.3657 0
      vertex 6.53923 37.1 0
      vertex 33.33 30.4674 0
    endloop
  endfacet
  facet normal 0 0 -1
    outer loop
      vertex 6.45202 37.2305 0
      vertex 33.33 30.4674 0
      vertex 6.53923 37.1 0
    endloop
  endfacet
  facet normal 0 0 -1
    outer loop
      vertex 33.33 30.4674 0
      vertex 6.45202 37.2305 0
      vertex 33.4942 30.5484 0
    endloop
  endfacet
  facet normal 0 0 -1
    outer loop
      vertex 6.34853 37.3485 0
      vertex 33.4942 30.5484 0
      vertex 6.45202 37.2305 0
    endloop
  endfacet
  facet normal 0 0 -1
    outer loop
      vertex 3 42 0
      vertex 33.4942 30.5484 0
      vertex 6.34853 37.3485 0
    endloop
  endfacet
  facet normal 0 0 -1
    outer loop
      vertex 33.4942 30.5484 0
      vertex 3 42 0
      vertex 33.6677 30.6073 0
    endloop
  endfacet
  facet normal 0 0 -1
    outer loop
      vertex 33.6677 30.6073 0
      vertex 3 42 0
      vertex 33.8473 30.643 0
    endloop
  endfacet
  facet normal 0 0 -1
    outer loop
      vertex 3 42 0
      vertex 6.34853 37.3485 0
      vertex 6.23051 37.452 0
    endloop
  endfacet
  facet normal 0 0 -1
    outer loop
      vertex 3 42 0
      vertex 6.23051 37.452 0
      vertex 6.1 37.5392 0
    endloop
  endfacet
  facet normal 0 0 -1
    outer loop
      vertex 3 42 0
      vertex 6.1 37.5392 0
      vertex 5.95922 37.6087 0
    endloop
  endfacet
  facet normal 0 0 -1
    outer loop
      vertex 3 42 0
      vertex 5.95922 37.6087 0
      vertex 5.81058 37.6591 0
    endloop
  endfacet
  facet normal 0 0 -1
    outer loop
      vertex 3 42 0
      vertex 5.81058 37.6591 0
      vertex 5.65663 37.6897 0
    endloop
  endfacet
  facet normal 0 0 -1
    outer loop
      vertex 3 42 0
      vertex 5.65663 37.6897 0
      vertex 5.5 37.7 0
    endloop
  endfacet
  facet normal 0 0 -1
    outer loop
      vertex 61.7873 30.643 0
      vertex 3 42 0
      vertex 102 42 0
    endloop
  endfacet
  facet normal 0 0 -1
    outer loop
      vertex 5.34337 37.6897 0
      vertex 3 42 0
      vertex 5.5 37.7 0
    endloop
  endfacet
  facet normal 0 0 -1
    outer loop
      vertex 5.18942 37.6591 0
      vertex 3 42 0
      vertex 5.34337 37.6897 0
    endloop
  endfacet
  facet normal 0 0 -1
    outer loop
      vertex 5.04078 37.6087 0
      vertex 3 42 0
      vertex 5.18942 37.6591 0
    endloop
  endfacet
  facet normal 0 0 -1
    outer loop
      vertex 4.9 37.5392 0
      vertex 3 42 0
      vertex 5.04078 37.6087 0
    endloop
  endfacet
  facet normal 0 0 -1
    outer loop
      vertex 4.76949 37.452 0
      vertex 3 42 0
      vertex 4.9 37.5392 0
    endloop
  endfacet
  facet normal 0 0 -1
    outer loop
      vertex 4.65147 37.3485 0
      vertex 3 42 0
      vertex 4.76949 37.452 0
    endloop
  endfacet
  facet normal 0 0 -1
    outer loop
      vertex 0.0256653 39.3916 0
      vertex 4.65147 37.3485 0
      vertex 4.54798 37.2305 0
    endloop
  endfacet
  facet normal 0 0 -1
    outer loop
      vertex 0 39 0
      vertex 4.54798 37.2305 0
      vertex 4.46077 37.1 0
    endloop
  endfacet
  facet normal 0 0 -1
    outer loop
      vertex 0 39 0
      vertex 4.46077 37.1 0
      vertex 4.39134 36.9592 0
    endloop
  endfacet
  facet normal 0 0 -1
    outer loop
      vertex 0 39 0
      vertex 4.39134 36.9592 0
      vertex 4.34089 36.8106 0
    endloop
  endfacet
  facet normal 0 0 -1
    outer loop
      vertex 0 39 0
      vertex 4.34089 36.8106 0
      vertex 4.31027 36.6566 0
    endloop
  endfacet
  facet normal 0 0 -1
    outer loop
      vertex 0 39 0
      vertex 4.31027 36.6566 0
      vertex 4.3 36.5 0
    endloop
  endfacet
  facet normal 0 0 -1
    outer loop
      vertex 4.34089 36.1894 0
      vertex 0 39 0
      vertex 4.31027 36.3434 0
    endloop
  endfacet
  facet normal 0 0 -1
    outer loop
      vertex 0.401917 1.5 0
      vertex 4.65147 4.65147 0
      vertex 0.619934 1.17372 0
    endloop
  endfacet
  facet normal 0 0 -1
    outer loop
      vertex 4.31027 36.3434 0
      vertex 0 39 0
      vertex 4.3 36.5 0
    endloop
  endfacet
  facet normal 0 0 -1
    outer loop
      vertex 0.228363 1.85194 0
      vertex 4.65147 4.65147 0
      vertex 0.401917 1.5 0
    endloop
  endfacet
  facet normal 0 0 -1
    outer loop
      vertex 4.54798 37.2305 0
      vertex 0 39 0
      vertex 0.0256653 39.3916 0
    endloop
  endfacet
  facet normal 0 0 -1
    outer loop
      vertex 0.102219 2.22354 0
      vertex 4.65147 4.65147 0
      vertex 0.228363 1.85194 0
    endloop
  endfacet
  facet normal 0 0 -1
    outer loop
      vertex 4.65147 37.3485 0
      vertex 2.60843 41.9743 0
      vertex 3 42 0
    endloop
  endfacet
  facet normal 0 0 -1
    outer loop
      vertex 0.0256653 2.60843 0
      vertex 4.65147 4.65147 0
      vertex 0.102219 2.22354 0
    endloop
  endfacet
  facet normal 0 0 -1
    outer loop
      vertex 4.65147 37.3485 0
      vertex 2.22354 41.8978 0
      vertex 2.60843 41.9743 0
    endloop
  endfacet
  facet normal -0 0 -1
    outer loop
      vertex 4.65147 4.65147 0
      vertex 0.0256653 2.60843 0
      vertex 4.54798 4.76949 0
    endloop
  endfacet
  facet normal 0 0 -1
    outer loop
      vertex 4.65147 37.3485 0
      vertex 1.85194 41.7716 0
      vertex 2.22354 41.8978 0
    endloop
  endfacet
  facet normal 0 0 -1
    outer loop
      vertex 0 3 0
      vertex 4.54798 4.76949 0
      vertex 0.0256653 2.60843 0
    endloop
  endfacet
  facet normal 0 0 -1
    outer loop
      vertex 4.65147 37.3485 0
      vertex 1.5 41.5981 0
      vertex 1.85194 41.7716 0
    endloop
  endfacet
  facet normal -0 0 -1
    outer loop
      vertex 4.54798 4.76949 0
      vertex 0 3 0
      vertex 4.46077 4.9 0
    endloop
  endfacet
  facet normal 0 0 -1
    outer loop
      vertex 4.65147 37.3485 0
      vertex 1.17372 41.3801 0
      vertex 1.5 41.5981 0
    endloop
  endfacet
  facet normal -0 0 -1
    outer loop
      vertex 4.31027 5.34337 0
      vertex 0 3 0
      vertex 4.3 5.5 0
    endloop
  endfacet
  facet normal 0 0 -1
    outer loop
      vertex 4.65147 37.3485 0
      vertex 0.878677 41.1213 0
      vertex 1.17372 41.3801 0
    endloop
  endfacet
  facet normal -0 0 -1
    outer loop
      vertex 4.46077 4.9 0
      vertex 0 3 0
      vertex 4.39134 5.04078 0
    endloop
  endfacet
  facet normal 0 0 -1
    outer loop
      vertex 4.65147 37.3485 0
      vertex 0.619934 40.8263 0
      vertex 0.878677 41.1213 0
    endloop
  endfacet
  facet normal -0 0 -1
    outer loop
      vertex 4.34089 5.18942 0
      vertex 0 3 0
      vertex 4.31027 5.34337 0
    endloop
  endfacet
  facet normal 0 0 -1
    outer loop
      vertex 4.65147 37.3485 0
      vertex 0.401917 40.5 0
      vertex 0.619934 40.8263 0
    endloop
  endfacet
  facet normal -0 0 -1
    outer loop
      vertex 4.39134 5.04078 0
      vertex 0 3 0
      vertex 4.34089 5.18942 0
    endloop
  endfacet
  facet normal 0 0 -1
    outer loop
      vertex 4.65147 37.3485 0
      vertex 0.228363 40.1481 0
      vertex 0.401917 40.5 0
    endloop
  endfacet
  facet normal 0 0 -1
    outer loop
      vertex 4.65147 37.3485 0
      vertex 0.102219 39.7765 0
      vertex 0.228363 40.1481 0
    endloop
  endfacet
  facet normal 0 0 -1
    outer loop
      vertex 4.65147 37.3485 0
      vertex 0.0256653 39.3916 0
      vertex 0.102219 39.7765 0
    endloop
  endfacet
  facet normal -0 0 -1
    outer loop
      vertex 61.27 28.0426 0
      vertex 61 25.25 0
      vertex 61.1177 28.1443 0
    endloop
  endfacet
  facet normal 0 0 -1
    outer loop
      vertex 61 25.25 0
      vertex 60.98 28.265 0
      vertex 61.1177 28.1443 0
    endloop
  endfacet
  facet normal 0 0 -1
    outer loop
      vertex 61 25.25 0
      vertex 60.8593 28.4027 0
      vertex 60.98 28.265 0
    endloop
  endfacet
  facet normal 0 0 -1
    outer loop
      vertex 61 25.25 0
      vertex 60.7576 28.555 0
      vertex 60.8593 28.4027 0
    endloop
  endfacet
  facet normal 0 0 -1
    outer loop
      vertex 61 25.25 0
      vertex 60.6766 28.7192 0
      vertex 60.7576 28.555 0
    endloop
  endfacet
  facet normal 0 0 -1
    outer loop
      vertex 61 25.25 0
      vertex 60.6177 28.8927 0
      vertex 60.6766 28.7192 0
    endloop
  endfacet
  facet normal 0 0 -1
    outer loop
      vertex 35.3823 28.8927 0
      vertex 60.6177 28.8927 0
      vertex 61 25.25 0
    endloop
  endfacet
  facet normal 0 0 -1
    outer loop
      vertex 60.582 29.0723 0
      vertex 35.43 29.255 0
      vertex 60.57 29.255 0
    endloop
  endfacet
  facet normal 0 0 -1
    outer loop
      vertex 60.6177 28.8927 0
      vertex 35.3823 28.8927 0
      vertex 60.582 29.0723 0
    endloop
  endfacet
  facet normal 0 0 -1
    outer loop
      vertex 60.582 29.0723 0
      vertex 35.418 29.0723 0
      vertex 35.43 29.255 0
    endloop
  endfacet
  facet normal -0 0 -1
    outer loop
      vertex 60.582 29.0723 0
      vertex 35.3823 28.8927 0
      vertex 35.418 29.0723 0
    endloop
  endfacet
  facet normal 0 0 -1
    outer loop
      vertex 35 25.25 0
      vertex 35.3823 28.8927 0
      vertex 61 25.25 0
    endloop
  endfacet
  facet normal 0 0 -1
    outer loop
      vertex 35.3823 28.8927 0
      vertex 35 25.25 0
      vertex 35.3234 28.7192 0
    endloop
  endfacet
  facet normal 0 0 -1
    outer loop
      vertex 35.3234 28.7192 0
      vertex 35 25.25 0
      vertex 35.2424 28.555 0
    endloop
  endfacet
  facet normal 0 0 -1
    outer loop
      vertex 35.2424 28.555 0
      vertex 35 25.25 0
      vertex 35.1407 28.4027 0
    endloop
  endfacet
  facet normal 0 0 -1
    outer loop
      vertex 35.1407 28.4027 0
      vertex 35 25.25 0
      vertex 35.02 28.265 0
    endloop
  endfacet
  facet normal 0 0 -1
    outer loop
      vertex 34.5658 14.0384 0
      vertex 35 16.75 0
      vertex 34.73 13.9574 0
    endloop
  endfacet
  facet normal 0 0 -1
    outer loop
      vertex 35 25.25 0
      vertex 34.8823 28.1443 0
      vertex 35.02 28.265 0
    endloop
  endfacet
  facet normal 0 0 -1
    outer loop
      vertex 34.3923 14.0973 0
      vertex 35 16.75 0
      vertex 34.5658 14.0384 0
    endloop
  endfacet
  facet normal 0 0 -1
    outer loop
      vertex 35 25.25 0
      vertex 34.73 28.0426 0
      vertex 34.8823 28.1443 0
    endloop
  endfacet
  facet normal 0 0 -1
    outer loop
      vertex 34.2127 14.133 0
      vertex 35 16.75 0
      vertex 34.3923 14.0973 0
    endloop
  endfacet
  facet normal 0 0 -1
    outer loop
      vertex 35 25.25 0
      vertex 34.5658 27.9616 0
      vertex 34.73 28.0426 0
    endloop
  endfacet
  facet normal 0 0 -1
    outer loop
      vertex 34.03 14.145 0
      vertex 35 16.75 0
      vertex 34.2127 14.133 0
    endloop
  endfacet
  facet normal 0 0 -1
    outer loop
      vertex 35 25.25 0
      vertex 34.3923 27.9027 0
      vertex 34.5658 27.9616 0
    endloop
  endfacet
  facet normal 0 0 -1
    outer loop
      vertex 33.8473 14.133 0
      vertex 35 16.75 0
      vertex 34.03 14.145 0
    endloop
  endfacet
  facet normal 0 0 -1
    outer loop
      vertex 35 25.25 0
      vertex 34.2127 27.867 0
      vertex 34.3923 27.9027 0
    endloop
  endfacet
  facet normal 0 0 -1
    outer loop
      vertex 33.6677 14.0973 0
      vertex 35 16.75 0
      vertex 33.8473 14.133 0
    endloop
  endfacet
  facet normal 0 0 -1
    outer loop
      vertex 35 25.25 0
      vertex 34.03 27.855 0
      vertex 34.2127 27.867 0
    endloop
  endfacet
  facet normal 0 0 -1
    outer loop
      vertex 33.4942 14.0384 0
      vertex 35 16.75 0
      vertex 33.6677 14.0973 0
    endloop
  endfacet
  facet normal 0 0 -1
    outer loop
      vertex 35 25.25 0
      vertex 33.8473 27.867 0
      vertex 34.03 27.855 0
    endloop
  endfacet
  facet normal 0 0 -1
    outer loop
      vertex 33.33 13.9574 0
      vertex 35 16.75 0
      vertex 33.4942 14.0384 0
    endloop
  endfacet
  facet normal 0 0 -1
    outer loop
      vertex 35 25.25 0
      vertex 33.6677 27.9027 0
      vertex 33.8473 27.867 0
    endloop
  endfacet
  facet normal 0 0 -1
    outer loop
      vertex 33.1777 13.8557 0
      vertex 35 16.75 0
      vertex 33.33 13.9574 0
    endloop
  endfacet
  facet normal 0 0 -1
    outer loop
      vertex 35 25.25 0
      vertex 33.4942 27.9616 0
      vertex 33.6677 27.9027 0
    endloop
  endfacet
  facet normal 0 0 -1
    outer loop
      vertex 33.0401 13.7349 0
      vertex 35 16.75 0
      vertex 33.1777 13.8557 0
    endloop
  endfacet
  facet normal 0 0 -1
    outer loop
      vertex 35 25.25 0
      vertex 33.33 28.0426 0
      vertex 33.4942 27.9616 0
    endloop
  endfacet
  facet normal -0 0 -1
    outer loop
      vertex 35 16.75 0
      vertex 33.0401 13.7349 0
      vertex 35 25.25 0
    endloop
  endfacet
  facet normal 0 0 -1
    outer loop
      vertex 35 25.25 0
      vertex 33.1777 28.1443 0
      vertex 33.33 28.0426 0
    endloop
  endfacet
  facet normal 0 0 -1
    outer loop
      vertex 33.0401 28.265 0
      vertex 35 25.25 0
      vertex 33.0401 13.7349 0
    endloop
  endfacet
  facet normal 0 0 -1
    outer loop
      vertex 35 25.25 0
      vertex 33.0401 28.265 0
      vertex 33.1777 28.1443 0
    endloop
  endfacet
  facet normal 0 0 -1
    outer loop
      vertex 32.9193 13.5973 0
      vertex 33.0401 28.265 0
      vertex 33.0401 13.7349 0
    endloop
  endfacet
  facet normal 0 0 -1
    outer loop
      vertex 32.9193 13.5973 0
      vertex 32.9193 28.4027 0
      vertex 33.0401 28.265 0
    endloop
  endfacet
  facet normal 0 0 -1
    outer loop
      vertex 32.8176 13.445 0
      vertex 32.9193 28.4027 0
      vertex 32.9193 13.5973 0
    endloop
  endfacet
  facet normal 0 0 -1
    outer loop
      vertex 32.8176 13.445 0
      vertex 32.8176 28.555 0
      vertex 32.9193 28.4027 0
    endloop
  endfacet
  facet normal 0 0 -1
    outer loop
      vertex 32.7366 13.2808 0
      vertex 32.8176 28.555 0
      vertex 32.8176 13.445 0
    endloop
  endfacet
  facet normal 0 0 -1
    outer loop
      vertex 32.7366 13.2808 0
      vertex 32.7366 28.7192 0
      vertex 32.8176 28.555 0
    endloop
  endfacet
  facet normal -0 0 -1
    outer loop
      vertex 32.642 12.5623 0
      vertex 6.60865 5.95922 0
      vertex 32.63 12.745 0
    endloop
  endfacet
  facet normal 0 0 -1
    outer loop
      vertex 6.53923 6.1 0
      vertex 32.63 12.745 0
      vertex 6.60865 5.95922 0
    endloop
  endfacet
  facet normal 0 0 -1
    outer loop
      vertex 6.60865 5.95922 0
      vertex 32.642 12.5623 0
      vertex 6.65911 5.81058 0
    endloop
  endfacet
  facet normal -0 0 -1
    outer loop
      vertex 32.63 12.745 0
      vertex 6.53923 6.1 0
      vertex 32.642 12.9277 0
    endloop
  endfacet
  facet normal -0 0 -1
    outer loop
      vertex 32.6777 12.3827 0
      vertex 6.65911 5.81058 0
      vertex 32.642 12.5623 0
    endloop
  endfacet
  facet normal 0 0 -1
    outer loop
      vertex 32.7366 28.7192 0
      vertex 6.7 36.5 0
      vertex 32.6777 28.8927 0
    endloop
  endfacet
  facet normal -0.194961 0.980811 0
    outer loop
      vertex 34.3923 11.3927 0
      vertex 34.2127 11.357 2.4
      vertex 34.3923 11.3927 2.4
    endloop
  endfacet
  facet normal -0.194961 0.980811 0
    outer loop
      vertex 34.2127 11.357 2.4
      vertex 34.3923 11.3927 0
      vertex 34.2127 11.357 0
    endloop
  endfacet
  facet normal -0.980811 -0.194961 0
    outer loop
      vertex 35.418 12.9277 0
      vertex 35.3823 13.1073 2.4
      vertex 35.3823 13.1073 0
    endloop
  endfacet
  facet normal -0.980811 -0.194961 0
    outer loop
      vertex 35.3823 13.1073 2.4
      vertex 35.418 12.9277 0
      vertex 35.418 12.9277 2.4
    endloop
  endfacet
  facet normal -0.99785 -0.0655402 0
    outer loop
      vertex 35.43 12.745 0
      vertex 35.418 12.9277 2.4
      vertex 35.418 12.9277 0
    endloop
  endfacet
  facet normal -0.99785 -0.0655402 0
    outer loop
      vertex 35.418 12.9277 2.4
      vertex 35.43 12.745 0
      vertex 35.43 12.745 2.4
    endloop
  endfacet
  facet normal 0.83163 0.55533 0
    outer loop
      vertex 32.9193 11.8927 2.4
      vertex 32.8176 12.045 0
      vertex 32.8176 12.045 2.4
    endloop
  endfacet
  facet normal 0.83163 0.55533 0
    outer loop
      vertex 32.8176 12.045 0
      vertex 32.9193 11.8927 2.4
      vertex 32.9193 11.8927 0
    endloop
  endfacet
  facet normal 0.659741 -0.751493 0
    outer loop
      vertex 33.0401 13.7349 0
      vertex 33.1777 13.8557 2.4
      vertex 33.0401 13.7349 2.4
    endloop
  endfacet
  facet normal 0.659741 -0.751493 0
    outer loop
      vertex 33.1777 13.8557 2.4
      vertex 33.0401 13.7349 0
      vertex 33.1777 13.8557 0
    endloop
  endfacet
  facet normal -0.980811 0.194961 0
    outer loop
      vertex 35.3823 12.3827 0
      vertex 35.418 12.5623 2.4
      vertex 35.418 12.5623 0
    endloop
  endfacet
  facet normal -0.980811 0.194961 0
    outer loop
      vertex 35.418 12.5623 2.4
      vertex 35.3823 12.3827 0
      vertex 35.3823 12.3827 2.4
    endloop
  endfacet
  facet normal 0.751493 -0.659741 0
    outer loop
      vertex 32.9193 13.5973 2.4
      vertex 33.0401 13.7349 0
      vertex 33.0401 13.7349 2.4
    endloop
  endfacet
  facet normal 0.751493 -0.659741 0
    outer loop
      vertex 33.0401 13.7349 0
      vertex 32.9193 13.5973 2.4
      vertex 32.9193 13.5973 0
    endloop
  endfacet
  facet normal -0.946922 0.321462 0
    outer loop
      vertex 35.3234 12.2092 0
      vertex 35.3823 12.3827 2.4
      vertex 35.3823 12.3827 0
    endloop
  endfacet
  facet normal -0.946922 0.321462 0
    outer loop
      vertex 35.3823 12.3827 2.4
      vertex 35.3234 12.2092 0
      vertex 35.3234 12.2092 2.4
    endloop
  endfacet
  facet normal 0.980811 -0.194961 0
    outer loop
      vertex 32.642 12.9277 2.4
      vertex 32.6777 13.1073 0
      vertex 32.6777 13.1073 2.4
    endloop
  endfacet
  facet normal 0.980811 -0.194961 0
    outer loop
      vertex 32.6777 13.1073 0
      vertex 32.642 12.9277 2.4
      vertex 32.642 12.9277 0
    endloop
  endfacet
  facet normal 0.99785 0.0655402 0
    outer loop
      vertex 32.642 12.5623 2.4
      vertex 32.63 12.745 0
      vertex 32.63 12.745 2.4
    endloop
  endfacet
  facet normal 0.99785 0.0655402 0
    outer loop
      vertex 32.63 12.745 0
      vertex 32.642 12.5623 2.4
      vertex 32.642 12.5623 0
    endloop
  endfacet
  facet normal -0.65947 -0.751731 0
    outer loop
      vertex 34.8823 13.8557 0
      vertex 35.02 13.7349 2.4
      vertex 34.8823 13.8557 2.4
    endloop
  endfacet
  facet normal -0.65947 -0.751731 -0
    outer loop
      vertex 35.02 13.7349 2.4
      vertex 34.8823 13.8557 0
      vertex 35.02 13.7349 0
    endloop
  endfacet
  facet normal -0.442401 -0.896817 0
    outer loop
      vertex 34.5658 14.0384 0
      vertex 34.73 13.9574 2.4
      vertex 34.5658 14.0384 2.4
    endloop
  endfacet
  facet normal -0.442401 -0.896817 -0
    outer loop
      vertex 34.73 13.9574 2.4
      vertex 34.5658 14.0384 0
      vertex 34.73 13.9574 0
    endloop
  endfacet
  facet normal -0.55533 0.83163 0
    outer loop
      vertex 34.8823 11.6343 0
      vertex 34.73 11.5326 2.4
      vertex 34.8823 11.6343 2.4
    endloop
  endfacet
  facet normal -0.55533 0.83163 0
    outer loop
      vertex 34.73 11.5326 2.4
      vertex 34.8823 11.6343 0
      vertex 34.73 11.5326 0
    endloop
  endfacet
  facet normal 0.980811 0.194961 0
    outer loop
      vertex 32.6777 12.3827 2.4
      vertex 32.642 12.5623 0
      vertex 32.642 12.5623 2.4
    endloop
  endfacet
  facet normal 0.980811 0.194961 0
    outer loop
      vertex 32.642 12.5623 0
      vertex 32.6777 12.3827 2.4
      vertex 32.6777 12.3827 0
    endloop
  endfacet
  facet normal -0.83163 0.55533 0
    outer loop
      vertex 35.1407 11.8927 0
      vertex 35.2424 12.045 2.4
      vertex 35.2424 12.045 0
    endloop
  endfacet
  facet normal -0.83163 0.55533 0
    outer loop
      vertex 35.2424 12.045 2.4
      vertex 35.1407 11.8927 0
      vertex 35.1407 11.8927 2.4
    endloop
  endfacet
  facet normal -0.321462 -0.946922 0
    outer loop
      vertex 34.3923 14.0973 0
      vertex 34.5658 14.0384 2.4
      vertex 34.3923 14.0973 2.4
    endloop
  endfacet
  facet normal -0.321462 -0.946922 -0
    outer loop
      vertex 34.5658 14.0384 2.4
      vertex 34.3923 14.0973 0
      vertex 34.5658 14.0384 0
    endloop
  endfacet
  facet normal -0.752001 0.659162 0
    outer loop
      vertex 35.02 11.755 0
      vertex 35.1407 11.8927 2.4
      vertex 35.1407 11.8927 0
    endloop
  endfacet
  facet normal -0.752001 0.659162 0
    outer loop
      vertex 35.1407 11.8927 2.4
      vertex 35.02 11.755 0
      vertex 35.02 11.755 2.4
    endloop
  endfacet
  facet normal -0.0655402 -0.99785 0
    outer loop
      vertex 34.03 14.145 0
      vertex 34.2127 14.133 2.4
      vertex 34.03 14.145 2.4
    endloop
  endfacet
  facet normal -0.0655402 -0.99785 -0
    outer loop
      vertex 34.2127 14.133 2.4
      vertex 34.03 14.145 0
      vertex 34.2127 14.133 0
    endloop
  endfacet
  facet normal -0.55533 -0.83163 0
    outer loop
      vertex 34.73 13.9574 0
      vertex 34.8823 13.8557 2.4
      vertex 34.73 13.9574 2.4
    endloop
  endfacet
  facet normal -0.55533 -0.83163 -0
    outer loop
      vertex 34.8823 13.8557 2.4
      vertex 34.73 13.9574 0
      vertex 34.8823 13.8557 0
    endloop
  endfacet
  facet normal 0.55533 -0.83163 0
    outer loop
      vertex 33.1777 13.8557 0
      vertex 33.33 13.9574 2.4
      vertex 33.1777 13.8557 2.4
    endloop
  endfacet
  facet normal 0.55533 -0.83163 0
    outer loop
      vertex 33.33 13.9574 2.4
      vertex 33.1777 13.8557 0
      vertex 33.33 13.9574 0
    endloop
  endfacet
  facet normal -0.99785 0.0655402 0
    outer loop
      vertex 35.418 12.5623 0
      vertex 35.43 12.745 2.4
      vertex 35.43 12.745 0
    endloop
  endfacet
  facet normal -0.99785 0.0655402 0
    outer loop
      vertex 35.43 12.745 2.4
      vertex 35.418 12.5623 0
      vertex 35.418 12.5623 2.4
    endloop
  endfacet
  facet normal 0.896817 0.442401 0
    outer loop
      vertex 32.8176 12.045 2.4
      vertex 32.7366 12.2092 0
      vertex 32.7366 12.2092 2.4
    endloop
  endfacet
  facet normal 0.896817 0.442401 0
    outer loop
      vertex 32.7366 12.2092 0
      vertex 32.8176 12.045 2.4
      vertex 32.8176 12.045 0
    endloop
  endfacet
  facet normal -0.946922 -0.321462 0
    outer loop
      vertex 35.3823 13.1073 0
      vertex 35.3234 13.2808 2.4
      vertex 35.3234 13.2808 0
    endloop
  endfacet
  facet normal -0.946922 -0.321462 0
    outer loop
      vertex 35.3234 13.2808 2.4
      vertex 35.3823 13.1073 0
      vertex 35.3823 13.1073 2.4
    endloop
  endfacet
  facet normal -0.83163 -0.55533 0
    outer loop
      vertex 35.2424 13.445 0
      vertex 35.1407 13.5973 2.4
      vertex 35.1407 13.5973 0
    endloop
  endfacet
  facet normal -0.83163 -0.55533 0
    outer loop
      vertex 35.1407 13.5973 2.4
      vertex 35.2424 13.445 0
      vertex 35.2424 13.445 2.4
    endloop
  endfacet
  facet normal 0.321462 0.946922 -0
    outer loop
      vertex 33.6677 11.3927 0
      vertex 33.4942 11.4516 2.4
      vertex 33.6677 11.3927 2.4
    endloop
  endfacet
  facet normal 0.321462 0.946922 0
    outer loop
      vertex 33.4942 11.4516 2.4
      vertex 33.6677 11.3927 0
      vertex 33.4942 11.4516 0
    endloop
  endfacet
  facet normal 0.0655402 0.99785 -0
    outer loop
      vertex 34.03 11.345 0
      vertex 33.8473 11.357 2.4
      vertex 34.03 11.345 2.4
    endloop
  endfacet
  facet normal 0.0655402 0.99785 0
    outer loop
      vertex 33.8473 11.357 2.4
      vertex 34.03 11.345 0
      vertex 33.8473 11.357 0
    endloop
  endfacet
  facet normal 0.442401 -0.896817 0
    outer loop
      vertex 33.33 13.9574 0
      vertex 33.4942 14.0384 2.4
      vertex 33.33 13.9574 2.4
    endloop
  endfacet
  facet normal 0.442401 -0.896817 0
    outer loop
      vertex 33.4942 14.0384 2.4
      vertex 33.33 13.9574 0
      vertex 33.4942 14.0384 0
    endloop
  endfacet
  facet normal -0.659162 0.752001 0
    outer loop
      vertex 35.02 11.755 0
      vertex 34.8823 11.6343 2.4
      vertex 35.02 11.755 2.4
    endloop
  endfacet
  facet normal -0.659162 0.752001 0
    outer loop
      vertex 34.8823 11.6343 2.4
      vertex 35.02 11.755 0
      vertex 34.8823 11.6343 0
    endloop
  endfacet
  facet normal -0.896817 -0.442401 0
    outer loop
      vertex 35.3234 13.2808 0
      vertex 35.2424 13.445 2.4
      vertex 35.2424 13.445 0
    endloop
  endfacet
  facet normal -0.896817 -0.442401 0
    outer loop
      vertex 35.2424 13.445 2.4
      vertex 35.3234 13.2808 0
      vertex 35.3234 13.2808 2.4
    endloop
  endfacet
  facet normal 0.751731 0.65947 0
    outer loop
      vertex 33.0401 11.755 2.4
      vertex 32.9193 11.8927 0
      vertex 32.9193 11.8927 2.4
    endloop
  endfacet
  facet normal 0.751731 0.65947 0
    outer loop
      vertex 32.9193 11.8927 0
      vertex 33.0401 11.755 2.4
      vertex 33.0401 11.755 0
    endloop
  endfacet
  facet normal 0.55533 0.83163 -0
    outer loop
      vertex 33.33 11.5326 0
      vertex 33.1777 11.6343 2.4
      vertex 33.33 11.5326 2.4
    endloop
  endfacet
  facet normal 0.55533 0.83163 0
    outer loop
      vertex 33.1777 11.6343 2.4
      vertex 33.33 11.5326 0
      vertex 33.1777 11.6343 0
    endloop
  endfacet
  facet normal 0.659432 0.751764 -0
    outer loop
      vertex 33.1777 11.6343 0
      vertex 33.0401 11.755 2.4
      vertex 33.1777 11.6343 2.4
    endloop
  endfacet
  facet normal 0.659432 0.751764 0
    outer loop
      vertex 33.0401 11.755 2.4
      vertex 33.1777 11.6343 0
      vertex 33.0401 11.755 0
    endloop
  endfacet
  facet normal 0.99785 -0.0655402 0
    outer loop
      vertex 32.63 12.745 2.4
      vertex 32.642 12.9277 0
      vertex 32.642 12.9277 2.4
    endloop
  endfacet
  facet normal 0.99785 -0.0655402 0
    outer loop
      vertex 32.642 12.9277 0
      vertex 32.63 12.745 2.4
      vertex 32.63 12.745 0
    endloop
  endfacet
  facet normal 0.321462 -0.946922 0
    outer loop
      vertex 33.4942 14.0384 0
      vertex 33.6677 14.0973 2.4
      vertex 33.4942 14.0384 2.4
    endloop
  endfacet
  facet normal 0.321462 -0.946922 0
    outer loop
      vertex 33.6677 14.0973 2.4
      vertex 33.4942 14.0384 0
      vertex 33.6677 14.0973 0
    endloop
  endfacet
  facet normal 0.83163 -0.55533 0
    outer loop
      vertex 32.8176 13.445 2.4
      vertex 32.9193 13.5973 0
      vertex 32.9193 13.5973 2.4
    endloop
  endfacet
  facet normal 0.83163 -0.55533 0
    outer loop
      vertex 32.9193 13.5973 0
      vertex 32.8176 13.445 2.4
      vertex 32.8176 13.445 0
    endloop
  endfacet
  facet normal 0.946922 0.321462 0
    outer loop
      vertex 32.7366 12.2092 2.4
      vertex 32.6777 12.3827 0
      vertex 32.6777 12.3827 2.4
    endloop
  endfacet
  facet normal 0.946922 0.321462 0
    outer loop
      vertex 32.6777 12.3827 0
      vertex 32.7366 12.2092 2.4
      vertex 32.7366 12.2092 0
    endloop
  endfacet
  facet normal 0.0655402 -0.99785 0
    outer loop
      vertex 33.8473 14.133 0
      vertex 34.03 14.145 2.4
      vertex 33.8473 14.133 2.4
    endloop
  endfacet
  facet normal 0.0655402 -0.99785 0
    outer loop
      vertex 34.03 14.145 2.4
      vertex 33.8473 14.133 0
      vertex 34.03 14.145 0
    endloop
  endfacet
  facet normal 0.896817 -0.442401 0
    outer loop
      vertex 32.7366 13.2808 2.4
      vertex 32.8176 13.445 0
      vertex 32.8176 13.445 2.4
    endloop
  endfacet
  facet normal 0.896817 -0.442401 0
    outer loop
      vertex 32.8176 13.445 0
      vertex 32.7366 13.2808 2.4
      vertex 32.7366 13.2808 0
    endloop
  endfacet
  facet normal -0.751764 -0.659432 0
    outer loop
      vertex 35.1407 13.5973 0
      vertex 35.02 13.7349 2.4
      vertex 35.02 13.7349 0
    endloop
  endfacet
  facet normal -0.751764 -0.659432 0
    outer loop
      vertex 35.02 13.7349 2.4
      vertex 35.1407 13.5973 0
      vertex 35.1407 13.5973 2.4
    endloop
  endfacet
  facet normal -0.321462 0.946922 0
    outer loop
      vertex 34.5658 11.4516 0
      vertex 34.3923 11.3927 2.4
      vertex 34.5658 11.4516 2.4
    endloop
  endfacet
  facet normal -0.321462 0.946922 0
    outer loop
      vertex 34.3923 11.3927 2.4
      vertex 34.5658 11.4516 0
      vertex 34.3923 11.3927 0
    endloop
  endfacet
  facet normal -0.442401 0.896817 0
    outer loop
      vertex 34.73 11.5326 0
      vertex 34.5658 11.4516 2.4
      vertex 34.73 11.5326 2.4
    endloop
  endfacet
  facet normal -0.442401 0.896817 0
    outer loop
      vertex 34.5658 11.4516 2.4
      vertex 34.73 11.5326 0
      vertex 34.5658 11.4516 0
    endloop
  endfacet
  facet normal 0.194961 -0.980811 0
    outer loop
      vertex 33.6677 14.0973 0
      vertex 33.8473 14.133 2.4
      vertex 33.6677 14.0973 2.4
    endloop
  endfacet
  facet normal 0.194961 -0.980811 0
    outer loop
      vertex 33.8473 14.133 2.4
      vertex 33.6677 14.0973 0
      vertex 33.8473 14.133 0
    endloop
  endfacet
  facet normal 0.194961 0.980811 -0
    outer loop
      vertex 33.8473 11.357 0
      vertex 33.6677 11.3927 2.4
      vertex 33.8473 11.357 2.4
    endloop
  endfacet
  facet normal 0.194961 0.980811 0
    outer loop
      vertex 33.6677 11.3927 2.4
      vertex 33.8473 11.357 0
      vertex 33.6677 11.3927 0
    endloop
  endfacet
  facet normal -0.896817 0.442401 0
    outer loop
      vertex 35.2424 12.045 0
      vertex 35.3234 12.2092 2.4
      vertex 35.3234 12.2092 0
    endloop
  endfacet
  facet normal -0.896817 0.442401 0
    outer loop
      vertex 35.3234 12.2092 2.4
      vertex 35.2424 12.045 0
      vertex 35.2424 12.045 2.4
    endloop
  endfacet
  facet normal -0.0655402 0.99785 0
    outer loop
      vertex 34.2127 11.357 0
      vertex 34.03 11.345 2.4
      vertex 34.2127 11.357 2.4
    endloop
  endfacet
  facet normal -0.0655402 0.99785 0
    outer loop
      vertex 34.03 11.345 2.4
      vertex 34.2127 11.357 0
      vertex 34.03 11.345 0
    endloop
  endfacet
  facet normal -0.194961 -0.980811 0
    outer loop
      vertex 34.2127 14.133 0
      vertex 34.3923 14.0973 2.4
      vertex 34.2127 14.133 2.4
    endloop
  endfacet
  facet normal -0.194961 -0.980811 -0
    outer loop
      vertex 34.3923 14.0973 2.4
      vertex 34.2127 14.133 0
      vertex 34.3923 14.0973 0
    endloop
  endfacet
  facet normal 0.442401 0.896817 -0
    outer loop
      vertex 33.4942 11.4516 0
      vertex 33.33 11.5326 2.4
      vertex 33.4942 11.4516 2.4
    endloop
  endfacet
  facet normal 0.442401 0.896817 0
    outer loop
      vertex 33.33 11.5326 2.4
      vertex 33.4942 11.4516 0
      vertex 33.33 11.5326 0
    endloop
  endfacet
  facet normal 0.946922 -0.321462 0
    outer loop
      vertex 32.6777 13.1073 2.4
      vertex 32.7366 13.2808 0
      vertex 32.7366 13.2808 2.4
    endloop
  endfacet
  facet normal 0.946922 -0.321462 0
    outer loop
      vertex 32.7366 13.2808 0
      vertex 32.6777 13.1073 2.4
      vertex 32.6777 13.1073 0
    endloop
  endfacet
  facet normal -0.442401 0.896817 0
    outer loop
      vertex 34.73 28.0426 0
      vertex 34.5658 27.9616 2.4
      vertex 34.73 28.0426 2.4
    endloop
  endfacet
  facet normal -0.442401 0.896817 0
    outer loop
      vertex 34.5658 27.9616 2.4
      vertex 34.73 28.0426 0
      vertex 34.5658 27.9616 0
    endloop
  endfacet
  facet normal -0.65947 -0.751731 0
    outer loop
      vertex 34.8823 30.3657 0
      vertex 35.02 30.2449 2.4
      vertex 34.8823 30.3657 2.4
    endloop
  endfacet
  facet normal -0.65947 -0.751731 -0
    outer loop
      vertex 35.02 30.2449 2.4
      vertex 34.8823 30.3657 0
      vertex 35.02 30.2449 0
    endloop
  endfacet
  facet normal -0.55533 -0.83163 0
    outer loop
      vertex 34.73 30.4674 0
      vertex 34.8823 30.3657 2.4
      vertex 34.73 30.4674 2.4
    endloop
  endfacet
  facet normal -0.55533 -0.83163 -0
    outer loop
      vertex 34.8823 30.3657 2.4
      vertex 34.73 30.4674 0
      vertex 34.8823 30.3657 0
    endloop
  endfacet
  facet normal -0.896817 -0.442401 0
    outer loop
      vertex 35.3234 29.7908 0
      vertex 35.2424 29.955 2.4
      vertex 35.2424 29.955 0
    endloop
  endfacet
  facet normal -0.896817 -0.442401 0
    outer loop
      vertex 35.2424 29.955 2.4
      vertex 35.3234 29.7908 0
      vertex 35.3234 29.7908 2.4
    endloop
  endfacet
  facet normal 0.442401 0.896817 -0
    outer loop
      vertex 33.4942 27.9616 0
      vertex 33.33 28.0426 2.4
      vertex 33.4942 27.9616 2.4
    endloop
  endfacet
  facet normal 0.442401 0.896817 0
    outer loop
      vertex 33.33 28.0426 2.4
      vertex 33.4942 27.9616 0
      vertex 33.33 28.0426 0
    endloop
  endfacet
  facet normal 0.946922 -0.321462 0
    outer loop
      vertex 32.6777 29.6173 2.4
      vertex 32.7366 29.7908 0
      vertex 32.7366 29.7908 2.4
    endloop
  endfacet
  facet normal 0.946922 -0.321462 0
    outer loop
      vertex 32.7366 29.7908 0
      vertex 32.6777 29.6173 2.4
      vertex 32.6777 29.6173 0
    endloop
  endfacet
  facet normal -0.99785 -0.0655402 0
    outer loop
      vertex 35.43 29.255 0
      vertex 35.418 29.4377 2.4
      vertex 35.418 29.4377 0
    endloop
  endfacet
  facet normal -0.99785 -0.0655402 0
    outer loop
      vertex 35.418 29.4377 2.4
      vertex 35.43 29.255 0
      vertex 35.43 29.255 2.4
    endloop
  endfacet
  facet normal 0.55533 0.83163 -0
    outer loop
      vertex 33.33 28.0426 0
      vertex 33.1777 28.1443 2.4
      vertex 33.33 28.0426 2.4
    endloop
  endfacet
  facet normal 0.55533 0.83163 0
    outer loop
      vertex 33.1777 28.1443 2.4
      vertex 33.33 28.0426 0
      vertex 33.1777 28.1443 0
    endloop
  endfacet
  facet normal -0.980811 -0.194961 0
    outer loop
      vertex 35.418 29.4377 0
      vertex 35.3823 29.6173 2.4
      vertex 35.3823 29.6173 0
    endloop
  endfacet
  facet normal -0.980811 -0.194961 0
    outer loop
      vertex 35.3823 29.6173 2.4
      vertex 35.418 29.4377 0
      vertex 35.418 29.4377 2.4
    endloop
  endfacet
  facet normal 0.194961 -0.980811 0
    outer loop
      vertex 33.6677 30.6073 0
      vertex 33.8473 30.643 2.4
      vertex 33.6677 30.6073 2.4
    endloop
  endfacet
  facet normal 0.194961 -0.980811 0
    outer loop
      vertex 33.8473 30.643 2.4
      vertex 33.6677 30.6073 0
      vertex 33.8473 30.643 0
    endloop
  endfacet
  facet normal -0.194961 0.980811 0
    outer loop
      vertex 34.3923 27.9027 0
      vertex 34.2127 27.867 2.4
      vertex 34.3923 27.9027 2.4
    endloop
  endfacet
  facet normal -0.194961 0.980811 0
    outer loop
      vertex 34.2127 27.867 2.4
      vertex 34.3923 27.9027 0
      vertex 34.2127 27.867 0
    endloop
  endfacet
  facet normal -0.55533 0.83163 0
    outer loop
      vertex 34.8823 28.1443 0
      vertex 34.73 28.0426 2.4
      vertex 34.8823 28.1443 2.4
    endloop
  endfacet
  facet normal -0.55533 0.83163 0
    outer loop
      vertex 34.73 28.0426 2.4
      vertex 34.8823 28.1443 0
      vertex 34.73 28.0426 0
    endloop
  endfacet
  facet normal 0.442401 -0.896817 0
    outer loop
      vertex 33.33 30.4674 0
      vertex 33.4942 30.5484 2.4
      vertex 33.33 30.4674 2.4
    endloop
  endfacet
  facet normal 0.442401 -0.896817 0
    outer loop
      vertex 33.4942 30.5484 2.4
      vertex 33.33 30.4674 0
      vertex 33.4942 30.5484 0
    endloop
  endfacet
  facet normal 0.83163 0.55533 0
    outer loop
      vertex 32.9193 28.4027 2.4
      vertex 32.8176 28.555 0
      vertex 32.8176 28.555 2.4
    endloop
  endfacet
  facet normal 0.83163 0.55533 0
    outer loop
      vertex 32.8176 28.555 0
      vertex 32.9193 28.4027 2.4
      vertex 32.9193 28.4027 0
    endloop
  endfacet
  facet normal 0.83163 -0.55533 0
    outer loop
      vertex 32.8176 29.955 2.4
      vertex 32.9193 30.1073 0
      vertex 32.9193 30.1073 2.4
    endloop
  endfacet
  facet normal 0.83163 -0.55533 0
    outer loop
      vertex 32.9193 30.1073 0
      vertex 32.8176 29.955 2.4
      vertex 32.8176 29.955 0
    endloop
  endfacet
  facet normal -0.194961 -0.980811 0
    outer loop
      vertex 34.2127 30.643 0
      vertex 34.3923 30.6073 2.4
      vertex 34.2127 30.643 2.4
    endloop
  endfacet
  facet normal -0.194961 -0.980811 -0
    outer loop
      vertex 34.3923 30.6073 2.4
      vertex 34.2127 30.643 0
      vertex 34.3923 30.6073 0
    endloop
  endfacet
  facet normal 0.0655402 -0.99785 0
    outer loop
      vertex 33.8473 30.643 0
      vertex 34.03 30.655 2.4
      vertex 33.8473 30.643 2.4
    endloop
  endfacet
  facet normal 0.0655402 -0.99785 0
    outer loop
      vertex 34.03 30.655 2.4
      vertex 33.8473 30.643 0
      vertex 34.03 30.655 0
    endloop
  endfacet
  facet normal -0.83163 -0.55533 0
    outer loop
      vertex 35.2424 29.955 0
      vertex 35.1407 30.1073 2.4
      vertex 35.1407 30.1073 0
    endloop
  endfacet
  facet normal -0.83163 -0.55533 0
    outer loop
      vertex 35.1407 30.1073 2.4
      vertex 35.2424 29.955 0
      vertex 35.2424 29.955 2.4
    endloop
  endfacet
  facet normal 0.659741 -0.751493 0
    outer loop
      vertex 33.0401 30.2449 0
      vertex 33.1777 30.3657 2.4
      vertex 33.0401 30.2449 2.4
    endloop
  endfacet
  facet normal 0.659741 -0.751493 0
    outer loop
      vertex 33.1777 30.3657 2.4
      vertex 33.0401 30.2449 0
      vertex 33.1777 30.3657 0
    endloop
  endfacet
  facet normal -0.99785 0.0655402 0
    outer loop
      vertex 35.418 29.0723 0
      vertex 35.43 29.255 2.4
      vertex 35.43 29.255 0
    endloop
  endfacet
  facet normal -0.99785 0.0655402 0
    outer loop
      vertex 35.43 29.255 2.4
      vertex 35.418 29.0723 0
      vertex 35.418 29.0723 2.4
    endloop
  endfacet
  facet normal 0.980811 -0.194961 0
    outer loop
      vertex 32.642 29.4377 2.4
      vertex 32.6777 29.6173 0
      vertex 32.6777 29.6173 2.4
    endloop
  endfacet
  facet normal 0.980811 -0.194961 0
    outer loop
      vertex 32.6777 29.6173 0
      vertex 32.642 29.4377 2.4
      vertex 32.642 29.4377 0
    endloop
  endfacet
  facet normal 0.321462 0.946922 -0
    outer loop
      vertex 33.6677 27.9027 0
      vertex 33.4942 27.9616 2.4
      vertex 33.6677 27.9027 2.4
    endloop
  endfacet
  facet normal 0.321462 0.946922 0
    outer loop
      vertex 33.4942 27.9616 2.4
      vertex 33.6677 27.9027 0
      vertex 33.4942 27.9616 0
    endloop
  endfacet
  facet normal -0.659162 0.752001 0
    outer loop
      vertex 35.02 28.265 0
      vertex 34.8823 28.1443 2.4
      vertex 35.02 28.265 2.4
    endloop
  endfacet
  facet normal -0.659162 0.752001 0
    outer loop
      vertex 34.8823 28.1443 2.4
      vertex 35.02 28.265 0
      vertex 34.8823 28.1443 0
    endloop
  endfacet
  facet normal -0.946922 -0.321462 0
    outer loop
      vertex 35.3823 29.6173 0
      vertex 35.3234 29.7908 2.4
      vertex 35.3234 29.7908 0
    endloop
  endfacet
  facet normal -0.946922 -0.321462 0
    outer loop
      vertex 35.3234 29.7908 2.4
      vertex 35.3823 29.6173 0
      vertex 35.3823 29.6173 2.4
    endloop
  endfacet
  facet normal 0.99785 0.0655402 0
    outer loop
      vertex 32.642 29.0723 2.4
      vertex 32.63 29.255 0
      vertex 32.63 29.255 2.4
    endloop
  endfacet
  facet normal 0.99785 0.0655402 0
    outer loop
      vertex 32.63 29.255 0
      vertex 32.642 29.0723 2.4
      vertex 32.642 29.0723 0
    endloop
  endfacet
  facet normal 0.896817 0.442401 0
    outer loop
      vertex 32.8176 28.555 2.4
      vertex 32.7366 28.7192 0
      vertex 32.7366 28.7192 2.4
    endloop
  endfacet
  facet normal 0.896817 0.442401 0
    outer loop
      vertex 32.7366 28.7192 0
      vertex 32.8176 28.555 2.4
      vertex 32.8176 28.555 0
    endloop
  endfacet
  facet normal -0.442401 -0.896817 0
    outer loop
      vertex 34.5658 30.5484 0
      vertex 34.73 30.4674 2.4
      vertex 34.5658 30.5484 2.4
    endloop
  endfacet
  facet normal -0.442401 -0.896817 -0
    outer loop
      vertex 34.73 30.4674 2.4
      vertex 34.5658 30.5484 0
      vertex 34.73 30.4674 0
    endloop
  endfacet
  facet normal 0.659432 0.751764 -0
    outer loop
      vertex 33.1777 28.1443 0
      vertex 33.0401 28.265 2.4
      vertex 33.1777 28.1443 2.4
    endloop
  endfacet
  facet normal 0.659432 0.751764 0
    outer loop
      vertex 33.0401 28.265 2.4
      vertex 33.1777 28.1443 0
      vertex 33.0401 28.265 0
    endloop
  endfacet
  facet normal -0.83163 0.55533 0
    outer loop
      vertex 35.1407 28.4027 0
      vertex 35.2424 28.555 2.4
      vertex 35.2424 28.555 0
    endloop
  endfacet
  facet normal -0.83163 0.55533 0
    outer loop
      vertex 35.2424 28.555 2.4
      vertex 35.1407 28.4027 0
      vertex 35.1407 28.4027 2.4
    endloop
  endfacet
  facet normal 0.751731 0.65947 0
    outer loop
      vertex 33.0401 28.265 2.4
      vertex 32.9193 28.4027 0
      vertex 32.9193 28.4027 2.4
    endloop
  endfacet
  facet normal 0.751731 0.65947 0
    outer loop
      vertex 32.9193 28.4027 0
      vertex 33.0401 28.265 2.4
      vertex 33.0401 28.265 0
    endloop
  endfacet
  facet normal -0.751764 -0.659432 0
    outer loop
      vertex 35.1407 30.1073 0
      vertex 35.02 30.2449 2.4
      vertex 35.02 30.2449 0
    endloop
  endfacet
  facet normal -0.751764 -0.659432 0
    outer loop
      vertex 35.02 30.2449 2.4
      vertex 35.1407 30.1073 0
      vertex 35.1407 30.1073 2.4
    endloop
  endfacet
  facet normal -0.752001 0.659162 0
    outer loop
      vertex 35.02 28.265 0
      vertex 35.1407 28.4027 2.4
      vertex 35.1407 28.4027 0
    endloop
  endfacet
  facet normal -0.752001 0.659162 0
    outer loop
      vertex 35.1407 28.4027 2.4
      vertex 35.02 28.265 0
      vertex 35.02 28.265 2.4
    endloop
  endfacet
  facet normal 0.321462 -0.946922 0
    outer loop
      vertex 33.4942 30.5484 0
      vertex 33.6677 30.6073 2.4
      vertex 33.4942 30.5484 2.4
    endloop
  endfacet
  facet normal 0.321462 -0.946922 0
    outer loop
      vertex 33.6677 30.6073 2.4
      vertex 33.4942 30.5484 0
      vertex 33.6677 30.6073 0
    endloop
  endfacet
  facet normal -0.321462 0.946922 0
    outer loop
      vertex 34.5658 27.9616 0
      vertex 34.3923 27.9027 2.4
      vertex 34.5658 27.9616 2.4
    endloop
  endfacet
  facet normal -0.321462 0.946922 0
    outer loop
      vertex 34.3923 27.9027 2.4
      vertex 34.5658 27.9616 0
      vertex 34.3923 27.9027 0
    endloop
  endfacet
  facet normal 0.751493 -0.659741 0
    outer loop
      vertex 32.9193 30.1073 2.4
      vertex 33.0401 30.2449 0
      vertex 33.0401 30.2449 2.4
    endloop
  endfacet
  facet normal 0.751493 -0.659741 0
    outer loop
      vertex 33.0401 30.2449 0
      vertex 32.9193 30.1073 2.4
      vertex 32.9193 30.1073 0
    endloop
  endfacet
  facet normal -0.980811 0.194961 0
    outer loop
      vertex 35.3823 28.8927 0
      vertex 35.418 29.0723 2.4
      vertex 35.418 29.0723 0
    endloop
  endfacet
  facet normal -0.980811 0.194961 0
    outer loop
      vertex 35.418 29.0723 2.4
      vertex 35.3823 28.8927 0
      vertex 35.3823 28.8927 2.4
    endloop
  endfacet
  facet normal 0.55533 -0.83163 0
    outer loop
      vertex 33.1777 30.3657 0
      vertex 33.33 30.4674 2.4
      vertex 33.1777 30.3657 2.4
    endloop
  endfacet
  facet normal 0.55533 -0.83163 0
    outer loop
      vertex 33.33 30.4674 2.4
      vertex 33.1777 30.3657 0
      vertex 33.33 30.4674 0
    endloop
  endfacet
  facet normal 0.980811 0.194961 0
    outer loop
      vertex 32.6777 28.8927 2.4
      vertex 32.642 29.0723 0
      vertex 32.642 29.0723 2.4
    endloop
  endfacet
  facet normal 0.980811 0.194961 0
    outer loop
      vertex 32.642 29.0723 0
      vertex 32.6777 28.8927 2.4
      vertex 32.6777 28.8927 0
    endloop
  endfacet
  facet normal 0.946922 0.321462 0
    outer loop
      vertex 32.7366 28.7192 2.4
      vertex 32.6777 28.8927 0
      vertex 32.6777 28.8927 2.4
    endloop
  endfacet
  facet normal 0.946922 0.321462 0
    outer loop
      vertex 32.6777 28.8927 0
      vertex 32.7366 28.7192 2.4
      vertex 32.7366 28.7192 0
    endloop
  endfacet
  facet normal -0.321462 -0.946922 0
    outer loop
      vertex 34.3923 30.6073 0
      vertex 34.5658 30.5484 2.4
      vertex 34.3923 30.6073 2.4
    endloop
  endfacet
  facet normal -0.321462 -0.946922 -0
    outer loop
      vertex 34.5658 30.5484 2.4
      vertex 34.3923 30.6073 0
      vertex 34.5658 30.5484 0
    endloop
  endfacet
  facet normal 0.194961 0.980811 -0
    outer loop
      vertex 33.8473 27.867 0
      vertex 33.6677 27.9027 2.4
      vertex 33.8473 27.867 2.4
    endloop
  endfacet
  facet normal 0.194961 0.980811 0
    outer loop
      vertex 33.6677 27.9027 2.4
      vertex 33.8473 27.867 0
      vertex 33.6677 27.9027 0
    endloop
  endfacet
  facet normal 0.896817 -0.442401 0
    outer loop
      vertex 32.7366 29.7908 2.4
      vertex 32.8176 29.955 0
      vertex 32.8176 29.955 2.4
    endloop
  endfacet
  facet normal 0.896817 -0.442401 0
    outer loop
      vertex 32.8176 29.955 0
      vertex 32.7366 29.7908 2.4
      vertex 32.7366 29.7908 0
    endloop
  endfacet
  facet normal -0.0655402 0.99785 0
    outer loop
      vertex 34.2127 27.867 0
      vertex 34.03 27.855 2.4
      vertex 34.2127 27.867 2.4
    endloop
  endfacet
  facet normal -0.0655402 0.99785 0
    outer loop
      vertex 34.03 27.855 2.4
      vertex 34.2127 27.867 0
      vertex 34.03 27.855 0
    endloop
  endfacet
  facet normal 0.0655402 0.99785 -0
    outer loop
      vertex 34.03 27.855 0
      vertex 33.8473 27.867 2.4
      vertex 34.03 27.855 2.4
    endloop
  endfacet
  facet normal 0.0655402 0.99785 0
    outer loop
      vertex 33.8473 27.867 2.4
      vertex 34.03 27.855 0
      vertex 33.8473 27.867 0
    endloop
  endfacet
  facet normal 0.99785 -0.0655402 0
    outer loop
      vertex 32.63 29.255 2.4
      vertex 32.642 29.4377 0
      vertex 32.642 29.4377 2.4
    endloop
  endfacet
  facet normal 0.99785 -0.0655402 0
    outer loop
      vertex 32.642 29.4377 0
      vertex 32.63 29.255 2.4
      vertex 32.63 29.255 0
    endloop
  endfacet
  facet normal -0.896817 0.442401 0
    outer loop
      vertex 35.2424 28.555 0
      vertex 35.3234 28.7192 2.4
      vertex 35.3234 28.7192 0
    endloop
  endfacet
  facet normal -0.896817 0.442401 0
    outer loop
      vertex 35.3234 28.7192 2.4
      vertex 35.2424 28.555 0
      vertex 35.2424 28.555 2.4
    endloop
  endfacet
  facet normal -0.946922 0.321462 0
    outer loop
      vertex 35.3234 28.7192 0
      vertex 35.3823 28.8927 2.4
      vertex 35.3823 28.8927 0
    endloop
  endfacet
  facet normal -0.946922 0.321462 0
    outer loop
      vertex 35.3823 28.8927 2.4
      vertex 35.3234 28.7192 0
      vertex 35.3234 28.7192 2.4
    endloop
  endfacet
  facet normal -0.0655402 -0.99785 0
    outer loop
      vertex 34.03 30.655 0
      vertex 34.2127 30.643 2.4
      vertex 34.03 30.655 2.4
    endloop
  endfacet
  facet normal -0.0655402 -0.99785 -0
    outer loop
      vertex 34.2127 30.643 2.4
      vertex 34.03 30.655 0
      vertex 34.2127 30.643 0
    endloop
  endfacet
  facet normal -0.194961 0.980811 0
    outer loop
      vertex 62.3323 11.3927 0
      vertex 62.1527 11.357 2.4
      vertex 62.3323 11.3927 2.4
    endloop
  endfacet
  facet normal -0.194961 0.980811 0
    outer loop
      vertex 62.1527 11.357 2.4
      vertex 62.3323 11.3927 0
      vertex 62.1527 11.357 0
    endloop
  endfacet
  facet normal -0.980811 -0.194961 0
    outer loop
      vertex 63.358 12.9277 0
      vertex 63.3223 13.1073 2.4
      vertex 63.3223 13.1073 0
    endloop
  endfacet
  facet normal -0.980811 -0.194961 0
    outer loop
      vertex 63.3223 13.1073 2.4
      vertex 63.358 12.9277 0
      vertex 63.358 12.9277 2.4
    endloop
  endfacet
  facet normal -0.99785 -0.0655402 0
    outer loop
      vertex 63.37 12.745 0
      vertex 63.358 12.9277 2.4
      vertex 63.358 12.9277 0
    endloop
  endfacet
  facet normal -0.99785 -0.0655402 0
    outer loop
      vertex 63.358 12.9277 2.4
      vertex 63.37 12.745 0
      vertex 63.37 12.745 2.4
    endloop
  endfacet
  facet normal 0.65947 -0.751731 0
    outer loop
      vertex 60.98 13.7349 0
      vertex 61.1177 13.8557 2.4
      vertex 60.98 13.7349 2.4
    endloop
  endfacet
  facet normal 0.65947 -0.751731 0
    outer loop
      vertex 61.1177 13.8557 2.4
      vertex 60.98 13.7349 0
      vertex 61.1177 13.8557 0
    endloop
  endfacet
  facet normal -0.980811 0.194961 0
    outer loop
      vertex 63.3223 12.3827 0
      vertex 63.358 12.5623 2.4
      vertex 63.358 12.5623 0
    endloop
  endfacet
  facet normal -0.980811 0.194961 0
    outer loop
      vertex 63.358 12.5623 2.4
      vertex 63.3223 12.3827 0
      vertex 63.3223 12.3827 2.4
    endloop
  endfacet
  facet normal 0.321462 0.946922 -0
    outer loop
      vertex 61.6077 11.3927 0
      vertex 61.4342 11.4516 2.4
      vertex 61.6077 11.3927 2.4
    endloop
  endfacet
  facet normal 0.321462 0.946922 0
    outer loop
      vertex 61.4342 11.4516 2.4
      vertex 61.6077 11.3927 0
      vertex 61.4342 11.4516 0
    endloop
  endfacet
  facet normal 0.751764 -0.659432 0
    outer loop
      vertex 60.8593 13.5973 2.4
      vertex 60.98 13.7349 0
      vertex 60.98 13.7349 2.4
    endloop
  endfacet
  facet normal 0.751764 -0.659432 0
    outer loop
      vertex 60.98 13.7349 0
      vertex 60.8593 13.5973 2.4
      vertex 60.8593 13.5973 0
    endloop
  endfacet
  facet normal 0.99785 0.0655402 0
    outer loop
      vertex 60.582 12.5623 2.4
      vertex 60.57 12.745 0
      vertex 60.57 12.745 2.4
    endloop
  endfacet
  facet normal 0.99785 0.0655402 0
    outer loop
      vertex 60.57 12.745 0
      vertex 60.582 12.5623 2.4
      vertex 60.582 12.5623 0
    endloop
  endfacet
  facet normal -0.659741 -0.751493 0
    outer loop
      vertex 62.8223 13.8557 0
      vertex 62.9599 13.7349 2.4
      vertex 62.8223 13.8557 2.4
    endloop
  endfacet
  facet normal -0.659741 -0.751493 -0
    outer loop
      vertex 62.9599 13.7349 2.4
      vertex 62.8223 13.8557 0
      vertex 62.9599 13.7349 0
    endloop
  endfacet
  facet normal 0.99785 -0.0655402 0
    outer loop
      vertex 60.57 12.745 2.4
      vertex 60.582 12.9277 0
      vertex 60.582 12.9277 2.4
    endloop
  endfacet
  facet normal 0.99785 -0.0655402 0
    outer loop
      vertex 60.582 12.9277 0
      vertex 60.57 12.745 2.4
      vertex 60.57 12.745 0
    endloop
  endfacet
  facet normal 0.55533 0.83163 -0
    outer loop
      vertex 61.27 11.5326 0
      vertex 61.1177 11.6343 2.4
      vertex 61.27 11.5326 2.4
    endloop
  endfacet
  facet normal 0.55533 0.83163 0
    outer loop
      vertex 61.1177 11.6343 2.4
      vertex 61.27 11.5326 0
      vertex 61.1177 11.6343 0
    endloop
  endfacet
  facet normal -0.83163 0.55533 0
    outer loop
      vertex 63.0807 11.8927 0
      vertex 63.1824 12.045 2.4
      vertex 63.1824 12.045 0
    endloop
  endfacet
  facet normal -0.83163 0.55533 0
    outer loop
      vertex 63.1824 12.045 2.4
      vertex 63.0807 11.8927 0
      vertex 63.0807 11.8927 2.4
    endloop
  endfacet
  facet normal 0.896817 0.442401 0
    outer loop
      vertex 60.7576 12.045 2.4
      vertex 60.6766 12.2092 0
      vertex 60.6766 12.2092 2.4
    endloop
  endfacet
  facet normal 0.896817 0.442401 0
    outer loop
      vertex 60.6766 12.2092 0
      vertex 60.7576 12.045 2.4
      vertex 60.7576 12.045 0
    endloop
  endfacet
  facet normal -0.321462 -0.946922 0
    outer loop
      vertex 62.3323 14.0973 0
      vertex 62.5058 14.0384 2.4
      vertex 62.3323 14.0973 2.4
    endloop
  endfacet
  facet normal -0.321462 -0.946922 -0
    outer loop
      vertex 62.5058 14.0384 2.4
      vertex 62.3323 14.0973 0
      vertex 62.5058 14.0384 0
    endloop
  endfacet
  facet normal -0.55533 -0.83163 0
    outer loop
      vertex 62.67 13.9574 0
      vertex 62.8223 13.8557 2.4
      vertex 62.67 13.9574 2.4
    endloop
  endfacet
  facet normal -0.55533 -0.83163 -0
    outer loop
      vertex 62.8223 13.8557 2.4
      vertex 62.67 13.9574 0
      vertex 62.8223 13.8557 0
    endloop
  endfacet
  facet normal 0.194961 0.980811 -0
    outer loop
      vertex 61.7873 11.357 0
      vertex 61.6077 11.3927 2.4
      vertex 61.7873 11.357 2.4
    endloop
  endfacet
  facet normal 0.194961 0.980811 0
    outer loop
      vertex 61.6077 11.3927 2.4
      vertex 61.7873 11.357 0
      vertex 61.6077 11.3927 0
    endloop
  endfacet
  facet normal 0.946922 0.321462 0
    outer loop
      vertex 60.6766 12.2092 2.4
      vertex 60.6177 12.3827 0
      vertex 60.6177 12.3827 2.4
    endloop
  endfacet
  facet normal 0.946922 0.321462 0
    outer loop
      vertex 60.6177 12.3827 0
      vertex 60.6766 12.2092 2.4
      vertex 60.6766 12.2092 0
    endloop
  endfacet
  facet normal -0.442401 -0.896817 0
    outer loop
      vertex 62.5058 14.0384 0
      vertex 62.67 13.9574 2.4
      vertex 62.5058 14.0384 2.4
    endloop
  endfacet
  facet normal -0.442401 -0.896817 -0
    outer loop
      vertex 62.67 13.9574 2.4
      vertex 62.5058 14.0384 0
      vertex 62.67 13.9574 0
    endloop
  endfacet
  facet normal 0.896817 -0.442401 0
    outer loop
      vertex 60.6766 13.2808 2.4
      vertex 60.7576 13.445 0
      vertex 60.7576 13.445 2.4
    endloop
  endfacet
  facet normal 0.896817 -0.442401 0
    outer loop
      vertex 60.7576 13.445 0
      vertex 60.6766 13.2808 2.4
      vertex 60.6766 13.2808 0
    endloop
  endfacet
  facet normal 0.980811 0.194961 0
    outer loop
      vertex 60.6177 12.3827 2.4
      vertex 60.582 12.5623 0
      vertex 60.582 12.5623 2.4
    endloop
  endfacet
  facet normal 0.980811 0.194961 0
    outer loop
      vertex 60.582 12.5623 0
      vertex 60.6177 12.3827 2.4
      vertex 60.6177 12.3827 0
    endloop
  endfacet
  facet normal 0.55533 -0.83163 0
    outer loop
      vertex 61.1177 13.8557 0
      vertex 61.27 13.9574 2.4
      vertex 61.1177 13.8557 2.4
    endloop
  endfacet
  facet normal 0.55533 -0.83163 0
    outer loop
      vertex 61.27 13.9574 2.4
      vertex 61.1177 13.8557 0
      vertex 61.27 13.9574 0
    endloop
  endfacet
  facet normal 0.83163 -0.55533 0
    outer loop
      vertex 60.7576 13.445 2.4
      vertex 60.8593 13.5973 0
      vertex 60.8593 13.5973 2.4
    endloop
  endfacet
  facet normal 0.83163 -0.55533 0
    outer loop
      vertex 60.8593 13.5973 0
      vertex 60.7576 13.445 2.4
      vertex 60.7576 13.445 0
    endloop
  endfacet
  facet normal 0.946922 -0.321462 0
    outer loop
      vertex 60.6177 13.1073 2.4
      vertex 60.6766 13.2808 0
      vertex 60.6766 13.2808 2.4
    endloop
  endfacet
  facet normal 0.946922 -0.321462 0
    outer loop
      vertex 60.6766 13.2808 0
      vertex 60.6177 13.1073 2.4
      vertex 60.6177 13.1073 0
    endloop
  endfacet
  facet normal -0.99785 0.0655402 0
    outer loop
      vertex 63.358 12.5623 0
      vertex 63.37 12.745 2.4
      vertex 63.37 12.745 0
    endloop
  endfacet
  facet normal -0.99785 0.0655402 0
    outer loop
      vertex 63.37 12.745 2.4
      vertex 63.358 12.5623 0
      vertex 63.358 12.5623 2.4
    endloop
  endfacet
  facet normal 0.194961 -0.980811 0
    outer loop
      vertex 61.6077 14.0973 0
      vertex 61.7873 14.133 2.4
      vertex 61.6077 14.0973 2.4
    endloop
  endfacet
  facet normal 0.194961 -0.980811 0
    outer loop
      vertex 61.7873 14.133 2.4
      vertex 61.6077 14.0973 0
      vertex 61.7873 14.133 0
    endloop
  endfacet
  facet normal -0.194961 -0.980811 0
    outer loop
      vertex 62.1527 14.133 0
      vertex 62.3323 14.0973 2.4
      vertex 62.1527 14.133 2.4
    endloop
  endfacet
  facet normal -0.194961 -0.980811 -0
    outer loop
      vertex 62.3323 14.0973 2.4
      vertex 62.1527 14.133 0
      vertex 62.3323 14.0973 0
    endloop
  endfacet
  facet normal 0.321462 -0.946922 0
    outer loop
      vertex 61.4342 14.0384 0
      vertex 61.6077 14.0973 2.4
      vertex 61.4342 14.0384 2.4
    endloop
  endfacet
  facet normal 0.321462 -0.946922 0
    outer loop
      vertex 61.6077 14.0973 2.4
      vertex 61.4342 14.0384 0
      vertex 61.6077 14.0973 0
    endloop
  endfacet
  facet normal -0.83163 -0.55533 0
    outer loop
      vertex 63.1824 13.445 0
      vertex 63.0807 13.5973 2.4
      vertex 63.0807 13.5973 0
    endloop
  endfacet
  facet normal -0.83163 -0.55533 0
    outer loop
      vertex 63.0807 13.5973 2.4
      vertex 63.1824 13.445 0
      vertex 63.1824 13.445 2.4
    endloop
  endfacet
  facet normal 0.442401 -0.896817 0
    outer loop
      vertex 61.27 13.9574 0
      vertex 61.4342 14.0384 2.4
      vertex 61.27 13.9574 2.4
    endloop
  endfacet
  facet normal 0.442401 -0.896817 0
    outer loop
      vertex 61.4342 14.0384 2.4
      vertex 61.27 13.9574 0
      vertex 61.4342 14.0384 0
    endloop
  endfacet
  facet normal -0.896817 -0.442401 0
    outer loop
      vertex 63.2634 13.2808 0
      vertex 63.1824 13.445 2.4
      vertex 63.1824 13.445 0
    endloop
  endfacet
  facet normal -0.896817 -0.442401 0
    outer loop
      vertex 63.1824 13.445 2.4
      vertex 63.2634 13.2808 0
      vertex 63.2634 13.2808 2.4
    endloop
  endfacet
  facet normal 0.442401 0.896817 -0
    outer loop
      vertex 61.4342 11.4516 0
      vertex 61.27 11.5326 2.4
      vertex 61.4342 11.4516 2.4
    endloop
  endfacet
  facet normal 0.442401 0.896817 0
    outer loop
      vertex 61.27 11.5326 2.4
      vertex 61.4342 11.4516 0
      vertex 61.27 11.5326 0
    endloop
  endfacet
  facet normal 0.659162 0.752001 -0
    outer loop
      vertex 61.1177 11.6343 0
      vertex 60.98 11.755 2.4
      vertex 61.1177 11.6343 2.4
    endloop
  endfacet
  facet normal 0.659162 0.752001 0
    outer loop
      vertex 60.98 11.755 2.4
      vertex 61.1177 11.6343 0
      vertex 60.98 11.755 0
    endloop
  endfacet
  facet normal -0.659432 0.751764 0
    outer loop
      vertex 62.9599 11.755 0
      vertex 62.8223 11.6343 2.4
      vertex 62.9599 11.755 2.4
    endloop
  endfacet
  facet normal -0.659432 0.751764 0
    outer loop
      vertex 62.8223 11.6343 2.4
      vertex 62.9599 11.755 0
      vertex 62.8223 11.6343 0
    endloop
  endfacet
  facet normal -0.55533 0.83163 0
    outer loop
      vertex 62.8223 11.6343 0
      vertex 62.67 11.5326 2.4
      vertex 62.8223 11.6343 2.4
    endloop
  endfacet
  facet normal -0.55533 0.83163 0
    outer loop
      vertex 62.67 11.5326 2.4
      vertex 62.8223 11.6343 0
      vertex 62.67 11.5326 0
    endloop
  endfacet
  facet normal -0.751731 0.65947 0
    outer loop
      vertex 62.9599 11.755 0
      vertex 63.0807 11.8927 2.4
      vertex 63.0807 11.8927 0
    endloop
  endfacet
  facet normal -0.751731 0.65947 0
    outer loop
      vertex 63.0807 11.8927 2.4
      vertex 62.9599 11.755 0
      vertex 62.9599 11.755 2.4
    endloop
  endfacet
  facet normal 0.0655402 0.99785 -0
    outer loop
      vertex 61.97 11.345 0
      vertex 61.7873 11.357 2.4
      vertex 61.97 11.345 2.4
    endloop
  endfacet
  facet normal 0.0655402 0.99785 0
    outer loop
      vertex 61.7873 11.357 2.4
      vertex 61.97 11.345 0
      vertex 61.7873 11.357 0
    endloop
  endfacet
  facet normal -0.896817 0.442401 0
    outer loop
      vertex 63.1824 12.045 0
      vertex 63.2634 12.2092 2.4
      vertex 63.2634 12.2092 0
    endloop
  endfacet
  facet normal -0.896817 0.442401 0
    outer loop
      vertex 63.2634 12.2092 2.4
      vertex 63.1824 12.045 0
      vertex 63.1824 12.045 2.4
    endloop
  endfacet
  facet normal -0.442401 0.896817 0
    outer loop
      vertex 62.67 11.5326 0
      vertex 62.5058 11.4516 2.4
      vertex 62.67 11.5326 2.4
    endloop
  endfacet
  facet normal -0.442401 0.896817 0
    outer loop
      vertex 62.5058 11.4516 2.4
      vertex 62.67 11.5326 0
      vertex 62.5058 11.4516 0
    endloop
  endfacet
  facet normal 0.752001 0.659162 0
    outer loop
      vertex 60.98 11.755 2.4
      vertex 60.8593 11.8927 0
      vertex 60.8593 11.8927 2.4
    endloop
  endfacet
  facet normal 0.752001 0.659162 0
    outer loop
      vertex 60.8593 11.8927 0
      vertex 60.98 11.755 2.4
      vertex 60.98 11.755 0
    endloop
  endfacet
  facet normal -0.0655402 0.99785 0
    outer loop
      vertex 62.1527 11.357 0
      vertex 61.97 11.345 2.4
      vertex 62.1527 11.357 2.4
    endloop
  endfacet
  facet normal -0.0655402 0.99785 0
    outer loop
      vertex 61.97 11.345 2.4
      vertex 62.1527 11.357 0
      vertex 61.97 11.345 0
    endloop
  endfacet
  facet normal -0.751493 -0.659741 0
    outer loop
      vertex 63.0807 13.5973 0
      vertex 62.9599 13.7349 2.4
      vertex 62.9599 13.7349 0
    endloop
  endfacet
  facet normal -0.751493 -0.659741 0
    outer loop
      vertex 62.9599 13.7349 2.4
      vertex 63.0807 13.5973 0
      vertex 63.0807 13.5973 2.4
    endloop
  endfacet
  facet normal -0.946922 -0.321462 0
    outer loop
      vertex 63.3223 13.1073 0
      vertex 63.2634 13.2808 2.4
      vertex 63.2634 13.2808 0
    endloop
  endfacet
  facet normal -0.946922 -0.321462 0
    outer loop
      vertex 63.2634 13.2808 2.4
      vertex 63.3223 13.1073 0
      vertex 63.3223 13.1073 2.4
    endloop
  endfacet
  facet normal 0.980811 -0.194961 0
    outer loop
      vertex 60.582 12.9277 2.4
      vertex 60.6177 13.1073 0
      vertex 60.6177 13.1073 2.4
    endloop
  endfacet
  facet normal 0.980811 -0.194961 0
    outer loop
      vertex 60.6177 13.1073 0
      vertex 60.582 12.9277 2.4
      vertex 60.582 12.9277 0
    endloop
  endfacet
  facet normal -0.0655402 -0.99785 0
    outer loop
      vertex 61.97 14.145 0
      vertex 62.1527 14.133 2.4
      vertex 61.97 14.145 2.4
    endloop
  endfacet
  facet normal -0.0655402 -0.99785 -0
    outer loop
      vertex 62.1527 14.133 2.4
      vertex 61.97 14.145 0
      vertex 62.1527 14.133 0
    endloop
  endfacet
  facet normal -0.321462 0.946922 0
    outer loop
      vertex 62.5058 11.4516 0
      vertex 62.3323 11.3927 2.4
      vertex 62.5058 11.4516 2.4
    endloop
  endfacet
  facet normal -0.321462 0.946922 0
    outer loop
      vertex 62.3323 11.3927 2.4
      vertex 62.5058 11.4516 0
      vertex 62.3323 11.3927 0
    endloop
  endfacet
  facet normal -0.946922 0.321462 0
    outer loop
      vertex 63.2634 12.2092 0
      vertex 63.3223 12.3827 2.4
      vertex 63.3223 12.3827 0
    endloop
  endfacet
  facet normal -0.946922 0.321462 0
    outer loop
      vertex 63.3223 12.3827 2.4
      vertex 63.2634 12.2092 0
      vertex 63.2634 12.2092 2.4
    endloop
  endfacet
  facet normal 0.0655402 -0.99785 0
    outer loop
      vertex 61.7873 14.133 0
      vertex 61.97 14.145 2.4
      vertex 61.7873 14.133 2.4
    endloop
  endfacet
  facet normal 0.0655402 -0.99785 0
    outer loop
      vertex 61.97 14.145 2.4
      vertex 61.7873 14.133 0
      vertex 61.97 14.145 0
    endloop
  endfacet
  facet normal 0.83163 0.55533 0
    outer loop
      vertex 60.8593 11.8927 2.4
      vertex 60.7576 12.045 0
      vertex 60.7576 12.045 2.4
    endloop
  endfacet
  facet normal 0.83163 0.55533 0
    outer loop
      vertex 60.7576 12.045 0
      vertex 60.8593 11.8927 2.4
      vertex 60.8593 11.8927 0
    endloop
  endfacet
  facet normal 0.752001 0.659162 0
    outer loop
      vertex 60.98 28.265 2.4
      vertex 60.8593 28.4027 0
      vertex 60.8593 28.4027 2.4
    endloop
  endfacet
  facet normal 0.752001 0.659162 0
    outer loop
      vertex 60.8593 28.4027 0
      vertex 60.98 28.265 2.4
      vertex 60.98 28.265 0
    endloop
  endfacet
  facet normal -0.980811 -0.194961 0
    outer loop
      vertex 63.358 29.4377 0
      vertex 63.3223 29.6173 2.4
      vertex 63.3223 29.6173 0
    endloop
  endfacet
  facet normal -0.980811 -0.194961 0
    outer loop
      vertex 63.3223 29.6173 2.4
      vertex 63.358 29.4377 0
      vertex 63.358 29.4377 2.4
    endloop
  endfacet
  facet normal -0.99785 -0.0655402 0
    outer loop
      vertex 63.37 29.255 0
      vertex 63.358 29.4377 2.4
      vertex 63.358 29.4377 0
    endloop
  endfacet
  facet normal -0.99785 -0.0655402 0
    outer loop
      vertex 63.358 29.4377 2.4
      vertex 63.37 29.255 0
      vertex 63.37 29.255 2.4
    endloop
  endfacet
  facet normal 0.55533 -0.83163 0
    outer loop
      vertex 61.1177 30.3657 0
      vertex 61.27 30.4674 2.4
      vertex 61.1177 30.3657 2.4
    endloop
  endfacet
  facet normal 0.55533 -0.83163 0
    outer loop
      vertex 61.27 30.4674 2.4
      vertex 61.1177 30.3657 0
      vertex 61.27 30.4674 0
    endloop
  endfacet
  facet normal 0.0655402 0.99785 -0
    outer loop
      vertex 61.97 27.855 0
      vertex 61.7873 27.867 2.4
      vertex 61.97 27.855 2.4
    endloop
  endfacet
  facet normal 0.0655402 0.99785 0
    outer loop
      vertex 61.7873 27.867 2.4
      vertex 61.97 27.855 0
      vertex 61.7873 27.867 0
    endloop
  endfacet
  facet normal -0.83163 0.55533 0
    outer loop
      vertex 63.0807 28.4027 0
      vertex 63.1824 28.555 2.4
      vertex 63.1824 28.555 0
    endloop
  endfacet
  facet normal -0.83163 0.55533 0
    outer loop
      vertex 63.1824 28.555 2.4
      vertex 63.0807 28.4027 0
      vertex 63.0807 28.4027 2.4
    endloop
  endfacet
  facet normal 0.442401 -0.896817 0
    outer loop
      vertex 61.27 30.4674 0
      vertex 61.4342 30.5484 2.4
      vertex 61.27 30.4674 2.4
    endloop
  endfacet
  facet normal 0.442401 -0.896817 0
    outer loop
      vertex 61.4342 30.5484 2.4
      vertex 61.27 30.4674 0
      vertex 61.4342 30.5484 0
    endloop
  endfacet
  facet normal 0.55533 0.83163 -0
    outer loop
      vertex 61.27 28.0426 0
      vertex 61.1177 28.1443 2.4
      vertex 61.27 28.0426 2.4
    endloop
  endfacet
  facet normal 0.55533 0.83163 0
    outer loop
      vertex 61.1177 28.1443 2.4
      vertex 61.27 28.0426 0
      vertex 61.1177 28.1443 0
    endloop
  endfacet
  facet normal -0.659741 -0.751493 0
    outer loop
      vertex 62.8223 30.3657 0
      vertex 62.9599 30.2449 2.4
      vertex 62.8223 30.3657 2.4
    endloop
  endfacet
  facet normal -0.659741 -0.751493 -0
    outer loop
      vertex 62.9599 30.2449 2.4
      vertex 62.8223 30.3657 0
      vertex 62.9599 30.2449 0
    endloop
  endfacet
  facet normal -0.659432 0.751764 0
    outer loop
      vertex 62.9599 28.265 0
      vertex 62.8223 28.1443 2.4
      vertex 62.9599 28.265 2.4
    endloop
  endfacet
  facet normal -0.659432 0.751764 0
    outer loop
      vertex 62.8223 28.1443 2.4
      vertex 62.9599 28.265 0
      vertex 62.8223 28.1443 0
    endloop
  endfacet
  facet normal 0.442401 0.896817 -0
    outer loop
      vertex 61.4342 27.9616 0
      vertex 61.27 28.0426 2.4
      vertex 61.4342 27.9616 2.4
    endloop
  endfacet
  facet normal 0.442401 0.896817 0
    outer loop
      vertex 61.27 28.0426 2.4
      vertex 61.4342 27.9616 0
      vertex 61.27 28.0426 0
    endloop
  endfacet
  facet normal -0.946922 0.321462 0
    outer loop
      vertex 63.2634 28.7192 0
      vertex 63.3223 28.8927 2.4
      vertex 63.3223 28.8927 0
    endloop
  endfacet
  facet normal -0.946922 0.321462 0
    outer loop
      vertex 63.3223 28.8927 2.4
      vertex 63.2634 28.7192 0
      vertex 63.2634 28.7192 2.4
    endloop
  endfacet
  facet normal -0.55533 0.83163 0
    outer loop
      vertex 62.8223 28.1443 0
      vertex 62.67 28.0426 2.4
      vertex 62.8223 28.1443 2.4
    endloop
  endfacet
  facet normal -0.55533 0.83163 0
    outer loop
      vertex 62.67 28.0426 2.4
      vertex 62.8223 28.1443 0
      vertex 62.67 28.0426 0
    endloop
  endfacet
  facet normal -0.442401 0.896817 0
    outer loop
      vertex 62.67 28.0426 0
      vertex 62.5058 27.9616 2.4
      vertex 62.67 28.0426 2.4
    endloop
  endfacet
  facet normal -0.442401 0.896817 0
    outer loop
      vertex 62.5058 27.9616 2.4
      vertex 62.67 28.0426 0
      vertex 62.5058 27.9616 0
    endloop
  endfacet
  facet normal 0.0655402 -0.99785 0
    outer loop
      vertex 61.7873 30.643 0
      vertex 61.97 30.655 2.4
      vertex 61.7873 30.643 2.4
    endloop
  endfacet
  facet normal 0.0655402 -0.99785 0
    outer loop
      vertex 61.97 30.655 2.4
      vertex 61.7873 30.643 0
      vertex 61.97 30.655 0
    endloop
  endfacet
  facet normal 0.896817 0.442401 0
    outer loop
      vertex 60.7576 28.555 2.4
      vertex 60.6766 28.7192 0
      vertex 60.6766 28.7192 2.4
    endloop
  endfacet
  facet normal 0.896817 0.442401 0
    outer loop
      vertex 60.6766 28.7192 0
      vertex 60.7576 28.555 2.4
      vertex 60.7576 28.555 0
    endloop
  endfacet
  facet normal -0.83163 -0.55533 0
    outer loop
      vertex 63.1824 29.955 0
      vertex 63.0807 30.1073 2.4
      vertex 63.0807 30.1073 0
    endloop
  endfacet
  facet normal -0.83163 -0.55533 0
    outer loop
      vertex 63.0807 30.1073 2.4
      vertex 63.1824 29.955 0
      vertex 63.1824 29.955 2.4
    endloop
  endfacet
  facet normal 0.751764 -0.659432 0
    outer loop
      vertex 60.8593 30.1073 2.4
      vertex 60.98 30.2449 0
      vertex 60.98 30.2449 2.4
    endloop
  endfacet
  facet normal 0.751764 -0.659432 0
    outer loop
      vertex 60.98 30.2449 0
      vertex 60.8593 30.1073 2.4
      vertex 60.8593 30.1073 0
    endloop
  endfacet
  facet normal -0.0655402 -0.99785 0
    outer loop
      vertex 61.97 30.655 0
      vertex 62.1527 30.643 2.4
      vertex 61.97 30.655 2.4
    endloop
  endfacet
  facet normal -0.0655402 -0.99785 -0
    outer loop
      vertex 62.1527 30.643 2.4
      vertex 61.97 30.655 0
      vertex 62.1527 30.643 0
    endloop
  endfacet
  facet normal 0.83163 -0.55533 0
    outer loop
      vertex 60.7576 29.955 2.4
      vertex 60.8593 30.1073 0
      vertex 60.8593 30.1073 2.4
    endloop
  endfacet
  facet normal 0.83163 -0.55533 0
    outer loop
      vertex 60.8593 30.1073 0
      vertex 60.7576 29.955 2.4
      vertex 60.7576 29.955 0
    endloop
  endfacet
  facet normal -0.896817 0.442401 0
    outer loop
      vertex 63.1824 28.555 0
      vertex 63.2634 28.7192 2.4
      vertex 63.2634 28.7192 0
    endloop
  endfacet
  facet normal -0.896817 0.442401 0
    outer loop
      vertex 63.2634 28.7192 2.4
      vertex 63.1824 28.555 0
      vertex 63.1824 28.555 2.4
    endloop
  endfacet
  facet normal -0.896817 -0.442401 0
    outer loop
      vertex 63.2634 29.7908 0
      vertex 63.1824 29.955 2.4
      vertex 63.1824 29.955 0
    endloop
  endfacet
  facet normal -0.896817 -0.442401 0
    outer loop
      vertex 63.1824 29.955 2.4
      vertex 63.2634 29.7908 0
      vertex 63.2634 29.7908 2.4
    endloop
  endfacet
  facet normal -0.980811 0.194961 0
    outer loop
      vertex 63.3223 28.8927 0
      vertex 63.358 29.0723 2.4
      vertex 63.358 29.0723 0
    endloop
  endfacet
  facet normal -0.980811 0.194961 0
    outer loop
      vertex 63.358 29.0723 2.4
      vertex 63.3223 28.8927 0
      vertex 63.3223 28.8927 2.4
    endloop
  endfacet
  facet normal -0.0655402 0.99785 0
    outer loop
      vertex 62.1527 27.867 0
      vertex 61.97 27.855 2.4
      vertex 62.1527 27.867 2.4
    endloop
  endfacet
  facet normal -0.0655402 0.99785 0
    outer loop
      vertex 61.97 27.855 2.4
      vertex 62.1527 27.867 0
      vertex 61.97 27.855 0
    endloop
  endfacet
  facet normal -0.55533 -0.83163 0
    outer loop
      vertex 62.67 30.4674 0
      vertex 62.8223 30.3657 2.4
      vertex 62.67 30.4674 2.4
    endloop
  endfacet
  facet normal -0.55533 -0.83163 -0
    outer loop
      vertex 62.8223 30.3657 2.4
      vertex 62.67 30.4674 0
      vertex 62.8223 30.3657 0
    endloop
  endfacet
  facet normal 0.980811 -0.194961 0
    outer loop
      vertex 60.582 29.4377 2.4
      vertex 60.6177 29.6173 0
      vertex 60.6177 29.6173 2.4
    endloop
  endfacet
  facet normal 0.980811 -0.194961 0
    outer loop
      vertex 60.6177 29.6173 0
      vertex 60.582 29.4377 2.4
      vertex 60.582 29.4377 0
    endloop
  endfacet
  facet normal 0.65947 -0.751731 0
    outer loop
      vertex 60.98 30.2449 0
      vertex 61.1177 30.3657 2.4
      vertex 60.98 30.2449 2.4
    endloop
  endfacet
  facet normal 0.65947 -0.751731 0
    outer loop
      vertex 61.1177 30.3657 2.4
      vertex 60.98 30.2449 0
      vertex 61.1177 30.3657 0
    endloop
  endfacet
  facet normal 0.980811 0.194961 0
    outer loop
      vertex 60.6177 28.8927 2.4
      vertex 60.582 29.0723 0
      vertex 60.582 29.0723 2.4
    endloop
  endfacet
  facet normal 0.980811 0.194961 0
    outer loop
      vertex 60.582 29.0723 0
      vertex 60.6177 28.8927 2.4
      vertex 60.6177 28.8927 0
    endloop
  endfacet
  facet normal -0.442401 -0.896817 0
    outer loop
      vertex 62.5058 30.5484 0
      vertex 62.67 30.4674 2.4
      vertex 62.5058 30.5484 2.4
    endloop
  endfacet
  facet normal -0.442401 -0.896817 -0
    outer loop
      vertex 62.67 30.4674 2.4
      vertex 62.5058 30.5484 0
      vertex 62.67 30.4674 0
    endloop
  endfacet
  facet normal 0.194961 -0.980811 0
    outer loop
      vertex 61.6077 30.6073 0
      vertex 61.7873 30.643 2.4
      vertex 61.6077 30.6073 2.4
    endloop
  endfacet
  facet normal 0.194961 -0.980811 0
    outer loop
      vertex 61.7873 30.643 2.4
      vertex 61.6077 30.6073 0
      vertex 61.7873 30.643 0
    endloop
  endfacet
  facet normal -0.99785 0.0655402 0
    outer loop
      vertex 63.358 29.0723 0
      vertex 63.37 29.255 2.4
      vertex 63.37 29.255 0
    endloop
  endfacet
  facet normal -0.99785 0.0655402 0
    outer loop
      vertex 63.37 29.255 2.4
      vertex 63.358 29.0723 0
      vertex 63.358 29.0723 2.4
    endloop
  endfacet
  facet normal -0.321462 -0.946922 0
    outer loop
      vertex 62.3323 30.6073 0
      vertex 62.5058 30.5484 2.4
      vertex 62.3323 30.6073 2.4
    endloop
  endfacet
  facet normal -0.321462 -0.946922 -0
    outer loop
      vertex 62.5058 30.5484 2.4
      vertex 62.3323 30.6073 0
      vertex 62.5058 30.5484 0
    endloop
  endfacet
  facet normal 0.946922 -0.321462 0
    outer loop
      vertex 60.6177 29.6173 2.4
      vertex 60.6766 29.7908 0
      vertex 60.6766 29.7908 2.4
    endloop
  endfacet
  facet normal 0.946922 -0.321462 0
    outer loop
      vertex 60.6766 29.7908 0
      vertex 60.6177 29.6173 2.4
      vertex 60.6177 29.6173 0
    endloop
  endfacet
  facet normal 0.99785 -0.0655402 0
    outer loop
      vertex 60.57 29.255 2.4
      vertex 60.582 29.4377 0
      vertex 60.582 29.4377 2.4
    endloop
  endfacet
  facet normal 0.99785 -0.0655402 0
    outer loop
      vertex 60.582 29.4377 0
      vertex 60.57 29.255 2.4
      vertex 60.57 29.255 0
    endloop
  endfacet
  facet normal -0.194961 0.980811 0
    outer loop
      vertex 62.3323 27.9027 0
      vertex 62.1527 27.867 2.4
      vertex 62.3323 27.9027 2.4
    endloop
  endfacet
  facet normal -0.194961 0.980811 0
    outer loop
      vertex 62.1527 27.867 2.4
      vertex 62.3323 27.9027 0
      vertex 62.1527 27.867 0
    endloop
  endfacet
  facet normal 0.946922 0.321462 0
    outer loop
      vertex 60.6766 28.7192 2.4
      vertex 60.6177 28.8927 0
      vertex 60.6177 28.8927 2.4
    endloop
  endfacet
  facet normal 0.946922 0.321462 0
    outer loop
      vertex 60.6177 28.8927 0
      vertex 60.6766 28.7192 2.4
      vertex 60.6766 28.7192 0
    endloop
  endfacet
  facet normal 0.321462 0.946922 -0
    outer loop
      vertex 61.6077 27.9027 0
      vertex 61.4342 27.9616 2.4
      vertex 61.6077 27.9027 2.4
    endloop
  endfacet
  facet normal 0.321462 0.946922 0
    outer loop
      vertex 61.4342 27.9616 2.4
      vertex 61.6077 27.9027 0
      vertex 61.4342 27.9616 0
    endloop
  endfacet
  facet normal -0.321462 0.946922 0
    outer loop
      vertex 62.5058 27.9616 0
      vertex 62.3323 27.9027 2.4
      vertex 62.5058 27.9616 2.4
    endloop
  endfacet
  facet normal -0.321462 0.946922 0
    outer loop
      vertex 62.3323 27.9027 2.4
      vertex 62.5058 27.9616 0
      vertex 62.3323 27.9027 0
    endloop
  endfacet
  facet normal -0.194961 -0.980811 0
    outer loop
      vertex 62.1527 30.643 0
      vertex 62.3323 30.6073 2.4
      vertex 62.1527 30.643 2.4
    endloop
  endfacet
  facet normal -0.194961 -0.980811 -0
    outer loop
      vertex 62.3323 30.6073 2.4
      vertex 62.1527 30.643 0
      vertex 62.3323 30.6073 0
    endloop
  endfacet
  facet normal 0.896817 -0.442401 0
    outer loop
      vertex 60.6766 29.7908 2.4
      vertex 60.7576 29.955 0
      vertex 60.7576 29.955 2.4
    endloop
  endfacet
  facet normal 0.896817 -0.442401 0
    outer loop
      vertex 60.7576 29.955 0
      vertex 60.6766 29.7908 2.4
      vertex 60.6766 29.7908 0
    endloop
  endfacet
  facet normal 0.83163 0.55533 0
    outer loop
      vertex 60.8593 28.4027 2.4
      vertex 60.7576 28.555 0
      vertex 60.7576 28.555 2.4
    endloop
  endfacet
  facet normal 0.83163 0.55533 0
    outer loop
      vertex 60.7576 28.555 0
      vertex 60.8593 28.4027 2.4
      vertex 60.8593 28.4027 0
    endloop
  endfacet
  facet normal -0.751493 -0.659741 0
    outer loop
      vertex 63.0807 30.1073 0
      vertex 62.9599 30.2449 2.4
      vertex 62.9599 30.2449 0
    endloop
  endfacet
  facet normal -0.751493 -0.659741 0
    outer loop
      vertex 62.9599 30.2449 2.4
      vertex 63.0807 30.1073 0
      vertex 63.0807 30.1073 2.4
    endloop
  endfacet
  facet normal -0.946922 -0.321462 0
    outer loop
      vertex 63.3223 29.6173 0
      vertex 63.2634 29.7908 2.4
      vertex 63.2634 29.7908 0
    endloop
  endfacet
  facet normal -0.946922 -0.321462 0
    outer loop
      vertex 63.2634 29.7908 2.4
      vertex 63.3223 29.6173 0
      vertex 63.3223 29.6173 2.4
    endloop
  endfacet
  facet normal 0.194961 0.980811 -0
    outer loop
      vertex 61.7873 27.867 0
      vertex 61.6077 27.9027 2.4
      vertex 61.7873 27.867 2.4
    endloop
  endfacet
  facet normal 0.194961 0.980811 0
    outer loop
      vertex 61.6077 27.9027 2.4
      vertex 61.7873 27.867 0
      vertex 61.6077 27.9027 0
    endloop
  endfacet
  facet normal 0.659162 0.752001 -0
    outer loop
      vertex 61.1177 28.1443 0
      vertex 60.98 28.265 2.4
      vertex 61.1177 28.1443 2.4
    endloop
  endfacet
  facet normal 0.659162 0.752001 0
    outer loop
      vertex 60.98 28.265 2.4
      vertex 61.1177 28.1443 0
      vertex 60.98 28.265 0
    endloop
  endfacet
  facet normal -0.751731 0.65947 0
    outer loop
      vertex 62.9599 28.265 0
      vertex 63.0807 28.4027 2.4
      vertex 63.0807 28.4027 0
    endloop
  endfacet
  facet normal -0.751731 0.65947 0
    outer loop
      vertex 63.0807 28.4027 2.4
      vertex 62.9599 28.265 0
      vertex 62.9599 28.265 2.4
    endloop
  endfacet
  facet normal 0.321462 -0.946922 0
    outer loop
      vertex 61.4342 30.5484 0
      vertex 61.6077 30.6073 2.4
      vertex 61.4342 30.5484 2.4
    endloop
  endfacet
  facet normal 0.321462 -0.946922 0
    outer loop
      vertex 61.6077 30.6073 2.4
      vertex 61.4342 30.5484 0
      vertex 61.6077 30.6073 0
    endloop
  endfacet
  facet normal 0.99785 0.0655402 0
    outer loop
      vertex 60.582 29.0723 2.4
      vertex 60.57 29.255 0
      vertex 60.57 29.255 2.4
    endloop
  endfacet
  facet normal 0.99785 0.0655402 0
    outer loop
      vertex 60.57 29.255 0
      vertex 60.582 29.0723 2.4
      vertex 60.582 29.0723 0
    endloop
  endfacet
  facet normal -0.442314 0.89686 0
    outer loop
      vertex 6.1 4.46077 0
      vertex 5.95922 4.39134 2.4
      vertex 6.1 4.46077 2.4
    endloop
  endfacet
  facet normal -0.442314 0.89686 0
    outer loop
      vertex 5.95922 4.39134 2.4
      vertex 6.1 4.46077 0
      vertex 5.95922 4.39134 0
    endloop
  endfacet
  facet normal -0.980788 -0.195075 0
    outer loop
      vertex 6.68973 5.65663 0
      vertex 6.65911 5.81058 2.4
      vertex 6.65911 5.81058 0
    endloop
  endfacet
  facet normal -0.980788 -0.195075 0
    outer loop
      vertex 6.65911 5.81058 2.4
      vertex 6.68973 5.65663 0
      vertex 6.68973 5.65663 2.4
    endloop
  endfacet
  facet normal -0.997857 -0.065428 0
    outer loop
      vertex 6.7 5.5 0
      vertex 6.68973 5.65663 2.4
      vertex 6.68973 5.65663 0
    endloop
  endfacet
  facet normal -0.997857 -0.065428 0
    outer loop
      vertex 6.68973 5.65663 2.4
      vertex 6.7 5.5 0
      vertex 6.7 5.5 2.4
    endloop
  endfacet
  facet normal -0.946923 -0.32146 0
    outer loop
      vertex 6.65911 5.81058 0
      vertex 6.60865 5.95922 2.4
      vertex 6.60865 5.95922 0
    endloop
  endfacet
  facet normal -0.946923 -0.32146 0
    outer loop
      vertex 6.60865 5.95922 2.4
      vertex 6.65911 5.81058 0
      vertex 6.65911 5.81058 2.4
    endloop
  endfacet
  facet normal -0.32146 -0.946923 0
    outer loop
      vertex 5.81058 6.65911 0
      vertex 5.95922 6.60865 2.4
      vertex 5.81058 6.65911 2.4
    endloop
  endfacet
  facet normal -0.32146 -0.946923 -0
    outer loop
      vertex 5.95922 6.60865 2.4
      vertex 5.81058 6.65911 0
      vertex 5.95922 6.60865 0
    endloop
  endfacet
  facet normal -0.555597 0.831452 0
    outer loop
      vertex 6.23051 4.54798 0
      vertex 6.1 4.46077 2.4
      vertex 6.23051 4.54798 2.4
    endloop
  endfacet
  facet normal -0.555597 0.831452 0
    outer loop
      vertex 6.1 4.46077 2.4
      vertex 6.23051 4.54798 0
      vertex 6.1 4.46077 0
    endloop
  endfacet
  facet normal -0.321402 0.946943 0
    outer loop
      vertex 5.95922 4.39134 0
      vertex 5.81058 4.34089 2.4
      vertex 5.95922 4.39134 2.4
    endloop
  endfacet
  facet normal -0.321402 0.946943 0
    outer loop
      vertex 5.81058 4.34089 2.4
      vertex 5.95922 4.39134 0
      vertex 5.81058 4.34089 0
    endloop
  endfacet
  facet normal 0.946943 -0.321402 0
    outer loop
      vertex 4.34089 5.81058 2.4
      vertex 4.39134 5.95922 0
      vertex 4.39134 5.95922 2.4
    endloop
  endfacet
  facet normal 0.946943 -0.321402 0
    outer loop
      vertex 4.39134 5.95922 0
      vertex 4.34089 5.81058 2.4
      vertex 4.34089 5.81058 0
    endloop
  endfacet
  facet normal -0.896885 -0.442263 0
    outer loop
      vertex 6.60865 5.95922 0
      vertex 6.53923 6.1 2.4
      vertex 6.53923 6.1 0
    endloop
  endfacet
  facet normal -0.896885 -0.442263 0
    outer loop
      vertex 6.53923 6.1 2.4
      vertex 6.60865 5.95922 0
      vertex 6.60865 5.95922 2.4
    endloop
  endfacet
  facet normal -0.751874 0.659307 0
    outer loop
      vertex 6.34853 4.65147 0
      vertex 6.45202 4.76949 2.4
      vertex 6.45202 4.76949 0
    endloop
  endfacet
  facet normal -0.751874 0.659307 0
    outer loop
      vertex 6.45202 4.76949 2.4
      vertex 6.34853 4.65147 0
      vertex 6.34853 4.65147 2.4
    endloop
  endfacet
  facet normal -0.946923 0.32146 0
    outer loop
      vertex 6.60865 5.04078 0
      vertex 6.65911 5.18942 2.4
      vertex 6.65911 5.18942 0
    endloop
  endfacet
  facet normal -0.946923 0.32146 0
    outer loop
      vertex 6.65911 5.18942 2.4
      vertex 6.60865 5.04078 0
      vertex 6.60865 5.04078 2.4
    endloop
  endfacet
  facet normal 0.751874 0.659307 0
    outer loop
      vertex 4.65147 4.65147 2.4
      vertex 4.54798 4.76949 0
      vertex 4.54798 4.76949 2.4
    endloop
  endfacet
  facet normal 0.751874 0.659307 0
    outer loop
      vertex 4.54798 4.76949 0
      vertex 4.65147 4.65147 2.4
      vertex 4.65147 4.65147 0
    endloop
  endfacet
  facet normal 0.751874 -0.659307 0
    outer loop
      vertex 4.54798 6.23051 2.4
      vertex 4.65147 6.34853 0
      vertex 4.65147 6.34853 2.4
    endloop
  endfacet
  facet normal 0.751874 -0.659307 0
    outer loop
      vertex 4.65147 6.34853 0
      vertex 4.54798 6.23051 2.4
      vertex 4.54798 6.23051 0
    endloop
  endfacet
  facet normal -0.896885 0.442263 0
    outer loop
      vertex 6.53923 4.9 0
      vertex 6.60865 5.04078 2.4
      vertex 6.60865 5.04078 0
    endloop
  endfacet
  facet normal -0.896885 0.442263 0
    outer loop
      vertex 6.60865 5.04078 2.4
      vertex 6.53923 4.9 0
      vertex 6.53923 4.9 2.4
    endloop
  endfacet
  facet normal 0.980788 -0.195075 0
    outer loop
      vertex 4.31027 5.65663 2.4
      vertex 4.34089 5.81058 0
      vertex 4.34089 5.81058 2.4
    endloop
  endfacet
  facet normal 0.980788 -0.195075 0
    outer loop
      vertex 4.34089 5.81058 0
      vertex 4.31027 5.65663 2.4
      vertex 4.31027 5.65663 0
    endloop
  endfacet
  facet normal 0.442263 -0.896885 0
    outer loop
      vertex 4.9 6.53923 0
      vertex 5.04078 6.60865 2.4
      vertex 4.9 6.53923 2.4
    endloop
  endfacet
  facet normal 0.442263 -0.896885 0
    outer loop
      vertex 5.04078 6.60865 2.4
      vertex 4.9 6.53923 0
      vertex 5.04078 6.60865 0
    endloop
  endfacet
  facet normal -0.555597 -0.831452 0
    outer loop
      vertex 6.1 6.53923 0
      vertex 6.23051 6.45202 2.4
      vertex 6.1 6.53923 2.4
    endloop
  endfacet
  facet normal -0.555597 -0.831452 -0
    outer loop
      vertex 6.23051 6.45202 2.4
      vertex 6.1 6.53923 0
      vertex 6.23051 6.45202 0
    endloop
  endfacet
  facet normal -0.065428 -0.997857 0
    outer loop
      vertex 5.5 6.7 0
      vertex 5.65663 6.68973 2.4
      vertex 5.5 6.7 2.4
    endloop
  endfacet
  facet normal -0.065428 -0.997857 -0
    outer loop
      vertex 5.65663 6.68973 2.4
      vertex 5.5 6.7 0
      vertex 5.65663 6.68973 0
    endloop
  endfacet
  facet normal -0.195075 0.980788 0
    outer loop
      vertex 5.81058 4.34089 0
      vertex 5.65663 4.31027 2.4
      vertex 5.81058 4.34089 2.4
    endloop
  endfacet
  facet normal -0.195075 0.980788 0
    outer loop
      vertex 5.65663 4.31027 2.4
      vertex 5.81058 4.34089 0
      vertex 5.65663 4.31027 0
    endloop
  endfacet
  facet normal 0.195075 -0.980788 0
    outer loop
      vertex 5.18942 6.65911 0
      vertex 5.34337 6.68973 2.4
      vertex 5.18942 6.65911 2.4
    endloop
  endfacet
  facet normal 0.195075 -0.980788 0
    outer loop
      vertex 5.34337 6.68973 2.4
      vertex 5.18942 6.65911 0
      vertex 5.34337 6.68973 0
    endloop
  endfacet
  facet normal -0.751874 -0.659307 0
    outer loop
      vertex 6.45202 6.23051 0
      vertex 6.34853 6.34853 2.4
      vertex 6.34853 6.34853 0
    endloop
  endfacet
  facet normal -0.751874 -0.659307 0
    outer loop
      vertex 6.34853 6.34853 2.4
      vertex 6.45202 6.23051 0
      vertex 6.45202 6.23051 2.4
    endloop
  endfacet
  facet normal -0.442263 -0.896885 0
    outer loop
      vertex 5.95922 6.60865 0
      vertex 6.1 6.53923 2.4
      vertex 5.95922 6.60865 2.4
    endloop
  endfacet
  facet normal -0.442263 -0.896885 -0
    outer loop
      vertex 6.1 6.53923 2.4
      vertex 5.95922 6.60865 0
      vertex 6.1 6.53923 0
    endloop
  endfacet
  facet normal 0.555597 -0.831452 0
    outer loop
      vertex 4.76949 6.45202 0
      vertex 4.9 6.53923 2.4
      vertex 4.76949 6.45202 2.4
    endloop
  endfacet
  facet normal 0.555597 -0.831452 0
    outer loop
      vertex 4.9 6.53923 2.4
      vertex 4.76949 6.45202 0
      vertex 4.9 6.53923 0
    endloop
  endfacet
  facet normal -0.659307 -0.751874 0
    outer loop
      vertex 6.23051 6.45202 0
      vertex 6.34853 6.34853 2.4
      vertex 6.23051 6.45202 2.4
    endloop
  endfacet
  facet normal -0.659307 -0.751874 -0
    outer loop
      vertex 6.34853 6.34853 2.4
      vertex 6.23051 6.45202 0
      vertex 6.34853 6.34853 0
    endloop
  endfacet
  facet normal -0.980788 0.195075 0
    outer loop
      vertex 6.65911 5.18942 0
      vertex 6.68973 5.34337 2.4
      vertex 6.68973 5.34337 0
    endloop
  endfacet
  facet normal -0.980788 0.195075 0
    outer loop
      vertex 6.68973 5.34337 2.4
      vertex 6.65911 5.18942 0
      vertex 6.65911 5.18942 2.4
    endloop
  endfacet
  facet normal -0.831452 -0.555597 0
    outer loop
      vertex 6.53923 6.1 0
      vertex 6.45202 6.23051 2.4
      vertex 6.45202 6.23051 0
    endloop
  endfacet
  facet normal -0.831452 -0.555597 0
    outer loop
      vertex 6.45202 6.23051 2.4
      vertex 6.53923 6.1 0
      vertex 6.53923 6.1 2.4
    endloop
  endfacet
  facet normal -0.997857 0.065428 0
    outer loop
      vertex 6.68973 5.34337 0
      vertex 6.7 5.5 2.4
      vertex 6.7 5.5 0
    endloop
  endfacet
  facet normal -0.997857 0.065428 0
    outer loop
      vertex 6.7 5.5 2.4
      vertex 6.68973 5.34337 0
      vertex 6.68973 5.34337 2.4
    endloop
  endfacet
  facet normal 0.321402 0.946943 -0
    outer loop
      vertex 5.18942 4.34089 0
      vertex 5.04078 4.39134 2.4
      vertex 5.18942 4.34089 2.4
    endloop
  endfacet
  facet normal 0.321402 0.946943 0
    outer loop
      vertex 5.04078 4.39134 2.4
      vertex 5.18942 4.34089 0
      vertex 5.04078 4.39134 0
    endloop
  endfacet
  facet normal -0.659307 0.751874 0
    outer loop
      vertex 6.34853 4.65147 0
      vertex 6.23051 4.54798 2.4
      vertex 6.34853 4.65147 2.4
    endloop
  endfacet
  facet normal -0.659307 0.751874 0
    outer loop
      vertex 6.23051 4.54798 2.4
      vertex 6.34853 4.65147 0
      vertex 6.23051 4.54798 0
    endloop
  endfacet
  facet normal 0.659307 -0.751874 0
    outer loop
      vertex 4.65147 6.34853 0
      vertex 4.76949 6.45202 2.4
      vertex 4.65147 6.34853 2.4
    endloop
  endfacet
  facet normal 0.659307 -0.751874 0
    outer loop
      vertex 4.76949 6.45202 2.4
      vertex 4.65147 6.34853 0
      vertex 4.76949 6.45202 0
    endloop
  endfacet
  facet normal 0.831452 0.555597 0
    outer loop
      vertex 4.54798 4.76949 2.4
      vertex 4.46077 4.9 0
      vertex 4.46077 4.9 2.4
    endloop
  endfacet
  facet normal 0.831452 0.555597 0
    outer loop
      vertex 4.46077 4.9 0
      vertex 4.54798 4.76949 2.4
      vertex 4.54798 4.76949 0
    endloop
  endfacet
  facet normal 0.555597 0.831452 -0
    outer loop
      vertex 4.9 4.46077 0
      vertex 4.76949 4.54798 2.4
      vertex 4.9 4.46077 2.4
    endloop
  endfacet
  facet normal 0.555597 0.831452 0
    outer loop
      vertex 4.76949 4.54798 2.4
      vertex 4.9 4.46077 0
      vertex 4.76949 4.54798 0
    endloop
  endfacet
  facet normal 0.997857 0.065428 0
    outer loop
      vertex 4.31027 5.34337 2.4
      vertex 4.3 5.5 0
      vertex 4.3 5.5 2.4
    endloop
  endfacet
  facet normal 0.997857 0.065428 0
    outer loop
      vertex 4.3 5.5 0
      vertex 4.31027 5.34337 2.4
      vertex 4.31027 5.34337 0
    endloop
  endfacet
  facet normal 0.89686 -0.442314 0
    outer loop
      vertex 4.39134 5.95922 2.4
      vertex 4.46077 6.1 0
      vertex 4.46077 6.1 2.4
    endloop
  endfacet
  facet normal 0.89686 -0.442314 0
    outer loop
      vertex 4.46077 6.1 0
      vertex 4.39134 5.95922 2.4
      vertex 4.39134 5.95922 0
    endloop
  endfacet
  facet normal -0.831452 0.555597 0
    outer loop
      vertex 6.45202 4.76949 0
      vertex 6.53923 4.9 2.4
      vertex 6.53923 4.9 0
    endloop
  endfacet
  facet normal -0.831452 0.555597 0
    outer loop
      vertex 6.53923 4.9 2.4
      vertex 6.45202 4.76949 0
      vertex 6.45202 4.76949 2.4
    endloop
  endfacet
  facet normal 0.997857 -0.065428 0
    outer loop
      vertex 4.3 5.5 2.4
      vertex 4.31027 5.65663 0
      vertex 4.31027 5.65663 2.4
    endloop
  endfacet
  facet normal 0.997857 -0.065428 0
    outer loop
      vertex 4.31027 5.65663 0
      vertex 4.3 5.5 2.4
      vertex 4.3 5.5 0
    endloop
  endfacet
  facet normal -0.195075 -0.980788 0
    outer loop
      vertex 5.65663 6.68973 0
      vertex 5.81058 6.65911 2.4
      vertex 5.65663 6.68973 2.4
    endloop
  endfacet
  facet normal -0.195075 -0.980788 -0
    outer loop
      vertex 5.81058 6.65911 2.4
      vertex 5.65663 6.68973 0
      vertex 5.81058 6.65911 0
    endloop
  endfacet
  facet normal 0.442314 0.89686 -0
    outer loop
      vertex 5.04078 4.39134 0
      vertex 4.9 4.46077 2.4
      vertex 5.04078 4.39134 2.4
    endloop
  endfacet
  facet normal 0.442314 0.89686 0
    outer loop
      vertex 4.9 4.46077 2.4
      vertex 5.04078 4.39134 0
      vertex 4.9 4.46077 0
    endloop
  endfacet
  facet normal 0.32146 -0.946923 0
    outer loop
      vertex 5.04078 6.60865 0
      vertex 5.18942 6.65911 2.4
      vertex 5.04078 6.60865 2.4
    endloop
  endfacet
  facet normal 0.32146 -0.946923 0
    outer loop
      vertex 5.18942 6.65911 2.4
      vertex 5.04078 6.60865 0
      vertex 5.18942 6.65911 0
    endloop
  endfacet
  facet normal -0.065428 0.997857 0
    outer loop
      vertex 5.65663 4.31027 0
      vertex 5.5 4.3 2.4
      vertex 5.65663 4.31027 2.4
    endloop
  endfacet
  facet normal -0.065428 0.997857 0
    outer loop
      vertex 5.5 4.3 2.4
      vertex 5.65663 4.31027 0
      vertex 5.5 4.3 0
    endloop
  endfacet
  facet normal 0.980788 0.195075 0
    outer loop
      vertex 4.34089 5.18942 2.4
      vertex 4.31027 5.34337 0
      vertex 4.31027 5.34337 2.4
    endloop
  endfacet
  facet normal 0.980788 0.195075 0
    outer loop
      vertex 4.31027 5.34337 0
      vertex 4.34089 5.18942 2.4
      vertex 4.34089 5.18942 0
    endloop
  endfacet
  facet normal 0.89686 0.442314 0
    outer loop
      vertex 4.46077 4.9 2.4
      vertex 4.39134 5.04078 0
      vertex 4.39134 5.04078 2.4
    endloop
  endfacet
  facet normal 0.89686 0.442314 0
    outer loop
      vertex 4.39134 5.04078 0
      vertex 4.46077 4.9 2.4
      vertex 4.46077 4.9 0
    endloop
  endfacet
  facet normal 0.946943 0.321402 0
    outer loop
      vertex 4.39134 5.04078 2.4
      vertex 4.34089 5.18942 0
      vertex 4.34089 5.18942 2.4
    endloop
  endfacet
  facet normal 0.946943 0.321402 0
    outer loop
      vertex 4.34089 5.18942 0
      vertex 4.39134 5.04078 2.4
      vertex 4.39134 5.04078 0
    endloop
  endfacet
  facet normal 0.065428 -0.997857 0
    outer loop
      vertex 5.34337 6.68973 0
      vertex 5.5 6.7 2.4
      vertex 5.34337 6.68973 2.4
    endloop
  endfacet
  facet normal 0.065428 -0.997857 0
    outer loop
      vertex 5.5 6.7 2.4
      vertex 5.34337 6.68973 0
      vertex 5.5 6.7 0
    endloop
  endfacet
  facet normal 0.195075 0.980788 -0
    outer loop
      vertex 5.34337 4.31027 0
      vertex 5.18942 4.34089 2.4
      vertex 5.34337 4.31027 2.4
    endloop
  endfacet
  facet normal 0.195075 0.980788 0
    outer loop
      vertex 5.18942 4.34089 2.4
      vertex 5.34337 4.31027 0
      vertex 5.18942 4.34089 0
    endloop
  endfacet
  facet normal 0.065428 0.997857 -0
    outer loop
      vertex 5.5 4.3 0
      vertex 5.34337 4.31027 2.4
      vertex 5.5 4.3 2.4
    endloop
  endfacet
  facet normal 0.065428 0.997857 0
    outer loop
      vertex 5.34337 4.31027 2.4
      vertex 5.5 4.3 0
      vertex 5.34337 4.31027 0
    endloop
  endfacet
  facet normal 0.659307 0.751874 -0
    outer loop
      vertex 4.76949 4.54798 0
      vertex 4.65147 4.65147 2.4
      vertex 4.76949 4.54798 2.4
    endloop
  endfacet
  facet normal 0.659307 0.751874 0
    outer loop
      vertex 4.65147 4.65147 2.4
      vertex 4.76949 4.54798 0
      vertex 4.65147 4.65147 0
    endloop
  endfacet
  facet normal 0.831452 -0.555597 0
    outer loop
      vertex 4.46077 6.1 2.4
      vertex 4.54798 6.23051 0
      vertex 4.54798 6.23051 2.4
    endloop
  endfacet
  facet normal 0.831452 -0.555597 0
    outer loop
      vertex 4.54798 6.23051 0
      vertex 4.46077 6.1 2.4
      vertex 4.46077 6.1 0
    endloop
  endfacet
  facet normal -0.442673 0.896683 0
    outer loop
      vertex 6.1 35.4608 0
      vertex 5.95922 35.3913 2.4
      vertex 6.1 35.4608 2.4
    endloop
  endfacet
  facet normal -0.442673 0.896683 0
    outer loop
      vertex 5.95922 35.3913 2.4
      vertex 6.1 35.4608 0
      vertex 5.95922 35.3913 0
    endloop
  endfacet
  facet normal -0.980801 -0.195014 0
    outer loop
      vertex 6.68973 36.6566 0
      vertex 6.65911 36.8106 2.4
      vertex 6.65911 36.8106 0
    endloop
  endfacet
  facet normal -0.980801 -0.195014 0
    outer loop
      vertex 6.65911 36.8106 2.4
      vertex 6.68973 36.6566 0
      vertex 6.68973 36.6566 2.4
    endloop
  endfacet
  facet normal -0.997856 -0.0654405 0
    outer loop
      vertex 6.7 36.5 0
      vertex 6.68973 36.6566 2.4
      vertex 6.68973 36.6566 0
    endloop
  endfacet
  facet normal -0.997856 -0.0654405 0
    outer loop
      vertex 6.68973 36.6566 2.4
      vertex 6.7 36.5 0
      vertex 6.7 36.5 2.4
    endloop
  endfacet
  facet normal -0.946897 -0.321537 0
    outer loop
      vertex 6.65911 36.8106 0
      vertex 6.60865 36.9592 2.4
      vertex 6.60865 36.9592 0
    endloop
  endfacet
  facet normal -0.946897 -0.321537 0
    outer loop
      vertex 6.60865 36.9592 2.4
      vertex 6.65911 36.8106 0
      vertex 6.65911 36.8106 2.4
    endloop
  endfacet
  facet normal -0.321117 -0.94704 0
    outer loop
      vertex 5.81058 37.6591 0
      vertex 5.95922 37.6087 2.4
      vertex 5.81058 37.6591 2.4
    endloop
  endfacet
  facet normal -0.321117 -0.94704 -0
    outer loop
      vertex 5.95922 37.6087 2.4
      vertex 5.81058 37.6591 0
      vertex 5.95922 37.6087 0
    endloop
  endfacet
  facet normal -0.555553 0.831481 0
    outer loop
      vertex 6.23051 35.548 0
      vertex 6.1 35.4608 2.4
      vertex 6.23051 35.548 2.4
    endloop
  endfacet
  facet normal -0.555553 0.831481 0
    outer loop
      vertex 6.1 35.4608 2.4
      vertex 6.23051 35.548 0
      vertex 6.1 35.4608 0
    endloop
  endfacet
  facet normal -0.321117 0.94704 0
    outer loop
      vertex 5.95922 35.3913 0
      vertex 5.81058 35.3409 2.4
      vertex 5.95922 35.3913 2.4
    endloop
  endfacet
  facet normal -0.321117 0.94704 0
    outer loop
      vertex 5.81058 35.3409 2.4
      vertex 5.95922 35.3913 0
      vertex 5.81058 35.3409 0
    endloop
  endfacet
  facet normal 0.946916 -0.32148 0
    outer loop
      vertex 4.34089 36.8106 2.4
      vertex 4.39134 36.9592 0
      vertex 4.39134 36.9592 2.4
    endloop
  endfacet
  facet normal 0.946916 -0.32148 0
    outer loop
      vertex 4.39134 36.9592 0
      vertex 4.34089 36.8106 2.4
      vertex 4.34089 36.8106 0
    endloop
  endfacet
  facet normal -0.89691 -0.442212 0
    outer loop
      vertex 6.60865 36.9592 0
      vertex 6.53923 37.1 2.4
      vertex 6.53923 37.1 0
    endloop
  endfacet
  facet normal -0.89691 -0.442212 0
    outer loop
      vertex 6.53923 37.1 2.4
      vertex 6.60865 36.9592 0
      vertex 6.60865 36.9592 2.4
    endloop
  endfacet
  facet normal -0.751818 0.65937 0
    outer loop
      vertex 6.34853 35.6515 0
      vertex 6.45202 35.7695 2.4
      vertex 6.45202 35.7695 0
    endloop
  endfacet
  facet normal -0.751818 0.65937 0
    outer loop
      vertex 6.45202 35.7695 2.4
      vertex 6.34853 35.6515 0
      vertex 6.34853 35.6515 2.4
    endloop
  endfacet
  facet normal -0.946897 0.321537 0
    outer loop
      vertex 6.60865 36.0408 0
      vertex 6.65911 36.1894 2.4
      vertex 6.65911 36.1894 0
    endloop
  endfacet
  facet normal -0.946897 0.321537 0
    outer loop
      vertex 6.65911 36.1894 2.4
      vertex 6.60865 36.0408 0
      vertex 6.60865 36.0408 2.4
    endloop
  endfacet
  facet normal 0.751818 0.65937 0
    outer loop
      vertex 4.65147 35.6515 2.4
      vertex 4.54798 35.7695 0
      vertex 4.54798 35.7695 2.4
    endloop
  endfacet
  facet normal 0.751818 0.65937 0
    outer loop
      vertex 4.54798 35.7695 0
      vertex 4.65147 35.6515 2.4
      vertex 4.65147 35.6515 0
    endloop
  endfacet
  facet normal 0.751818 -0.65937 0
    outer loop
      vertex 4.54798 37.2305 2.4
      vertex 4.65147 37.3485 0
      vertex 4.65147 37.3485 2.4
    endloop
  endfacet
  facet normal 0.751818 -0.65937 0
    outer loop
      vertex 4.65147 37.3485 0
      vertex 4.54798 37.2305 2.4
      vertex 4.54798 37.2305 0
    endloop
  endfacet
  facet normal -0.89691 0.442212 0
    outer loop
      vertex 6.53923 35.9 0
      vertex 6.60865 36.0408 2.4
      vertex 6.60865 36.0408 0
    endloop
  endfacet
  facet normal -0.89691 0.442212 0
    outer loop
      vertex 6.60865 36.0408 2.4
      vertex 6.53923 35.9 0
      vertex 6.53923 35.9 2.4
    endloop
  endfacet
  facet normal 0.980801 -0.195014 0
    outer loop
      vertex 4.31027 36.6566 2.4
      vertex 4.34089 36.8106 0
      vertex 4.34089 36.8106 2.4
    endloop
  endfacet
  facet normal 0.980801 -0.195014 0
    outer loop
      vertex 4.34089 36.8106 0
      vertex 4.31027 36.6566 2.4
      vertex 4.31027 36.6566 0
    endloop
  endfacet
  facet normal 0.442673 -0.896683 0
    outer loop
      vertex 4.9 37.5392 0
      vertex 5.04078 37.6087 2.4
      vertex 4.9 37.5392 2.4
    endloop
  endfacet
  facet normal 0.442673 -0.896683 0
    outer loop
      vertex 5.04078 37.6087 2.4
      vertex 4.9 37.5392 0
      vertex 5.04078 37.6087 0
    endloop
  endfacet
  facet normal -0.555553 -0.831481 0
    outer loop
      vertex 6.1 37.5392 0
      vertex 6.23051 37.452 2.4
      vertex 6.1 37.5392 2.4
    endloop
  endfacet
  facet normal -0.555553 -0.831481 -0
    outer loop
      vertex 6.23051 37.452 2.4
      vertex 6.1 37.5392 0
      vertex 6.23051 37.452 0
    endloop
  endfacet
  facet normal -0.0656183 -0.997845 0
    outer loop
      vertex 5.5 37.7 0
      vertex 5.65663 37.6897 2.4
      vertex 5.5 37.7 2.4
    endloop
  endfacet
  facet normal -0.0656183 -0.997845 -0
    outer loop
      vertex 5.65663 37.6897 2.4
      vertex 5.5 37.7 0
      vertex 5.65663 37.6897 0
    endloop
  endfacet
  facet normal -0.194952 0.980813 0
    outer loop
      vertex 5.81058 35.3409 0
      vertex 5.65663 35.3103 2.4
      vertex 5.81058 35.3409 2.4
    endloop
  endfacet
  facet normal -0.194952 0.980813 0
    outer loop
      vertex 5.65663 35.3103 2.4
      vertex 5.81058 35.3409 0
      vertex 5.65663 35.3103 0
    endloop
  endfacet
  facet normal 0.194952 -0.980813 0
    outer loop
      vertex 5.18942 37.6591 0
      vertex 5.34337 37.6897 2.4
      vertex 5.18942 37.6591 2.4
    endloop
  endfacet
  facet normal 0.194952 -0.980813 0
    outer loop
      vertex 5.34337 37.6897 2.4
      vertex 5.18942 37.6591 0
      vertex 5.34337 37.6897 0
    endloop
  endfacet
  facet normal -0.751818 -0.65937 0
    outer loop
      vertex 6.45202 37.2305 0
      vertex 6.34853 37.3485 2.4
      vertex 6.34853 37.3485 0
    endloop
  endfacet
  facet normal -0.751818 -0.65937 0
    outer loop
      vertex 6.34853 37.3485 2.4
      vertex 6.45202 37.2305 0
      vertex 6.45202 37.2305 2.4
    endloop
  endfacet
  facet normal -0.442673 -0.896683 0
    outer loop
      vertex 5.95922 37.6087 0
      vertex 6.1 37.5392 2.4
      vertex 5.95922 37.6087 2.4
    endloop
  endfacet
  facet normal -0.442673 -0.896683 -0
    outer loop
      vertex 6.1 37.5392 2.4
      vertex 5.95922 37.6087 0
      vertex 6.1 37.5392 0
    endloop
  endfacet
  facet normal 0.555553 -0.831481 0
    outer loop
      vertex 4.76949 37.452 0
      vertex 4.9 37.5392 2.4
      vertex 4.76949 37.452 2.4
    endloop
  endfacet
  facet normal 0.555553 -0.831481 0
    outer loop
      vertex 4.9 37.5392 2.4
      vertex 4.76949 37.452 0
      vertex 4.9 37.5392 0
    endloop
  endfacet
  facet normal -0.659343 -0.751842 0
    outer loop
      vertex 6.23051 37.452 0
      vertex 6.34853 37.3485 2.4
      vertex 6.23051 37.452 2.4
    endloop
  endfacet
  facet normal -0.659343 -0.751842 -0
    outer loop
      vertex 6.34853 37.3485 2.4
      vertex 6.23051 37.452 0
      vertex 6.34853 37.3485 0
    endloop
  endfacet
  facet normal -0.980801 0.195014 0
    outer loop
      vertex 6.65911 36.1894 0
      vertex 6.68973 36.3434 2.4
      vertex 6.68973 36.3434 0
    endloop
  endfacet
  facet normal -0.980801 0.195014 0
    outer loop
      vertex 6.68973 36.3434 2.4
      vertex 6.65911 36.1894 0
      vertex 6.65911 36.1894 2.4
    endloop
  endfacet
  facet normal -0.831432 -0.555626 0
    outer loop
      vertex 6.53923 37.1 0
      vertex 6.45202 37.2305 2.4
      vertex 6.45202 37.2305 0
    endloop
  endfacet
  facet normal -0.831432 -0.555626 0
    outer loop
      vertex 6.45202 37.2305 2.4
      vertex 6.53923 37.1 0
      vertex 6.53923 37.1 2.4
    endloop
  endfacet
  facet normal -0.997856 0.0654405 0
    outer loop
      vertex 6.68973 36.3434 0
      vertex 6.7 36.5 2.4
      vertex 6.7 36.5 0
    endloop
  endfacet
  facet normal -0.997856 0.0654405 0
    outer loop
      vertex 6.7 36.5 2.4
      vertex 6.68973 36.3434 0
      vertex 6.68973 36.3434 2.4
    endloop
  endfacet
  facet normal 0.321117 0.94704 -0
    outer loop
      vertex 5.18942 35.3409 0
      vertex 5.04078 35.3913 2.4
      vertex 5.18942 35.3409 2.4
    endloop
  endfacet
  facet normal 0.321117 0.94704 0
    outer loop
      vertex 5.04078 35.3913 2.4
      vertex 5.18942 35.3409 0
      vertex 5.04078 35.3913 0
    endloop
  endfacet
  facet normal -0.659343 0.751842 0
    outer loop
      vertex 6.34853 35.6515 0
      vertex 6.23051 35.548 2.4
      vertex 6.34853 35.6515 2.4
    endloop
  endfacet
  facet normal -0.659343 0.751842 0
    outer loop
      vertex 6.23051 35.548 2.4
      vertex 6.34853 35.6515 0
      vertex 6.23051 35.548 0
    endloop
  endfacet
  facet normal 0.659343 -0.751842 0
    outer loop
      vertex 4.65147 37.3485 0
      vertex 4.76949 37.452 2.4
      vertex 4.65147 37.3485 2.4
    endloop
  endfacet
  facet normal 0.659343 -0.751842 0
    outer loop
      vertex 4.76949 37.452 2.4
      vertex 4.65147 37.3485 0
      vertex 4.76949 37.452 0
    endloop
  endfacet
  facet normal 0.831432 0.555626 0
    outer loop
      vertex 4.54798 35.7695 2.4
      vertex 4.46077 35.9 0
      vertex 4.46077 35.9 2.4
    endloop
  endfacet
  facet normal 0.831432 0.555626 0
    outer loop
      vertex 4.46077 35.9 0
      vertex 4.54798 35.7695 2.4
      vertex 4.54798 35.7695 0
    endloop
  endfacet
  facet normal 0.555553 0.831481 -0
    outer loop
      vertex 4.9 35.4608 0
      vertex 4.76949 35.548 2.4
      vertex 4.9 35.4608 2.4
    endloop
  endfacet
  facet normal 0.555553 0.831481 0
    outer loop
      vertex 4.76949 35.548 2.4
      vertex 4.9 35.4608 0
      vertex 4.76949 35.548 0
    endloop
  endfacet
  facet normal 0.997856 0.0654405 0
    outer loop
      vertex 4.31027 36.3434 2.4
      vertex 4.3 36.5 0
      vertex 4.3 36.5 2.4
    endloop
  endfacet
  facet normal 0.997856 0.0654405 0
    outer loop
      vertex 4.3 36.5 0
      vertex 4.31027 36.3434 2.4
      vertex 4.31027 36.3434 0
    endloop
  endfacet
  facet normal 0.896885 -0.442264 0
    outer loop
      vertex 4.39134 36.9592 2.4
      vertex 4.46077 37.1 0
      vertex 4.46077 37.1 2.4
    endloop
  endfacet
  facet normal 0.896885 -0.442264 0
    outer loop
      vertex 4.46077 37.1 0
      vertex 4.39134 36.9592 2.4
      vertex 4.39134 36.9592 0
    endloop
  endfacet
  facet normal -0.831432 0.555626 0
    outer loop
      vertex 6.45202 35.7695 0
      vertex 6.53923 35.9 2.4
      vertex 6.53923 35.9 0
    endloop
  endfacet
  facet normal -0.831432 0.555626 0
    outer loop
      vertex 6.53923 35.9 2.4
      vertex 6.45202 35.7695 0
      vertex 6.45202 35.7695 2.4
    endloop
  endfacet
  facet normal 0.997856 -0.0654405 0
    outer loop
      vertex 4.3 36.5 2.4
      vertex 4.31027 36.6566 0
      vertex 4.31027 36.6566 2.4
    endloop
  endfacet
  facet normal 0.997856 -0.0654405 0
    outer loop
      vertex 4.31027 36.6566 0
      vertex 4.3 36.5 2.4
      vertex 4.3 36.5 0
    endloop
  endfacet
  facet normal -0.194952 -0.980813 0
    outer loop
      vertex 5.65663 37.6897 0
      vertex 5.81058 37.6591 2.4
      vertex 5.65663 37.6897 2.4
    endloop
  endfacet
  facet normal -0.194952 -0.980813 -0
    outer loop
      vertex 5.81058 37.6591 2.4
      vertex 5.65663 37.6897 0
      vertex 5.81058 37.6591 0
    endloop
  endfacet
  facet normal 0.442673 0.896683 -0
    outer loop
      vertex 5.04078 35.3913 0
      vertex 4.9 35.4608 2.4
      vertex 5.04078 35.3913 2.4
    endloop
  endfacet
  facet normal 0.442673 0.896683 0
    outer loop
      vertex 4.9 35.4608 2.4
      vertex 5.04078 35.3913 0
      vertex 4.9 35.4608 0
    endloop
  endfacet
  facet normal 0.321117 -0.94704 0
    outer loop
      vertex 5.04078 37.6087 0
      vertex 5.18942 37.6591 2.4
      vertex 5.04078 37.6087 2.4
    endloop
  endfacet
  facet normal 0.321117 -0.94704 0
    outer loop
      vertex 5.18942 37.6591 2.4
      vertex 5.04078 37.6087 0
      vertex 5.18942 37.6591 0
    endloop
  endfacet
  facet normal -0.0656183 0.997845 0
    outer loop
      vertex 5.65663 35.3103 0
      vertex 5.5 35.3 2.4
      vertex 5.65663 35.3103 2.4
    endloop
  endfacet
  facet normal -0.0656183 0.997845 0
    outer loop
      vertex 5.5 35.3 2.4
      vertex 5.65663 35.3103 0
      vertex 5.5 35.3 0
    endloop
  endfacet
  facet normal 0.980801 0.195014 0
    outer loop
      vertex 4.34089 36.1894 2.4
      vertex 4.31027 36.3434 0
      vertex 4.31027 36.3434 2.4
    endloop
  endfacet
  facet normal 0.980801 0.195014 0
    outer loop
      vertex 4.31027 36.3434 0
      vertex 4.34089 36.1894 2.4
      vertex 4.34089 36.1894 0
    endloop
  endfacet
  facet normal 0.896885 0.442264 0
    outer loop
      vertex 4.46077 35.9 2.4
      vertex 4.39134 36.0408 0
      vertex 4.39134 36.0408 2.4
    endloop
  endfacet
  facet normal 0.896885 0.442264 0
    outer loop
      vertex 4.39134 36.0408 0
      vertex 4.46077 35.9 2.4
      vertex 4.46077 35.9 0
    endloop
  endfacet
  facet normal 0.946916 0.32148 0
    outer loop
      vertex 4.39134 36.0408 2.4
      vertex 4.34089 36.1894 0
      vertex 4.34089 36.1894 2.4
    endloop
  endfacet
  facet normal 0.946916 0.32148 0
    outer loop
      vertex 4.34089 36.1894 0
      vertex 4.39134 36.0408 2.4
      vertex 4.39134 36.0408 0
    endloop
  endfacet
  facet normal 0.0656183 -0.997845 0
    outer loop
      vertex 5.34337 37.6897 0
      vertex 5.5 37.7 2.4
      vertex 5.34337 37.6897 2.4
    endloop
  endfacet
  facet normal 0.0656183 -0.997845 0
    outer loop
      vertex 5.5 37.7 2.4
      vertex 5.34337 37.6897 0
      vertex 5.5 37.7 0
    endloop
  endfacet
  facet normal 0.194952 0.980813 -0
    outer loop
      vertex 5.34337 35.3103 0
      vertex 5.18942 35.3409 2.4
      vertex 5.34337 35.3103 2.4
    endloop
  endfacet
  facet normal 0.194952 0.980813 0
    outer loop
      vertex 5.18942 35.3409 2.4
      vertex 5.34337 35.3103 0
      vertex 5.18942 35.3409 0
    endloop
  endfacet
  facet normal 0.0656183 0.997845 -0
    outer loop
      vertex 5.5 35.3 0
      vertex 5.34337 35.3103 2.4
      vertex 5.5 35.3 2.4
    endloop
  endfacet
  facet normal 0.0656183 0.997845 0
    outer loop
      vertex 5.34337 35.3103 2.4
      vertex 5.5 35.3 0
      vertex 5.34337 35.3103 0
    endloop
  endfacet
  facet normal 0.659343 0.751842 -0
    outer loop
      vertex 4.76949 35.548 0
      vertex 4.65147 35.6515 2.4
      vertex 4.76949 35.548 2.4
    endloop
  endfacet
  facet normal 0.659343 0.751842 0
    outer loop
      vertex 4.65147 35.6515 2.4
      vertex 4.76949 35.548 0
      vertex 4.65147 35.6515 0
    endloop
  endfacet
  facet normal 0.831432 -0.555626 0
    outer loop
      vertex 4.46077 37.1 2.4
      vertex 4.54798 37.2305 0
      vertex 4.54798 37.2305 2.4
    endloop
  endfacet
  facet normal 0.831432 -0.555626 0
    outer loop
      vertex 4.54798 37.2305 0
      vertex 4.46077 37.1 2.4
      vertex 4.46077 37.1 0
    endloop
  endfacet
  facet normal -0.442264 0.896885 0
    outer loop
      vertex 100.1 4.46077 0
      vertex 99.9592 4.39134 2.4
      vertex 100.1 4.46077 2.4
    endloop
  endfacet
  facet normal -0.442264 0.896885 0
    outer loop
      vertex 99.9592 4.39134 2.4
      vertex 100.1 4.46077 0
      vertex 99.9592 4.39134 0
    endloop
  endfacet
  facet normal -0.980323 -0.197402 0
    outer loop
      vertex 100.69 5.65663 0
      vertex 100.659 5.81058 2.4
      vertex 100.659 5.81058 0
    endloop
  endfacet
  facet normal -0.980323 -0.197402 0
    outer loop
      vertex 100.659 5.81058 2.4
      vertex 100.69 5.65663 0
      vertex 100.69 5.65663 2.4
    endloop
  endfacet
  facet normal -0.997968 -0.063715 0
    outer loop
      vertex 100.7 5.5 0
      vertex 100.69 5.65663 2.4
      vertex 100.69 5.65663 0
    endloop
  endfacet
  facet normal -0.997968 -0.063715 0
    outer loop
      vertex 100.69 5.65663 2.4
      vertex 100.7 5.5 0
      vertex 100.7 5.5 2.4
    endloop
  endfacet
  facet normal -0.947813 -0.318828 0
    outer loop
      vertex 100.659 5.81058 0
      vertex 100.609 5.95922 2.4
      vertex 100.609 5.95922 0
    endloop
  endfacet
  facet normal -0.947813 -0.318828 0
    outer loop
      vertex 100.609 5.95922 2.4
      vertex 100.659 5.81058 0
      vertex 100.659 5.81058 2.4
    endloop
  endfacet
  facet normal -0.321537 -0.946897 0
    outer loop
      vertex 99.8106 6.65911 0
      vertex 99.9592 6.60865 2.4
      vertex 99.8106 6.65911 2.4
    endloop
  endfacet
  facet normal -0.321537 -0.946897 -0
    outer loop
      vertex 99.9592 6.60865 2.4
      vertex 99.8106 6.65911 0
      vertex 99.9592 6.60865 0
    endloop
  endfacet
  facet normal -0.554158 0.832412 0
    outer loop
      vertex 100.231 4.54798 0
      vertex 100.1 4.46077 2.4
      vertex 100.231 4.54798 2.4
    endloop
  endfacet
  facet normal -0.554158 0.832412 0
    outer loop
      vertex 100.1 4.46077 2.4
      vertex 100.231 4.54798 0
      vertex 100.1 4.46077 0
    endloop
  endfacet
  facet normal -0.32148 0.946916 0
    outer loop
      vertex 99.9592 4.39134 0
      vertex 99.8106 4.34089 2.4
      vertex 99.9592 4.39134 2.4
    endloop
  endfacet
  facet normal -0.32148 0.946916 0
    outer loop
      vertex 99.8106 4.34089 2.4
      vertex 99.9592 4.39134 0
      vertex 99.8106 4.34089 0
    endloop
  endfacet
  facet normal 0.94704 -0.321117 0
    outer loop
      vertex 98.3409 5.81058 2.4
      vertex 98.3913 5.95922 0
      vertex 98.3913 5.95922 2.4
    endloop
  endfacet
  facet normal 0.94704 -0.321117 0
    outer loop
      vertex 98.3913 5.95922 0
      vertex 98.3409 5.81058 2.4
      vertex 98.3409 5.81058 0
    endloop
  endfacet
  facet normal -0.895417 -0.445228 0
    outer loop
      vertex 100.609 5.95922 0
      vertex 100.539 6.1 2.4
      vertex 100.539 6.1 0
    endloop
  endfacet
  facet normal -0.895417 -0.445228 0
    outer loop
      vertex 100.539 6.1 2.4
      vertex 100.609 5.95922 0
      vertex 100.609 5.95922 2.4
    endloop
  endfacet
  facet normal -0.753422 0.657537 0
    outer loop
      vertex 100.349 4.65147 0
      vertex 100.452 4.76949 2.4
      vertex 100.452 4.76949 0
    endloop
  endfacet
  facet normal -0.753422 0.657537 0
    outer loop
      vertex 100.452 4.76949 2.4
      vertex 100.349 4.65147 0
      vertex 100.349 4.65147 2.4
    endloop
  endfacet
  facet normal -0.947813 0.318828 0
    outer loop
      vertex 100.609 5.04078 0
      vertex 100.659 5.18942 2.4
      vertex 100.659 5.18942 0
    endloop
  endfacet
  facet normal -0.947813 0.318828 0
    outer loop
      vertex 100.659 5.18942 2.4
      vertex 100.609 5.04078 0
      vertex 100.609 5.04078 2.4
    endloop
  endfacet
  facet normal 0.751842 0.659343 0
    outer loop
      vertex 98.6515 4.65147 2.4
      vertex 98.548 4.76949 0
      vertex 98.548 4.76949 2.4
    endloop
  endfacet
  facet normal 0.751842 0.659343 0
    outer loop
      vertex 98.548 4.76949 0
      vertex 98.6515 4.65147 2.4
      vertex 98.6515 4.65147 0
    endloop
  endfacet
  facet normal 0.751842 -0.659343 0
    outer loop
      vertex 98.548 6.23051 2.4
      vertex 98.6515 6.34853 0
      vertex 98.6515 6.34853 2.4
    endloop
  endfacet
  facet normal 0.751842 -0.659343 0
    outer loop
      vertex 98.6515 6.34853 0
      vertex 98.548 6.23051 2.4
      vertex 98.548 6.23051 0
    endloop
  endfacet
  facet normal -0.895417 0.445228 0
    outer loop
      vertex 100.539 4.9 0
      vertex 100.609 5.04078 2.4
      vertex 100.609 5.04078 0
    endloop
  endfacet
  facet normal -0.895417 0.445228 0
    outer loop
      vertex 100.609 5.04078 2.4
      vertex 100.539 4.9 0
      vertex 100.539 4.9 2.4
    endloop
  endfacet
  facet normal 0.980813 -0.194952 0
    outer loop
      vertex 98.3103 5.65663 2.4
      vertex 98.3409 5.81058 0
      vertex 98.3409 5.81058 2.4
    endloop
  endfacet
  facet normal 0.980813 -0.194952 0
    outer loop
      vertex 98.3409 5.81058 0
      vertex 98.3103 5.65663 2.4
      vertex 98.3103 5.65663 0
    endloop
  endfacet
  facet normal 0.442212 -0.89691 0
    outer loop
      vertex 98.9 6.53923 0
      vertex 99.0408 6.60865 2.4
      vertex 98.9 6.53923 2.4
    endloop
  endfacet
  facet normal 0.442212 -0.89691 0
    outer loop
      vertex 99.0408 6.60865 2.4
      vertex 98.9 6.53923 0
      vertex 99.0408 6.60865 0
    endloop
  endfacet
  facet normal -0.554158 -0.832412 0
    outer loop
      vertex 100.1 6.53923 0
      vertex 100.231 6.45202 2.4
      vertex 100.1 6.53923 2.4
    endloop
  endfacet
  facet normal -0.554158 -0.832412 -0
    outer loop
      vertex 100.231 6.45202 2.4
      vertex 100.1 6.53923 0
      vertex 100.231 6.45202 0
    endloop
  endfacet
  facet normal -0.0654405 -0.997856 0
    outer loop
      vertex 99.5 6.7 0
      vertex 99.6566 6.68973 2.4
      vertex 99.5 6.7 2.4
    endloop
  endfacet
  facet normal -0.0654405 -0.997856 -0
    outer loop
      vertex 99.6566 6.68973 2.4
      vertex 99.5 6.7 0
      vertex 99.6566 6.68973 0
    endloop
  endfacet
  facet normal -0.195014 0.980801 0
    outer loop
      vertex 99.8106 4.34089 0
      vertex 99.6566 4.31027 2.4
      vertex 99.8106 4.34089 2.4
    endloop
  endfacet
  facet normal -0.195014 0.980801 0
    outer loop
      vertex 99.6566 4.31027 2.4
      vertex 99.8106 4.34089 0
      vertex 99.6566 4.31027 0
    endloop
  endfacet
  facet normal 0.195014 -0.980801 0
    outer loop
      vertex 99.1894 6.65911 0
      vertex 99.3434 6.68973 2.4
      vertex 99.1894 6.65911 2.4
    endloop
  endfacet
  facet normal 0.195014 -0.980801 0
    outer loop
      vertex 99.3434 6.68973 2.4
      vertex 99.1894 6.65911 0
      vertex 99.3434 6.68973 0
    endloop
  endfacet
  facet normal -0.753422 -0.657537 0
    outer loop
      vertex 100.452 6.23051 0
      vertex 100.349 6.34853 2.4
      vertex 100.349 6.34853 0
    endloop
  endfacet
  facet normal -0.753422 -0.657537 0
    outer loop
      vertex 100.349 6.34853 2.4
      vertex 100.452 6.23051 0
      vertex 100.452 6.23051 2.4
    endloop
  endfacet
  facet normal -0.442212 -0.89691 0
    outer loop
      vertex 99.9592 6.60865 0
      vertex 100.1 6.53923 2.4
      vertex 99.9592 6.60865 2.4
    endloop
  endfacet
  facet normal -0.442212 -0.89691 -0
    outer loop
      vertex 100.1 6.53923 2.4
      vertex 99.9592 6.60865 0
      vertex 100.1 6.53923 0
    endloop
  endfacet
  facet normal 0.555626 -0.831432 0
    outer loop
      vertex 98.7695 6.45202 0
      vertex 98.9 6.53923 2.4
      vertex 98.7695 6.45202 2.4
    endloop
  endfacet
  facet normal 0.555626 -0.831432 0
    outer loop
      vertex 98.9 6.53923 2.4
      vertex 98.7695 6.45202 0
      vertex 98.9 6.53923 0
    endloop
  endfacet
  facet normal -0.65937 -0.751818 0
    outer loop
      vertex 100.231 6.45202 0
      vertex 100.349 6.34853 2.4
      vertex 100.231 6.45202 2.4
    endloop
  endfacet
  facet normal -0.65937 -0.751818 -0
    outer loop
      vertex 100.349 6.34853 2.4
      vertex 100.231 6.45202 0
      vertex 100.349 6.34853 0
    endloop
  endfacet
  facet normal -0.980323 0.197402 0
    outer loop
      vertex 100.659 5.18942 0
      vertex 100.69 5.34337 2.4
      vertex 100.69 5.34337 0
    endloop
  endfacet
  facet normal -0.980323 0.197402 0
    outer loop
      vertex 100.69 5.34337 2.4
      vertex 100.659 5.18942 0
      vertex 100.659 5.18942 2.4
    endloop
  endfacet
  facet normal -0.83207 -0.554671 0
    outer loop
      vertex 100.539 6.1 0
      vertex 100.452 6.23051 2.4
      vertex 100.452 6.23051 0
    endloop
  endfacet
  facet normal -0.83207 -0.554671 0
    outer loop
      vertex 100.452 6.23051 2.4
      vertex 100.539 6.1 0
      vertex 100.539 6.1 2.4
    endloop
  endfacet
  facet normal -0.997968 0.063715 0
    outer loop
      vertex 100.69 5.34337 0
      vertex 100.7 5.5 2.4
      vertex 100.7 5.5 0
    endloop
  endfacet
  facet normal -0.997968 0.063715 0
    outer loop
      vertex 100.7 5.5 2.4
      vertex 100.69 5.34337 0
      vertex 100.69 5.34337 2.4
    endloop
  endfacet
  facet normal 0.32148 0.946916 -0
    outer loop
      vertex 99.1894 4.34089 0
      vertex 99.0408 4.39134 2.4
      vertex 99.1894 4.34089 2.4
    endloop
  endfacet
  facet normal 0.32148 0.946916 0
    outer loop
      vertex 99.0408 4.39134 2.4
      vertex 99.1894 4.34089 0
      vertex 99.0408 4.39134 0
    endloop
  endfacet
  facet normal -0.65937 0.751818 0
    outer loop
      vertex 100.349 4.65147 0
      vertex 100.231 4.54798 2.4
      vertex 100.349 4.65147 2.4
    endloop
  endfacet
  facet normal -0.65937 0.751818 0
    outer loop
      vertex 100.231 4.54798 2.4
      vertex 100.349 4.65147 0
      vertex 100.231 4.54798 0
    endloop
  endfacet
  facet normal 0.65937 -0.751818 0
    outer loop
      vertex 98.6515 6.34853 0
      vertex 98.7695 6.45202 2.4
      vertex 98.6515 6.34853 2.4
    endloop
  endfacet
  facet normal 0.65937 -0.751818 0
    outer loop
      vertex 98.7695 6.45202 2.4
      vertex 98.6515 6.34853 0
      vertex 98.7695 6.45202 0
    endloop
  endfacet
  facet normal 0.831481 0.555553 0
    outer loop
      vertex 98.548 4.76949 2.4
      vertex 98.4608 4.9 0
      vertex 98.4608 4.9 2.4
    endloop
  endfacet
  facet normal 0.831481 0.555553 0
    outer loop
      vertex 98.4608 4.9 0
      vertex 98.548 4.76949 2.4
      vertex 98.548 4.76949 0
    endloop
  endfacet
  facet normal 0.555626 0.831432 -0
    outer loop
      vertex 98.9 4.46077 0
      vertex 98.7695 4.54798 2.4
      vertex 98.9 4.46077 2.4
    endloop
  endfacet
  facet normal 0.555626 0.831432 0
    outer loop
      vertex 98.7695 4.54798 2.4
      vertex 98.9 4.46077 0
      vertex 98.7695 4.54798 0
    endloop
  endfacet
  facet normal 0.997845 0.0656183 0
    outer loop
      vertex 98.3103 5.34337 2.4
      vertex 98.3 5.5 0
      vertex 98.3 5.5 2.4
    endloop
  endfacet
  facet normal 0.997845 0.0656183 0
    outer loop
      vertex 98.3 5.5 0
      vertex 98.3103 5.34337 2.4
      vertex 98.3103 5.34337 0
    endloop
  endfacet
  facet normal 0.896683 -0.442673 0
    outer loop
      vertex 98.3913 5.95922 2.4
      vertex 98.4608 6.1 0
      vertex 98.4608 6.1 2.4
    endloop
  endfacet
  facet normal 0.896683 -0.442673 0
    outer loop
      vertex 98.4608 6.1 0
      vertex 98.3913 5.95922 2.4
      vertex 98.3913 5.95922 0
    endloop
  endfacet
  facet normal -0.83207 0.554671 0
    outer loop
      vertex 100.452 4.76949 0
      vertex 100.539 4.9 2.4
      vertex 100.539 4.9 0
    endloop
  endfacet
  facet normal -0.83207 0.554671 0
    outer loop
      vertex 100.539 4.9 2.4
      vertex 100.452 4.76949 0
      vertex 100.452 4.76949 2.4
    endloop
  endfacet
  facet normal 0.997845 -0.0656183 0
    outer loop
      vertex 98.3 5.5 2.4
      vertex 98.3103 5.65663 0
      vertex 98.3103 5.65663 2.4
    endloop
  endfacet
  facet normal 0.997845 -0.0656183 0
    outer loop
      vertex 98.3103 5.65663 0
      vertex 98.3 5.5 2.4
      vertex 98.3 5.5 0
    endloop
  endfacet
  facet normal -0.195014 -0.980801 0
    outer loop
      vertex 99.6566 6.68973 0
      vertex 99.8106 6.65911 2.4
      vertex 99.6566 6.68973 2.4
    endloop
  endfacet
  facet normal -0.195014 -0.980801 -0
    outer loop
      vertex 99.8106 6.65911 2.4
      vertex 99.6566 6.68973 0
      vertex 99.8106 6.65911 0
    endloop
  endfacet
  facet normal 0.442264 0.896885 -0
    outer loop
      vertex 99.0408 4.39134 0
      vertex 98.9 4.46077 2.4
      vertex 99.0408 4.39134 2.4
    endloop
  endfacet
  facet normal 0.442264 0.896885 0
    outer loop
      vertex 98.9 4.46077 2.4
      vertex 99.0408 4.39134 0
      vertex 98.9 4.46077 0
    endloop
  endfacet
  facet normal 0.0654405 -0.997856 0
    outer loop
      vertex 99.3434 6.68973 0
      vertex 99.5 6.7 2.4
      vertex 99.3434 6.68973 2.4
    endloop
  endfacet
  facet normal 0.0654405 -0.997856 0
    outer loop
      vertex 99.5 6.7 2.4
      vertex 99.3434 6.68973 0
      vertex 99.5 6.7 0
    endloop
  endfacet
  facet normal 0.321537 -0.946897 0
    outer loop
      vertex 99.0408 6.60865 0
      vertex 99.1894 6.65911 2.4
      vertex 99.0408 6.60865 2.4
    endloop
  endfacet
  facet normal 0.321537 -0.946897 0
    outer loop
      vertex 99.1894 6.65911 2.4
      vertex 99.0408 6.60865 0
      vertex 99.1894 6.65911 0
    endloop
  endfacet
  facet normal -0.0654405 0.997856 0
    outer loop
      vertex 99.6566 4.31027 0
      vertex 99.5 4.3 2.4
      vertex 99.6566 4.31027 2.4
    endloop
  endfacet
  facet normal -0.0654405 0.997856 0
    outer loop
      vertex 99.5 4.3 2.4
      vertex 99.6566 4.31027 0
      vertex 99.5 4.3 0
    endloop
  endfacet
  facet normal 0.980813 0.194952 0
    outer loop
      vertex 98.3409 5.18942 2.4
      vertex 98.3103 5.34337 0
      vertex 98.3103 5.34337 2.4
    endloop
  endfacet
  facet normal 0.980813 0.194952 0
    outer loop
      vertex 98.3103 5.34337 0
      vertex 98.3409 5.18942 2.4
      vertex 98.3409 5.18942 0
    endloop
  endfacet
  facet normal 0.896683 0.442673 0
    outer loop
      vertex 98.4608 4.9 2.4
      vertex 98.3913 5.04078 0
      vertex 98.3913 5.04078 2.4
    endloop
  endfacet
  facet normal 0.896683 0.442673 0
    outer loop
      vertex 98.3913 5.04078 0
      vertex 98.4608 4.9 2.4
      vertex 98.4608 4.9 0
    endloop
  endfacet
  facet normal 0.94704 0.321117 0
    outer loop
      vertex 98.3913 5.04078 2.4
      vertex 98.3409 5.18942 0
      vertex 98.3409 5.18942 2.4
    endloop
  endfacet
  facet normal 0.94704 0.321117 0
    outer loop
      vertex 98.3409 5.18942 0
      vertex 98.3913 5.04078 2.4
      vertex 98.3913 5.04078 0
    endloop
  endfacet
  facet normal 0.195014 0.980801 -0
    outer loop
      vertex 99.3434 4.31027 0
      vertex 99.1894 4.34089 2.4
      vertex 99.3434 4.31027 2.4
    endloop
  endfacet
  facet normal 0.195014 0.980801 0
    outer loop
      vertex 99.1894 4.34089 2.4
      vertex 99.3434 4.31027 0
      vertex 99.1894 4.34089 0
    endloop
  endfacet
  facet normal 0.0654405 0.997856 -0
    outer loop
      vertex 99.5 4.3 0
      vertex 99.3434 4.31027 2.4
      vertex 99.5 4.3 2.4
    endloop
  endfacet
  facet normal 0.0654405 0.997856 0
    outer loop
      vertex 99.3434 4.31027 2.4
      vertex 99.5 4.3 0
      vertex 99.3434 4.31027 0
    endloop
  endfacet
  facet normal 0.65937 0.751818 -0
    outer loop
      vertex 98.7695 4.54798 0
      vertex 98.6515 4.65147 2.4
      vertex 98.7695 4.54798 2.4
    endloop
  endfacet
  facet normal 0.65937 0.751818 0
    outer loop
      vertex 98.6515 4.65147 2.4
      vertex 98.7695 4.54798 0
      vertex 98.6515 4.65147 0
    endloop
  endfacet
  facet normal 0.831481 -0.555553 0
    outer loop
      vertex 98.4608 6.1 2.4
      vertex 98.548 6.23051 0
      vertex 98.548 6.23051 2.4
    endloop
  endfacet
  facet normal 0.831481 -0.555553 0
    outer loop
      vertex 98.548 6.23051 0
      vertex 98.4608 6.1 2.4
      vertex 98.4608 6.1 0
    endloop
  endfacet
  facet normal -0.442622 0.896708 0
    outer loop
      vertex 100.1 35.4608 0
      vertex 99.9592 35.3913 2.4
      vertex 100.1 35.4608 2.4
    endloop
  endfacet
  facet normal -0.442622 0.896708 0
    outer loop
      vertex 99.9592 35.3913 2.4
      vertex 100.1 35.4608 0
      vertex 99.9592 35.3913 0
    endloop
  endfacet
  facet normal -0.980335 -0.19734 0
    outer loop
      vertex 100.69 36.6566 0
      vertex 100.659 36.8106 2.4
      vertex 100.659 36.8106 0
    endloop
  endfacet
  facet normal -0.980335 -0.19734 0
    outer loop
      vertex 100.659 36.8106 2.4
      vertex 100.69 36.6566 0
      vertex 100.69 36.6566 2.4
    endloop
  endfacet
  facet normal -0.997967 -0.0637272 0
    outer loop
      vertex 100.7 36.5 0
      vertex 100.69 36.6566 2.4
      vertex 100.69 36.6566 0
    endloop
  endfacet
  facet normal -0.997967 -0.0637272 0
    outer loop
      vertex 100.69 36.6566 2.4
      vertex 100.7 36.5 0
      vertex 100.7 36.5 2.4
    endloop
  endfacet
  facet normal -0.947787 -0.318905 0
    outer loop
      vertex 100.659 36.8106 0
      vertex 100.609 36.9592 2.4
      vertex 100.609 36.9592 0
    endloop
  endfacet
  facet normal -0.947787 -0.318905 0
    outer loop
      vertex 100.609 36.9592 2.4
      vertex 100.659 36.8106 0
      vertex 100.659 36.8106 2.4
    endloop
  endfacet
  facet normal -0.321194 -0.947013 0
    outer loop
      vertex 99.8106 37.6591 0
      vertex 99.9592 37.6087 2.4
      vertex 99.8106 37.6591 2.4
    endloop
  endfacet
  facet normal -0.321194 -0.947013 -0
    outer loop
      vertex 99.9592 37.6087 2.4
      vertex 99.8106 37.6591 0
      vertex 99.9592 37.6087 0
    endloop
  endfacet
  facet normal -0.554113 0.832441 0
    outer loop
      vertex 100.231 35.548 0
      vertex 100.1 35.4608 2.4
      vertex 100.231 35.548 2.4
    endloop
  endfacet
  facet normal -0.554113 0.832441 0
    outer loop
      vertex 100.1 35.4608 2.4
      vertex 100.231 35.548 0
      vertex 100.1 35.4608 0
    endloop
  endfacet
  facet normal -0.321194 0.947013 0
    outer loop
      vertex 99.9592 35.3913 0
      vertex 99.8106 35.3409 2.4
      vertex 99.9592 35.3913 2.4
    endloop
  endfacet
  facet normal -0.321194 0.947013 0
    outer loop
      vertex 99.8106 35.3409 2.4
      vertex 99.9592 35.3913 0
      vertex 99.8106 35.3409 0
    endloop
  endfacet
  facet normal 0.947013 -0.321194 0
    outer loop
      vertex 98.3409 36.8106 2.4
      vertex 98.3913 36.9592 0
      vertex 98.3913 36.9592 2.4
    endloop
  endfacet
  facet normal 0.947013 -0.321194 0
    outer loop
      vertex 98.3913 36.9592 0
      vertex 98.3409 36.8106 2.4
      vertex 98.3409 36.8106 0
    endloop
  endfacet
  facet normal -0.895442 -0.445177 0
    outer loop
      vertex 100.609 36.9592 0
      vertex 100.539 37.1 2.4
      vertex 100.539 37.1 0
    endloop
  endfacet
  facet normal -0.895442 -0.445177 0
    outer loop
      vertex 100.539 37.1 2.4
      vertex 100.609 36.9592 0
      vertex 100.609 36.9592 2.4
    endloop
  endfacet
  facet normal -0.753367 0.6576 0
    outer loop
      vertex 100.349 35.6515 0
      vertex 100.452 35.7695 2.4
      vertex 100.452 35.7695 0
    endloop
  endfacet
  facet normal -0.753367 0.6576 0
    outer loop
      vertex 100.452 35.7695 2.4
      vertex 100.349 35.6515 0
      vertex 100.349 35.6515 2.4
    endloop
  endfacet
  facet normal -0.947787 0.318905 0
    outer loop
      vertex 100.609 36.0408 0
      vertex 100.659 36.1894 2.4
      vertex 100.659 36.1894 0
    endloop
  endfacet
  facet normal -0.947787 0.318905 0
    outer loop
      vertex 100.659 36.1894 2.4
      vertex 100.609 36.0408 0
      vertex 100.609 36.0408 2.4
    endloop
  endfacet
  facet normal 0.751787 0.659406 0
    outer loop
      vertex 98.6515 35.6515 2.4
      vertex 98.548 35.7695 0
      vertex 98.548 35.7695 2.4
    endloop
  endfacet
  facet normal 0.751787 0.659406 0
    outer loop
      vertex 98.548 35.7695 0
      vertex 98.6515 35.6515 2.4
      vertex 98.6515 35.6515 0
    endloop
  endfacet
  facet normal -0.659406 0.751787 0
    outer loop
      vertex 100.349 35.6515 0
      vertex 100.231 35.548 2.4
      vertex 100.349 35.6515 2.4
    endloop
  endfacet
  facet normal -0.659406 0.751787 0
    outer loop
      vertex 100.231 35.548 2.4
      vertex 100.349 35.6515 0
      vertex 100.231 35.548 0
    endloop
  endfacet
  facet normal 0.751787 -0.659406 0
    outer loop
      vertex 98.548 37.2305 2.4
      vertex 98.6515 37.3485 0
      vertex 98.6515 37.3485 2.4
    endloop
  endfacet
  facet normal 0.751787 -0.659406 0
    outer loop
      vertex 98.6515 37.3485 0
      vertex 98.548 37.2305 2.4
      vertex 98.548 37.2305 0
    endloop
  endfacet
  facet normal -0.895442 0.445177 0
    outer loop
      vertex 100.539 35.9 0
      vertex 100.609 36.0408 2.4
      vertex 100.609 36.0408 0
    endloop
  endfacet
  facet normal -0.895442 0.445177 0
    outer loop
      vertex 100.609 36.0408 2.4
      vertex 100.539 35.9 0
      vertex 100.539 35.9 2.4
    endloop
  endfacet
  facet normal 0.980825 -0.194891 0
    outer loop
      vertex 98.3103 36.6566 2.4
      vertex 98.3409 36.8106 0
      vertex 98.3409 36.8106 2.4
    endloop
  endfacet
  facet normal 0.980825 -0.194891 0
    outer loop
      vertex 98.3409 36.8106 0
      vertex 98.3103 36.6566 2.4
      vertex 98.3103 36.6566 0
    endloop
  endfacet
  facet normal 0.442622 -0.896708 0
    outer loop
      vertex 98.9 37.5392 0
      vertex 99.0408 37.6087 2.4
      vertex 98.9 37.5392 2.4
    endloop
  endfacet
  facet normal 0.442622 -0.896708 0
    outer loop
      vertex 99.0408 37.6087 2.4
      vertex 98.9 37.5392 0
      vertex 99.0408 37.6087 0
    endloop
  endfacet
  facet normal -0.554113 -0.832441 0
    outer loop
      vertex 100.1 37.5392 0
      vertex 100.231 37.452 2.4
      vertex 100.1 37.5392 2.4
    endloop
  endfacet
  facet normal -0.554113 -0.832441 -0
    outer loop
      vertex 100.231 37.452 2.4
      vertex 100.1 37.5392 0
      vertex 100.231 37.452 0
    endloop
  endfacet
  facet normal -0.0656309 -0.997844 0
    outer loop
      vertex 99.5 37.7 0
      vertex 99.6566 37.6897 2.4
      vertex 99.5 37.7 2.4
    endloop
  endfacet
  facet normal -0.0656309 -0.997844 -0
    outer loop
      vertex 99.6566 37.6897 2.4
      vertex 99.5 37.7 0
      vertex 99.6566 37.6897 0
    endloop
  endfacet
  facet normal -0.194891 0.980825 0
    outer loop
      vertex 99.8106 35.3409 0
      vertex 99.6566 35.3103 2.4
      vertex 99.8106 35.3409 2.4
    endloop
  endfacet
  facet normal -0.194891 0.980825 0
    outer loop
      vertex 99.6566 35.3103 2.4
      vertex 99.8106 35.3409 0
      vertex 99.6566 35.3103 0
    endloop
  endfacet
  facet normal 0.194891 -0.980825 0
    outer loop
      vertex 99.1894 37.6591 0
      vertex 99.3434 37.6897 2.4
      vertex 99.1894 37.6591 2.4
    endloop
  endfacet
  facet normal 0.194891 -0.980825 0
    outer loop
      vertex 99.3434 37.6897 2.4
      vertex 99.1894 37.6591 0
      vertex 99.3434 37.6897 0
    endloop
  endfacet
  facet normal -0.753367 -0.6576 0
    outer loop
      vertex 100.452 37.2305 0
      vertex 100.349 37.3485 2.4
      vertex 100.349 37.3485 0
    endloop
  endfacet
  facet normal -0.753367 -0.6576 0
    outer loop
      vertex 100.349 37.3485 2.4
      vertex 100.452 37.2305 0
      vertex 100.452 37.2305 2.4
    endloop
  endfacet
  facet normal -0.442622 -0.896708 0
    outer loop
      vertex 99.9592 37.6087 0
      vertex 100.1 37.5392 2.4
      vertex 99.9592 37.6087 2.4
    endloop
  endfacet
  facet normal -0.442622 -0.896708 -0
    outer loop
      vertex 100.1 37.5392 2.4
      vertex 99.9592 37.6087 0
      vertex 100.1 37.5392 0
    endloop
  endfacet
  facet normal 0.555582 -0.831462 0
    outer loop
      vertex 98.7695 37.452 0
      vertex 98.9 37.5392 2.4
      vertex 98.7695 37.452 2.4
    endloop
  endfacet
  facet normal 0.555582 -0.831462 0
    outer loop
      vertex 98.9 37.5392 2.4
      vertex 98.7695 37.452 0
      vertex 98.9 37.5392 0
    endloop
  endfacet
  facet normal -0.659406 -0.751787 0
    outer loop
      vertex 100.231 37.452 0
      vertex 100.349 37.3485 2.4
      vertex 100.231 37.452 2.4
    endloop
  endfacet
  facet normal -0.659406 -0.751787 -0
    outer loop
      vertex 100.349 37.3485 2.4
      vertex 100.231 37.452 0
      vertex 100.349 37.3485 0
    endloop
  endfacet
  facet normal -0.980335 0.19734 0
    outer loop
      vertex 100.659 36.1894 0
      vertex 100.69 36.3434 2.4
      vertex 100.69 36.3434 0
    endloop
  endfacet
  facet normal -0.980335 0.19734 0
    outer loop
      vertex 100.69 36.3434 2.4
      vertex 100.659 36.1894 0
      vertex 100.659 36.1894 2.4
    endloop
  endfacet
  facet normal -0.83205 -0.5547 0
    outer loop
      vertex 100.539 37.1 0
      vertex 100.452 37.2305 2.4
      vertex 100.452 37.2305 0
    endloop
  endfacet
  facet normal -0.83205 -0.5547 0
    outer loop
      vertex 100.452 37.2305 2.4
      vertex 100.539 37.1 0
      vertex 100.539 37.1 2.4
    endloop
  endfacet
  facet normal -0.997967 0.0637272 0
    outer loop
      vertex 100.69 36.3434 0
      vertex 100.7 36.5 2.4
      vertex 100.7 36.5 0
    endloop
  endfacet
  facet normal -0.997967 0.0637272 0
    outer loop
      vertex 100.7 36.5 2.4
      vertex 100.69 36.3434 0
      vertex 100.69 36.3434 2.4
    endloop
  endfacet
  facet normal 0.321194 0.947013 -0
    outer loop
      vertex 99.1894 35.3409 0
      vertex 99.0408 35.3913 2.4
      vertex 99.1894 35.3409 2.4
    endloop
  endfacet
  facet normal 0.321194 0.947013 0
    outer loop
      vertex 99.0408 35.3913 2.4
      vertex 99.1894 35.3409 0
      vertex 99.0408 35.3913 0
    endloop
  endfacet
  facet normal 0.659406 -0.751787 0
    outer loop
      vertex 98.6515 37.3485 0
      vertex 98.7695 37.452 2.4
      vertex 98.6515 37.3485 2.4
    endloop
  endfacet
  facet normal 0.659406 -0.751787 0
    outer loop
      vertex 98.7695 37.452 2.4
      vertex 98.6515 37.3485 0
      vertex 98.7695 37.452 0
    endloop
  endfacet
  facet normal 0.831462 0.555582 0
    outer loop
      vertex 98.548 35.7695 2.4
      vertex 98.4608 35.9 0
      vertex 98.4608 35.9 2.4
    endloop
  endfacet
  facet normal 0.831462 0.555582 0
    outer loop
      vertex 98.4608 35.9 0
      vertex 98.548 35.7695 2.4
      vertex 98.548 35.7695 0
    endloop
  endfacet
  facet normal 0.555582 0.831462 -0
    outer loop
      vertex 98.9 35.4608 0
      vertex 98.7695 35.548 2.4
      vertex 98.9 35.4608 2.4
    endloop
  endfacet
  facet normal 0.555582 0.831462 0
    outer loop
      vertex 98.7695 35.548 2.4
      vertex 98.9 35.4608 0
      vertex 98.7695 35.548 0
    endloop
  endfacet
  facet normal 0.997844 0.0656309 0
    outer loop
      vertex 98.3103 36.3434 2.4
      vertex 98.3 36.5 0
      vertex 98.3 36.5 2.4
    endloop
  endfacet
  facet normal 0.997844 0.0656309 0
    outer loop
      vertex 98.3 36.5 0
      vertex 98.3103 36.3434 2.4
      vertex 98.3103 36.3434 0
    endloop
  endfacet
  facet normal 0.896708 -0.442622 0
    outer loop
      vertex 98.3913 36.9592 2.4
      vertex 98.4608 37.1 0
      vertex 98.4608 37.1 2.4
    endloop
  endfacet
  facet normal 0.896708 -0.442622 0
    outer loop
      vertex 98.4608 37.1 0
      vertex 98.3913 36.9592 2.4
      vertex 98.3913 36.9592 0
    endloop
  endfacet
  facet normal -0.83205 0.5547 0
    outer loop
      vertex 100.452 35.7695 0
      vertex 100.539 35.9 2.4
      vertex 100.539 35.9 0
    endloop
  endfacet
  facet normal -0.83205 0.5547 0
    outer loop
      vertex 100.539 35.9 2.4
      vertex 100.452 35.7695 0
      vertex 100.452 35.7695 2.4
    endloop
  endfacet
  facet normal 0.997844 -0.0656309 0
    outer loop
      vertex 98.3 36.5 2.4
      vertex 98.3103 36.6566 0
      vertex 98.3103 36.6566 2.4
    endloop
  endfacet
  facet normal 0.997844 -0.0656309 0
    outer loop
      vertex 98.3103 36.6566 0
      vertex 98.3 36.5 2.4
      vertex 98.3 36.5 0
    endloop
  endfacet
  facet normal -0.194891 -0.980825 0
    outer loop
      vertex 99.6566 37.6897 0
      vertex 99.8106 37.6591 2.4
      vertex 99.6566 37.6897 2.4
    endloop
  endfacet
  facet normal -0.194891 -0.980825 -0
    outer loop
      vertex 99.8106 37.6591 2.4
      vertex 99.6566 37.6897 0
      vertex 99.8106 37.6591 0
    endloop
  endfacet
  facet normal 0.442622 0.896708 -0
    outer loop
      vertex 99.0408 35.3913 0
      vertex 98.9 35.4608 2.4
      vertex 99.0408 35.3913 2.4
    endloop
  endfacet
  facet normal 0.442622 0.896708 0
    outer loop
      vertex 98.9 35.4608 2.4
      vertex 99.0408 35.3913 0
      vertex 98.9 35.4608 0
    endloop
  endfacet
  facet normal 0.0656309 -0.997844 0
    outer loop
      vertex 99.3434 37.6897 0
      vertex 99.5 37.7 2.4
      vertex 99.3434 37.6897 2.4
    endloop
  endfacet
  facet normal 0.0656309 -0.997844 0
    outer loop
      vertex 99.5 37.7 2.4
      vertex 99.3434 37.6897 0
      vertex 99.5 37.7 0
    endloop
  endfacet
  facet normal 0.321194 -0.947013 0
    outer loop
      vertex 99.0408 37.6087 0
      vertex 99.1894 37.6591 2.4
      vertex 99.0408 37.6087 2.4
    endloop
  endfacet
  facet normal 0.321194 -0.947013 0
    outer loop
      vertex 99.1894 37.6591 2.4
      vertex 99.0408 37.6087 0
      vertex 99.1894 37.6591 0
    endloop
  endfacet
  facet normal -0.0656309 0.997844 0
    outer loop
      vertex 99.6566 35.3103 0
      vertex 99.5 35.3 2.4
      vertex 99.6566 35.3103 2.4
    endloop
  endfacet
  facet normal -0.0656309 0.997844 0
    outer loop
      vertex 99.5 35.3 2.4
      vertex 99.6566 35.3103 0
      vertex 99.5 35.3 0
    endloop
  endfacet
  facet normal 0.980825 0.194891 0
    outer loop
      vertex 98.3409 36.1894 2.4
      vertex 98.3103 36.3434 0
      vertex 98.3103 36.3434 2.4
    endloop
  endfacet
  facet normal 0.980825 0.194891 0
    outer loop
      vertex 98.3103 36.3434 0
      vertex 98.3409 36.1894 2.4
      vertex 98.3409 36.1894 0
    endloop
  endfacet
  facet normal 0.896708 0.442622 0
    outer loop
      vertex 98.4608 35.9 2.4
      vertex 98.3913 36.0408 0
      vertex 98.3913 36.0408 2.4
    endloop
  endfacet
  facet normal 0.896708 0.442622 0
    outer loop
      vertex 98.3913 36.0408 0
      vertex 98.4608 35.9 2.4
      vertex 98.4608 35.9 0
    endloop
  endfacet
  facet normal 0.947013 0.321194 0
    outer loop
      vertex 98.3913 36.0408 2.4
      vertex 98.3409 36.1894 0
      vertex 98.3409 36.1894 2.4
    endloop
  endfacet
  facet normal 0.947013 0.321194 0
    outer loop
      vertex 98.3409 36.1894 0
      vertex 98.3913 36.0408 2.4
      vertex 98.3913 36.0408 0
    endloop
  endfacet
  facet normal 0.194891 0.980825 -0
    outer loop
      vertex 99.3434 35.3103 0
      vertex 99.1894 35.3409 2.4
      vertex 99.3434 35.3103 2.4
    endloop
  endfacet
  facet normal 0.194891 0.980825 0
    outer loop
      vertex 99.1894 35.3409 2.4
      vertex 99.3434 35.3103 0
      vertex 99.1894 35.3409 0
    endloop
  endfacet
  facet normal 0.0656309 0.997844 -0
    outer loop
      vertex 99.5 35.3 0
      vertex 99.3434 35.3103 2.4
      vertex 99.5 35.3 2.4
    endloop
  endfacet
  facet normal 0.0656309 0.997844 0
    outer loop
      vertex 99.3434 35.3103 2.4
      vertex 99.5 35.3 0
      vertex 99.3434 35.3103 0
    endloop
  endfacet
  facet normal 0.659406 0.751787 -0
    outer loop
      vertex 98.7695 35.548 0
      vertex 98.6515 35.6515 2.4
      vertex 98.7695 35.548 2.4
    endloop
  endfacet
  facet normal 0.659406 0.751787 0
    outer loop
      vertex 98.6515 35.6515 2.4
      vertex 98.7695 35.548 0
      vertex 98.6515 35.6515 0
    endloop
  endfacet
  facet normal 0.831462 -0.555582 0
    outer loop
      vertex 98.4608 37.1 2.4
      vertex 98.548 37.2305 0
      vertex 98.548 37.2305 2.4
    endloop
  endfacet
  facet normal 0.831462 -0.555582 0
    outer loop
      vertex 98.548 37.2305 0
      vertex 98.4608 37.1 2.4
      vertex 98.4608 37.1 0
    endloop
  endfacet
  facet normal -1 0 0
    outer loop
      vertex 61 16.75 0
      vertex 61 25.25 2.4
      vertex 61 25.25 0
    endloop
  endfacet
  facet normal -1 -0 0
    outer loop
      vertex 61 25.25 2.4
      vertex 61 16.75 0
      vertex 61 16.75 2.4
    endloop
  endfacet
  facet normal 1 -0 0
    outer loop
      vertex 35 16.75 2.4
      vertex 35 25.25 0
      vertex 35 25.25 2.4
    endloop
  endfacet
  facet normal 1 0 0
    outer loop
      vertex 35 25.25 0
      vertex 35 16.75 2.4
      vertex 35 16.75 0
    endloop
  endfacet
  facet normal 0 -1 0
    outer loop
      vertex 35 25.25 0
      vertex 61 25.25 2.4
      vertex 35 25.25 2.4
    endloop
  endfacet
  facet normal 0 -1 -0
    outer loop
      vertex 61 25.25 2.4
      vertex 35 25.25 0
      vertex 61 25.25 0
    endloop
  endfacet
  facet normal 0 1 -0
    outer loop
      vertex 61 16.75 0
      vertex 35 16.75 2.4
      vertex 61 16.75 2.4
    endloop
  endfacet
  facet normal 0 1 0
    outer loop
      vertex 35 16.75 2.4
      vertex 61 16.75 0
      vertex 35 16.75 0
    endloop
  endfacet
  facet normal -0.980802 -0.195007 0
    outer loop
      vertex 88.0478 21.7962 0
      vertex 87.8922 22.5788 2.4
      vertex 87.8922 22.5788 0
    endloop
  endfacet
  facet normal -0.980802 -0.195007 0
    outer loop
      vertex 87.8922 22.5788 2.4
      vertex 88.0478 21.7962 0
      vertex 88.0478 21.7962 2.4
    endloop
  endfacet
  facet normal -0.997858 -0.065421 0
    outer loop
      vertex 88.1 21 0
      vertex 88.0478 21.7962 2.4
      vertex 88.0478 21.7962 0
    endloop
  endfacet
  facet normal -0.997858 -0.065421 0
    outer loop
      vertex 88.0478 21.7962 2.4
      vertex 88.1 21 0
      vertex 88.1 21 2.4
    endloop
  endfacet
  facet normal -0.946927 -0.321449 0
    outer loop
      vertex 87.8922 22.5788 0
      vertex 87.6357 23.3344 2.4
      vertex 87.6357 23.3344 0
    endloop
  endfacet
  facet normal -0.946927 -0.321449 0
    outer loop
      vertex 87.6357 23.3344 2.4
      vertex 87.8922 22.5788 0
      vertex 87.8922 22.5788 2.4
    endloop
  endfacet
  facet normal -0.831452 -0.555596 0
    outer loop
      vertex 87.2828 24.05 0
      vertex 86.8395 24.7134 2.4
      vertex 86.8395 24.7134 0
    endloop
  endfacet
  facet normal -0.831452 -0.555596 0
    outer loop
      vertex 86.8395 24.7134 2.4
      vertex 87.2828 24.05 0
      vertex 87.2828 24.05 2.4
    endloop
  endfacet
  facet normal 0.946927 0.321449 0
    outer loop
      vertex 76.3643 18.6656 2.4
      vertex 76.1078 19.4212 0
      vertex 76.1078 19.4212 2.4
    endloop
  endfacet
  facet normal 0.946927 0.321449 0
    outer loop
      vertex 76.1078 19.4212 0
      vertex 76.3643 18.6656 2.4
      vertex 76.3643 18.6656 0
    endloop
  endfacet
  facet normal -0.321336 0.946965 0
    outer loop
      vertex 84.3344 15.3643 0
      vertex 83.5788 15.1079 2.4
      vertex 84.3344 15.3643 2.4
    endloop
  endfacet
  facet normal -0.321336 0.946965 0
    outer loop
      vertex 83.5788 15.1079 2.4
      vertex 84.3344 15.3643 0
      vertex 83.5788 15.1079 0
    endloop
  endfacet
  facet normal -0.89687 -0.442294 0
    outer loop
      vertex 87.6357 23.3344 0
      vertex 87.2828 24.05 2.4
      vertex 87.2828 24.05 0
    endloop
  endfacet
  facet normal -0.89687 -0.442294 0
    outer loop
      vertex 87.2828 24.05 2.4
      vertex 87.6357 23.3344 0
      vertex 87.6357 23.3344 2.4
    endloop
  endfacet
  facet normal 0.555596 -0.831452 0
    outer loop
      vertex 78.2866 25.8395 0
      vertex 78.95 26.2828 2.4
      vertex 78.2866 25.8395 2.4
    endloop
  endfacet
  facet normal 0.555596 -0.831452 0
    outer loop
      vertex 78.95 26.2828 2.4
      vertex 78.2866 25.8395 0
      vertex 78.95 26.2828 0
    endloop
  endfacet
  facet normal -0.980802 0.195007 0
    outer loop
      vertex 87.8922 19.4212 0
      vertex 88.0478 20.2038 2.4
      vertex 88.0478 20.2038 0
    endloop
  endfacet
  facet normal -0.980802 0.195007 0
    outer loop
      vertex 88.0478 20.2038 2.4
      vertex 87.8922 19.4212 0
      vertex 87.8922 19.4212 2.4
    endloop
  endfacet
  facet normal -0.321336 -0.946965 0
    outer loop
      vertex 83.5788 26.8921 0
      vertex 84.3344 26.6357 2.4
      vertex 83.5788 26.8921 2.4
    endloop
  endfacet
  facet normal -0.321336 -0.946965 -0
    outer loop
      vertex 84.3344 26.6357 2.4
      vertex 83.5788 26.8921 0
      vertex 84.3344 26.6357 0
    endloop
  endfacet
  facet normal 0.659285 -0.751893 0
    outer loop
      vertex 77.6866 25.3134 0
      vertex 78.2866 25.8395 2.4
      vertex 77.6866 25.3134 2.4
    endloop
  endfacet
  facet normal 0.659285 -0.751893 0
    outer loop
      vertex 78.2866 25.8395 2.4
      vertex 77.6866 25.3134 0
      vertex 78.2866 25.8395 0
    endloop
  endfacet
  facet normal -0.555596 0.831452 0
    outer loop
      vertex 85.7134 16.1605 0
      vertex 85.05 15.7172 2.4
      vertex 85.7134 16.1605 2.4
    endloop
  endfacet
  facet normal -0.555596 0.831452 0
    outer loop
      vertex 85.05 15.7172 2.4
      vertex 85.7134 16.1605 0
      vertex 85.05 15.7172 0
    endloop
  endfacet
  facet normal 0.195128 -0.980778 0
    outer loop
      vertex 80.4212 26.8921 0
      vertex 81.2038 27.0478 2.4
      vertex 80.4212 26.8921 2.4
    endloop
  endfacet
  facet normal 0.195128 -0.980778 0
    outer loop
      vertex 81.2038 27.0478 2.4
      vertex 80.4212 26.8921 0
      vertex 81.2038 27.0478 0
    endloop
  endfacet
  facet normal 0.997858 0.065421 0
    outer loop
      vertex 75.9522 20.2038 2.4
      vertex 75.9 21 0
      vertex 75.9 21 2.4
    endloop
  endfacet
  facet normal 0.997858 0.065421 0
    outer loop
      vertex 75.9 21 0
      vertex 75.9522 20.2038 2.4
      vertex 75.9522 20.2038 0
    endloop
  endfacet
  facet normal 0.89687 0.442294 0
    outer loop
      vertex 76.7172 17.95 2.4
      vertex 76.3643 18.6656 0
      vertex 76.3643 18.6656 2.4
    endloop
  endfacet
  facet normal 0.89687 0.442294 0
    outer loop
      vertex 76.3643 18.6656 0
      vertex 76.7172 17.95 2.4
      vertex 76.7172 17.95 0
    endloop
  endfacet
  facet normal -0.065421 -0.997858 0
    outer loop
      vertex 82 27.1 0
      vertex 82.7962 27.0478 2.4
      vertex 82 27.1 2.4
    endloop
  endfacet
  facet normal -0.065421 -0.997858 -0
    outer loop
      vertex 82.7962 27.0478 2.4
      vertex 82 27.1 0
      vertex 82.7962 27.0478 0
    endloop
  endfacet
  facet normal 0.321336 0.946965 -0
    outer loop
      vertex 80.4212 15.1079 0
      vertex 79.6656 15.3643 2.4
      vertex 80.4212 15.1079 2.4
    endloop
  endfacet
  facet normal 0.321336 0.946965 0
    outer loop
      vertex 79.6656 15.3643 2.4
      vertex 80.4212 15.1079 0
      vertex 79.6656 15.3643 0
    endloop
  endfacet
  facet normal -0.195128 0.980778 0
    outer loop
      vertex 83.5788 15.1079 0
      vertex 82.7962 14.9522 2.4
      vertex 83.5788 15.1079 2.4
    endloop
  endfacet
  facet normal -0.195128 0.980778 0
    outer loop
      vertex 82.7962 14.9522 2.4
      vertex 83.5788 15.1079 0
      vertex 82.7962 14.9522 0
    endloop
  endfacet
  facet normal 0.442294 -0.89687 0
    outer loop
      vertex 78.95 26.2828 0
      vertex 79.6656 26.6357 2.4
      vertex 78.95 26.2828 2.4
    endloop
  endfacet
  facet normal 0.442294 -0.89687 0
    outer loop
      vertex 79.6656 26.6357 2.4
      vertex 78.95 26.2828 0
      vertex 79.6656 26.6357 0
    endloop
  endfacet
  facet normal -0.442294 -0.89687 0
    outer loop
      vertex 84.3344 26.6357 0
      vertex 85.05 26.2828 2.4
      vertex 84.3344 26.6357 2.4
    endloop
  endfacet
  facet normal -0.442294 -0.89687 -0
    outer loop
      vertex 85.05 26.2828 2.4
      vertex 84.3344 26.6357 0
      vertex 85.05 26.2828 0
    endloop
  endfacet
  facet normal -0.442294 0.89687 0
    outer loop
      vertex 85.05 15.7172 0
      vertex 84.3344 15.3643 2.4
      vertex 85.05 15.7172 2.4
    endloop
  endfacet
  facet normal -0.442294 0.89687 0
    outer loop
      vertex 84.3344 15.3643 2.4
      vertex 85.05 15.7172 0
      vertex 84.3344 15.3643 0
    endloop
  endfacet
  facet normal 0.980802 0.195007 0
    outer loop
      vertex 76.1078 19.4212 2.4
      vertex 75.9522 20.2038 0
      vertex 75.9522 20.2038 2.4
    endloop
  endfacet
  facet normal 0.980802 0.195007 0
    outer loop
      vertex 75.9522 20.2038 0
      vertex 76.1078 19.4212 2.4
      vertex 76.1078 19.4212 0
    endloop
  endfacet
  facet normal -0.997858 0.065421 0
    outer loop
      vertex 88.0478 20.2038 0
      vertex 88.1 21 2.4
      vertex 88.1 21 0
    endloop
  endfacet
  facet normal -0.997858 0.065421 0
    outer loop
      vertex 88.1 21 2.4
      vertex 88.0478 20.2038 0
      vertex 88.0478 20.2038 2.4
    endloop
  endfacet
  facet normal 0.555596 0.831452 -0
    outer loop
      vertex 78.95 15.7172 0
      vertex 78.2866 16.1605 2.4
      vertex 78.95 15.7172 2.4
    endloop
  endfacet
  facet normal 0.555596 0.831452 0
    outer loop
      vertex 78.2866 16.1605 2.4
      vertex 78.95 15.7172 0
      vertex 78.2866 16.1605 0
    endloop
  endfacet
  facet normal -0.751893 0.659285 0
    outer loop
      vertex 86.3134 16.6866 0
      vertex 86.8395 17.2866 2.4
      vertex 86.8395 17.2866 0
    endloop
  endfacet
  facet normal -0.751893 0.659285 0
    outer loop
      vertex 86.8395 17.2866 2.4
      vertex 86.3134 16.6866 0
      vertex 86.3134 16.6866 2.4
    endloop
  endfacet
  facet normal -0.831452 0.555596 0
    outer loop
      vertex 86.8395 17.2866 0
      vertex 87.2828 17.95 2.4
      vertex 87.2828 17.95 0
    endloop
  endfacet
  facet normal -0.831452 0.555596 0
    outer loop
      vertex 87.2828 17.95 2.4
      vertex 86.8395 17.2866 0
      vertex 86.8395 17.2866 2.4
    endloop
  endfacet
  facet normal 0.751893 0.659285 0
    outer loop
      vertex 77.6866 16.6866 2.4
      vertex 77.1605 17.2866 0
      vertex 77.1605 17.2866 2.4
    endloop
  endfacet
  facet normal 0.751893 0.659285 0
    outer loop
      vertex 77.1605 17.2866 0
      vertex 77.6866 16.6866 2.4
      vertex 77.6866 16.6866 0
    endloop
  endfacet
  facet normal 0.751893 -0.659285 0
    outer loop
      vertex 77.1605 24.7134 2.4
      vertex 77.6866 25.3134 0
      vertex 77.6866 25.3134 2.4
    endloop
  endfacet
  facet normal 0.751893 -0.659285 0
    outer loop
      vertex 77.6866 25.3134 0
      vertex 77.1605 24.7134 2.4
      vertex 77.1605 24.7134 0
    endloop
  endfacet
  facet normal 0.831452 -0.555596 0
    outer loop
      vertex 76.7172 24.05 2.4
      vertex 77.1605 24.7134 0
      vertex 77.1605 24.7134 2.4
    endloop
  endfacet
  facet normal 0.831452 -0.555596 0
    outer loop
      vertex 77.1605 24.7134 0
      vertex 76.7172 24.05 2.4
      vertex 76.7172 24.05 0
    endloop
  endfacet
  facet normal 0.659285 0.751893 -0
    outer loop
      vertex 78.2866 16.1605 0
      vertex 77.6866 16.6866 2.4
      vertex 78.2866 16.1605 2.4
    endloop
  endfacet
  facet normal 0.659285 0.751893 0
    outer loop
      vertex 77.6866 16.6866 2.4
      vertex 78.2866 16.1605 0
      vertex 77.6866 16.6866 0
    endloop
  endfacet
  facet normal -0.946927 0.321449 0
    outer loop
      vertex 87.6357 18.6656 0
      vertex 87.8922 19.4212 2.4
      vertex 87.8922 19.4212 0
    endloop
  endfacet
  facet normal -0.946927 0.321449 0
    outer loop
      vertex 87.8922 19.4212 2.4
      vertex 87.6357 18.6656 0
      vertex 87.6357 18.6656 2.4
    endloop
  endfacet
  facet normal 0.831452 0.555596 0
    outer loop
      vertex 77.1605 17.2866 2.4
      vertex 76.7172 17.95 0
      vertex 76.7172 17.95 2.4
    endloop
  endfacet
  facet normal 0.831452 0.555596 0
    outer loop
      vertex 76.7172 17.95 0
      vertex 77.1605 17.2866 2.4
      vertex 77.1605 17.2866 0
    endloop
  endfacet
  facet normal -0.89687 0.442294 0
    outer loop
      vertex 87.2828 17.95 0
      vertex 87.6357 18.6656 2.4
      vertex 87.6357 18.6656 0
    endloop
  endfacet
  facet normal -0.89687 0.442294 0
    outer loop
      vertex 87.6357 18.6656 2.4
      vertex 87.2828 17.95 0
      vertex 87.2828 17.95 2.4
    endloop
  endfacet
  facet normal 0.195128 0.980778 -0
    outer loop
      vertex 81.2038 14.9522 0
      vertex 80.4212 15.1079 2.4
      vertex 81.2038 14.9522 2.4
    endloop
  endfacet
  facet normal 0.195128 0.980778 0
    outer loop
      vertex 80.4212 15.1079 2.4
      vertex 81.2038 14.9522 0
      vertex 80.4212 15.1079 0
    endloop
  endfacet
  facet normal -0.065421 0.997858 0
    outer loop
      vertex 82.7962 14.9522 0
      vertex 82 14.9 2.4
      vertex 82.7962 14.9522 2.4
    endloop
  endfacet
  facet normal -0.065421 0.997858 0
    outer loop
      vertex 82 14.9 2.4
      vertex 82.7962 14.9522 0
      vertex 82 14.9 0
    endloop
  endfacet
  facet normal 0.442294 0.89687 -0
    outer loop
      vertex 79.6656 15.3643 0
      vertex 78.95 15.7172 2.4
      vertex 79.6656 15.3643 2.4
    endloop
  endfacet
  facet normal 0.442294 0.89687 0
    outer loop
      vertex 78.95 15.7172 2.4
      vertex 79.6656 15.3643 0
      vertex 78.95 15.7172 0
    endloop
  endfacet
  facet normal -0.195128 -0.980778 0
    outer loop
      vertex 82.7962 27.0478 0
      vertex 83.5788 26.8921 2.4
      vertex 82.7962 27.0478 2.4
    endloop
  endfacet
  facet normal -0.195128 -0.980778 -0
    outer loop
      vertex 83.5788 26.8921 2.4
      vertex 82.7962 27.0478 0
      vertex 83.5788 26.8921 0
    endloop
  endfacet
  facet normal -0.659285 0.751893 0
    outer loop
      vertex 86.3134 16.6866 0
      vertex 85.7134 16.1605 2.4
      vertex 86.3134 16.6866 2.4
    endloop
  endfacet
  facet normal -0.659285 0.751893 0
    outer loop
      vertex 85.7134 16.1605 2.4
      vertex 86.3134 16.6866 0
      vertex 85.7134 16.1605 0
    endloop
  endfacet
  facet normal -0.555596 -0.831452 0
    outer loop
      vertex 85.05 26.2828 0
      vertex 85.7134 25.8395 2.4
      vertex 85.05 26.2828 2.4
    endloop
  endfacet
  facet normal -0.555596 -0.831452 -0
    outer loop
      vertex 85.7134 25.8395 2.4
      vertex 85.05 26.2828 0
      vertex 85.7134 25.8395 0
    endloop
  endfacet
  facet normal 0.321336 -0.946965 0
    outer loop
      vertex 79.6656 26.6357 0
      vertex 80.4212 26.8921 2.4
      vertex 79.6656 26.6357 2.4
    endloop
  endfacet
  facet normal 0.321336 -0.946965 0
    outer loop
      vertex 80.4212 26.8921 2.4
      vertex 79.6656 26.6357 0
      vertex 80.4212 26.8921 0
    endloop
  endfacet
  facet normal 0.065421 0.997858 -0
    outer loop
      vertex 82 14.9 0
      vertex 81.2038 14.9522 2.4
      vertex 82 14.9 2.4
    endloop
  endfacet
  facet normal 0.065421 0.997858 0
    outer loop
      vertex 81.2038 14.9522 2.4
      vertex 82 14.9 0
      vertex 81.2038 14.9522 0
    endloop
  endfacet
  facet normal 0.89687 -0.442294 0
    outer loop
      vertex 76.3643 23.3344 2.4
      vertex 76.7172 24.05 0
      vertex 76.7172 24.05 2.4
    endloop
  endfacet
  facet normal 0.89687 -0.442294 0
    outer loop
      vertex 76.7172 24.05 0
      vertex 76.3643 23.3344 2.4
      vertex 76.3643 23.3344 0
    endloop
  endfacet
  facet normal 0.980802 -0.195007 0
    outer loop
      vertex 75.9522 21.7962 2.4
      vertex 76.1078 22.5788 0
      vertex 76.1078 22.5788 2.4
    endloop
  endfacet
  facet normal 0.980802 -0.195007 0
    outer loop
      vertex 76.1078 22.5788 0
      vertex 75.9522 21.7962 2.4
      vertex 75.9522 21.7962 0
    endloop
  endfacet
  facet normal -0.751893 -0.659285 0
    outer loop
      vertex 86.8395 24.7134 0
      vertex 86.3134 25.3134 2.4
      vertex 86.3134 25.3134 0
    endloop
  endfacet
  facet normal -0.751893 -0.659285 0
    outer loop
      vertex 86.3134 25.3134 2.4
      vertex 86.8395 24.7134 0
      vertex 86.8395 24.7134 2.4
    endloop
  endfacet
  facet normal -0.659285 -0.751893 0
    outer loop
      vertex 85.7134 25.8395 0
      vertex 86.3134 25.3134 2.4
      vertex 85.7134 25.8395 2.4
    endloop
  endfacet
  facet normal -0.659285 -0.751893 -0
    outer loop
      vertex 86.3134 25.3134 2.4
      vertex 85.7134 25.8395 0
      vertex 86.3134 25.3134 0
    endloop
  endfacet
  facet normal 0.065421 -0.997858 0
    outer loop
      vertex 81.2038 27.0478 0
      vertex 82 27.1 2.4
      vertex 81.2038 27.0478 2.4
    endloop
  endfacet
  facet normal 0.065421 -0.997858 0
    outer loop
      vertex 82 27.1 2.4
      vertex 81.2038 27.0478 0
      vertex 82 27.1 0
    endloop
  endfacet
  facet normal 0.946927 -0.321449 0
    outer loop
      vertex 76.1078 22.5788 2.4
      vertex 76.3643 23.3344 0
      vertex 76.3643 23.3344 2.4
    endloop
  endfacet
  facet normal 0.946927 -0.321449 0
    outer loop
      vertex 76.3643 23.3344 0
      vertex 76.1078 22.5788 2.4
      vertex 76.1078 22.5788 0
    endloop
  endfacet
  facet normal 0.997858 -0.065421 0
    outer loop
      vertex 75.9 21 2.4
      vertex 75.9522 21.7962 0
      vertex 75.9522 21.7962 2.4
    endloop
  endfacet
  facet normal 0.997858 -0.065421 0
    outer loop
      vertex 75.9522 21.7962 0
      vertex 75.9 21 2.4
      vertex 75.9 21 0
    endloop
  endfacet
endsolid OpenSCAD_Model
