solid OpenSCAD_Model
  facet normal -0.0654043 -0.997859 0
    outer loop
      vertex 2.60843 0.0256653 0
      vertex 3 0 24
      vertex 2.60843 0.0256653 24
    endloop
  endfacet
  facet normal -0.0654043 -0.997859 -0
    outer loop
      vertex 3 0 24
      vertex 2.60843 0.0256653 0
      vertex 3 0 0
    endloop
  endfacet
  facet normal 0.321136 -0.947033 0
    outer loop
      vertex 102.776 0.102219 0
      vertex 103.148 0.228363 24
      vertex 102.776 0.102219 24
    endloop
  endfacet
  facet normal 0.321136 -0.947033 0
    outer loop
      vertex 103.148 0.228363 24
      vertex 102.776 0.102219 0
      vertex 103.148 0.228363 0
    endloop
  endfacet
  facet normal 0 -1 0
    outer loop
      vertex 3 0 0
      vertex 102 0 24
      vertex 3 0 24
    endloop
  endfacet
  facet normal 0 -1 -0
    outer loop
      vertex 102 0 24
      vertex 3 0 0
      vertex 102 0 0
    endloop
  endfacet
  facet normal 0.195511 -0.980701 0
    outer loop
      vertex 102.392 0.0256653 0
      vertex 102.776 0.102219 24
      vertex 102.392 0.0256653 24
    endloop
  endfacet
  facet normal 0.195511 -0.980701 0
    outer loop
      vertex 102.776 0.102219 24
      vertex 102.392 0.0256653 0
      vertex 102.776 0.102219 0
    endloop
  endfacet
  facet normal -0.195076 -0.980788 0
    outer loop
      vertex 2.22354 0.102219 0
      vertex 2.60843 0.0256653 24
      vertex 2.22354 0.102219 24
    endloop
  endfacet
  facet normal -0.195076 -0.980788 -0
    outer loop
      vertex 2.60843 0.0256653 24
      vertex 2.22354 0.102219 0
      vertex 2.60843 0.0256653 0
    endloop
  endfacet
  facet normal -0.659424 0.751771 0
    outer loop
      vertex 1.17372 41.3801 0
      vertex 0.878677 41.1213 24
      vertex 1.17372 41.3801 24
    endloop
  endfacet
  facet normal -0.659424 0.751771 0
    outer loop
      vertex 0.878677 41.1213 24
      vertex 1.17372 41.3801 0
      vertex 0.878677 41.1213 0
    endloop
  endfacet
  facet normal 0.0653328 -0.997864 0
    outer loop
      vertex 102 0 0
      vertex 102.392 0.0256653 24
      vertex 102 0 24
    endloop
  endfacet
  facet normal 0.0653328 -0.997864 0
    outer loop
      vertex 102.392 0.0256653 24
      vertex 102 0 0
      vertex 102.392 0.0256653 0
    endloop
  endfacet
  facet normal 0.321264 0.94699 -0
    outer loop
      vertex 103.148 41.7716 0
      vertex 102.776 41.8978 24
      vertex 103.148 41.7716 24
    endloop
  endfacet
  facet normal 0.321264 0.94699 0
    outer loop
      vertex 102.776 41.8978 24
      vertex 103.148 41.7716 0
      vertex 102.776 41.8978 0
    endloop
  endfacet
  facet normal 0.94704 0.321117 0
    outer loop
      vertex 104.898 39.7765 24
      vertex 104.772 40.1481 0
      vertex 104.772 40.1481 24
    endloop
  endfacet
  facet normal 0.94704 0.321117 0
    outer loop
      vertex 104.772 40.1481 0
      vertex 104.898 39.7765 24
      vertex 104.898 39.7765 0
    endloop
  endfacet
  facet normal -0.0654923 0.997853 0
    outer loop
      vertex 3 42 0
      vertex 2.60843 41.9743 24
      vertex 3 42 24
    endloop
  endfacet
  facet normal -0.0654923 0.997853 0
    outer loop
      vertex 2.60843 41.9743 24
      vertex 3 42 0
      vertex 2.60843 41.9743 0
    endloop
  endfacet
  facet normal -1 0 0
    outer loop
      vertex 0 27.5 15
      vertex 0 39 0
      vertex 0 27.5 6
    endloop
  endfacet
  facet normal -1 0 0
    outer loop
      vertex 0 39 0
      vertex 0 14.5 6
      vertex 0 27.5 6
    endloop
  endfacet
  facet normal -1 -0 0
    outer loop
      vertex 0 14.5 6
      vertex 0 3 0
      vertex 0 14.5 15
    endloop
  endfacet
  facet normal -1 0 0
    outer loop
      vertex 0 3 0
      vertex 0 14.5 6
      vertex 0 39 0
    endloop
  endfacet
  facet normal -1 0 0
    outer loop
      vertex 0 39 0
      vertex 0 27.5 15
      vertex 0 39 24
    endloop
  endfacet
  facet normal -1 0 0
    outer loop
      vertex 0 14.5 15
      vertex 0 39 24
      vertex 0 27.5 15
    endloop
  endfacet
  facet normal -1 0 0
    outer loop
      vertex 0 14.5 15
      vertex 0 3 24
      vertex 0 39 24
    endloop
  endfacet
  facet normal -1 0 0
    outer loop
      vertex 0 3 24
      vertex 0 14.5 15
      vertex 0 3 0
    endloop
  endfacet
  facet normal -0.321574 0.946885 0
    outer loop
      vertex 2.22354 41.8978 0
      vertex 1.85194 41.7716 24
      vertex 2.22354 41.8978 24
    endloop
  endfacet
  facet normal -0.321574 0.946885 0
    outer loop
      vertex 1.85194 41.7716 24
      vertex 2.22354 41.8978 0
      vertex 1.85194 41.7716 0
    endloop
  endfacet
  facet normal 0.555877 0.831265 -0
    outer loop
      vertex 103.826 41.3801 0
      vertex 103.5 41.5981 24
      vertex 103.826 41.3801 24
    endloop
  endfacet
  facet normal 0.555877 0.831265 0
    outer loop
      vertex 103.5 41.5981 24
      vertex 103.826 41.3801 0
      vertex 103.5 41.5981 0
    endloop
  endfacet
  facet normal 0 0 1
    outer loop
      vertex 103 39 24
      vertex 105 39 24
      vertex 104.974 39.3916 24
    endloop
  endfacet
  facet normal 0 0 1
    outer loop
      vertex 105 39 24
      vertex 103 39 24
      vertex 105 3 24
    endloop
  endfacet
  facet normal 0 0 1
    outer loop
      vertex 102.991 39.1305 24
      vertex 104.974 39.3916 24
      vertex 104.898 39.7765 24
    endloop
  endfacet
  facet normal 0 0 1
    outer loop
      vertex 103 3 24
      vertex 105 3 24
      vertex 103 39 24
    endloop
  endfacet
  facet normal 0 0 1
    outer loop
      vertex 102.966 39.2588 24
      vertex 104.898 39.7765 24
      vertex 104.772 40.1481 24
    endloop
  endfacet
  facet normal 0 0 1
    outer loop
      vertex 105 3 24
      vertex 103 3 24
      vertex 104.974 2.60843 24
    endloop
  endfacet
  facet normal 0 0 1
    outer loop
      vertex 102.924 39.3827 24
      vertex 104.772 40.1481 24
      vertex 104.598 40.5 24
    endloop
  endfacet
  facet normal -0 0 1
    outer loop
      vertex 102.991 2.86948 24
      vertex 104.974 2.60843 24
      vertex 103 3 24
    endloop
  endfacet
  facet normal 0 0 1
    outer loop
      vertex 102.866 39.5 24
      vertex 104.598 40.5 24
      vertex 104.38 40.8263 24
    endloop
  endfacet
  facet normal 0 0 1
    outer loop
      vertex 104.974 2.60843 24
      vertex 102.991 2.86948 24
      vertex 104.898 2.22354 24
    endloop
  endfacet
  facet normal 0 0 1
    outer loop
      vertex 102.793 39.6088 24
      vertex 104.38 40.8263 24
      vertex 104.121 41.1213 24
    endloop
  endfacet
  facet normal -0 0 1
    outer loop
      vertex 102.966 2.74118 24
      vertex 104.898 2.22354 24
      vertex 102.991 2.86948 24
    endloop
  endfacet
  facet normal 0 0 1
    outer loop
      vertex 102.707 39.7071 24
      vertex 104.121 41.1213 24
      vertex 103.826 41.3801 24
    endloop
  endfacet
  facet normal 0 0 1
    outer loop
      vertex 104.898 2.22354 24
      vertex 102.966 2.74118 24
      vertex 104.772 1.85194 24
    endloop
  endfacet
  facet normal 0 0 1
    outer loop
      vertex 102.609 39.7934 24
      vertex 103.826 41.3801 24
      vertex 103.5 41.5981 24
    endloop
  endfacet
  facet normal -0 0 1
    outer loop
      vertex 102.924 2.61731 24
      vertex 104.772 1.85194 24
      vertex 102.966 2.74118 24
    endloop
  endfacet
  facet normal 0 0 1
    outer loop
      vertex 102.5 39.866 24
      vertex 103.5 41.5981 24
      vertex 103.148 41.7716 24
    endloop
  endfacet
  facet normal 0 0 1
    outer loop
      vertex 104.772 1.85194 24
      vertex 102.924 2.61731 24
      vertex 104.598 1.5 24
    endloop
  endfacet
  facet normal -0 0 1
    outer loop
      vertex 102.866 2.5 24
      vertex 104.598 1.5 24
      vertex 102.924 2.61731 24
    endloop
  endfacet
  facet normal 0 0 1
    outer loop
      vertex 104.974 39.3916 24
      vertex 102.991 39.1305 24
      vertex 103 39 24
    endloop
  endfacet
  facet normal 0 0 1
    outer loop
      vertex 104.898 39.7765 24
      vertex 102.966 39.2588 24
      vertex 102.991 39.1305 24
    endloop
  endfacet
  facet normal 0 0 1
    outer loop
      vertex 104.772 40.1481 24
      vertex 102.924 39.3827 24
      vertex 102.966 39.2588 24
    endloop
  endfacet
  facet normal 0 0 1
    outer loop
      vertex 104.598 40.5 24
      vertex 102.866 39.5 24
      vertex 102.924 39.3827 24
    endloop
  endfacet
  facet normal 0 0 1
    outer loop
      vertex 104.38 40.8263 24
      vertex 102.793 39.6088 24
      vertex 102.866 39.5 24
    endloop
  endfacet
  facet normal 0 0 1
    outer loop
      vertex 102.383 39.9239 24
      vertex 103.148 41.7716 24
      vertex 102.776 41.8978 24
    endloop
  endfacet
  facet normal 0 0 1
    outer loop
      vertex 104.121 41.1213 24
      vertex 102.707 39.7071 24
      vertex 102.793 39.6088 24
    endloop
  endfacet
  facet normal 0 0 1
    outer loop
      vertex 103.826 41.3801 24
      vertex 102.609 39.7934 24
      vertex 102.707 39.7071 24
    endloop
  endfacet
  facet normal 0 0 1
    outer loop
      vertex 103.5 41.5981 24
      vertex 102.5 39.866 24
      vertex 102.609 39.7934 24
    endloop
  endfacet
  facet normal 0 0 1
    outer loop
      vertex 102.259 39.9659 24
      vertex 102.776 41.8978 24
      vertex 102.392 41.9743 24
    endloop
  endfacet
  facet normal 0 0 1
    outer loop
      vertex 103.148 41.7716 24
      vertex 102.383 39.9239 24
      vertex 102.5 39.866 24
    endloop
  endfacet
  facet normal 0 0 1
    outer loop
      vertex 102.776 41.8978 24
      vertex 102.259 39.9659 24
      vertex 102.383 39.9239 24
    endloop
  endfacet
  facet normal 0 0 1
    outer loop
      vertex 102.392 41.9743 24
      vertex 102.131 39.9914 24
      vertex 102.259 39.9659 24
    endloop
  endfacet
  facet normal 0 0 1
    outer loop
      vertex 102 42 24
      vertex 102.131 39.9914 24
      vertex 102.392 41.9743 24
    endloop
  endfacet
  facet normal 0 0 1
    outer loop
      vertex 102 42 24
      vertex 102 40 24
      vertex 102.131 39.9914 24
    endloop
  endfacet
  facet normal -0 0 1
    outer loop
      vertex 3 42 24
      vertex 102 40 24
      vertex 102 42 24
    endloop
  endfacet
  facet normal 0 0 1
    outer loop
      vertex 3 42 24
      vertex 3 40 24
      vertex 102 40 24
    endloop
  endfacet
  facet normal 0 0 1
    outer loop
      vertex 3 42 24
      vertex 2.86948 39.9914 24
      vertex 3 40 24
    endloop
  endfacet
  facet normal -0 0 1
    outer loop
      vertex 2.60843 41.9743 24
      vertex 2.86948 39.9914 24
      vertex 3 42 24
    endloop
  endfacet
  facet normal 0 0 1
    outer loop
      vertex 2.86948 39.9914 24
      vertex 2.60843 41.9743 24
      vertex 2.74118 39.9659 24
    endloop
  endfacet
  facet normal -0 0 1
    outer loop
      vertex 2.22354 41.8978 24
      vertex 2.74118 39.9659 24
      vertex 2.60843 41.9743 24
    endloop
  endfacet
  facet normal 0 0 1
    outer loop
      vertex 2.74118 39.9659 24
      vertex 2.22354 41.8978 24
      vertex 2.61731 39.9239 24
    endloop
  endfacet
  facet normal -0 0 1
    outer loop
      vertex 1.85194 41.7716 24
      vertex 2.61731 39.9239 24
      vertex 2.22354 41.8978 24
    endloop
  endfacet
  facet normal 0 0 1
    outer loop
      vertex 2.61731 39.9239 24
      vertex 1.85194 41.7716 24
      vertex 2.5 39.866 24
    endloop
  endfacet
  facet normal -0 0 1
    outer loop
      vertex 1.5 41.5981 24
      vertex 2.5 39.866 24
      vertex 1.85194 41.7716 24
    endloop
  endfacet
  facet normal 0 0 1
    outer loop
      vertex 2.5 39.866 24
      vertex 1.5 41.5981 24
      vertex 2.39124 39.7934 24
    endloop
  endfacet
  facet normal -0 0 1
    outer loop
      vertex 1.17372 41.3801 24
      vertex 2.39124 39.7934 24
      vertex 1.5 41.5981 24
    endloop
  endfacet
  facet normal 0 0 1
    outer loop
      vertex 2.39124 39.7934 24
      vertex 1.17372 41.3801 24
      vertex 2.29289 39.7071 24
    endloop
  endfacet
  facet normal -0 0 1
    outer loop
      vertex 0.878677 41.1213 24
      vertex 2.29289 39.7071 24
      vertex 1.17372 41.3801 24
    endloop
  endfacet
  facet normal 0 0 1
    outer loop
      vertex 2.29289 39.7071 24
      vertex 0.878677 41.1213 24
      vertex 2.20665 39.6088 24
    endloop
  endfacet
  facet normal -0 0 1
    outer loop
      vertex 0.401917 40.5 24
      vertex 2.13397 39.5 24
      vertex 0.619934 40.8263 24
    endloop
  endfacet
  facet normal 0 0 1
    outer loop
      vertex 2.20665 39.6088 24
      vertex 0.619934 40.8263 24
      vertex 2.13397 39.5 24
    endloop
  endfacet
  facet normal -0 0 1
    outer loop
      vertex 0.619934 40.8263 24
      vertex 2.20665 39.6088 24
      vertex 0.878677 41.1213 24
    endloop
  endfacet
  facet normal 0 0 1
    outer loop
      vertex 104.598 1.5 24
      vertex 102.866 2.5 24
      vertex 104.38 1.17372 24
    endloop
  endfacet
  facet normal -0 0 1
    outer loop
      vertex 102.793 2.39124 24
      vertex 104.38 1.17372 24
      vertex 102.866 2.5 24
    endloop
  endfacet
  facet normal 0 0 1
    outer loop
      vertex 104.38 1.17372 24
      vertex 102.793 2.39124 24
      vertex 104.121 0.878677 24
    endloop
  endfacet
  facet normal -0 0 1
    outer loop
      vertex 102.707 2.29289 24
      vertex 104.121 0.878677 24
      vertex 102.793 2.39124 24
    endloop
  endfacet
  facet normal 0 0 1
    outer loop
      vertex 104.121 0.878677 24
      vertex 102.707 2.29289 24
      vertex 103.826 0.619934 24
    endloop
  endfacet
  facet normal -0 0 1
    outer loop
      vertex 102.609 2.20665 24
      vertex 103.826 0.619934 24
      vertex 102.707 2.29289 24
    endloop
  endfacet
  facet normal 0 0 1
    outer loop
      vertex 103.826 0.619934 24
      vertex 102.609 2.20665 24
      vertex 103.5 0.401917 24
    endloop
  endfacet
  facet normal -0 0 1
    outer loop
      vertex 102.5 2.13397 24
      vertex 103.5 0.401917 24
      vertex 102.609 2.20665 24
    endloop
  endfacet
  facet normal 0 0 1
    outer loop
      vertex 103.5 0.401917 24
      vertex 102.5 2.13397 24
      vertex 103.148 0.228363 24
    endloop
  endfacet
  facet normal -0 0 1
    outer loop
      vertex 102.383 2.07613 24
      vertex 103.148 0.228363 24
      vertex 102.5 2.13397 24
    endloop
  endfacet
  facet normal 0 0 1
    outer loop
      vertex 103.148 0.228363 24
      vertex 102.383 2.07613 24
      vertex 102.776 0.102219 24
    endloop
  endfacet
  facet normal -0 0 1
    outer loop
      vertex 102.259 2.03407 24
      vertex 102.776 0.102219 24
      vertex 102.383 2.07613 24
    endloop
  endfacet
  facet normal 0 0 1
    outer loop
      vertex 102.776 0.102219 24
      vertex 102.259 2.03407 24
      vertex 102.392 0.0256653 24
    endloop
  endfacet
  facet normal -0 0 1
    outer loop
      vertex 102.131 2.00856 24
      vertex 102.392 0.0256653 24
      vertex 102.259 2.03407 24
    endloop
  endfacet
  facet normal -0 0 1
    outer loop
      vertex 102 2 24
      vertex 102.392 0.0256653 24
      vertex 102.131 2.00856 24
    endloop
  endfacet
  facet normal 0 0 1
    outer loop
      vertex 102 2 24
      vertex 102 0 24
      vertex 102.392 0.0256653 24
    endloop
  endfacet
  facet normal -0 0 1
    outer loop
      vertex 3 2 24
      vertex 102 0 24
      vertex 102 2 24
    endloop
  endfacet
  facet normal 0 0 1
    outer loop
      vertex 3 2 24
      vertex 3 0 24
      vertex 102 0 24
    endloop
  endfacet
  facet normal 0 0 1
    outer loop
      vertex 2.86948 2.00856 24
      vertex 3 0 24
      vertex 3 2 24
    endloop
  endfacet
  facet normal 0 0 1
    outer loop
      vertex 2.60843 0.0256653 24
      vertex 2.86948 2.00856 24
      vertex 2.74118 2.03407 24
    endloop
  endfacet
  facet normal 0 0 1
    outer loop
      vertex 2.22354 0.102219 24
      vertex 2.74118 2.03407 24
      vertex 2.61731 2.07613 24
    endloop
  endfacet
  facet normal 0 0 1
    outer loop
      vertex 2.86948 2.00856 24
      vertex 2.60843 0.0256653 24
      vertex 3 0 24
    endloop
  endfacet
  facet normal 0 0 1
    outer loop
      vertex 1.85194 0.228363 24
      vertex 2.61731 2.07613 24
      vertex 2.5 2.13397 24
    endloop
  endfacet
  facet normal 0 0 1
    outer loop
      vertex 1.5 0.401917 24
      vertex 2.5 2.13397 24
      vertex 2.39124 2.20665 24
    endloop
  endfacet
  facet normal 0 0 1
    outer loop
      vertex 1.17372 0.619934 24
      vertex 2.39124 2.20665 24
      vertex 2.29289 2.29289 24
    endloop
  endfacet
  facet normal 0 0 1
    outer loop
      vertex 2.74118 2.03407 24
      vertex 2.22354 0.102219 24
      vertex 2.60843 0.0256653 24
    endloop
  endfacet
  facet normal 0 0 1
    outer loop
      vertex 0.878677 0.878677 24
      vertex 2.29289 2.29289 24
      vertex 2.20665 2.39124 24
    endloop
  endfacet
  facet normal 0 0 1
    outer loop
      vertex 0.619934 1.17372 24
      vertex 2.20665 2.39124 24
      vertex 2.13397 2.5 24
    endloop
  endfacet
  facet normal 0 0 1
    outer loop
      vertex 0.401917 1.5 24
      vertex 2.13397 2.5 24
      vertex 2.07613 2.61731 24
    endloop
  endfacet
  facet normal 0 0 1
    outer loop
      vertex 0.228363 1.85194 24
      vertex 2.07613 2.61731 24
      vertex 2.03407 2.74118 24
    endloop
  endfacet
  facet normal 0 0 1
    outer loop
      vertex 0.102219 2.22354 24
      vertex 2.03407 2.74118 24
      vertex 2.00856 2.86948 24
    endloop
  endfacet
  facet normal 0 0 1
    outer loop
      vertex 2.61731 2.07613 24
      vertex 1.85194 0.228363 24
      vertex 2.22354 0.102219 24
    endloop
  endfacet
  facet normal 0 0 1
    outer loop
      vertex 0.0256653 2.60843 24
      vertex 2.00856 2.86948 24
      vertex 2 3 24
    endloop
  endfacet
  facet normal 0 0 1
    outer loop
      vertex 2 39 24
      vertex 0 39 24
      vertex 2 3 24
    endloop
  endfacet
  facet normal 0 0 1
    outer loop
      vertex 2.13397 39.5 24
      vertex 0.401917 40.5 24
      vertex 2.07613 39.3827 24
    endloop
  endfacet
  facet normal 0 0 1
    outer loop
      vertex 0 3 24
      vertex 2 3 24
      vertex 0 39 24
    endloop
  endfacet
  facet normal -0 0 1
    outer loop
      vertex 0.228363 40.1481 24
      vertex 2.07613 39.3827 24
      vertex 0.401917 40.5 24
    endloop
  endfacet
  facet normal 0 -0 1
    outer loop
      vertex 0.0256653 2.60843 24
      vertex 2 3 24
      vertex 0 3 24
    endloop
  endfacet
  facet normal 0 0 1
    outer loop
      vertex 2.07613 39.3827 24
      vertex 0.228363 40.1481 24
      vertex 2.03407 39.2588 24
    endloop
  endfacet
  facet normal 0 0 1
    outer loop
      vertex 2.5 2.13397 24
      vertex 1.5 0.401917 24
      vertex 1.85194 0.228363 24
    endloop
  endfacet
  facet normal -0 0 1
    outer loop
      vertex 0.102219 39.7765 24
      vertex 2.03407 39.2588 24
      vertex 0.228363 40.1481 24
    endloop
  endfacet
  facet normal 0 0 1
    outer loop
      vertex 2.39124 2.20665 24
      vertex 1.17372 0.619934 24
      vertex 1.5 0.401917 24
    endloop
  endfacet
  facet normal 0 0 1
    outer loop
      vertex 2.03407 39.2588 24
      vertex 0.102219 39.7765 24
      vertex 2.00856 39.1305 24
    endloop
  endfacet
  facet normal 0 0 1
    outer loop
      vertex 2.29289 2.29289 24
      vertex 0.878677 0.878677 24
      vertex 1.17372 0.619934 24
    endloop
  endfacet
  facet normal -0 0 1
    outer loop
      vertex 0.0256653 39.3916 24
      vertex 2.00856 39.1305 24
      vertex 0.102219 39.7765 24
    endloop
  endfacet
  facet normal 0 0 1
    outer loop
      vertex 2.20665 2.39124 24
      vertex 0.619934 1.17372 24
      vertex 0.878677 0.878677 24
    endloop
  endfacet
  facet normal 0 0 1
    outer loop
      vertex 2.00856 39.1305 24
      vertex 0.0256653 39.3916 24
      vertex 2 39 24
    endloop
  endfacet
  facet normal 0 0 1
    outer loop
      vertex 2.13397 2.5 24
      vertex 0.401917 1.5 24
      vertex 0.619934 1.17372 24
    endloop
  endfacet
  facet normal 0 0 1
    outer loop
      vertex 2 39 24
      vertex 0.0256653 39.3916 24
      vertex 0 39 24
    endloop
  endfacet
  facet normal 0 0 1
    outer loop
      vertex 2.07613 2.61731 24
      vertex 0.228363 1.85194 24
      vertex 0.401917 1.5 24
    endloop
  endfacet
  facet normal 0 0 1
    outer loop
      vertex 2.03407 2.74118 24
      vertex 0.102219 2.22354 24
      vertex 0.228363 1.85194 24
    endloop
  endfacet
  facet normal 0 0 1
    outer loop
      vertex 2.00856 2.86948 24
      vertex 0.0256653 2.60843 24
      vertex 0.102219 2.22354 24
    endloop
  endfacet
  facet normal 0 1 -0
    outer loop
      vertex 102 42 0
      vertex 3 42 24
      vertex 102 42 24
    endloop
  endfacet
  facet normal 0 1 0
    outer loop
      vertex 3 42 24
      vertex 102 42 0
      vertex 3 42 0
    endloop
  endfacet
  facet normal 0.659396 -0.751796 0
    outer loop
      vertex 103.826 0.619934 0
      vertex 104.121 0.878677 24
      vertex 103.826 0.619934 24
    endloop
  endfacet
  facet normal 0.659396 -0.751796 0
    outer loop
      vertex 104.121 0.878677 24
      vertex 103.826 0.619934 0
      vertex 104.121 0.878677 0
    endloop
  endfacet
  facet normal -0.321446 -0.946928 0
    outer loop
      vertex 1.85194 0.228363 0
      vertex 2.22354 0.102219 24
      vertex 1.85194 0.228363 24
    endloop
  endfacet
  facet normal -0.321446 -0.946928 -0
    outer loop
      vertex 2.22354 0.102219 24
      vertex 1.85194 0.228363 0
      vertex 2.22354 0.102219 0
    endloop
  endfacet
  facet normal -0.946928 0.321446 0
    outer loop
      vertex 0.102219 39.7765 0
      vertex 0.228363 40.1481 24
      vertex 0.228363 40.1481 0
    endloop
  endfacet
  facet normal -0.946928 0.321446 0
    outer loop
      vertex 0.228363 40.1481 24
      vertex 0.102219 39.7765 0
      vertex 0.102219 39.7765 24
    endloop
  endfacet
  facet normal -0.896856 0.442322 0
    outer loop
      vertex 0.228363 40.1481 0
      vertex 0.401917 40.5 24
      vertex 0.401917 40.5 0
    endloop
  endfacet
  facet normal -0.896856 0.442322 0
    outer loop
      vertex 0.401917 40.5 24
      vertex 0.228363 40.1481 0
      vertex 0.228363 40.1481 24
    endloop
  endfacet
  facet normal 1 -0 0
    outer loop
      vertex 105 24.7179 10.4895
      vertex 105 39 0
      vertex 105 39 24
    endloop
  endfacet
  facet normal 1 0 0
    outer loop
      vertex 105 39 0
      vertex 105 24.7179 10.4895
      vertex 105 24.75 10
    endloop
  endfacet
  facet normal 1 0 0
    outer loop
      vertex 105 39 24
      vertex 105 24.6222 10.9706
      vertex 105 24.7179 10.4895
    endloop
  endfacet
  facet normal 1 0 0
    outer loop
      vertex 105 39 24
      vertex 105 24.4645 11.4351
      vertex 105 24.6222 10.9706
    endloop
  endfacet
  facet normal 1 0 0
    outer loop
      vertex 105 39 24
      vertex 105 24.2476 11.875
      vertex 105 24.4645 11.4351
    endloop
  endfacet
  facet normal 1 0 0
    outer loop
      vertex 105 39 24
      vertex 105 23.9751 12.2829
      vertex 105 24.2476 11.875
    endloop
  endfacet
  facet normal 1 0 0
    outer loop
      vertex 105 39 24
      vertex 105 23.6516 12.6517
      vertex 105 23.9751 12.2829
    endloop
  endfacet
  facet normal 1 0 0
    outer loop
      vertex 105 39 24
      vertex 105 23.2829 12.9751
      vertex 105 23.6516 12.6517
    endloop
  endfacet
  facet normal 1 0 0
    outer loop
      vertex 105 39 24
      vertex 105 22.875 13.2476
      vertex 105 23.2829 12.9751
    endloop
  endfacet
  facet normal 1 0 0
    outer loop
      vertex 105 39 24
      vertex 105 22.4351 13.4645
      vertex 105 22.875 13.2476
    endloop
  endfacet
  facet normal 1 0 0
    outer loop
      vertex 105 39 24
      vertex 105 21.9706 13.6222
      vertex 105 22.4351 13.4645
    endloop
  endfacet
  facet normal 1 0 0
    outer loop
      vertex 105 39 24
      vertex 105 21.4895 13.7179
      vertex 105 21.9706 13.6222
    endloop
  endfacet
  facet normal 1 0 0
    outer loop
      vertex 105 39 24
      vertex 105 21 13.75
      vertex 105 21.4895 13.7179
    endloop
  endfacet
  facet normal 1 -0 0
    outer loop
      vertex 105 3 24
      vertex 105 21 13.75
      vertex 105 39 24
    endloop
  endfacet
  facet normal 1 0 0
    outer loop
      vertex 105 21 13.75
      vertex 105 3 24
      vertex 105 20.5105 13.7179
    endloop
  endfacet
  facet normal 1 0 0
    outer loop
      vertex 105 20.5105 13.7179
      vertex 105 3 24
      vertex 105 20.0294 13.6222
    endloop
  endfacet
  facet normal 1 0 0
    outer loop
      vertex 105 20.0294 13.6222
      vertex 105 3 24
      vertex 105 19.5649 13.4645
    endloop
  endfacet
  facet normal 1 0 0
    outer loop
      vertex 105 3 0
      vertex 105 17.2821 10.4895
      vertex 105 3 24
    endloop
  endfacet
  facet normal 1 0 0
    outer loop
      vertex 105 17.3778 10.9706
      vertex 105 3 24
      vertex 105 17.2821 10.4895
    endloop
  endfacet
  facet normal 1 0 0
    outer loop
      vertex 105 17.5354 11.4351
      vertex 105 3 24
      vertex 105 17.3778 10.9706
    endloop
  endfacet
  facet normal 1 0 0
    outer loop
      vertex 105 17.7524 11.875
      vertex 105 3 24
      vertex 105 17.5354 11.4351
    endloop
  endfacet
  facet normal 1 0 0
    outer loop
      vertex 105 18.0249 12.2829
      vertex 105 3 24
      vertex 105 17.7524 11.875
    endloop
  endfacet
  facet normal 1 0 0
    outer loop
      vertex 105 18.3483 12.6517
      vertex 105 3 24
      vertex 105 18.0249 12.2829
    endloop
  endfacet
  facet normal 1 0 0
    outer loop
      vertex 105 18.7171 12.9751
      vertex 105 3 24
      vertex 105 18.3483 12.6517
    endloop
  endfacet
  facet normal 1 0 0
    outer loop
      vertex 105 19.125 13.2476
      vertex 105 3 24
      vertex 105 18.7171 12.9751
    endloop
  endfacet
  facet normal 1 0 0
    outer loop
      vertex 105 19.5649 13.4645
      vertex 105 3 24
      vertex 105 19.125 13.2476
    endloop
  endfacet
  facet normal 1 -0 0
    outer loop
      vertex 105 24.7179 9.51053
      vertex 105 39 0
      vertex 105 24.75 10
    endloop
  endfacet
  facet normal 1 -0 0
    outer loop
      vertex 105 24.6222 9.02943
      vertex 105 39 0
      vertex 105 24.7179 9.51053
    endloop
  endfacet
  facet normal 1 -0 0
    outer loop
      vertex 105 24.4645 8.56494
      vertex 105 39 0
      vertex 105 24.6222 9.02943
    endloop
  endfacet
  facet normal 1 -0 0
    outer loop
      vertex 105 24.2476 8.125
      vertex 105 39 0
      vertex 105 24.4645 8.56494
    endloop
  endfacet
  facet normal 1 -0 0
    outer loop
      vertex 105 23.9751 7.71714
      vertex 105 39 0
      vertex 105 24.2476 8.125
    endloop
  endfacet
  facet normal 1 -0 0
    outer loop
      vertex 105 23.6516 7.34835
      vertex 105 39 0
      vertex 105 23.9751 7.71714
    endloop
  endfacet
  facet normal 1 -0 0
    outer loop
      vertex 105 23.2829 7.02492
      vertex 105 39 0
      vertex 105 23.6516 7.34835
    endloop
  endfacet
  facet normal 1 -0 0
    outer loop
      vertex 105 22.875 6.7524
      vertex 105 39 0
      vertex 105 23.2829 7.02492
    endloop
  endfacet
  facet normal 1 -0 0
    outer loop
      vertex 105 22.4351 6.53545
      vertex 105 39 0
      vertex 105 22.875 6.7524
    endloop
  endfacet
  facet normal 1 -0 0
    outer loop
      vertex 105 21.9706 6.37778
      vertex 105 39 0
      vertex 105 22.4351 6.53545
    endloop
  endfacet
  facet normal 1 -0 0
    outer loop
      vertex 105 21.4895 6.28208
      vertex 105 39 0
      vertex 105 21.9706 6.37778
    endloop
  endfacet
  facet normal 1 -0 0
    outer loop
      vertex 105 21 6.25
      vertex 105 39 0
      vertex 105 21.4895 6.28208
    endloop
  endfacet
  facet normal 1 0 0
    outer loop
      vertex 105 3 0
      vertex 105 21 6.25
      vertex 105 20.5105 6.28208
    endloop
  endfacet
  facet normal 1 0 0
    outer loop
      vertex 105 3 0
      vertex 105 20.5105 6.28208
      vertex 105 20.0294 6.37778
    endloop
  endfacet
  facet normal 1 0 0
    outer loop
      vertex 105 17.2821 10.4895
      vertex 105 3 0
      vertex 105 17.25 10
    endloop
  endfacet
  facet normal 1 0 0
    outer loop
      vertex 105 17.25 10
      vertex 105 3 0
      vertex 105 17.2821 9.51053
    endloop
  endfacet
  facet normal 1 0 0
    outer loop
      vertex 105 17.2821 9.51053
      vertex 105 3 0
      vertex 105 17.3778 9.02943
    endloop
  endfacet
  facet normal 1 0 0
    outer loop
      vertex 105 17.3778 9.02943
      vertex 105 3 0
      vertex 105 17.5354 8.56494
    endloop
  endfacet
  facet normal 1 0 0
    outer loop
      vertex 105 17.5354 8.56494
      vertex 105 3 0
      vertex 105 17.7524 8.125
    endloop
  endfacet
  facet normal 1 0 0
    outer loop
      vertex 105 17.7524 8.125
      vertex 105 3 0
      vertex 105 18.0249 7.71714
    endloop
  endfacet
  facet normal 1 0 0
    outer loop
      vertex 105 21 6.25
      vertex 105 3 0
      vertex 105 39 0
    endloop
  endfacet
  facet normal 1 0 0
    outer loop
      vertex 105 19.5649 6.53545
      vertex 105 3 0
      vertex 105 20.0294 6.37778
    endloop
  endfacet
  facet normal 1 0 0
    outer loop
      vertex 105 19.125 6.7524
      vertex 105 3 0
      vertex 105 19.5649 6.53545
    endloop
  endfacet
  facet normal 1 0 0
    outer loop
      vertex 105 18.7171 7.02492
      vertex 105 3 0
      vertex 105 19.125 6.7524
    endloop
  endfacet
  facet normal 1 0 0
    outer loop
      vertex 105 18.3483 7.34835
      vertex 105 3 0
      vertex 105 18.7171 7.02492
    endloop
  endfacet
  facet normal 1 0 0
    outer loop
      vertex 105 18.0249 7.71714
      vertex 105 3 0
      vertex 105 18.3483 7.34835
    endloop
  endfacet
  facet normal -0.442171 0.896931 0
    outer loop
      vertex 1.85194 41.7716 0
      vertex 1.5 41.5981 24
      vertex 1.85194 41.7716 24
    endloop
  endfacet
  facet normal -0.442171 0.896931 0
    outer loop
      vertex 1.5 41.5981 24
      vertex 1.85194 41.7716 0
      vertex 1.5 41.5981 0
    endloop
  endfacet
  facet normal 0.831485 -0.555547 0
    outer loop
      vertex 104.38 1.17372 24
      vertex 104.598 1.5 0
      vertex 104.598 1.5 24
    endloop
  endfacet
  facet normal 0.831485 -0.555547 0
    outer loop
      vertex 104.598 1.5 0
      vertex 104.38 1.17372 24
      vertex 104.38 1.17372 0
    endloop
  endfacet
  facet normal 0.195379 0.980728 -0
    outer loop
      vertex 102.776 41.8978 0
      vertex 102.392 41.9743 24
      vertex 102.776 41.8978 24
    endloop
  endfacet
  facet normal 0.195379 0.980728 0
    outer loop
      vertex 102.392 41.9743 24
      vertex 102.776 41.8978 0
      vertex 102.392 41.9743 0
    endloop
  endfacet
  facet normal 0.751519 -0.659712 0
    outer loop
      vertex 104.121 0.878677 24
      vertex 104.38 1.17372 0
      vertex 104.38 1.17372 24
    endloop
  endfacet
  facet normal 0.751519 -0.659712 0
    outer loop
      vertex 104.38 1.17372 0
      vertex 104.121 0.878677 24
      vertex 104.121 0.878677 0
    endloop
  endfacet
  facet normal -0.194945 0.980814 0
    outer loop
      vertex 2.60843 41.9743 0
      vertex 2.22354 41.8978 24
      vertex 2.60843 41.9743 24
    endloop
  endfacet
  facet normal -0.194945 0.980814 0
    outer loop
      vertex 2.22354 41.8978 24
      vertex 2.60843 41.9743 0
      vertex 2.22354 41.8978 0
    endloop
  endfacet
  facet normal 0.997803 -0.0662535 0
    outer loop
      vertex 104.974 2.60843 24
      vertex 105 3 0
      vertex 105 3 24
    endloop
  endfacet
  facet normal 0.997803 -0.0662535 0
    outer loop
      vertex 105 3 0
      vertex 104.974 2.60843 24
      vertex 104.974 2.60843 0
    endloop
  endfacet
  facet normal -0.980789 0.195072 0
    outer loop
      vertex 0.0256653 39.3916 0
      vertex 0.102219 39.7765 24
      vertex 0.102219 39.7765 0
    endloop
  endfacet
  facet normal -0.980789 0.195072 0
    outer loop
      vertex 0.102219 39.7765 24
      vertex 0.0256653 39.3916 0
      vertex 0.0256653 39.3916 24
    endloop
  endfacet
  facet normal -0.555547 0.831485 0
    outer loop
      vertex 1.5 41.5981 0
      vertex 1.17372 41.3801 24
      vertex 1.5 41.5981 24
    endloop
  endfacet
  facet normal -0.555547 0.831485 0
    outer loop
      vertex 1.17372 41.3801 24
      vertex 1.5 41.5981 0
      vertex 1.17372 41.3801 0
    endloop
  endfacet
  facet normal -0.997859 -0.0654043 0
    outer loop
      vertex 0.0256653 2.60843 0
      vertex 0 3 24
      vertex 0 3 0
    endloop
  endfacet
  facet normal -0.997859 -0.0654043 0
    outer loop
      vertex 0 3 24
      vertex 0.0256653 2.60843 0
      vertex 0.0256653 2.60843 24
    endloop
  endfacet
  facet normal 0.751471 0.659766 0
    outer loop
      vertex 104.38 40.8263 24
      vertex 104.121 41.1213 0
      vertex 104.121 41.1213 24
    endloop
  endfacet
  facet normal 0.751471 0.659766 0
    outer loop
      vertex 104.121 41.1213 0
      vertex 104.38 40.8263 24
      vertex 104.38 40.8263 0
    endloop
  endfacet
  facet normal 0.0654208 0.997858 -0
    outer loop
      vertex 102.392 41.9743 0
      vertex 102 42 24
      vertex 102.392 41.9743 24
    endloop
  endfacet
  facet normal 0.0654208 0.997858 0
    outer loop
      vertex 102 42 24
      vertex 102.392 41.9743 0
      vertex 102 42 0
    endloop
  endfacet
  facet normal -0.751796 0.659396 0
    outer loop
      vertex 0.619934 40.8263 0
      vertex 0.878677 41.1213 24
      vertex 0.878677 41.1213 0
    endloop
  endfacet
  facet normal -0.751796 0.659396 0
    outer loop
      vertex 0.878677 41.1213 24
      vertex 0.619934 40.8263 0
      vertex 0.619934 40.8263 24
    endloop
  endfacet
  facet normal 0.831501 0.555523 0
    outer loop
      vertex 104.598 40.5 24
      vertex 104.38 40.8263 0
      vertex 104.38 40.8263 24
    endloop
  endfacet
  facet normal 0.831501 0.555523 0
    outer loop
      vertex 104.38 40.8263 0
      vertex 104.598 40.5 24
      vertex 104.598 40.5 0
    endloop
  endfacet
  facet normal -0.831481 0.555553 0
    outer loop
      vertex 0.401917 40.5 0
      vertex 0.619934 40.8263 24
      vertex 0.619934 40.8263 0
    endloop
  endfacet
  facet normal -0.831481 0.555553 0
    outer loop
      vertex 0.619934 40.8263 24
      vertex 0.401917 40.5 0
      vertex 0.401917 40.5 24
    endloop
  endfacet
  facet normal 0.981057 -0.193719 0
    outer loop
      vertex 104.898 2.22354 24
      vertex 104.974 2.60843 0
      vertex 104.974 2.60843 24
    endloop
  endfacet
  facet normal 0.981057 -0.193719 0
    outer loop
      vertex 104.974 2.60843 0
      vertex 104.898 2.22354 24
      vertex 104.898 2.22354 0
    endloop
  endfacet
  facet normal -0.751843 -0.659342 0
    outer loop
      vertex 0.878677 0.878677 0
      vertex 0.619934 1.17372 24
      vertex 0.619934 1.17372 0
    endloop
  endfacet
  facet normal -0.751843 -0.659342 0
    outer loop
      vertex 0.619934 1.17372 24
      vertex 0.878677 0.878677 0
      vertex 0.878677 0.878677 24
    endloop
  endfacet
  facet normal 0.659478 0.751724 -0
    outer loop
      vertex 104.121 41.1213 0
      vertex 103.826 41.3801 24
      vertex 104.121 41.1213 24
    endloop
  endfacet
  facet normal 0.659478 0.751724 0
    outer loop
      vertex 103.826 41.3801 24
      vertex 104.121 41.1213 0
      vertex 103.826 41.3801 0
    endloop
  endfacet
  facet normal 0.896405 0.443235 0
    outer loop
      vertex 104.772 40.1481 24
      vertex 104.598 40.5 0
      vertex 104.598 40.5 24
    endloop
  endfacet
  facet normal 0.896405 0.443235 0
    outer loop
      vertex 104.598 40.5 0
      vertex 104.772 40.1481 24
      vertex 104.772 40.1481 0
    endloop
  endfacet
  facet normal 0.981058 0.193714 0
    outer loop
      vertex 104.974 39.3916 24
      vertex 104.898 39.7765 0
      vertex 104.898 39.7765 24
    endloop
  endfacet
  facet normal 0.981058 0.193714 0
    outer loop
      vertex 104.898 39.7765 0
      vertex 104.974 39.3916 24
      vertex 104.974 39.3916 0
    endloop
  endfacet
  facet normal 0.94704 -0.321117 0
    outer loop
      vertex 104.772 1.85194 24
      vertex 104.898 2.22354 0
      vertex 104.898 2.22354 24
    endloop
  endfacet
  facet normal 0.94704 -0.321117 0
    outer loop
      vertex 104.898 2.22354 0
      vertex 104.772 1.85194 24
      vertex 104.772 1.85194 0
    endloop
  endfacet
  facet normal 0.896425 -0.443195 0
    outer loop
      vertex 104.598 1.5 24
      vertex 104.772 1.85194 0
      vertex 104.772 1.85194 24
    endloop
  endfacet
  facet normal 0.896425 -0.443195 0
    outer loop
      vertex 104.772 1.85194 0
      vertex 104.598 1.5 24
      vertex 104.598 1.5 0
    endloop
  endfacet
  facet normal -0.997859 0.0653993 0
    outer loop
      vertex 0 39 0
      vertex 0.0256653 39.3916 24
      vertex 0.0256653 39.3916 0
    endloop
  endfacet
  facet normal -0.997859 0.0653993 0
    outer loop
      vertex 0.0256653 39.3916 24
      vertex 0 39 0
      vertex 0 39 24
    endloop
  endfacet
  facet normal 0.997803 0.0662484 0
    outer loop
      vertex 105 39 24
      vertex 104.974 39.3916 0
      vertex 104.974 39.3916 24
    endloop
  endfacet
  facet normal 0.997803 0.0662484 0
    outer loop
      vertex 104.974 39.3916 0
      vertex 105 39 24
      vertex 105 39 0
    endloop
  endfacet
  facet normal -0.442281 -0.896876 0
    outer loop
      vertex 1.5 0.401917 0
      vertex 1.85194 0.228363 24
      vertex 1.5 0.401917 24
    endloop
  endfacet
  facet normal -0.442281 -0.896876 -0
    outer loop
      vertex 1.85194 0.228363 24
      vertex 1.5 0.401917 0
      vertex 1.85194 0.228363 0
    endloop
  endfacet
  facet normal 0.555906 -0.831245 0
    outer loop
      vertex 103.5 0.401917 0
      vertex 103.826 0.619934 24
      vertex 103.5 0.401917 24
    endloop
  endfacet
  facet normal 0.555906 -0.831245 0
    outer loop
      vertex 103.826 0.619934 24
      vertex 103.5 0.401917 0
      vertex 103.826 0.619934 0
    endloop
  endfacet
  facet normal -0.555577 -0.831465 0
    outer loop
      vertex 1.17372 0.619934 0
      vertex 1.5 0.401917 24
      vertex 1.17372 0.619934 24
    endloop
  endfacet
  facet normal -0.555577 -0.831465 -0
    outer loop
      vertex 1.5 0.401917 24
      vertex 1.17372 0.619934 0
      vertex 1.5 0.401917 0
    endloop
  endfacet
  facet normal 0.44211 0.896961 -0
    outer loop
      vertex 103.5 41.5981 0
      vertex 103.148 41.7716 24
      vertex 103.5 41.5981 24
    endloop
  endfacet
  facet normal 0.44211 0.896961 0
    outer loop
      vertex 103.148 41.7716 24
      vertex 103.5 41.5981 0
      vertex 103.148 41.7716 0
    endloop
  endfacet
  facet normal -0.896876 -0.442281 0
    outer loop
      vertex 0.401917 1.5 0
      vertex 0.228363 1.85194 24
      vertex 0.228363 1.85194 0
    endloop
  endfacet
  facet normal -0.896876 -0.442281 0
    outer loop
      vertex 0.228363 1.85194 24
      vertex 0.401917 1.5 0
      vertex 0.401917 1.5 24
    endloop
  endfacet
  facet normal -0.980788 -0.195076 0
    outer loop
      vertex 0.102219 2.22354 0
      vertex 0.0256653 2.60843 24
      vertex 0.0256653 2.60843 0
    endloop
  endfacet
  facet normal -0.980788 -0.195076 0
    outer loop
      vertex 0.0256653 2.60843 24
      vertex 0.102219 2.22354 0
      vertex 0.102219 2.22354 24
    endloop
  endfacet
  facet normal -0.831465 -0.555577 0
    outer loop
      vertex 0.619934 1.17372 0
      vertex 0.401917 1.5 24
      vertex 0.401917 1.5 0
    endloop
  endfacet
  facet normal -0.831465 -0.555577 0
    outer loop
      vertex 0.401917 1.5 24
      vertex 0.619934 1.17372 0
      vertex 0.619934 1.17372 24
    endloop
  endfacet
  facet normal -0.659342 -0.751843 0
    outer loop
      vertex 0.878677 0.878677 0
      vertex 1.17372 0.619934 24
      vertex 0.878677 0.878677 24
    endloop
  endfacet
  facet normal -0.659342 -0.751843 -0
    outer loop
      vertex 1.17372 0.619934 24
      vertex 0.878677 0.878677 0
      vertex 1.17372 0.619934 0
    endloop
  endfacet
  facet normal 0.442221 -0.896906 0
    outer loop
      vertex 103.148 0.228363 0
      vertex 103.5 0.401917 24
      vertex 103.148 0.228363 24
    endloop
  endfacet
  facet normal 0.442221 -0.896906 0
    outer loop
      vertex 103.5 0.401917 24
      vertex 103.148 0.228363 0
      vertex 103.5 0.401917 0
    endloop
  endfacet
  facet normal -0.946928 -0.321446 0
    outer loop
      vertex 0.228363 1.85194 0
      vertex 0.102219 2.22354 24
      vertex 0.102219 2.22354 0
    endloop
  endfacet
  facet normal -0.946928 -0.321446 0
    outer loop
      vertex 0.102219 2.22354 24
      vertex 0.228363 1.85194 0
      vertex 0.228363 1.85194 24
    endloop
  endfacet
  facet normal 0 0 -1
    outer loop
      vertex 102 0 0
      vertex 105 3 0
      vertex 104.974 2.60843 0
    endloop
  endfacet
  facet normal -0 0 -1
    outer loop
      vertex 105 3 0
      vertex 102 0 0
      vertex 105 39 0
    endloop
  endfacet
  facet normal 0 0 -1
    outer loop
      vertex 102 0 0
      vertex 104.974 2.60843 0
      vertex 104.898 2.22354 0
    endloop
  endfacet
  facet normal 0 0 -1
    outer loop
      vertex 102 42 0
      vertex 105 39 0
      vertex 102 0 0
    endloop
  endfacet
  facet normal 0 0 -1
    outer loop
      vertex 102 0 0
      vertex 104.898 2.22354 0
      vertex 104.772 1.85194 0
    endloop
  endfacet
  facet normal 0 0 -1
    outer loop
      vertex 105 39 0
      vertex 102 42 0
      vertex 104.974 39.3916 0
    endloop
  endfacet
  facet normal 0 0 -1
    outer loop
      vertex 102 0 0
      vertex 104.772 1.85194 0
      vertex 104.598 1.5 0
    endloop
  endfacet
  facet normal 0 0 -1
    outer loop
      vertex 104.974 39.3916 0
      vertex 102 42 0
      vertex 104.898 39.7765 0
    endloop
  endfacet
  facet normal 0 0 -1
    outer loop
      vertex 102 0 0
      vertex 104.598 1.5 0
      vertex 104.38 1.17372 0
    endloop
  endfacet
  facet normal 0 0 -1
    outer loop
      vertex 104.898 39.7765 0
      vertex 102 42 0
      vertex 104.772 40.1481 0
    endloop
  endfacet
  facet normal 0 0 -1
    outer loop
      vertex 102 0 0
      vertex 104.38 1.17372 0
      vertex 104.121 0.878677 0
    endloop
  endfacet
  facet normal 0 0 -1
    outer loop
      vertex 104.772 40.1481 0
      vertex 102 42 0
      vertex 104.598 40.5 0
    endloop
  endfacet
  facet normal 0 0 -1
    outer loop
      vertex 102 0 0
      vertex 104.121 0.878677 0
      vertex 103.826 0.619934 0
    endloop
  endfacet
  facet normal 0 0 -1
    outer loop
      vertex 104.598 40.5 0
      vertex 102 42 0
      vertex 104.38 40.8263 0
    endloop
  endfacet
  facet normal 0 0 -1
    outer loop
      vertex 102 0 0
      vertex 103.826 0.619934 0
      vertex 103.5 0.401917 0
    endloop
  endfacet
  facet normal 0 0 -1
    outer loop
      vertex 104.38 40.8263 0
      vertex 102 42 0
      vertex 104.121 41.1213 0
    endloop
  endfacet
  facet normal 0 0 -1
    outer loop
      vertex 102 0 0
      vertex 103.5 0.401917 0
      vertex 103.148 0.228363 0
    endloop
  endfacet
  facet normal 0 0 -1
    outer loop
      vertex 104.121 41.1213 0
      vertex 102 42 0
      vertex 103.826 41.3801 0
    endloop
  endfacet
  facet normal 0 0 -1
    outer loop
      vertex 102 0 0
      vertex 103.148 0.228363 0
      vertex 102.776 0.102219 0
    endloop
  endfacet
  facet normal 0 0 -1
    outer loop
      vertex 103.826 41.3801 0
      vertex 102 42 0
      vertex 103.5 41.5981 0
    endloop
  endfacet
  facet normal 0 0 -1
    outer loop
      vertex 102 0 0
      vertex 102.776 0.102219 0
      vertex 102.392 0.0256653 0
    endloop
  endfacet
  facet normal 0 0 -1
    outer loop
      vertex 103.5 41.5981 0
      vertex 102 42 0
      vertex 103.148 41.7716 0
    endloop
  endfacet
  facet normal 0 0 -1
    outer loop
      vertex 103.148 41.7716 0
      vertex 102 42 0
      vertex 102.776 41.8978 0
    endloop
  endfacet
  facet normal 0 0 -1
    outer loop
      vertex 102.776 41.8978 0
      vertex 102 42 0
      vertex 102.392 41.9743 0
    endloop
  endfacet
  facet normal 0 0 -1
    outer loop
      vertex 3 0 0
      vertex 102 42 0
      vertex 102 0 0
    endloop
  endfacet
  facet normal 0 0 -1
    outer loop
      vertex 3 0 0
      vertex 3 42 0
      vertex 102 42 0
    endloop
  endfacet
  facet normal 0 0 -1
    outer loop
      vertex 0 3 0
      vertex 3 0 0
      vertex 2.60843 0.0256653 0
    endloop
  endfacet
  facet normal 0 0 -1
    outer loop
      vertex 3 0 0
      vertex 0 3 0
      vertex 3 42 0
    endloop
  endfacet
  facet normal 0 0 -1
    outer loop
      vertex 0 3 0
      vertex 2.60843 0.0256653 0
      vertex 2.22354 0.102219 0
    endloop
  endfacet
  facet normal 0 0 -1
    outer loop
      vertex 0 39 0
      vertex 3 42 0
      vertex 0 3 0
    endloop
  endfacet
  facet normal 0 0 -1
    outer loop
      vertex 0 3 0
      vertex 2.22354 0.102219 0
      vertex 1.85194 0.228363 0
    endloop
  endfacet
  facet normal 0 0 -1
    outer loop
      vertex 3 42 0
      vertex 0 39 0
      vertex 2.60843 41.9743 0
    endloop
  endfacet
  facet normal 0 0 -1
    outer loop
      vertex 0 3 0
      vertex 1.85194 0.228363 0
      vertex 1.5 0.401917 0
    endloop
  endfacet
  facet normal 0 0 -1
    outer loop
      vertex 2.60843 41.9743 0
      vertex 0 39 0
      vertex 2.22354 41.8978 0
    endloop
  endfacet
  facet normal 0 0 -1
    outer loop
      vertex 0 3 0
      vertex 1.5 0.401917 0
      vertex 1.17372 0.619934 0
    endloop
  endfacet
  facet normal 0 0 -1
    outer loop
      vertex 2.22354 41.8978 0
      vertex 0 39 0
      vertex 1.85194 41.7716 0
    endloop
  endfacet
  facet normal 0 0 -1
    outer loop
      vertex 0 3 0
      vertex 1.17372 0.619934 0
      vertex 0.878677 0.878677 0
    endloop
  endfacet
  facet normal 0 0 -1
    outer loop
      vertex 1.85194 41.7716 0
      vertex 0 39 0
      vertex 1.5 41.5981 0
    endloop
  endfacet
  facet normal 0 0 -1
    outer loop
      vertex 0 3 0
      vertex 0.878677 0.878677 0
      vertex 0.619934 1.17372 0
    endloop
  endfacet
  facet normal 0 0 -1
    outer loop
      vertex 1.5 41.5981 0
      vertex 0 39 0
      vertex 1.17372 41.3801 0
    endloop
  endfacet
  facet normal 0 0 -1
    outer loop
      vertex 0 3 0
      vertex 0.619934 1.17372 0
      vertex 0.401917 1.5 0
    endloop
  endfacet
  facet normal 0 0 -1
    outer loop
      vertex 1.17372 41.3801 0
      vertex 0 39 0
      vertex 0.878677 41.1213 0
    endloop
  endfacet
  facet normal 0 0 -1
    outer loop
      vertex 0 3 0
      vertex 0.401917 1.5 0
      vertex 0.228363 1.85194 0
    endloop
  endfacet
  facet normal 0 0 -1
    outer loop
      vertex 0.878677 41.1213 0
      vertex 0 39 0
      vertex 0.619934 40.8263 0
    endloop
  endfacet
  facet normal 0 0 -1
    outer loop
      vertex 0 3 0
      vertex 0.228363 1.85194 0
      vertex 0.102219 2.22354 0
    endloop
  endfacet
  facet normal 0 0 -1
    outer loop
      vertex 0.619934 40.8263 0
      vertex 0 39 0
      vertex 0.401917 40.5 0
    endloop
  endfacet
  facet normal 0 0 -1
    outer loop
      vertex 0 3 0
      vertex 0.102219 2.22354 0
      vertex 0.0256653 2.60843 0
    endloop
  endfacet
  facet normal 0 0 -1
    outer loop
      vertex 0.401917 40.5 0
      vertex 0 39 0
      vertex 0.228363 40.1481 0
    endloop
  endfacet
  facet normal 0 0 -1
    outer loop
      vertex 0.228363 40.1481 0
      vertex 0 39 0
      vertex 0.102219 39.7765 0
    endloop
  endfacet
  facet normal 0 0 -1
    outer loop
      vertex 0.102219 39.7765 0
      vertex 0 39 0
      vertex 0.0256653 39.3916 0
    endloop
  endfacet
  facet normal 0.0654432 0.997856 -0
    outer loop
      vertex 3 2 2
      vertex 2.86948 2.00856 24
      vertex 3 2 24
    endloop
  endfacet
  facet normal 0.0654432 0.997856 0
    outer loop
      vertex 2.86948 2.00856 24
      vertex 3 2 2
      vertex 2.86948 2.00856 2
    endloop
  endfacet
  facet normal -0.321218 0.947005 0
    outer loop
      vertex 102.383 2.07613 2
      vertex 102.259 2.03407 24
      vertex 102.383 2.07613 24
    endloop
  endfacet
  facet normal -0.321218 0.947005 0
    outer loop
      vertex 102.259 2.03407 24
      vertex 102.383 2.07613 2
      vertex 102.259 2.03407 2
    endloop
  endfacet
  facet normal 0 1 -0
    outer loop
      vertex 96.0059 2 2
      vertex 8.99407 2 21.6
      vertex 96.0059 2 21.6
    endloop
  endfacet
  facet normal 0 1 0
    outer loop
      vertex 8.99407 2 21.6
      vertex 96.0059 2 2
      vertex 8.99407 2 2
    endloop
  endfacet
  facet normal 0 1 0
    outer loop
      vertex 96.0059 2 21.6
      vertex 102 2 24
      vertex 101.994 2 21.6
    endloop
  endfacet
  facet normal 0 1 -0
    outer loop
      vertex 102 2 2
      vertex 101.994 2 21.6
      vertex 102 2 24
    endloop
  endfacet
  facet normal 0 1 0
    outer loop
      vertex 101.994 2 21.6
      vertex 102 2 2
      vertex 101.994 2 2
    endloop
  endfacet
  facet normal 0 1 0
    outer loop
      vertex 102 2 24
      vertex 96.0059 2 21.6
      vertex 3 2 24
    endloop
  endfacet
  facet normal 0 1 -0
    outer loop
      vertex 8.99407 2 21.6
      vertex 3 2 24
      vertex 96.0059 2 21.6
    endloop
  endfacet
  facet normal 0 1 -0
    outer loop
      vertex 3.00593 2 21.6
      vertex 3 2 24
      vertex 8.99407 2 21.6
    endloop
  endfacet
  facet normal 0 1 0
    outer loop
      vertex 3 2 2
      vertex 3.00593 2 21.6
      vertex 3.00593 2 2
    endloop
  endfacet
  facet normal 0 1 0
    outer loop
      vertex 3.00593 2 21.6
      vertex 3 2 2
      vertex 3 2 24
    endloop
  endfacet
  facet normal -0.195453 0.980713 0
    outer loop
      vertex 102.259 2.03407 2
      vertex 102.131 2.00856 24
      vertex 102.259 2.03407 24
    endloop
  endfacet
  facet normal -0.195453 0.980713 0
    outer loop
      vertex 102.131 2.00856 24
      vertex 102.259 2.03407 2
      vertex 102.131 2.00856 2
    endloop
  endfacet
  facet normal 0.195013 0.980801 -0
    outer loop
      vertex 2.86948 2.00856 2
      vertex 2.74118 2.03407 24
      vertex 2.86948 2.00856 24
    endloop
  endfacet
  facet normal 0.195013 0.980801 0
    outer loop
      vertex 2.74118 2.03407 24
      vertex 2.86948 2.00856 2
      vertex 2.74118 2.03407 2
    endloop
  endfacet
  facet normal 0.659559 -0.751653 0
    outer loop
      vertex 2.29289 39.7071 2
      vertex 2.39124 39.7934 24
      vertex 2.29289 39.7071 24
    endloop
  endfacet
  facet normal 0.659559 -0.751653 0
    outer loop
      vertex 2.39124 39.7934 24
      vertex 2.29289 39.7071 2
      vertex 2.39124 39.7934 2
    endloop
  endfacet
  facet normal -0.0652045 0.997872 0
    outer loop
      vertex 102.131 2.00856 2
      vertex 102 2 24
      vertex 102.131 2.00856 24
    endloop
  endfacet
  facet normal -0.0652045 0.997872 0
    outer loop
      vertex 102 2 24
      vertex 102.131 2.00856 2
      vertex 102 2 2
    endloop
  endfacet
  facet normal -0.320807 -0.947145 0
    outer loop
      vertex 102.259 39.9659 2
      vertex 102.383 39.9239 24
      vertex 102.259 39.9659 24
    endloop
  endfacet
  facet normal -0.320807 -0.947145 -0
    outer loop
      vertex 102.383 39.9239 24
      vertex 102.259 39.9659 2
      vertex 102.383 39.9239 2
    endloop
  endfacet
  facet normal -0.947066 -0.321039 0
    outer loop
      vertex 102.966 39.2588 2
      vertex 102.924 39.3827 24
      vertex 102.924 39.3827 2
    endloop
  endfacet
  facet normal -0.947066 -0.321039 0
    outer loop
      vertex 102.924 39.3827 24
      vertex 102.966 39.2588 2
      vertex 102.966 39.2588 24
    endloop
  endfacet
  facet normal 0.0657477 -0.997836 0
    outer loop
      vertex 2.86948 39.9914 2
      vertex 3 40 24
      vertex 2.86948 39.9914 24
    endloop
  endfacet
  facet normal 0.0657477 -0.997836 0
    outer loop
      vertex 3 40 24
      vertex 2.86948 39.9914 2
      vertex 3 40 2
    endloop
  endfacet
  facet normal 1 0 0
    outer loop
      vertex 2 39 24
      vertex 2 38.9941 21.6
      vertex 2 39 2
    endloop
  endfacet
  facet normal 1 0 0
    outer loop
      vertex 2 39 24
      vertex 2 33.0059 21.6
      vertex 2 38.9941 21.6
    endloop
  endfacet
  facet normal 1 0 0
    outer loop
      vertex 2 33.0059 21.6
      vertex 2 27.5 15
      vertex 2 33.0059 2
    endloop
  endfacet
  facet normal 1 0 0
    outer loop
      vertex 2 33.0059 21.6
      vertex 2 14.5 15
      vertex 2 27.5 15
    endloop
  endfacet
  facet normal 1 0 0
    outer loop
      vertex 2 8.99407 21.6
      vertex 2 33.0059 21.6
      vertex 2 39 24
    endloop
  endfacet
  facet normal 1 0 0
    outer loop
      vertex 2 8.99407 2
      vertex 2 14.5 15
      vertex 2 8.99407 21.6
    endloop
  endfacet
  facet normal 1 0 0
    outer loop
      vertex 2 33.0059 21.6
      vertex 2 8.99407 21.6
      vertex 2 14.5 15
    endloop
  endfacet
  facet normal 1 -0 0
    outer loop
      vertex 2 3 24
      vertex 2 8.99407 21.6
      vertex 2 39 24
    endloop
  endfacet
  facet normal 1 0 0
    outer loop
      vertex 2 8.99407 21.6
      vertex 2 3 24
      vertex 2 3.00593 21.6
    endloop
  endfacet
  facet normal 1 0 0
    outer loop
      vertex 2 3 2
      vertex 2 3.00593 21.6
      vertex 2 3 24
    endloop
  endfacet
  facet normal 1 0 0
    outer loop
      vertex 2 3.00593 21.6
      vertex 2 3 2
      vertex 2 3.00593 2
    endloop
  endfacet
  facet normal 1 0 0
    outer loop
      vertex 2 39 2
      vertex 2 38.9941 21.6
      vertex 2 38.9941 2
    endloop
  endfacet
  facet normal 1 -0 0
    outer loop
      vertex 2 27.5 6
      vertex 2 33.0059 2
      vertex 2 27.5 15
    endloop
  endfacet
  facet normal 1 -0 0
    outer loop
      vertex 2 14.5 6
      vertex 2 33.0059 2
      vertex 2 27.5 6
    endloop
  endfacet
  facet normal 1 0 0
    outer loop
      vertex 2 14.5 6
      vertex 2 8.99407 2
      vertex 2 33.0059 2
    endloop
  endfacet
  facet normal 1 0 0
    outer loop
      vertex 2 14.5 15
      vertex 2 8.99407 2
      vertex 2 14.5 6
    endloop
  endfacet
  facet normal 0.321109 -0.947042 0
    outer loop
      vertex 2.61731 39.9239 2
      vertex 2.74118 39.9659 24
      vertex 2.61731 39.9239 24
    endloop
  endfacet
  facet normal 0.321109 -0.947042 0
    outer loop
      vertex 2.74118 39.9659 24
      vertex 2.61731 39.9239 2
      vertex 2.74118 39.9659 2
    endloop
  endfacet
  facet normal -0.554348 -0.832285 0
    outer loop
      vertex 102.5 39.866 2
      vertex 102.609 39.7934 24
      vertex 102.5 39.866 24
    endloop
  endfacet
  facet normal -0.554348 -0.832285 -0
    outer loop
      vertex 102.609 39.7934 24
      vertex 102.5 39.866 2
      vertex 102.609 39.7934 2
    endloop
  endfacet
  facet normal 0 -1 0
    outer loop
      vertex 8.99407 40 2
      vertex 96.0059 40 21.6
      vertex 8.99407 40 21.6
    endloop
  endfacet
  facet normal 0 -1 -0
    outer loop
      vertex 96.0059 40 21.6
      vertex 8.99407 40 2
      vertex 96.0059 40 2
    endloop
  endfacet
  facet normal 0 -1 0
    outer loop
      vertex 8.99407 40 21.6
      vertex 3 40 24
      vertex 3.00593 40 21.6
    endloop
  endfacet
  facet normal 0 -1 0
    outer loop
      vertex 3 40 2
      vertex 3.00593 40 21.6
      vertex 3 40 24
    endloop
  endfacet
  facet normal 0 -1 -0
    outer loop
      vertex 3.00593 40 21.6
      vertex 3 40 2
      vertex 3.00593 40 2
    endloop
  endfacet
  facet normal 0 -1 0
    outer loop
      vertex 3 40 24
      vertex 8.99407 40 21.6
      vertex 102 40 24
    endloop
  endfacet
  facet normal 0 -1 0
    outer loop
      vertex 96.0059 40 21.6
      vertex 102 40 24
      vertex 8.99407 40 21.6
    endloop
  endfacet
  facet normal 0 -1 0
    outer loop
      vertex 101.994 40 21.6
      vertex 102 40 24
      vertex 96.0059 40 21.6
    endloop
  endfacet
  facet normal 0 -1 0
    outer loop
      vertex 102 40 2
      vertex 101.994 40 21.6
      vertex 101.994 40 2
    endloop
  endfacet
  facet normal 0 -1 0
    outer loop
      vertex 101.994 40 21.6
      vertex 102 40 2
      vertex 102 40 24
    endloop
  endfacet
  facet normal -0.660628 0.750714 0
    outer loop
      vertex 102.707 2.29289 2
      vertex 102.609 2.20665 24
      vertex 102.707 2.29289 24
    endloop
  endfacet
  facet normal -0.660628 0.750714 0
    outer loop
      vertex 102.609 2.20665 24
      vertex 102.707 2.29289 2
      vertex 102.609 2.20665 2
    endloop
  endfacet
  facet normal 0.32152 0.946903 -0
    outer loop
      vertex 2.74118 2.03407 2
      vertex 2.61731 2.07613 24
      vertex 2.74118 2.03407 24
    endloop
  endfacet
  facet normal 0.32152 0.946903 0
    outer loop
      vertex 2.61731 2.07613 24
      vertex 2.74118 2.03407 2
      vertex 2.61731 2.07613 2
    endloop
  endfacet
  facet normal 0.946926 -0.321451 0
    outer loop
      vertex 2.03407 39.2588 24
      vertex 2.07613 39.3827 2
      vertex 2.07613 39.3827 24
    endloop
  endfacet
  facet normal 0.946926 -0.321451 0
    outer loop
      vertex 2.07613 39.3827 2
      vertex 2.03407 39.2588 24
      vertex 2.03407 39.2588 2
    endloop
  endfacet
  facet normal 0.896891 -0.442252 0
    outer loop
      vertex 2.07613 39.3827 24
      vertex 2.13397 39.5 2
      vertex 2.13397 39.5 24
    endloop
  endfacet
  facet normal 0.896891 -0.442252 0
    outer loop
      vertex 2.13397 39.5 2
      vertex 2.07613 39.3827 24
      vertex 2.07613 39.3827 2
    endloop
  endfacet
  facet normal -1 0 0
    outer loop
      vertex 103 3.00593 2
      vertex 103 3 2
      vertex 103 3.00593 21.6
    endloop
  endfacet
  facet normal -1 0 0
    outer loop
      vertex 103 24.7179 10.4895
      vertex 103 33.0059 2
      vertex 103 24.75 10
    endloop
  endfacet
  facet normal -1 0 0
    outer loop
      vertex 103 33.0059 2
      vertex 103 24.7179 9.51053
      vertex 103 24.75 10
    endloop
  endfacet
  facet normal -1 0 0
    outer loop
      vertex 103 33.0059 2
      vertex 103 24.6222 9.02943
      vertex 103 24.7179 9.51053
    endloop
  endfacet
  facet normal -1 0 0
    outer loop
      vertex 103 33.0059 2
      vertex 103 24.4645 8.56494
      vertex 103 24.6222 9.02943
    endloop
  endfacet
  facet normal -1 0 0
    outer loop
      vertex 103 33.0059 2
      vertex 103 24.2476 8.125
      vertex 103 24.4645 8.56494
    endloop
  endfacet
  facet normal -1 0 0
    outer loop
      vertex 103 33.0059 2
      vertex 103 23.9751 7.71714
      vertex 103 24.2476 8.125
    endloop
  endfacet
  facet normal -1 0 0
    outer loop
      vertex 103 33.0059 2
      vertex 103 23.6516 7.34835
      vertex 103 23.9751 7.71714
    endloop
  endfacet
  facet normal -1 0 0
    outer loop
      vertex 103 33.0059 2
      vertex 103 23.2829 7.02492
      vertex 103 23.6516 7.34835
    endloop
  endfacet
  facet normal -1 0 0
    outer loop
      vertex 103 33.0059 2
      vertex 103 22.875 6.7524
      vertex 103 23.2829 7.02492
    endloop
  endfacet
  facet normal -1 0 0
    outer loop
      vertex 103 33.0059 2
      vertex 103 22.4351 6.53545
      vertex 103 22.875 6.7524
    endloop
  endfacet
  facet normal -1 0 0
    outer loop
      vertex 103 33.0059 2
      vertex 103 21.9706 6.37778
      vertex 103 22.4351 6.53545
    endloop
  endfacet
  facet normal -1 0 0
    outer loop
      vertex 103 33.0059 2
      vertex 103 21.4895 6.28208
      vertex 103 21.9706 6.37778
    endloop
  endfacet
  facet normal -1 0 0
    outer loop
      vertex 103 33.0059 2
      vertex 103 21 6.25
      vertex 103 21.4895 6.28208
    endloop
  endfacet
  facet normal -1 0 0
    outer loop
      vertex 103 8.99407 2
      vertex 103 21 6.25
      vertex 103 33.0059 2
    endloop
  endfacet
  facet normal -1 -0 0
    outer loop
      vertex 103 21 6.25
      vertex 103 8.99407 2
      vertex 103 20.5105 6.28208
    endloop
  endfacet
  facet normal -1 -0 0
    outer loop
      vertex 103 17.2821 9.51053
      vertex 103 8.99407 2
      vertex 103 17.25 10
    endloop
  endfacet
  facet normal -1 -0 0
    outer loop
      vertex 103 17.3778 9.02943
      vertex 103 8.99407 2
      vertex 103 17.2821 9.51053
    endloop
  endfacet
  facet normal -1 -0 0
    outer loop
      vertex 103 17.5354 8.56494
      vertex 103 8.99407 2
      vertex 103 17.3778 9.02943
    endloop
  endfacet
  facet normal -1 -0 0
    outer loop
      vertex 103 17.7524 8.125
      vertex 103 8.99407 2
      vertex 103 17.5354 8.56494
    endloop
  endfacet
  facet normal -1 -0 0
    outer loop
      vertex 103 18.0249 7.71714
      vertex 103 8.99407 2
      vertex 103 17.7524 8.125
    endloop
  endfacet
  facet normal -1 -0 0
    outer loop
      vertex 103 18.3483 7.34835
      vertex 103 8.99407 2
      vertex 103 18.0249 7.71714
    endloop
  endfacet
  facet normal -1 -0 0
    outer loop
      vertex 103 18.7171 7.02492
      vertex 103 8.99407 2
      vertex 103 18.3483 7.34835
    endloop
  endfacet
  facet normal -1 -0 0
    outer loop
      vertex 103 19.125 6.7524
      vertex 103 8.99407 2
      vertex 103 18.7171 7.02492
    endloop
  endfacet
  facet normal -1 -0 0
    outer loop
      vertex 103 19.5649 6.53545
      vertex 103 8.99407 2
      vertex 103 19.125 6.7524
    endloop
  endfacet
  facet normal -1 -0 0
    outer loop
      vertex 103 20.0294 6.37778
      vertex 103 8.99407 2
      vertex 103 19.5649 6.53545
    endloop
  endfacet
  facet normal -1 -0 0
    outer loop
      vertex 103 20.5105 6.28208
      vertex 103 8.99407 2
      vertex 103 20.0294 6.37778
    endloop
  endfacet
  facet normal -1 0 0
    outer loop
      vertex 103 38.9941 21.6
      vertex 103 39 2
      vertex 103 38.9941 2
    endloop
  endfacet
  facet normal -1 0 0
    outer loop
      vertex 103 39 2
      vertex 103 38.9941 21.6
      vertex 103 39 24
    endloop
  endfacet
  facet normal -1 0 0
    outer loop
      vertex 103 33.0059 21.6
      vertex 103 39 24
      vertex 103 38.9941 21.6
    endloop
  endfacet
  facet normal -1 0 0
    outer loop
      vertex 103 33.0059 2
      vertex 103 24.7179 10.4895
      vertex 103 33.0059 21.6
    endloop
  endfacet
  facet normal -1 0 0
    outer loop
      vertex 103 24.6222 10.9706
      vertex 103 33.0059 21.6
      vertex 103 24.7179 10.4895
    endloop
  endfacet
  facet normal -1 0 0
    outer loop
      vertex 103 24.4645 11.4351
      vertex 103 33.0059 21.6
      vertex 103 24.6222 10.9706
    endloop
  endfacet
  facet normal -1 0 0
    outer loop
      vertex 103 24.2476 11.875
      vertex 103 33.0059 21.6
      vertex 103 24.4645 11.4351
    endloop
  endfacet
  facet normal -1 0 0
    outer loop
      vertex 103 23.9751 12.2829
      vertex 103 33.0059 21.6
      vertex 103 24.2476 11.875
    endloop
  endfacet
  facet normal -1 0 0
    outer loop
      vertex 103 23.6516 12.6517
      vertex 103 33.0059 21.6
      vertex 103 23.9751 12.2829
    endloop
  endfacet
  facet normal -1 0 0
    outer loop
      vertex 103 23.2829 12.9751
      vertex 103 33.0059 21.6
      vertex 103 23.6516 12.6517
    endloop
  endfacet
  facet normal -1 0 0
    outer loop
      vertex 103 22.875 13.2476
      vertex 103 33.0059 21.6
      vertex 103 23.2829 12.9751
    endloop
  endfacet
  facet normal -1 0 0
    outer loop
      vertex 103 22.4351 13.4645
      vertex 103 33.0059 21.6
      vertex 103 22.875 13.2476
    endloop
  endfacet
  facet normal -1 0 0
    outer loop
      vertex 103 21.9706 13.6222
      vertex 103 33.0059 21.6
      vertex 103 22.4351 13.4645
    endloop
  endfacet
  facet normal -1 0 0
    outer loop
      vertex 103 21.4895 13.7179
      vertex 103 33.0059 21.6
      vertex 103 21.9706 13.6222
    endloop
  endfacet
  facet normal -1 0 0
    outer loop
      vertex 103 21 13.75
      vertex 103 33.0059 21.6
      vertex 103 21.4895 13.7179
    endloop
  endfacet
  facet normal -1 0 0
    outer loop
      vertex 103 8.99407 21.6
      vertex 103 21 13.75
      vertex 103 20.5105 13.7179
    endloop
  endfacet
  facet normal -1 0 0
    outer loop
      vertex 103 8.99407 21.6
      vertex 103 20.5105 13.7179
      vertex 103 20.0294 13.6222
    endloop
  endfacet
  facet normal -1 0 0
    outer loop
      vertex 103 8.99407 21.6
      vertex 103 20.0294 13.6222
      vertex 103 19.5649 13.4645
    endloop
  endfacet
  facet normal -1 0 0
    outer loop
      vertex 103 8.99407 21.6
      vertex 103 19.5649 13.4645
      vertex 103 19.125 13.2476
    endloop
  endfacet
  facet normal -1 0 0
    outer loop
      vertex 103 8.99407 2
      vertex 103 17.2821 10.4895
      vertex 103 17.25 10
    endloop
  endfacet
  facet normal -1 0 0
    outer loop
      vertex 103 8.99407 21.6
      vertex 103 17.2821 10.4895
      vertex 103 8.99407 2
    endloop
  endfacet
  facet normal -1 0 0
    outer loop
      vertex 103 17.2821 10.4895
      vertex 103 8.99407 21.6
      vertex 103 17.3778 10.9706
    endloop
  endfacet
  facet normal -1 0 0
    outer loop
      vertex 103 17.3778 10.9706
      vertex 103 8.99407 21.6
      vertex 103 17.5354 11.4351
    endloop
  endfacet
  facet normal -1 0 0
    outer loop
      vertex 103 17.5354 11.4351
      vertex 103 8.99407 21.6
      vertex 103 17.7524 11.875
    endloop
  endfacet
  facet normal -1 0 0
    outer loop
      vertex 103 17.7524 11.875
      vertex 103 8.99407 21.6
      vertex 103 18.0249 12.2829
    endloop
  endfacet
  facet normal -1 0 0
    outer loop
      vertex 103 18.0249 12.2829
      vertex 103 8.99407 21.6
      vertex 103 18.3483 12.6517
    endloop
  endfacet
  facet normal -1 0 0
    outer loop
      vertex 103 8.99407 21.6
      vertex 103 18.7171 12.9751
      vertex 103 18.3483 12.6517
    endloop
  endfacet
  facet normal -1 0 0
    outer loop
      vertex 103 8.99407 21.6
      vertex 103 19.125 13.2476
      vertex 103 18.7171 12.9751
    endloop
  endfacet
  facet normal -1 0 0
    outer loop
      vertex 103 21 13.75
      vertex 103 8.99407 21.6
      vertex 103 33.0059 21.6
    endloop
  endfacet
  facet normal -1 0 0
    outer loop
      vertex 103 8.99407 21.6
      vertex 103 39 24
      vertex 103 33.0059 21.6
    endloop
  endfacet
  facet normal -1 0 0
    outer loop
      vertex 103 3 24
      vertex 103 8.99407 21.6
      vertex 103 3.00593 21.6
    endloop
  endfacet
  facet normal -1 0 0
    outer loop
      vertex 103 8.99407 21.6
      vertex 103 3 24
      vertex 103 39 24
    endloop
  endfacet
  facet normal -1 0 0
    outer loop
      vertex 103 3 24
      vertex 103 3.00593 21.6
      vertex 103 3 2
    endloop
  endfacet
  facet normal 0.442591 -0.896724 0
    outer loop
      vertex 2.5 39.866 2
      vertex 2.61731 39.9239 24
      vertex 2.5 39.866 24
    endloop
  endfacet
  facet normal 0.442591 -0.896724 0
    outer loop
      vertex 2.61731 39.9239 24
      vertex 2.5 39.866 2
      vertex 2.61731 39.9239 2
    endloop
  endfacet
  facet normal -0.830308 0.557305 0
    outer loop
      vertex 102.793 2.39124 2
      vertex 102.866 2.5 24
      vertex 102.866 2.5 2
    endloop
  endfacet
  facet normal -0.830308 0.557305 0
    outer loop
      vertex 102.866 2.5 24
      vertex 102.793 2.39124 2
      vertex 102.793 2.39124 24
    endloop
  endfacet
  facet normal -0.195379 -0.980728 0
    outer loop
      vertex 102.131 39.9914 2
      vertex 102.259 39.9659 24
      vertex 102.131 39.9914 24
    endloop
  endfacet
  facet normal -0.195379 -0.980728 -0
    outer loop
      vertex 102.259 39.9659 24
      vertex 102.131 39.9914 2
      vertex 102.259 39.9659 2
    endloop
  endfacet
  facet normal -0.75279 0.658261 0
    outer loop
      vertex 102.707 2.29289 2
      vertex 102.793 2.39124 24
      vertex 102.793 2.39124 2
    endloop
  endfacet
  facet normal -0.75279 0.658261 0
    outer loop
      vertex 102.793 2.39124 24
      vertex 102.707 2.29289 2
      vertex 102.707 2.29289 24
    endloop
  endfacet
  facet normal 0.19494 -0.980815 0
    outer loop
      vertex 2.74118 39.9659 2
      vertex 2.86948 39.9914 24
      vertex 2.74118 39.9659 24
    endloop
  endfacet
  facet normal 0.19494 -0.980815 0
    outer loop
      vertex 2.86948 39.9914 24
      vertex 2.74118 39.9659 2
      vertex 2.86948 39.9914 2
    endloop
  endfacet
  facet normal -0.997631 0.0687916 0
    outer loop
      vertex 102.991 2.86948 2
      vertex 103 3 24
      vertex 103 3 2
    endloop
  endfacet
  facet normal -0.997631 0.0687916 0
    outer loop
      vertex 103 3 24
      vertex 102.991 2.86948 2
      vertex 102.991 2.86948 24
    endloop
  endfacet
  facet normal 0.980801 -0.195013 0
    outer loop
      vertex 2.00856 39.1305 24
      vertex 2.03407 39.2588 2
      vertex 2.03407 39.2588 24
    endloop
  endfacet
  facet normal 0.980801 -0.195013 0
    outer loop
      vertex 2.03407 39.2588 2
      vertex 2.00856 39.1305 24
      vertex 2.00856 39.1305 2
    endloop
  endfacet
  facet normal 0.555194 -0.831721 0
    outer loop
      vertex 2.39124 39.7934 2
      vertex 2.5 39.866 24
      vertex 2.39124 39.7934 24
    endloop
  endfacet
  facet normal 0.555194 -0.831721 0
    outer loop
      vertex 2.5 39.866 24
      vertex 2.39124 39.7934 2
      vertex 2.5 39.866 2
    endloop
  endfacet
  facet normal 0.997856 0.0654432 0
    outer loop
      vertex 2.00856 2.86948 24
      vertex 2 3 2
      vertex 2 3 24
    endloop
  endfacet
  facet normal 0.997856 0.0654432 0
    outer loop
      vertex 2 3 2
      vertex 2.00856 2.86948 24
      vertex 2.00856 2.86948 2
    endloop
  endfacet
  facet normal -0.752624 -0.65845 0
    outer loop
      vertex 102.793 39.6088 2
      vertex 102.707 39.7071 24
      vertex 102.707 39.7071 2
    endloop
  endfacet
  facet normal -0.752624 -0.65845 0
    outer loop
      vertex 102.707 39.7071 24
      vertex 102.793 39.6088 2
      vertex 102.793 39.6088 24
    endloop
  endfacet
  facet normal 0.751714 -0.659489 0
    outer loop
      vertex 2.20665 39.6088 24
      vertex 2.29289 39.7071 2
      vertex 2.29289 39.7071 24
    endloop
  endfacet
  facet normal 0.751714 -0.659489 0
    outer loop
      vertex 2.29289 39.7071 2
      vertex 2.20665 39.6088 24
      vertex 2.20665 39.6088 2
    endloop
  endfacet
  facet normal -0.830403 -0.557164 0
    outer loop
      vertex 102.866 39.5 2
      vertex 102.793 39.6088 24
      vertex 102.793 39.6088 2
    endloop
  endfacet
  facet normal -0.830403 -0.557164 0
    outer loop
      vertex 102.793 39.6088 24
      vertex 102.866 39.5 2
      vertex 102.866 39.5 24
    endloop
  endfacet
  facet normal 0.831533 -0.555476 0
    outer loop
      vertex 2.13397 39.5 24
      vertex 2.20665 39.6088 2
      vertex 2.20665 39.6088 24
    endloop
  endfacet
  facet normal 0.831533 -0.555476 0
    outer loop
      vertex 2.20665 39.6088 2
      vertex 2.13397 39.5 24
      vertex 2.13397 39.5 2
    endloop
  endfacet
  facet normal -0.98154 0.191259 0
    outer loop
      vertex 102.966 2.74118 2
      vertex 102.991 2.86948 24
      vertex 102.991 2.86948 2
    endloop
  endfacet
  facet normal -0.98154 0.191259 0
    outer loop
      vertex 102.991 2.86948 24
      vertex 102.966 2.74118 2
      vertex 102.966 2.74118 24
    endloop
  endfacet
  facet normal 0.75188 0.6593 0
    outer loop
      vertex 2.29289 2.29289 24
      vertex 2.20665 2.39124 2
      vertex 2.20665 2.39124 24
    endloop
  endfacet
  facet normal 0.75188 0.6593 0
    outer loop
      vertex 2.20665 2.39124 2
      vertex 2.29289 2.29289 24
      vertex 2.29289 2.29289 2
    endloop
  endfacet
  facet normal -0.0655078 -0.997852 0
    outer loop
      vertex 102 40 2
      vertex 102.131 39.9914 24
      vertex 102 40 24
    endloop
  endfacet
  facet normal -0.0655078 -0.997852 -0
    outer loop
      vertex 102.131 39.9914 24
      vertex 102 40 2
      vertex 102.131 39.9914 2
    endloop
  endfacet
  facet normal -0.660887 -0.750486 0
    outer loop
      vertex 102.609 39.7934 2
      vertex 102.707 39.7071 24
      vertex 102.609 39.7934 24
    endloop
  endfacet
  facet normal -0.660887 -0.750486 -0
    outer loop
      vertex 102.707 39.7071 24
      vertex 102.609 39.7934 2
      vertex 102.707 39.7071 2
    endloop
  endfacet
  facet normal -0.896405 -0.443235 0
    outer loop
      vertex 102.924 39.3827 2
      vertex 102.866 39.5 24
      vertex 102.866 39.5 2
    endloop
  endfacet
  facet normal -0.896405 -0.443235 0
    outer loop
      vertex 102.866 39.5 24
      vertex 102.924 39.3827 2
      vertex 102.924 39.3827 24
    endloop
  endfacet
  facet normal -0.98154 -0.191259 0
    outer loop
      vertex 102.991 39.1305 2
      vertex 102.966 39.2588 24
      vertex 102.966 39.2588 2
    endloop
  endfacet
  facet normal -0.98154 -0.191259 0
    outer loop
      vertex 102.966 39.2588 24
      vertex 102.991 39.1305 2
      vertex 102.991 39.1305 24
    endloop
  endfacet
  facet normal -0.947042 0.321109 0
    outer loop
      vertex 102.924 2.61731 2
      vertex 102.966 2.74118 24
      vertex 102.966 2.74118 2
    endloop
  endfacet
  facet normal -0.947042 0.321109 0
    outer loop
      vertex 102.966 2.74118 24
      vertex 102.924 2.61731 2
      vertex 102.924 2.61731 24
    endloop
  endfacet
  facet normal -0.89642 0.443205 0
    outer loop
      vertex 102.866 2.5 2
      vertex 102.924 2.61731 24
      vertex 102.924 2.61731 2
    endloop
  endfacet
  facet normal -0.89642 0.443205 0
    outer loop
      vertex 102.924 2.61731 24
      vertex 102.866 2.5 2
      vertex 102.866 2.5 24
    endloop
  endfacet
  facet normal 0.997856 -0.0654532 0
    outer loop
      vertex 2 39 24
      vertex 2.00856 39.1305 2
      vertex 2.00856 39.1305 24
    endloop
  endfacet
  facet normal 0.997856 -0.0654532 0
    outer loop
      vertex 2.00856 39.1305 2
      vertex 2 39 24
      vertex 2 39 2
    endloop
  endfacet
  facet normal -0.99763 -0.0688021 0
    outer loop
      vertex 103 39 2
      vertex 102.991 39.1305 24
      vertex 102.991 39.1305 2
    endloop
  endfacet
  facet normal -0.99763 -0.0688021 0
    outer loop
      vertex 102.991 39.1305 24
      vertex 103 39 2
      vertex 103 39 24
    endloop
  endfacet
  facet normal 0.442222 0.896906 -0
    outer loop
      vertex 2.61731 2.07613 2
      vertex 2.5 2.13397 24
      vertex 2.61731 2.07613 24
    endloop
  endfacet
  facet normal 0.442222 0.896906 0
    outer loop
      vertex 2.5 2.13397 24
      vertex 2.61731 2.07613 2
      vertex 2.5 2.13397 2
    endloop
  endfacet
  facet normal -0.554771 0.832003 0
    outer loop
      vertex 102.609 2.20665 2
      vertex 102.5 2.13397 24
      vertex 102.609 2.20665 24
    endloop
  endfacet
  facet normal -0.554771 0.832003 0
    outer loop
      vertex 102.5 2.13397 24
      vertex 102.609 2.20665 2
      vertex 102.5 2.13397 2
    endloop
  endfacet
  facet normal 0.555617 0.831438 -0
    outer loop
      vertex 2.5 2.13397 2
      vertex 2.39124 2.20665 24
      vertex 2.5 2.13397 24
    endloop
  endfacet
  facet normal 0.555617 0.831438 0
    outer loop
      vertex 2.39124 2.20665 24
      vertex 2.5 2.13397 2
      vertex 2.39124 2.20665 2
    endloop
  endfacet
  facet normal -0.443533 -0.896258 0
    outer loop
      vertex 102.383 39.9239 2
      vertex 102.5 39.866 24
      vertex 102.383 39.9239 24
    endloop
  endfacet
  facet normal -0.443533 -0.896258 -0
    outer loop
      vertex 102.5 39.866 24
      vertex 102.383 39.9239 2
      vertex 102.5 39.866 2
    endloop
  endfacet
  facet normal 0.896906 0.442222 0
    outer loop
      vertex 2.13397 2.5 24
      vertex 2.07613 2.61731 2
      vertex 2.07613 2.61731 24
    endloop
  endfacet
  facet normal 0.896906 0.442222 0
    outer loop
      vertex 2.07613 2.61731 2
      vertex 2.13397 2.5 24
      vertex 2.13397 2.5 2
    endloop
  endfacet
  facet normal 0.980801 0.195013 0
    outer loop
      vertex 2.03407 2.74118 24
      vertex 2.00856 2.86948 2
      vertex 2.00856 2.86948 24
    endloop
  endfacet
  facet normal 0.980801 0.195013 0
    outer loop
      vertex 2.00856 2.86948 2
      vertex 2.03407 2.74118 24
      vertex 2.03407 2.74118 2
    endloop
  endfacet
  facet normal 0.831438 0.555617 0
    outer loop
      vertex 2.20665 2.39124 24
      vertex 2.13397 2.5 2
      vertex 2.13397 2.5 24
    endloop
  endfacet
  facet normal 0.831438 0.555617 0
    outer loop
      vertex 2.13397 2.5 2
      vertex 2.20665 2.39124 24
      vertex 2.20665 2.39124 2
    endloop
  endfacet
  facet normal 0.6593 0.75188 -0
    outer loop
      vertex 2.39124 2.20665 2
      vertex 2.29289 2.29289 24
      vertex 2.39124 2.20665 24
    endloop
  endfacet
  facet normal 0.6593 0.75188 0
    outer loop
      vertex 2.29289 2.29289 24
      vertex 2.39124 2.20665 2
      vertex 2.29289 2.29289 2
    endloop
  endfacet
  facet normal -0.443164 0.896441 0
    outer loop
      vertex 102.5 2.13397 2
      vertex 102.383 2.07613 24
      vertex 102.5 2.13397 24
    endloop
  endfacet
  facet normal -0.443164 0.896441 0
    outer loop
      vertex 102.383 2.07613 24
      vertex 102.5 2.13397 2
      vertex 102.383 2.07613 2
    endloop
  endfacet
  facet normal 0.946903 0.32152 0
    outer loop
      vertex 2.07613 2.61731 24
      vertex 2.03407 2.74118 2
      vertex 2.03407 2.74118 24
    endloop
  endfacet
  facet normal 0.946903 0.32152 0
    outer loop
      vertex 2.03407 2.74118 2
      vertex 2.07613 2.61731 24
      vertex 2.07613 2.61731 2
    endloop
  endfacet
  facet normal 0 0 1
    outer loop
      vertex 102.967 2.95619 2
      vertex 103 3 2
      vertex 103 3.00593 2
    endloop
  endfacet
  facet normal 0 0 1
    outer loop
      vertex 103 3 2
      vertex 102.967 2.95619 2
      vertex 102.991 2.86948 2
    endloop
  endfacet
  facet normal 0 0 1
    outer loop
      vertex 102.967 2.95619 2
      vertex 102.966 2.74118 2
      vertex 102.991 2.86948 2
    endloop
  endfacet
  facet normal 0 0 1
    outer loop
      vertex 102.536 2.46447 2
      vertex 102.966 2.74118 2
      vertex 102.967 2.95619 2
    endloop
  endfacet
  facet normal 0 0 1
    outer loop
      vertex 102.966 2.74118 2
      vertex 102.536 2.46447 2
      vertex 102.924 2.61731 2
    endloop
  endfacet
  facet normal 0 0 1
    outer loop
      vertex 102.924 2.61731 2
      vertex 102.536 2.46447 2
      vertex 102.866 2.5 2
    endloop
  endfacet
  facet normal 0 0 1
    outer loop
      vertex 102.866 2.5 2
      vertex 102.536 2.46447 2
      vertex 102.793 2.39124 2
    endloop
  endfacet
  facet normal 0 0 1
    outer loop
      vertex 102.793 2.39124 2
      vertex 102.536 2.46447 2
      vertex 102.707 2.29289 2
    endloop
  endfacet
  facet normal 0 0 1
    outer loop
      vertex 102.707 2.29289 2
      vertex 102.536 2.46447 2
      vertex 102.609 2.20665 2
    endloop
  endfacet
  facet normal 0 0 1
    outer loop
      vertex 102.536 2.46447 2
      vertex 102.5 2.13397 2
      vertex 102.609 2.20665 2
    endloop
  endfacet
  facet normal 0 0 1
    outer loop
      vertex 102.536 2.46447 2
      vertex 102.383 2.07613 2
      vertex 102.5 2.13397 2
    endloop
  endfacet
  facet normal 0 0 1
    outer loop
      vertex 102.536 2.46447 2
      vertex 102.259 2.03407 2
      vertex 102.383 2.07613 2
    endloop
  endfacet
  facet normal 0 0 1
    outer loop
      vertex 102.044 2.03323 2
      vertex 102.259 2.03407 2
      vertex 102.536 2.46447 2
    endloop
  endfacet
  facet normal 0 0 1
    outer loop
      vertex 102.259 2.03407 2
      vertex 102.044 2.03323 2
      vertex 102.131 2.00856 2
    endloop
  endfacet
  facet normal 0 0 1
    outer loop
      vertex 102.044 2.03323 2
      vertex 102 2 2
      vertex 102.131 2.00856 2
    endloop
  endfacet
  facet normal 0 -0 1
    outer loop
      vertex 102 2 2
      vertex 102.044 2.03323 2
      vertex 101.994 2 2
    endloop
  endfacet
  facet normal 0 0 1
    outer loop
      vertex 2.95619 2.03323 2
      vertex 3 2 2
      vertex 3.00593 2 2
    endloop
  endfacet
  facet normal 0 0 1
    outer loop
      vertex 2.95619 2.03323 2
      vertex 2.86948 2.00856 2
      vertex 3 2 2
    endloop
  endfacet
  facet normal 0 0 1
    outer loop
      vertex 2.95619 2.03323 2
      vertex 2.74118 2.03407 2
      vertex 2.86948 2.00856 2
    endloop
  endfacet
  facet normal 0 0 1
    outer loop
      vertex 2.46447 2.46447 2
      vertex 2.74118 2.03407 2
      vertex 2.95619 2.03323 2
    endloop
  endfacet
  facet normal 0 0 1
    outer loop
      vertex 2.74118 2.03407 2
      vertex 2.46447 2.46447 2
      vertex 2.61731 2.07613 2
    endloop
  endfacet
  facet normal 0 0 1
    outer loop
      vertex 2.61731 2.07613 2
      vertex 2.46447 2.46447 2
      vertex 2.5 2.13397 2
    endloop
  endfacet
  facet normal 0 0 1
    outer loop
      vertex 2.46447 2.46447 2
      vertex 2.39124 2.20665 2
      vertex 2.5 2.13397 2
    endloop
  endfacet
  facet normal 0 0 1
    outer loop
      vertex 2.46447 2.46447 2
      vertex 2.29289 2.29289 2
      vertex 2.39124 2.20665 2
    endloop
  endfacet
  facet normal 0 0 1
    outer loop
      vertex 2.46447 2.46447 2
      vertex 2.20665 2.39124 2
      vertex 2.29289 2.29289 2
    endloop
  endfacet
  facet normal 0 0 1
    outer loop
      vertex 2.46447 2.46447 2
      vertex 2.13397 2.5 2
      vertex 2.20665 2.39124 2
    endloop
  endfacet
  facet normal 0 0 1
    outer loop
      vertex 2.46447 2.46447 2
      vertex 2.07613 2.61731 2
      vertex 2.13397 2.5 2
    endloop
  endfacet
  facet normal 0 0 1
    outer loop
      vertex 2.46447 2.46447 2
      vertex 2.03407 2.74118 2
      vertex 2.07613 2.61731 2
    endloop
  endfacet
  facet normal 0 0 1
    outer loop
      vertex 2.03323 2.95619 2
      vertex 2.03407 2.74118 2
      vertex 2.46447 2.46447 2
    endloop
  endfacet
  facet normal 0 0 1
    outer loop
      vertex 2.03323 2.95619 2
      vertex 2.00856 2.86948 2
      vertex 2.03407 2.74118 2
    endloop
  endfacet
  facet normal -0 0 1
    outer loop
      vertex 2 3 2
      vertex 2.03323 2.95619 2
      vertex 2 3.00593 2
    endloop
  endfacet
  facet normal 0 0 1
    outer loop
      vertex 2.03323 2.95619 2
      vertex 2 3 2
      vertex 2.00856 2.86948 2
    endloop
  endfacet
  facet normal -0 0 1
    outer loop
      vertex 3 40 2
      vertex 2.95619 39.9668 2
      vertex 3.00593 40 2
    endloop
  endfacet
  facet normal -0 0 1
    outer loop
      vertex 2.86948 39.9914 2
      vertex 2.95619 39.9668 2
      vertex 3 40 2
    endloop
  endfacet
  facet normal 0 0 1
    outer loop
      vertex 2.74118 39.9659 2
      vertex 2.95619 39.9668 2
      vertex 2.86948 39.9914 2
    endloop
  endfacet
  facet normal 0 0 1
    outer loop
      vertex 2.46447 39.5355 2
      vertex 2.74118 39.9659 2
      vertex 2.61731 39.9239 2
    endloop
  endfacet
  facet normal 0 0 1
    outer loop
      vertex 2.46447 39.5355 2
      vertex 2.61731 39.9239 2
      vertex 2.5 39.866 2
    endloop
  endfacet
  facet normal -0 0 1
    outer loop
      vertex 2.74118 39.9659 2
      vertex 2.46447 39.5355 2
      vertex 2.95619 39.9668 2
    endloop
  endfacet
  facet normal -0 0 1
    outer loop
      vertex 2.39124 39.7934 2
      vertex 2.46447 39.5355 2
      vertex 2.5 39.866 2
    endloop
  endfacet
  facet normal -0 0 1
    outer loop
      vertex 2.29289 39.7071 2
      vertex 2.46447 39.5355 2
      vertex 2.39124 39.7934 2
    endloop
  endfacet
  facet normal -0 0 1
    outer loop
      vertex 2.20665 39.6088 2
      vertex 2.46447 39.5355 2
      vertex 2.29289 39.7071 2
    endloop
  endfacet
  facet normal 0 0 1
    outer loop
      vertex 2.13397 39.5 2
      vertex 2.46447 39.5355 2
      vertex 2.20665 39.6088 2
    endloop
  endfacet
  facet normal 0 0 1
    outer loop
      vertex 2.07613 39.3827 2
      vertex 2.46447 39.5355 2
      vertex 2.13397 39.5 2
    endloop
  endfacet
  facet normal 0 0 1
    outer loop
      vertex 2.03407 39.2588 2
      vertex 2.46447 39.5355 2
      vertex 2.07613 39.3827 2
    endloop
  endfacet
  facet normal -0 0 1
    outer loop
      vertex 2.03407 39.2588 2
      vertex 2.03323 39.0438 2
      vertex 2.46447 39.5355 2
    endloop
  endfacet
  facet normal -0 0 1
    outer loop
      vertex 2.00856 39.1305 2
      vertex 2.03323 39.0438 2
      vertex 2.03407 39.2588 2
    endloop
  endfacet
  facet normal 0 0 1
    outer loop
      vertex 2 39 2
      vertex 2.03323 39.0438 2
      vertex 2.00856 39.1305 2
    endloop
  endfacet
  facet normal 0 0 1
    outer loop
      vertex 2.03323 39.0438 2
      vertex 2 39 2
      vertex 2 38.9941 2
    endloop
  endfacet
  facet normal -0 0 1
    outer loop
      vertex 102.967 39.0438 2
      vertex 103 39 2
      vertex 102.991 39.1305 2
    endloop
  endfacet
  facet normal 0 0 1
    outer loop
      vertex 103 39 2
      vertex 102.967 39.0438 2
      vertex 103 38.9941 2
    endloop
  endfacet
  facet normal 0 0 1
    outer loop
      vertex 102.966 39.2588 2
      vertex 102.967 39.0438 2
      vertex 102.991 39.1305 2
    endloop
  endfacet
  facet normal 0 0 1
    outer loop
      vertex 102.536 39.5355 2
      vertex 102.966 39.2588 2
      vertex 102.924 39.3827 2
    endloop
  endfacet
  facet normal 0 0 1
    outer loop
      vertex 102.536 39.5355 2
      vertex 102.924 39.3827 2
      vertex 102.866 39.5 2
    endloop
  endfacet
  facet normal -0 0 1
    outer loop
      vertex 102.536 39.5355 2
      vertex 102.866 39.5 2
      vertex 102.793 39.6088 2
    endloop
  endfacet
  facet normal 0 0 1
    outer loop
      vertex 102.536 39.5355 2
      vertex 102.793 39.6088 2
      vertex 102.707 39.7071 2
    endloop
  endfacet
  facet normal 0 0 1
    outer loop
      vertex 102.536 39.5355 2
      vertex 102.707 39.7071 2
      vertex 102.609 39.7934 2
    endloop
  endfacet
  facet normal 0 0 1
    outer loop
      vertex 102.966 39.2588 2
      vertex 102.536 39.5355 2
      vertex 102.967 39.0438 2
    endloop
  endfacet
  facet normal 0 0 1
    outer loop
      vertex 102.5 39.866 2
      vertex 102.536 39.5355 2
      vertex 102.609 39.7934 2
    endloop
  endfacet
  facet normal 0 0 1
    outer loop
      vertex 102.383 39.9239 2
      vertex 102.536 39.5355 2
      vertex 102.5 39.866 2
    endloop
  endfacet
  facet normal 0 0 1
    outer loop
      vertex 102.259 39.9659 2
      vertex 102.536 39.5355 2
      vertex 102.383 39.9239 2
    endloop
  endfacet
  facet normal -0 0 1
    outer loop
      vertex 102.044 39.9668 2
      vertex 102.259 39.9659 2
      vertex 102.131 39.9914 2
    endloop
  endfacet
  facet normal 0 0 1
    outer loop
      vertex 102.259 39.9659 2
      vertex 102.044 39.9668 2
      vertex 102.536 39.5355 2
    endloop
  endfacet
  facet normal 0 0 1
    outer loop
      vertex 102 40 2
      vertex 102.044 39.9668 2
      vertex 102.131 39.9914 2
    endloop
  endfacet
  facet normal 0 0 1
    outer loop
      vertex 102.044 39.9668 2
      vertex 102 40 2
      vertex 101.994 40 2
    endloop
  endfacet
  facet normal 0 0 1
    outer loop
      vertex 94.1704 34.7059 2
      vertex 10.8296 34.7059 2
      vertex 94.1704 7.2941 2
    endloop
  endfacet
  facet normal 0 0 1
    outer loop
      vertex 94.1704 7.2941 2
      vertex 10.9572 6.65263 2
      vertex 11 6 2
    endloop
  endfacet
  facet normal 0 0 1
    outer loop
      vertex 10.8296 7.2941 2
      vertex 94.1704 7.2941 2
      vertex 10.8296 34.7059 2
    endloop
  endfacet
  facet normal 0 0 1
    outer loop
      vertex 94.1704 7.2941 2
      vertex 10.8296 7.2941 2
      vertex 10.9572 6.65263 2
    endloop
  endfacet
  facet normal -0 0 1
    outer loop
      vertex 10.6194 34.0866 2
      vertex 10.8296 7.2941 2
      vertex 10.8296 34.7059 2
    endloop
  endfacet
  facet normal 0 0 1
    outer loop
      vertex 10.6194 34.0866 2
      vertex 10.6194 7.91342 2
      vertex 10.8296 7.2941 2
    endloop
  endfacet
  facet normal -0 0 1
    outer loop
      vertex 10.3301 33.5 2
      vertex 10.6194 7.91342 2
      vertex 10.6194 34.0866 2
    endloop
  endfacet
  facet normal 0 0 1
    outer loop
      vertex 10.3301 33.5 2
      vertex 10.3301 8.5 2
      vertex 10.6194 7.91342 2
    endloop
  endfacet
  facet normal -0 0 1
    outer loop
      vertex 9.96677 32.9562 2
      vertex 10.3301 8.5 2
      vertex 10.3301 33.5 2
    endloop
  endfacet
  facet normal 0 0 1
    outer loop
      vertex 9.96677 32.9562 2
      vertex 9.96677 9.04381 2
      vertex 10.3301 8.5 2
    endloop
  endfacet
  facet normal -0 0 1
    outer loop
      vertex 9.53553 32.4645 2
      vertex 9.96677 9.04381 2
      vertex 9.96677 32.9562 2
    endloop
  endfacet
  facet normal 0 0 1
    outer loop
      vertex 9.53553 32.4645 2
      vertex 9.53553 9.53553 2
      vertex 9.96677 9.04381 2
    endloop
  endfacet
  facet normal -0 0 1
    outer loop
      vertex 9.04381 32.0332 2
      vertex 9.53553 9.53553 2
      vertex 9.53553 32.4645 2
    endloop
  endfacet
  facet normal 0 0 1
    outer loop
      vertex 9.04381 32.0332 2
      vertex 9.04381 9.96677 2
      vertex 9.53553 9.53553 2
    endloop
  endfacet
  facet normal -0 0 1
    outer loop
      vertex 8.5 31.6699 2
      vertex 9.04381 9.96677 2
      vertex 9.04381 32.0332 2
    endloop
  endfacet
  facet normal 0 0 1
    outer loop
      vertex 8.5 31.6699 2
      vertex 8.5 10.3301 2
      vertex 9.04381 9.96677 2
    endloop
  endfacet
  facet normal -0 0 1
    outer loop
      vertex 7.91342 31.3806 2
      vertex 8.5 10.3301 2
      vertex 8.5 31.6699 2
    endloop
  endfacet
  facet normal 0 0 1
    outer loop
      vertex 7.91342 31.3806 2
      vertex 7.91342 10.6194 2
      vertex 8.5 10.3301 2
    endloop
  endfacet
  facet normal -0 0 1
    outer loop
      vertex 7.2941 31.1704 2
      vertex 7.91342 10.6194 2
      vertex 7.91342 31.3806 2
    endloop
  endfacet
  facet normal 0 0 1
    outer loop
      vertex 7.2941 31.1704 2
      vertex 7.2941 10.8296 2
      vertex 7.91342 10.6194 2
    endloop
  endfacet
  facet normal -0 0 1
    outer loop
      vertex 6.65263 31.0428 2
      vertex 7.2941 10.8296 2
      vertex 7.2941 31.1704 2
    endloop
  endfacet
  facet normal 0 0 1
    outer loop
      vertex 6.65263 31.0428 2
      vertex 6.65263 10.9572 2
      vertex 7.2941 10.8296 2
    endloop
  endfacet
  facet normal -0 0 1
    outer loop
      vertex 6 31 2
      vertex 6.65263 10.9572 2
      vertex 6.65263 31.0428 2
    endloop
  endfacet
  facet normal 0 0 1
    outer loop
      vertex 6 31 2
      vertex 6 11 2
      vertex 6.65263 10.9572 2
    endloop
  endfacet
  facet normal 0 0 1
    outer loop
      vertex 5.34737 31.0428 2
      vertex 6 11 2
      vertex 6 31 2
    endloop
  endfacet
  facet normal 0 0 1
    outer loop
      vertex 5.34737 31.0428 2
      vertex 5.34737 10.9572 2
      vertex 6 11 2
    endloop
  endfacet
  facet normal 0 0 1
    outer loop
      vertex 4.7059 31.1704 2
      vertex 5.34737 10.9572 2
      vertex 5.34737 31.0428 2
    endloop
  endfacet
  facet normal 0 0 1
    outer loop
      vertex 4.7059 31.1704 2
      vertex 4.7059 10.8296 2
      vertex 5.34737 10.9572 2
    endloop
  endfacet
  facet normal 0 0 1
    outer loop
      vertex 4.08658 31.3806 2
      vertex 4.7059 10.8296 2
      vertex 4.7059 31.1704 2
    endloop
  endfacet
  facet normal 0 0 1
    outer loop
      vertex 4.08658 31.3806 2
      vertex 4.08658 10.6194 2
      vertex 4.7059 10.8296 2
    endloop
  endfacet
  facet normal 0 0 1
    outer loop
      vertex 3.5 31.6699 2
      vertex 4.08658 10.6194 2
      vertex 4.08658 31.3806 2
    endloop
  endfacet
  facet normal 0 0 1
    outer loop
      vertex 3.5 31.6699 2
      vertex 3.5 10.3301 2
      vertex 4.08658 10.6194 2
    endloop
  endfacet
  facet normal 0 0 1
    outer loop
      vertex 2.95619 32.0332 2
      vertex 3.5 10.3301 2
      vertex 3.5 31.6699 2
    endloop
  endfacet
  facet normal 0 0 1
    outer loop
      vertex 2.95619 32.0332 2
      vertex 2.95619 9.96677 2
      vertex 3.5 10.3301 2
    endloop
  endfacet
  facet normal 0 0 1
    outer loop
      vertex 2.46447 32.4645 2
      vertex 2.95619 9.96677 2
      vertex 2.95619 32.0332 2
    endloop
  endfacet
  facet normal 0 0 1
    outer loop
      vertex 2.46447 32.4645 2
      vertex 2.46447 9.53553 2
      vertex 2.95619 9.96677 2
    endloop
  endfacet
  facet normal 0 0 1
    outer loop
      vertex 2.03323 32.9562 2
      vertex 2.46447 9.53553 2
      vertex 2.46447 32.4645 2
    endloop
  endfacet
  facet normal 0 0 1
    outer loop
      vertex 2.03323 32.9562 2
      vertex 2.03323 9.04381 2
      vertex 2.46447 9.53553 2
    endloop
  endfacet
  facet normal 0 0 1
    outer loop
      vertex 2 33.0059 2
      vertex 2.03323 9.04381 2
      vertex 2.03323 32.9562 2
    endloop
  endfacet
  facet normal 0 0 1
    outer loop
      vertex 2.03323 9.04381 2
      vertex 2 33.0059 2
      vertex 2 8.99407 2
    endloop
  endfacet
  facet normal 0 0 1
    outer loop
      vertex 94.1704 7.2941 2
      vertex 11 6 2
      vertex 94.0428 6.65263 2
    endloop
  endfacet
  facet normal 0 0 1
    outer loop
      vertex 94.0428 36.6526 2
      vertex 11 36 2
      vertex 94 36 2
    endloop
  endfacet
  facet normal 0 0 1
    outer loop
      vertex 10.9572 36.6526 2
      vertex 94.0428 36.6526 2
      vertex 94.1704 37.2941 2
    endloop
  endfacet
  facet normal 0 0 1
    outer loop
      vertex 10.8296 37.2941 2
      vertex 94.1704 37.2941 2
      vertex 94.3806 37.9134 2
    endloop
  endfacet
  facet normal 0 0 1
    outer loop
      vertex 10.6194 37.9134 2
      vertex 94.3806 37.9134 2
      vertex 94.6699 38.5 2
    endloop
  endfacet
  facet normal 0 0 1
    outer loop
      vertex 10.3301 38.5 2
      vertex 94.6699 38.5 2
      vertex 95.0332 39.0438 2
    endloop
  endfacet
  facet normal 0 0 1
    outer loop
      vertex 9.96677 39.0438 2
      vertex 95.0332 39.0438 2
      vertex 95.4645 39.5355 2
    endloop
  endfacet
  facet normal 0 0 1
    outer loop
      vertex 9.53553 39.5355 2
      vertex 95.4645 39.5355 2
      vertex 95.9562 39.9668 2
    endloop
  endfacet
  facet normal 0 0 1
    outer loop
      vertex 9.04381 39.9668 2
      vertex 95.9562 39.9668 2
      vertex 96.0059 40 2
    endloop
  endfacet
  facet normal 0 0 1
    outer loop
      vertex 94.0428 36.6526 2
      vertex 10.9572 36.6526 2
      vertex 11 36 2
    endloop
  endfacet
  facet normal 0 0 1
    outer loop
      vertex 94.1704 37.2941 2
      vertex 10.8296 37.2941 2
      vertex 10.9572 36.6526 2
    endloop
  endfacet
  facet normal 0 0 1
    outer loop
      vertex 94.3806 37.9134 2
      vertex 10.6194 37.9134 2
      vertex 10.8296 37.2941 2
    endloop
  endfacet
  facet normal 0 0 1
    outer loop
      vertex 94.6699 38.5 2
      vertex 10.3301 38.5 2
      vertex 10.6194 37.9134 2
    endloop
  endfacet
  facet normal 0 0 1
    outer loop
      vertex 95.0332 39.0438 2
      vertex 9.96677 39.0438 2
      vertex 10.3301 38.5 2
    endloop
  endfacet
  facet normal 0 0 1
    outer loop
      vertex 95.4645 39.5355 2
      vertex 9.53553 39.5355 2
      vertex 9.96677 39.0438 2
    endloop
  endfacet
  facet normal 0 0 1
    outer loop
      vertex 95.9562 39.9668 2
      vertex 9.04381 39.9668 2
      vertex 9.53553 39.5355 2
    endloop
  endfacet
  facet normal 0 -0 1
    outer loop
      vertex 9.04381 39.9668 2
      vertex 96.0059 40 2
      vertex 8.99407 40 2
    endloop
  endfacet
  facet normal -0 0 1
    outer loop
      vertex 102.967 32.9562 2
      vertex 103 8.99407 2
      vertex 103 33.0059 2
    endloop
  endfacet
  facet normal 0 0 1
    outer loop
      vertex 102.967 32.9562 2
      vertex 102.967 9.04381 2
      vertex 103 8.99407 2
    endloop
  endfacet
  facet normal -0 0 1
    outer loop
      vertex 102.536 32.4645 2
      vertex 102.967 9.04381 2
      vertex 102.967 32.9562 2
    endloop
  endfacet
  facet normal 0 0 1
    outer loop
      vertex 102.536 32.4645 2
      vertex 102.536 9.53553 2
      vertex 102.967 9.04381 2
    endloop
  endfacet
  facet normal -0 0 1
    outer loop
      vertex 102.044 32.0332 2
      vertex 102.536 9.53553 2
      vertex 102.536 32.4645 2
    endloop
  endfacet
  facet normal 0 0 1
    outer loop
      vertex 102.044 32.0332 2
      vertex 102.044 9.96677 2
      vertex 102.536 9.53553 2
    endloop
  endfacet
  facet normal -0 0 1
    outer loop
      vertex 101.5 31.6699 2
      vertex 102.044 9.96677 2
      vertex 102.044 32.0332 2
    endloop
  endfacet
  facet normal 0 0 1
    outer loop
      vertex 101.5 31.6699 2
      vertex 101.5 10.3301 2
      vertex 102.044 9.96677 2
    endloop
  endfacet
  facet normal -0 0 1
    outer loop
      vertex 100.913 31.3806 2
      vertex 101.5 10.3301 2
      vertex 101.5 31.6699 2
    endloop
  endfacet
  facet normal 0 0 1
    outer loop
      vertex 100.913 31.3806 2
      vertex 100.913 10.6194 2
      vertex 101.5 10.3301 2
    endloop
  endfacet
  facet normal -0 0 1
    outer loop
      vertex 100.294 31.1704 2
      vertex 100.913 10.6194 2
      vertex 100.913 31.3806 2
    endloop
  endfacet
  facet normal 0 0 1
    outer loop
      vertex 100.294 31.1704 2
      vertex 100.294 10.8296 2
      vertex 100.913 10.6194 2
    endloop
  endfacet
  facet normal -0 0 1
    outer loop
      vertex 99.6526 31.0428 2
      vertex 100.294 10.8296 2
      vertex 100.294 31.1704 2
    endloop
  endfacet
  facet normal 0 0 1
    outer loop
      vertex 99.6526 31.0428 2
      vertex 99.6526 10.9572 2
      vertex 100.294 10.8296 2
    endloop
  endfacet
  facet normal -0 0 1
    outer loop
      vertex 99 31 2
      vertex 99.6526 10.9572 2
      vertex 99.6526 31.0428 2
    endloop
  endfacet
  facet normal 0 0 1
    outer loop
      vertex 99 31 2
      vertex 99 11 2
      vertex 99.6526 10.9572 2
    endloop
  endfacet
  facet normal 0 0 1
    outer loop
      vertex 98.3474 31.0428 2
      vertex 99 11 2
      vertex 99 31 2
    endloop
  endfacet
  facet normal 0 0 1
    outer loop
      vertex 98.3474 31.0428 2
      vertex 98.3474 10.9572 2
      vertex 99 11 2
    endloop
  endfacet
  facet normal 0 0 1
    outer loop
      vertex 97.7059 31.1704 2
      vertex 98.3474 10.9572 2
      vertex 98.3474 31.0428 2
    endloop
  endfacet
  facet normal 0 0 1
    outer loop
      vertex 97.7059 31.1704 2
      vertex 97.7059 10.8296 2
      vertex 98.3474 10.9572 2
    endloop
  endfacet
  facet normal 0 0 1
    outer loop
      vertex 97.0866 31.3806 2
      vertex 97.7059 10.8296 2
      vertex 97.7059 31.1704 2
    endloop
  endfacet
  facet normal 0 0 1
    outer loop
      vertex 97.0866 31.3806 2
      vertex 97.0866 10.6194 2
      vertex 97.7059 10.8296 2
    endloop
  endfacet
  facet normal 0 0 1
    outer loop
      vertex 96.5 31.6699 2
      vertex 97.0866 10.6194 2
      vertex 97.0866 31.3806 2
    endloop
  endfacet
  facet normal 0 0 1
    outer loop
      vertex 96.5 31.6699 2
      vertex 96.5 10.3301 2
      vertex 97.0866 10.6194 2
    endloop
  endfacet
  facet normal 0 0 1
    outer loop
      vertex 95.9562 32.0332 2
      vertex 96.5 10.3301 2
      vertex 96.5 31.6699 2
    endloop
  endfacet
  facet normal 0 0 1
    outer loop
      vertex 95.9562 32.0332 2
      vertex 95.9562 9.96677 2
      vertex 96.5 10.3301 2
    endloop
  endfacet
  facet normal 0 0 1
    outer loop
      vertex 95.4645 32.4645 2
      vertex 95.9562 9.96677 2
      vertex 95.9562 32.0332 2
    endloop
  endfacet
  facet normal 0 0 1
    outer loop
      vertex 95.4645 32.4645 2
      vertex 95.4645 9.53553 2
      vertex 95.9562 9.96677 2
    endloop
  endfacet
  facet normal 0 0 1
    outer loop
      vertex 95.0332 32.9562 2
      vertex 95.4645 9.53553 2
      vertex 95.4645 32.4645 2
    endloop
  endfacet
  facet normal 0 0 1
    outer loop
      vertex 95.0332 32.9562 2
      vertex 95.0332 9.04381 2
      vertex 95.4645 9.53553 2
    endloop
  endfacet
  facet normal 0 0 1
    outer loop
      vertex 94.6699 33.5 2
      vertex 95.0332 9.04381 2
      vertex 95.0332 32.9562 2
    endloop
  endfacet
  facet normal 0 0 1
    outer loop
      vertex 94.6699 33.5 2
      vertex 94.6699 8.5 2
      vertex 95.0332 9.04381 2
    endloop
  endfacet
  facet normal 0 0 1
    outer loop
      vertex 94.3806 34.0866 2
      vertex 94.6699 8.5 2
      vertex 94.6699 33.5 2
    endloop
  endfacet
  facet normal 0 0 1
    outer loop
      vertex 94.3806 34.0866 2
      vertex 94.3806 7.91342 2
      vertex 94.6699 8.5 2
    endloop
  endfacet
  facet normal 0 0 1
    outer loop
      vertex 94.1704 34.7059 2
      vertex 94.3806 7.91342 2
      vertex 94.3806 34.0866 2
    endloop
  endfacet
  facet normal 0 0 1
    outer loop
      vertex 94.1704 34.7059 2
      vertex 94.1704 7.2941 2
      vertex 94.3806 7.91342 2
    endloop
  endfacet
  facet normal 0 0 1
    outer loop
      vertex 10.9572 35.3474 2
      vertex 94.0428 35.3474 2
      vertex 11 36 2
    endloop
  endfacet
  facet normal 0 0 1
    outer loop
      vertex 94.0428 35.3474 2
      vertex 10.9572 35.3474 2
      vertex 94.1704 34.7059 2
    endloop
  endfacet
  facet normal -0 0 1
    outer loop
      vertex 11 36 2
      vertex 94.0428 35.3474 2
      vertex 94 36 2
    endloop
  endfacet
  facet normal 0 0 1
    outer loop
      vertex 10.8296 34.7059 2
      vertex 94.1704 34.7059 2
      vertex 10.9572 35.3474 2
    endloop
  endfacet
  facet normal 0 0 1
    outer loop
      vertex 94.0428 6.65263 2
      vertex 11 6 2
      vertex 94 6 2
    endloop
  endfacet
  facet normal 0 0 1
    outer loop
      vertex 94 6 2
      vertex 11 6 2
      vertex 94.0428 5.34737 2
    endloop
  endfacet
  facet normal 0 0 1
    outer loop
      vertex 10.9572 5.34737 2
      vertex 94.0428 5.34737 2
      vertex 11 6 2
    endloop
  endfacet
  facet normal 0 0 1
    outer loop
      vertex 94.0428 5.34737 2
      vertex 10.9572 5.34737 2
      vertex 94.1704 4.7059 2
    endloop
  endfacet
  facet normal 0 0 1
    outer loop
      vertex 10.8296 4.7059 2
      vertex 94.1704 4.7059 2
      vertex 10.9572 5.34737 2
    endloop
  endfacet
  facet normal 0 0 1
    outer loop
      vertex 94.1704 4.7059 2
      vertex 10.8296 4.7059 2
      vertex 94.3806 4.08658 2
    endloop
  endfacet
  facet normal 0 0 1
    outer loop
      vertex 10.6194 4.08658 2
      vertex 94.3806 4.08658 2
      vertex 10.8296 4.7059 2
    endloop
  endfacet
  facet normal 0 0 1
    outer loop
      vertex 94.3806 4.08658 2
      vertex 10.6194 4.08658 2
      vertex 94.6699 3.5 2
    endloop
  endfacet
  facet normal 0 0 1
    outer loop
      vertex 10.3301 3.5 2
      vertex 94.6699 3.5 2
      vertex 10.6194 4.08658 2
    endloop
  endfacet
  facet normal 0 0 1
    outer loop
      vertex 94.6699 3.5 2
      vertex 10.3301 3.5 2
      vertex 95.0332 2.95619 2
    endloop
  endfacet
  facet normal 0 0 1
    outer loop
      vertex 9.96677 2.95619 2
      vertex 95.0332 2.95619 2
      vertex 10.3301 3.5 2
    endloop
  endfacet
  facet normal 0 0 1
    outer loop
      vertex 95.0332 2.95619 2
      vertex 9.96677 2.95619 2
      vertex 95.4645 2.46447 2
    endloop
  endfacet
  facet normal 0 0 1
    outer loop
      vertex 9.53553 2.46447 2
      vertex 95.4645 2.46447 2
      vertex 9.96677 2.95619 2
    endloop
  endfacet
  facet normal 0 0 1
    outer loop
      vertex 95.4645 2.46447 2
      vertex 9.53553 2.46447 2
      vertex 95.9562 2.03323 2
    endloop
  endfacet
  facet normal 0 0 1
    outer loop
      vertex 9.04381 2.03323 2
      vertex 95.9562 2.03323 2
      vertex 9.53553 2.46447 2
    endloop
  endfacet
  facet normal 0 0 1
    outer loop
      vertex 95.9562 2.03323 2
      vertex 9.04381 2.03323 2
      vertex 96.0059 2 2
    endloop
  endfacet
  facet normal 0 0 1
    outer loop
      vertex 96.0059 2 2
      vertex 9.04381 2.03323 2
      vertex 8.99407 2 2
    endloop
  endfacet
  facet normal 0.980784 0.195096 0
    outer loop
      vertex 10.9572 6.65263 21.6
      vertex 10.8296 7.2941 2
      vertex 10.8296 7.2941 21.6
    endloop
  endfacet
  facet normal 0.980784 0.195096 0
    outer loop
      vertex 10.8296 7.2941 2
      vertex 10.9572 6.65263 21.6
      vertex 10.9572 6.65263 2
    endloop
  endfacet
  facet normal 0.997856 0.0654402 0
    outer loop
      vertex 11 6 21.6
      vertex 10.9572 6.65263 2
      vertex 10.9572 6.65263 21.6
    endloop
  endfacet
  facet normal 0.997856 0.0654402 0
    outer loop
      vertex 10.9572 6.65263 2
      vertex 11 6 21.6
      vertex 11 6 2
    endloop
  endfacet
  facet normal -0.659357 0.75183 0
    outer loop
      vertex 2.95619 9.96677 2
      vertex 2.46447 9.53553 21.6
      vertex 2.95619 9.96677 21.6
    endloop
  endfacet
  facet normal -0.659357 0.75183 0
    outer loop
      vertex 2.46447 9.53553 21.6
      vertex 2.95619 9.96677 2
      vertex 2.46447 9.53553 2
    endloop
  endfacet
  facet normal 0.946944 -0.321397 0
    outer loop
      vertex 10.6194 4.08658 21.6
      vertex 10.8296 4.7059 2
      vertex 10.8296 4.7059 21.6
    endloop
  endfacet
  facet normal 0.946944 -0.321397 0
    outer loop
      vertex 10.8296 4.7059 2
      vertex 10.6194 4.08658 21.6
      vertex 10.6194 4.08658 2
    endloop
  endfacet
  facet normal -0.83151 0.55551 0
    outer loop
      vertex 2 8.99407 2
      vertex 2.03323 9.04381 21.6
      vertex 2.03323 9.04381 2
    endloop
  endfacet
  facet normal -0.83151 0.55551 0
    outer loop
      vertex 2.03323 9.04381 21.6
      vertex 2 8.99407 2
      vertex 2 8.99407 21.6
    endloop
  endfacet
  facet normal 0.980784 -0.195096 0
    outer loop
      vertex 10.8296 4.7059 21.6
      vertex 10.9572 5.34737 2
      vertex 10.9572 5.34737 21.6
    endloop
  endfacet
  facet normal 0.980784 -0.195096 0
    outer loop
      vertex 10.9572 5.34737 2
      vertex 10.8296 4.7059 21.6
      vertex 10.8296 4.7059 2
    endloop
  endfacet
  facet normal -0.55551 -0.83151 0
    outer loop
      vertex 2.95619 2.03323 2
      vertex 3.00593 2 21.6
      vertex 2.95619 2.03323 21.6
    endloop
  endfacet
  facet normal -0.55551 -0.83151 -0
    outer loop
      vertex 3.00593 2 21.6
      vertex 2.95619 2.03323 2
      vertex 3.00593 2 2
    endloop
  endfacet
  facet normal 0.659357 -0.75183 0
    outer loop
      vertex 9.04381 2.03323 2
      vertex 9.53553 2.46447 21.6
      vertex 9.04381 2.03323 21.6
    endloop
  endfacet
  facet normal 0.659357 -0.75183 0
    outer loop
      vertex 9.53553 2.46447 21.6
      vertex 9.04381 2.03323 2
      vertex 9.53553 2.46447 2
    endloop
  endfacet
  facet normal -0.195096 0.980784 0
    outer loop
      vertex 5.34737 10.9572 2
      vertex 4.7059 10.8296 21.6
      vertex 5.34737 10.9572 21.6
    endloop
  endfacet
  facet normal -0.195096 0.980784 0
    outer loop
      vertex 4.7059 10.8296 21.6
      vertex 5.34737 10.9572 2
      vertex 4.7059 10.8296 2
    endloop
  endfacet
  facet normal 0.831492 0.555536 0
    outer loop
      vertex 10.3301 8.5 21.6
      vertex 9.96677 9.04381 2
      vertex 9.96677 9.04381 21.6
    endloop
  endfacet
  facet normal 0.831492 0.555536 0
    outer loop
      vertex 9.96677 9.04381 2
      vertex 10.3301 8.5 21.6
      vertex 10.3301 8.5 2
    endloop
  endfacet
  facet normal -0.75183 -0.659357 0
    outer loop
      vertex 2.46447 2.46447 2
      vertex 2.03323 2.95619 21.6
      vertex 2.03323 2.95619 2
    endloop
  endfacet
  facet normal -0.75183 -0.659357 0
    outer loop
      vertex 2.03323 2.95619 21.6
      vertex 2.46447 2.46447 2
      vertex 2.46447 2.46447 21.6
    endloop
  endfacet
  facet normal -0.555536 0.831492 0
    outer loop
      vertex 3.5 10.3301 2
      vertex 2.95619 9.96677 21.6
      vertex 3.5 10.3301 21.6
    endloop
  endfacet
  facet normal -0.555536 0.831492 0
    outer loop
      vertex 2.95619 9.96677 21.6
      vertex 3.5 10.3301 2
      vertex 2.95619 9.96677 2
    endloop
  endfacet
  facet normal 0.659357 0.75183 -0
    outer loop
      vertex 9.53553 9.53553 2
      vertex 9.04381 9.96677 21.6
      vertex 9.53553 9.53553 21.6
    endloop
  endfacet
  facet normal 0.659357 0.75183 0
    outer loop
      vertex 9.04381 9.96677 21.6
      vertex 9.53553 9.53553 2
      vertex 9.04381 9.96677 2
    endloop
  endfacet
  facet normal 0.442327 0.896854 -0
    outer loop
      vertex 8.5 10.3301 2
      vertex 7.91342 10.6194 21.6
      vertex 8.5 10.3301 21.6
    endloop
  endfacet
  facet normal 0.442327 0.896854 0
    outer loop
      vertex 7.91342 10.6194 21.6
      vertex 8.5 10.3301 2
      vertex 7.91342 10.6194 2
    endloop
  endfacet
  facet normal 0.896854 -0.442327 0
    outer loop
      vertex 10.3301 3.5 21.6
      vertex 10.6194 4.08658 2
      vertex 10.6194 4.08658 21.6
    endloop
  endfacet
  facet normal 0.896854 -0.442327 0
    outer loop
      vertex 10.6194 4.08658 2
      vertex 10.3301 3.5 21.6
      vertex 10.3301 3.5 2
    endloop
  endfacet
  facet normal 0.997856 -0.0654402 0
    outer loop
      vertex 10.9572 5.34737 21.6
      vertex 11 6 2
      vertex 11 6 21.6
    endloop
  endfacet
  facet normal 0.997856 -0.0654402 0
    outer loop
      vertex 11 6 2
      vertex 10.9572 5.34737 21.6
      vertex 10.9572 5.34737 2
    endloop
  endfacet
  facet normal -0.75183 0.659357 0
    outer loop
      vertex 2.03323 9.04381 2
      vertex 2.46447 9.53553 21.6
      vertex 2.46447 9.53553 2
    endloop
  endfacet
  facet normal -0.75183 0.659357 0
    outer loop
      vertex 2.46447 9.53553 21.6
      vertex 2.03323 9.04381 2
      vertex 2.03323 9.04381 21.6
    endloop
  endfacet
  facet normal 0.555536 0.831492 -0
    outer loop
      vertex 9.04381 9.96677 2
      vertex 8.5 10.3301 21.6
      vertex 9.04381 9.96677 21.6
    endloop
  endfacet
  facet normal 0.555536 0.831492 0
    outer loop
      vertex 8.5 10.3301 21.6
      vertex 9.04381 9.96677 2
      vertex 8.5 10.3301 2
    endloop
  endfacet
  facet normal -0.83151 -0.55551 0
    outer loop
      vertex 2.03323 2.95619 2
      vertex 2 3.00593 21.6
      vertex 2 3.00593 2
    endloop
  endfacet
  facet normal -0.83151 -0.55551 0
    outer loop
      vertex 2 3.00593 21.6
      vertex 2.03323 2.95619 2
      vertex 2.03323 2.95619 21.6
    endloop
  endfacet
  facet normal 0.0654402 0.997856 -0
    outer loop
      vertex 6.65263 10.9572 2
      vertex 6 11 21.6
      vertex 6.65263 10.9572 21.6
    endloop
  endfacet
  facet normal 0.0654402 0.997856 0
    outer loop
      vertex 6 11 21.6
      vertex 6.65263 10.9572 2
      vertex 6 11 2
    endloop
  endfacet
  facet normal 0.55551 -0.83151 0
    outer loop
      vertex 8.99407 2 2
      vertex 9.04381 2.03323 21.6
      vertex 8.99407 2 21.6
    endloop
  endfacet
  facet normal 0.55551 -0.83151 0
    outer loop
      vertex 9.04381 2.03323 21.6
      vertex 8.99407 2 2
      vertex 9.04381 2.03323 2
    endloop
  endfacet
  facet normal -0.442327 0.896854 0
    outer loop
      vertex 4.08658 10.6194 2
      vertex 3.5 10.3301 21.6
      vertex 4.08658 10.6194 21.6
    endloop
  endfacet
  facet normal -0.442327 0.896854 0
    outer loop
      vertex 3.5 10.3301 21.6
      vertex 4.08658 10.6194 2
      vertex 3.5 10.3301 2
    endloop
  endfacet
  facet normal -0.0654402 0.997856 0
    outer loop
      vertex 6 11 2
      vertex 5.34737 10.9572 21.6
      vertex 6 11 21.6
    endloop
  endfacet
  facet normal -0.0654402 0.997856 0
    outer loop
      vertex 5.34737 10.9572 21.6
      vertex 6 11 2
      vertex 5.34737 10.9572 2
    endloop
  endfacet
  facet normal 0.195096 0.980784 -0
    outer loop
      vertex 7.2941 10.8296 2
      vertex 6.65263 10.9572 21.6
      vertex 7.2941 10.8296 21.6
    endloop
  endfacet
  facet normal 0.195096 0.980784 0
    outer loop
      vertex 6.65263 10.9572 21.6
      vertex 7.2941 10.8296 2
      vertex 6.65263 10.9572 2
    endloop
  endfacet
  facet normal -0.659357 -0.75183 0
    outer loop
      vertex 2.46447 2.46447 2
      vertex 2.95619 2.03323 21.6
      vertex 2.46447 2.46447 21.6
    endloop
  endfacet
  facet normal -0.659357 -0.75183 -0
    outer loop
      vertex 2.95619 2.03323 21.6
      vertex 2.46447 2.46447 2
      vertex 2.95619 2.03323 2
    endloop
  endfacet
  facet normal 0.75183 -0.659357 0
    outer loop
      vertex 9.53553 2.46447 21.6
      vertex 9.96677 2.95619 2
      vertex 9.96677 2.95619 21.6
    endloop
  endfacet
  facet normal 0.75183 -0.659357 0
    outer loop
      vertex 9.96677 2.95619 2
      vertex 9.53553 2.46447 21.6
      vertex 9.53553 2.46447 2
    endloop
  endfacet
  facet normal 0.321397 0.946944 -0
    outer loop
      vertex 7.91342 10.6194 2
      vertex 7.2941 10.8296 21.6
      vertex 7.91342 10.6194 21.6
    endloop
  endfacet
  facet normal 0.321397 0.946944 0
    outer loop
      vertex 7.2941 10.8296 21.6
      vertex 7.91342 10.6194 2
      vertex 7.2941 10.8296 2
    endloop
  endfacet
  facet normal 0.831492 -0.555536 0
    outer loop
      vertex 9.96677 2.95619 21.6
      vertex 10.3301 3.5 2
      vertex 10.3301 3.5 21.6
    endloop
  endfacet
  facet normal 0.831492 -0.555536 0
    outer loop
      vertex 10.3301 3.5 2
      vertex 9.96677 2.95619 21.6
      vertex 9.96677 2.95619 2
    endloop
  endfacet
  facet normal 0.896854 0.442327 0
    outer loop
      vertex 10.6194 7.91342 21.6
      vertex 10.3301 8.5 2
      vertex 10.3301 8.5 21.6
    endloop
  endfacet
  facet normal 0.896854 0.442327 0
    outer loop
      vertex 10.3301 8.5 2
      vertex 10.6194 7.91342 21.6
      vertex 10.6194 7.91342 2
    endloop
  endfacet
  facet normal 0.75183 0.659357 0
    outer loop
      vertex 9.96677 9.04381 21.6
      vertex 9.53553 9.53553 2
      vertex 9.53553 9.53553 21.6
    endloop
  endfacet
  facet normal 0.75183 0.659357 0
    outer loop
      vertex 9.53553 9.53553 2
      vertex 9.96677 9.04381 21.6
      vertex 9.96677 9.04381 2
    endloop
  endfacet
  facet normal 0.946944 0.321397 0
    outer loop
      vertex 10.8296 7.2941 21.6
      vertex 10.6194 7.91342 2
      vertex 10.6194 7.91342 21.6
    endloop
  endfacet
  facet normal 0.946944 0.321397 0
    outer loop
      vertex 10.6194 7.91342 2
      vertex 10.8296 7.2941 21.6
      vertex 10.8296 7.2941 2
    endloop
  endfacet
  facet normal -0.321397 0.946944 0
    outer loop
      vertex 4.7059 10.8296 2
      vertex 4.08658 10.6194 21.6
      vertex 4.7059 10.8296 21.6
    endloop
  endfacet
  facet normal -0.321397 0.946944 0
    outer loop
      vertex 4.08658 10.6194 21.6
      vertex 4.7059 10.8296 2
      vertex 4.08658 10.6194 2
    endloop
  endfacet
  facet normal 0 0 1
    outer loop
      vertex 10.9572 6.65263 21.6
      vertex 7.68546 6.22189 21.6
      vertex 7.7 6 21.6
    endloop
  endfacet
  facet normal 0 0 1
    outer loop
      vertex 8.5 10.3301 21.6
      vertex 7.64207 6.43999 21.6
      vertex 7.68546 6.22189 21.6
    endloop
  endfacet
  facet normal 0 0 1
    outer loop
      vertex 8.5 10.3301 21.6
      vertex 7.57059 6.65056 21.6
      vertex 7.64207 6.43999 21.6
    endloop
  endfacet
  facet normal 0 0 1
    outer loop
      vertex 8.5 10.3301 21.6
      vertex 7.47224 6.85 21.6
      vertex 7.57059 6.65056 21.6
    endloop
  endfacet
  facet normal 0 0 1
    outer loop
      vertex 8.5 10.3301 21.6
      vertex 7.3487 7.03489 21.6
      vertex 7.47224 6.85 21.6
    endloop
  endfacet
  facet normal 0 0 1
    outer loop
      vertex 6.65056 7.57059 21.6
      vertex 7.91342 10.6194 21.6
      vertex 7.2941 10.8296 21.6
    endloop
  endfacet
  facet normal 0 0 1
    outer loop
      vertex 8.5 10.3301 21.6
      vertex 7.20208 7.20208 21.6
      vertex 7.3487 7.03489 21.6
    endloop
  endfacet
  facet normal 0 0 1
    outer loop
      vertex 8.5 10.3301 21.6
      vertex 7.03489 7.3487 21.6
      vertex 7.20208 7.20208 21.6
    endloop
  endfacet
  facet normal 0 0 1
    outer loop
      vertex 8.5 10.3301 21.6
      vertex 6.85 7.47224 21.6
      vertex 7.03489 7.3487 21.6
    endloop
  endfacet
  facet normal 0 0 1
    outer loop
      vertex 6.43999 7.64207 21.6
      vertex 7.2941 10.8296 21.6
      vertex 6.65263 10.9572 21.6
    endloop
  endfacet
  facet normal 0 0 1
    outer loop
      vertex 7.91342 10.6194 21.6
      vertex 6.65056 7.57059 21.6
      vertex 6.85 7.47224 21.6
    endloop
  endfacet
  facet normal 0 0 1
    outer loop
      vertex 7.2941 10.8296 21.6
      vertex 6.43999 7.64207 21.6
      vertex 6.65056 7.57059 21.6
    endloop
  endfacet
  facet normal 0 0 1
    outer loop
      vertex 6.65263 10.9572 21.6
      vertex 6.22189 7.68546 21.6
      vertex 6.43999 7.64207 21.6
    endloop
  endfacet
  facet normal 0 0 1
    outer loop
      vertex 6 11 21.6
      vertex 6.22189 7.68546 21.6
      vertex 6.65263 10.9572 21.6
    endloop
  endfacet
  facet normal 0 0 1
    outer loop
      vertex 6 11 21.6
      vertex 6 7.7 21.6
      vertex 6.22189 7.68546 21.6
    endloop
  endfacet
  facet normal 0 0 1
    outer loop
      vertex 6 11 21.6
      vertex 5.7781 7.68546 21.6
      vertex 6 7.7 21.6
    endloop
  endfacet
  facet normal -0 0 1
    outer loop
      vertex 5.34737 10.9572 21.6
      vertex 5.7781 7.68546 21.6
      vertex 6 11 21.6
    endloop
  endfacet
  facet normal 0 0 1
    outer loop
      vertex 5.7781 7.68546 21.6
      vertex 5.34737 10.9572 21.6
      vertex 5.56001 7.64207 21.6
    endloop
  endfacet
  facet normal -0 0 1
    outer loop
      vertex 4.7059 10.8296 21.6
      vertex 5.56001 7.64207 21.6
      vertex 5.34737 10.9572 21.6
    endloop
  endfacet
  facet normal 0 0 1
    outer loop
      vertex 5.56001 7.64207 21.6
      vertex 4.7059 10.8296 21.6
      vertex 5.34944 7.57059 21.6
    endloop
  endfacet
  facet normal -0 0 1
    outer loop
      vertex 4.08658 10.6194 21.6
      vertex 5.34944 7.57059 21.6
      vertex 4.7059 10.8296 21.6
    endloop
  endfacet
  facet normal 0 0 1
    outer loop
      vertex 5.34944 7.57059 21.6
      vertex 4.08658 10.6194 21.6
      vertex 5.15 7.47224 21.6
    endloop
  endfacet
  facet normal -0 0 1
    outer loop
      vertex 3.5 10.3301 21.6
      vertex 5.15 7.47224 21.6
      vertex 4.08658 10.6194 21.6
    endloop
  endfacet
  facet normal 0 0 1
    outer loop
      vertex 5.15 7.47224 21.6
      vertex 3.5 10.3301 21.6
      vertex 4.96511 7.3487 21.6
    endloop
  endfacet
  facet normal -0 0 1
    outer loop
      vertex 2.95619 9.96677 21.6
      vertex 4.96511 7.3487 21.6
      vertex 3.5 10.3301 21.6
    endloop
  endfacet
  facet normal 0 0 1
    outer loop
      vertex 4.96511 7.3487 21.6
      vertex 2.95619 9.96677 21.6
      vertex 4.79792 7.20208 21.6
    endloop
  endfacet
  facet normal -0 0 1
    outer loop
      vertex 2.46447 9.53553 21.6
      vertex 4.79792 7.20208 21.6
      vertex 2.95619 9.96677 21.6
    endloop
  endfacet
  facet normal 0 0 1
    outer loop
      vertex 4.79792 7.20208 21.6
      vertex 2.46447 9.53553 21.6
      vertex 4.6513 7.03489 21.6
    endloop
  endfacet
  facet normal -0 0 1
    outer loop
      vertex 2 8.99407 21.6
      vertex 4.6513 7.03489 21.6
      vertex 2.03323 9.04381 21.6
    endloop
  endfacet
  facet normal -0 0 1
    outer loop
      vertex 2.03323 9.04381 21.6
      vertex 4.6513 7.03489 21.6
      vertex 2.46447 9.53553 21.6
    endloop
  endfacet
  facet normal 0 0 1
    outer loop
      vertex 7.7 6 21.6
      vertex 11 6 21.6
      vertex 10.9572 6.65263 21.6
    endloop
  endfacet
  facet normal 0 0 1
    outer loop
      vertex 7.68546 6.22189 21.6
      vertex 10.9572 6.65263 21.6
      vertex 10.8296 7.2941 21.6
    endloop
  endfacet
  facet normal 0 0 1
    outer loop
      vertex 11 6 21.6
      vertex 7.7 6 21.6
      vertex 10.9572 5.34737 21.6
    endloop
  endfacet
  facet normal 0 0 1
    outer loop
      vertex 7.68546 6.22189 21.6
      vertex 10.8296 7.2941 21.6
      vertex 10.6194 7.91342 21.6
    endloop
  endfacet
  facet normal -0 0 1
    outer loop
      vertex 7.68546 5.7781 21.6
      vertex 10.9572 5.34737 21.6
      vertex 7.7 6 21.6
    endloop
  endfacet
  facet normal 0 0 1
    outer loop
      vertex 7.68546 6.22189 21.6
      vertex 10.6194 7.91342 21.6
      vertex 10.3301 8.5 21.6
    endloop
  endfacet
  facet normal 0 0 1
    outer loop
      vertex 10.9572 5.34737 21.6
      vertex 7.68546 5.7781 21.6
      vertex 10.8296 4.7059 21.6
    endloop
  endfacet
  facet normal 0 0 1
    outer loop
      vertex 7.68546 6.22189 21.6
      vertex 10.3301 8.5 21.6
      vertex 9.96677 9.04381 21.6
    endloop
  endfacet
  facet normal -0 0 1
    outer loop
      vertex 7.64207 5.56001 21.6
      vertex 10.8296 4.7059 21.6
      vertex 7.68546 5.7781 21.6
    endloop
  endfacet
  facet normal 0 0 1
    outer loop
      vertex 7.68546 6.22189 21.6
      vertex 9.96677 9.04381 21.6
      vertex 9.53553 9.53553 21.6
    endloop
  endfacet
  facet normal 0 0 1
    outer loop
      vertex 10.8296 4.7059 21.6
      vertex 7.64207 5.56001 21.6
      vertex 10.6194 4.08658 21.6
    endloop
  endfacet
  facet normal 0 0 1
    outer loop
      vertex 7.68546 6.22189 21.6
      vertex 9.53553 9.53553 21.6
      vertex 9.04381 9.96677 21.6
    endloop
  endfacet
  facet normal -0 0 1
    outer loop
      vertex 7.57059 5.34944 21.6
      vertex 10.6194 4.08658 21.6
      vertex 7.64207 5.56001 21.6
    endloop
  endfacet
  facet normal 0 0 1
    outer loop
      vertex 10.6194 4.08658 21.6
      vertex 7.57059 5.34944 21.6
      vertex 10.3301 3.5 21.6
    endloop
  endfacet
  facet normal 0 0 1
    outer loop
      vertex 7.68546 6.22189 21.6
      vertex 9.04381 9.96677 21.6
      vertex 8.5 10.3301 21.6
    endloop
  endfacet
  facet normal 0 0 1
    outer loop
      vertex 6.85 7.47224 21.6
      vertex 8.5 10.3301 21.6
      vertex 7.91342 10.6194 21.6
    endloop
  endfacet
  facet normal -0 0 1
    outer loop
      vertex 7.47224 5.15 21.6
      vertex 10.3301 3.5 21.6
      vertex 7.57059 5.34944 21.6
    endloop
  endfacet
  facet normal 0 0 1
    outer loop
      vertex 10.3301 3.5 21.6
      vertex 7.47224 5.15 21.6
      vertex 9.96677 2.95619 21.6
    endloop
  endfacet
  facet normal -0 0 1
    outer loop
      vertex 7.3487 4.96511 21.6
      vertex 9.96677 2.95619 21.6
      vertex 7.47224 5.15 21.6
    endloop
  endfacet
  facet normal 0 0 1
    outer loop
      vertex 9.96677 2.95619 21.6
      vertex 7.3487 4.96511 21.6
      vertex 9.53553 2.46447 21.6
    endloop
  endfacet
  facet normal -0 0 1
    outer loop
      vertex 7.20208 4.79792 21.6
      vertex 9.53553 2.46447 21.6
      vertex 7.3487 4.96511 21.6
    endloop
  endfacet
  facet normal 0 0 1
    outer loop
      vertex 9.53553 2.46447 21.6
      vertex 7.20208 4.79792 21.6
      vertex 9.04381 2.03323 21.6
    endloop
  endfacet
  facet normal -0 0 1
    outer loop
      vertex 7.03489 4.6513 21.6
      vertex 9.04381 2.03323 21.6
      vertex 7.20208 4.79792 21.6
    endloop
  endfacet
  facet normal 0 0 1
    outer loop
      vertex 9.04381 2.03323 21.6
      vertex 7.03489 4.6513 21.6
      vertex 8.99407 2 21.6
    endloop
  endfacet
  facet normal -0 0 1
    outer loop
      vertex 6.85 4.52776 21.6
      vertex 8.99407 2 21.6
      vertex 7.03489 4.6513 21.6
    endloop
  endfacet
  facet normal -0 0 1
    outer loop
      vertex 6.65056 4.4294 21.6
      vertex 8.99407 2 21.6
      vertex 6.85 4.52776 21.6
    endloop
  endfacet
  facet normal -0 0 1
    outer loop
      vertex 6.43999 4.35793 21.6
      vertex 8.99407 2 21.6
      vertex 6.65056 4.4294 21.6
    endloop
  endfacet
  facet normal -0 0 1
    outer loop
      vertex 6.22189 4.31454 21.6
      vertex 8.99407 2 21.6
      vertex 6.43999 4.35793 21.6
    endloop
  endfacet
  facet normal -0 0 1
    outer loop
      vertex 6 4.3 21.6
      vertex 8.99407 2 21.6
      vertex 6.22189 4.31454 21.6
    endloop
  endfacet
  facet normal 0 0 1
    outer loop
      vertex 3.00593 2 21.6
      vertex 6 4.3 21.6
      vertex 5.7781 4.31454 21.6
    endloop
  endfacet
  facet normal 0 0 1
    outer loop
      vertex 3.00593 2 21.6
      vertex 5.7781 4.31454 21.6
      vertex 5.56001 4.35793 21.6
    endloop
  endfacet
  facet normal 0 0 1
    outer loop
      vertex 3.00593 2 21.6
      vertex 5.56001 4.35793 21.6
      vertex 5.34944 4.4294 21.6
    endloop
  endfacet
  facet normal 0 0 1
    outer loop
      vertex 3.00593 2 21.6
      vertex 5.34944 4.4294 21.6
      vertex 5.15 4.52776 21.6
    endloop
  endfacet
  facet normal 0 0 1
    outer loop
      vertex 4.6513 7.03489 21.6
      vertex 2 8.99407 21.6
      vertex 4.52776 6.85 21.6
    endloop
  endfacet
  facet normal 0 0 1
    outer loop
      vertex 4.52776 6.85 21.6
      vertex 2 8.99407 21.6
      vertex 4.4294 6.65056 21.6
    endloop
  endfacet
  facet normal 0 0 1
    outer loop
      vertex 6 4.3 21.6
      vertex 3.00593 2 21.6
      vertex 8.99407 2 21.6
    endloop
  endfacet
  facet normal 0 0 1
    outer loop
      vertex 4.96511 4.6513 21.6
      vertex 3.00593 2 21.6
      vertex 5.15 4.52776 21.6
    endloop
  endfacet
  facet normal 0 0 1
    outer loop
      vertex 2.95619 2.03323 21.6
      vertex 4.96511 4.6513 21.6
      vertex 4.79792 4.79792 21.6
    endloop
  endfacet
  facet normal 0 0 1
    outer loop
      vertex 2.46447 2.46447 21.6
      vertex 4.79792 4.79792 21.6
      vertex 4.6513 4.96511 21.6
    endloop
  endfacet
  facet normal 0 0 1
    outer loop
      vertex 2 3.00593 21.6
      vertex 4.6513 4.96511 21.6
      vertex 4.52776 5.15 21.6
    endloop
  endfacet
  facet normal 0 0 1
    outer loop
      vertex 2 3.00593 21.6
      vertex 4.52776 5.15 21.6
      vertex 4.4294 5.34944 21.6
    endloop
  endfacet
  facet normal 0 0 1
    outer loop
      vertex 2 3.00593 21.6
      vertex 4.4294 5.34944 21.6
      vertex 4.35793 5.56001 21.6
    endloop
  endfacet
  facet normal 0 0 1
    outer loop
      vertex 2 3.00593 21.6
      vertex 4.35793 5.56001 21.6
      vertex 4.31454 5.7781 21.6
    endloop
  endfacet
  facet normal 0 0 1
    outer loop
      vertex 4.4294 6.65056 21.6
      vertex 2 8.99407 21.6
      vertex 4.35793 6.43999 21.6
    endloop
  endfacet
  facet normal 0 0 1
    outer loop
      vertex 4.35793 6.43999 21.6
      vertex 2 8.99407 21.6
      vertex 4.31454 6.22189 21.6
    endloop
  endfacet
  facet normal 0 0 1
    outer loop
      vertex 4.31454 6.22189 21.6
      vertex 2 8.99407 21.6
      vertex 4.3 6 21.6
    endloop
  endfacet
  facet normal 0 0 1
    outer loop
      vertex 4.3 6 21.6
      vertex 2 3.00593 21.6
      vertex 4.31454 5.7781 21.6
    endloop
  endfacet
  facet normal 0 0 1
    outer loop
      vertex 4.96511 4.6513 21.6
      vertex 2.95619 2.03323 21.6
      vertex 3.00593 2 21.6
    endloop
  endfacet
  facet normal 0 0 1
    outer loop
      vertex 2 3.00593 21.6
      vertex 4.3 6 21.6
      vertex 2 8.99407 21.6
    endloop
  endfacet
  facet normal 0 0 1
    outer loop
      vertex 4.79792 4.79792 21.6
      vertex 2.46447 2.46447 21.6
      vertex 2.95619 2.03323 21.6
    endloop
  endfacet
  facet normal 0 0 1
    outer loop
      vertex 4.6513 4.96511 21.6
      vertex 2 3.00593 21.6
      vertex 2.03323 2.95619 21.6
    endloop
  endfacet
  facet normal 0 0 1
    outer loop
      vertex 4.6513 4.96511 21.6
      vertex 2.03323 2.95619 21.6
      vertex 2.46447 2.46447 21.6
    endloop
  endfacet
  facet normal 0.195096 -0.980784 0
    outer loop
      vertex 6.65263 31.0428 2
      vertex 7.2941 31.1704 21.6
      vertex 6.65263 31.0428 21.6
    endloop
  endfacet
  facet normal 0.195096 -0.980784 0
    outer loop
      vertex 7.2941 31.1704 21.6
      vertex 6.65263 31.0428 2
      vertex 7.2941 31.1704 2
    endloop
  endfacet
  facet normal 0.980786 0.195087 0
    outer loop
      vertex 10.9572 36.6526 21.6
      vertex 10.8296 37.2941 2
      vertex 10.8296 37.2941 21.6
    endloop
  endfacet
  facet normal 0.980786 0.195087 0
    outer loop
      vertex 10.8296 37.2941 2
      vertex 10.9572 36.6526 21.6
      vertex 10.9572 36.6526 2
    endloop
  endfacet
  facet normal 0.997856 0.0654432 0
    outer loop
      vertex 11 36 21.6
      vertex 10.9572 36.6526 2
      vertex 10.9572 36.6526 21.6
    endloop
  endfacet
  facet normal 0.997856 0.0654432 0
    outer loop
      vertex 10.9572 36.6526 2
      vertex 11 36 21.6
      vertex 11 36 2
    endloop
  endfacet
  facet normal -0.321397 -0.946944 0
    outer loop
      vertex 4.08658 31.3806 2
      vertex 4.7059 31.1704 21.6
      vertex 4.08658 31.3806 21.6
    endloop
  endfacet
  facet normal -0.321397 -0.946944 -0
    outer loop
      vertex 4.7059 31.1704 21.6
      vertex 4.08658 31.3806 2
      vertex 4.7059 31.1704 2
    endloop
  endfacet
  facet normal -0.195096 -0.980784 0
    outer loop
      vertex 4.7059 31.1704 2
      vertex 5.34737 31.0428 21.6
      vertex 4.7059 31.1704 21.6
    endloop
  endfacet
  facet normal -0.195096 -0.980784 -0
    outer loop
      vertex 5.34737 31.0428 21.6
      vertex 4.7059 31.1704 2
      vertex 5.34737 31.0428 2
    endloop
  endfacet
  facet normal 0.946941 -0.321407 0
    outer loop
      vertex 10.6194 34.0866 21.6
      vertex 10.8296 34.7059 2
      vertex 10.8296 34.7059 21.6
    endloop
  endfacet
  facet normal 0.946941 -0.321407 0
    outer loop
      vertex 10.8296 34.7059 2
      vertex 10.6194 34.0866 21.6
      vertex 10.6194 34.0866 2
    endloop
  endfacet
  facet normal -0.0654402 -0.997856 0
    outer loop
      vertex 5.34737 31.0428 2
      vertex 6 31 21.6
      vertex 5.34737 31.0428 21.6
    endloop
  endfacet
  facet normal -0.0654402 -0.997856 -0
    outer loop
      vertex 6 31 21.6
      vertex 5.34737 31.0428 2
      vertex 6 31 2
    endloop
  endfacet
  facet normal -0.831303 0.555819 0
    outer loop
      vertex 2 38.9941 2
      vertex 2.03323 39.0438 21.6
      vertex 2.03323 39.0438 2
    endloop
  endfacet
  facet normal -0.831303 0.555819 0
    outer loop
      vertex 2.03323 39.0438 21.6
      vertex 2 38.9941 2
      vertex 2 38.9941 21.6
    endloop
  endfacet
  facet normal 0.980786 -0.195087 0
    outer loop
      vertex 10.8296 34.7059 21.6
      vertex 10.9572 35.3474 2
      vertex 10.9572 35.3474 21.6
    endloop
  endfacet
  facet normal 0.980786 -0.195087 0
    outer loop
      vertex 10.9572 35.3474 2
      vertex 10.8296 34.7059 21.6
      vertex 10.8296 34.7059 2
    endloop
  endfacet
  facet normal -0.555504 -0.831514 0
    outer loop
      vertex 2.95619 32.0332 2
      vertex 3.5 31.6699 21.6
      vertex 2.95619 32.0332 21.6
    endloop
  endfacet
  facet normal -0.555504 -0.831514 -0
    outer loop
      vertex 3.5 31.6699 21.6
      vertex 2.95619 32.0332 2
      vertex 3.5 31.6699 2
    endloop
  endfacet
  facet normal 0.659409 -0.751784 0
    outer loop
      vertex 9.04381 32.0332 2
      vertex 9.53553 32.4645 21.6
      vertex 9.04381 32.0332 21.6
    endloop
  endfacet
  facet normal 0.659409 -0.751784 0
    outer loop
      vertex 9.53553 32.4645 21.6
      vertex 9.04381 32.0332 2
      vertex 9.53553 32.4645 2
    endloop
  endfacet
  facet normal 0.831488 0.555543 0
    outer loop
      vertex 10.3301 38.5 21.6
      vertex 9.96677 39.0438 2
      vertex 9.96677 39.0438 21.6
    endloop
  endfacet
  facet normal 0.831488 0.555543 0
    outer loop
      vertex 9.96677 39.0438 2
      vertex 10.3301 38.5 21.6
      vertex 10.3301 38.5 2
    endloop
  endfacet
  facet normal -0.751817 -0.659372 0
    outer loop
      vertex 2.46447 32.4645 2
      vertex 2.03323 32.9562 21.6
      vertex 2.03323 32.9562 2
    endloop
  endfacet
  facet normal -0.751817 -0.659372 0
    outer loop
      vertex 2.03323 32.9562 21.6
      vertex 2.46447 32.4645 2
      vertex 2.46447 32.4645 21.6
    endloop
  endfacet
  facet normal -0.555163 0.831741 0
    outer loop
      vertex 3.00593 40 2
      vertex 2.95619 39.9668 21.6
      vertex 3.00593 40 21.6
    endloop
  endfacet
  facet normal -0.555163 0.831741 0
    outer loop
      vertex 2.95619 39.9668 21.6
      vertex 3.00593 40 2
      vertex 2.95619 39.9668 2
    endloop
  endfacet
  facet normal 0.659409 0.751784 -0
    outer loop
      vertex 9.53553 39.5355 2
      vertex 9.04381 39.9668 21.6
      vertex 9.53553 39.5355 21.6
    endloop
  endfacet
  facet normal 0.659409 0.751784 0
    outer loop
      vertex 9.04381 39.9668 21.6
      vertex 9.53553 39.5355 2
      vertex 9.04381 39.9668 2
    endloop
  endfacet
  facet normal 0.89686 -0.442314 0
    outer loop
      vertex 10.3301 33.5 21.6
      vertex 10.6194 34.0866 2
      vertex 10.6194 34.0866 21.6
    endloop
  endfacet
  facet normal 0.89686 -0.442314 0
    outer loop
      vertex 10.6194 34.0866 2
      vertex 10.3301 33.5 21.6
      vertex 10.3301 33.5 2
    endloop
  endfacet
  facet normal 0.997856 -0.0654432 0
    outer loop
      vertex 10.9572 35.3474 21.6
      vertex 11 36 2
      vertex 11 36 21.6
    endloop
  endfacet
  facet normal 0.997856 -0.0654432 0
    outer loop
      vertex 11 36 2
      vertex 10.9572 35.3474 21.6
      vertex 10.9572 35.3474 2
    endloop
  endfacet
  facet normal -0.751817 0.659372 0
    outer loop
      vertex 2.03323 39.0438 2
      vertex 2.46447 39.5355 21.6
      vertex 2.46447 39.5355 2
    endloop
  endfacet
  facet normal -0.751817 0.659372 0
    outer loop
      vertex 2.46447 39.5355 21.6
      vertex 2.03323 39.0438 2
      vertex 2.03323 39.0438 21.6
    endloop
  endfacet
  facet normal 0.555163 0.831741 -0
    outer loop
      vertex 9.04381 39.9668 2
      vertex 8.99407 40 21.6
      vertex 9.04381 39.9668 21.6
    endloop
  endfacet
  facet normal 0.555163 0.831741 0
    outer loop
      vertex 8.99407 40 21.6
      vertex 9.04381 39.9668 2
      vertex 8.99407 40 2
    endloop
  endfacet
  facet normal -0.831303 -0.555819 0
    outer loop
      vertex 2.03323 32.9562 2
      vertex 2 33.0059 21.6
      vertex 2 33.0059 2
    endloop
  endfacet
  facet normal -0.831303 -0.555819 0
    outer loop
      vertex 2 33.0059 21.6
      vertex 2.03323 32.9562 2
      vertex 2.03323 32.9562 21.6
    endloop
  endfacet
  facet normal 0.321397 -0.946944 0
    outer loop
      vertex 7.2941 31.1704 2
      vertex 7.91342 31.3806 21.6
      vertex 7.2941 31.1704 21.6
    endloop
  endfacet
  facet normal 0.321397 -0.946944 0
    outer loop
      vertex 7.91342 31.3806 21.6
      vertex 7.2941 31.1704 2
      vertex 7.91342 31.3806 2
    endloop
  endfacet
  facet normal 0.555504 -0.831514 0
    outer loop
      vertex 8.5 31.6699 2
      vertex 9.04381 32.0332 21.6
      vertex 8.5 31.6699 21.6
    endloop
  endfacet
  facet normal 0.555504 -0.831514 0
    outer loop
      vertex 9.04381 32.0332 21.6
      vertex 8.5 31.6699 2
      vertex 9.04381 32.0332 2
    endloop
  endfacet
  facet normal 0 0 1
    outer loop
      vertex 7.7 36 21.6
      vertex 11 36 21.6
      vertex 10.9572 36.6526 21.6
    endloop
  endfacet
  facet normal 0 0 1
    outer loop
      vertex 7.68546 36.2219 21.6
      vertex 10.9572 36.6526 21.6
      vertex 10.8296 37.2941 21.6
    endloop
  endfacet
  facet normal 0 0 1
    outer loop
      vertex 11 36 21.6
      vertex 7.7 36 21.6
      vertex 10.9572 35.3474 21.6
    endloop
  endfacet
  facet normal 0 0 1
    outer loop
      vertex 7.64207 36.44 21.6
      vertex 10.8296 37.2941 21.6
      vertex 10.6194 37.9134 21.6
    endloop
  endfacet
  facet normal -0 0 1
    outer loop
      vertex 7.68546 35.7781 21.6
      vertex 10.9572 35.3474 21.6
      vertex 7.7 36 21.6
    endloop
  endfacet
  facet normal 0 0 1
    outer loop
      vertex 7.57059 36.6506 21.6
      vertex 10.6194 37.9134 21.6
      vertex 10.3301 38.5 21.6
    endloop
  endfacet
  facet normal 0 0 1
    outer loop
      vertex 10.9572 35.3474 21.6
      vertex 7.68546 35.7781 21.6
      vertex 10.8296 34.7059 21.6
    endloop
  endfacet
  facet normal 0 0 1
    outer loop
      vertex 7.47224 36.85 21.6
      vertex 10.3301 38.5 21.6
      vertex 9.96677 39.0438 21.6
    endloop
  endfacet
  facet normal -0 0 1
    outer loop
      vertex 7.64207 35.56 21.6
      vertex 10.8296 34.7059 21.6
      vertex 7.68546 35.7781 21.6
    endloop
  endfacet
  facet normal 0 0 1
    outer loop
      vertex 7.3487 37.0349 21.6
      vertex 9.96677 39.0438 21.6
      vertex 9.53553 39.5355 21.6
    endloop
  endfacet
  facet normal 0 0 1
    outer loop
      vertex 10.8296 34.7059 21.6
      vertex 7.64207 35.56 21.6
      vertex 10.6194 34.0866 21.6
    endloop
  endfacet
  facet normal 0 0 1
    outer loop
      vertex 7.20208 37.2021 21.6
      vertex 9.53553 39.5355 21.6
      vertex 9.04381 39.9668 21.6
    endloop
  endfacet
  facet normal -0 0 1
    outer loop
      vertex 7.57059 35.3494 21.6
      vertex 10.6194 34.0866 21.6
      vertex 7.64207 35.56 21.6
    endloop
  endfacet
  facet normal 0 0 1
    outer loop
      vertex 7.03489 37.3487 21.6
      vertex 9.04381 39.9668 21.6
      vertex 8.99407 40 21.6
    endloop
  endfacet
  facet normal 0 0 1
    outer loop
      vertex 10.6194 34.0866 21.6
      vertex 7.57059 35.3494 21.6
      vertex 10.3301 33.5 21.6
    endloop
  endfacet
  facet normal 0 0 1
    outer loop
      vertex 10.3301 33.5 21.6
      vertex 7.47224 35.15 21.6
      vertex 9.96677 32.9562 21.6
    endloop
  endfacet
  facet normal -0 0 1
    outer loop
      vertex 7.47224 35.15 21.6
      vertex 10.3301 33.5 21.6
      vertex 7.57059 35.3494 21.6
    endloop
  endfacet
  facet normal 0 0 1
    outer loop
      vertex 10.9572 36.6526 21.6
      vertex 7.68546 36.2219 21.6
      vertex 7.7 36 21.6
    endloop
  endfacet
  facet normal 0 0 1
    outer loop
      vertex 10.8296 37.2941 21.6
      vertex 7.64207 36.44 21.6
      vertex 7.68546 36.2219 21.6
    endloop
  endfacet
  facet normal 0 0 1
    outer loop
      vertex 10.6194 37.9134 21.6
      vertex 7.57059 36.6506 21.6
      vertex 7.64207 36.44 21.6
    endloop
  endfacet
  facet normal 0 0 1
    outer loop
      vertex 10.3301 38.5 21.6
      vertex 7.47224 36.85 21.6
      vertex 7.57059 36.6506 21.6
    endloop
  endfacet
  facet normal 0 0 1
    outer loop
      vertex 9.96677 39.0438 21.6
      vertex 7.3487 37.0349 21.6
      vertex 7.47224 36.85 21.6
    endloop
  endfacet
  facet normal 0 0 1
    outer loop
      vertex 9.53553 39.5355 21.6
      vertex 7.20208 37.2021 21.6
      vertex 7.3487 37.0349 21.6
    endloop
  endfacet
  facet normal 0 0 1
    outer loop
      vertex 9.04381 39.9668 21.6
      vertex 7.03489 37.3487 21.6
      vertex 7.20208 37.2021 21.6
    endloop
  endfacet
  facet normal 0 0 1
    outer loop
      vertex 8.99407 40 21.6
      vertex 6.85 37.4722 21.6
      vertex 7.03489 37.3487 21.6
    endloop
  endfacet
  facet normal 0 0 1
    outer loop
      vertex 8.99407 40 21.6
      vertex 6.65056 37.5706 21.6
      vertex 6.85 37.4722 21.6
    endloop
  endfacet
  facet normal 0 0 1
    outer loop
      vertex 8.99407 40 21.6
      vertex 6.43999 37.6421 21.6
      vertex 6.65056 37.5706 21.6
    endloop
  endfacet
  facet normal 0 0 1
    outer loop
      vertex 8.99407 40 21.6
      vertex 6.22189 37.6855 21.6
      vertex 6.43999 37.6421 21.6
    endloop
  endfacet
  facet normal 0 0 1
    outer loop
      vertex 8.99407 40 21.6
      vertex 6 37.7 21.6
      vertex 6.22189 37.6855 21.6
    endloop
  endfacet
  facet normal -0 0 1
    outer loop
      vertex 3.00593 40 21.6
      vertex 6 37.7 21.6
      vertex 8.99407 40 21.6
    endloop
  endfacet
  facet normal 0 0 1
    outer loop
      vertex 6 37.7 21.6
      vertex 3.00593 40 21.6
      vertex 5.7781 37.6855 21.6
    endloop
  endfacet
  facet normal 0 0 1
    outer loop
      vertex 5.7781 37.6855 21.6
      vertex 3.00593 40 21.6
      vertex 5.56001 37.6421 21.6
    endloop
  endfacet
  facet normal 0 0 1
    outer loop
      vertex 5.56001 37.6421 21.6
      vertex 3.00593 40 21.6
      vertex 5.34944 37.5706 21.6
    endloop
  endfacet
  facet normal 0 0 1
    outer loop
      vertex 5.15 34.5278 21.6
      vertex 3.5 31.6699 21.6
      vertex 4.08658 31.3806 21.6
    endloop
  endfacet
  facet normal 0 0 1
    outer loop
      vertex 2 38.9941 21.6
      vertex 4.3 36 21.6
      vertex 4.31454 36.2219 21.6
    endloop
  endfacet
  facet normal 0 0 1
    outer loop
      vertex 5.34944 37.5706 21.6
      vertex 3.00593 40 21.6
      vertex 5.15 37.4722 21.6
    endloop
  endfacet
  facet normal 0 0 1
    outer loop
      vertex 3.00593 40 21.6
      vertex 4.96511 37.3487 21.6
      vertex 5.15 37.4722 21.6
    endloop
  endfacet
  facet normal -0 0 1
    outer loop
      vertex 2.95619 39.9668 21.6
      vertex 4.96511 37.3487 21.6
      vertex 3.00593 40 21.6
    endloop
  endfacet
  facet normal 0 0 1
    outer loop
      vertex 4.96511 37.3487 21.6
      vertex 2.95619 39.9668 21.6
      vertex 4.79792 37.2021 21.6
    endloop
  endfacet
  facet normal -0 0 1
    outer loop
      vertex 2.46447 39.5355 21.6
      vertex 4.79792 37.2021 21.6
      vertex 2.95619 39.9668 21.6
    endloop
  endfacet
  facet normal 0 0 1
    outer loop
      vertex 4.79792 37.2021 21.6
      vertex 2.46447 39.5355 21.6
      vertex 4.6513 37.0349 21.6
    endloop
  endfacet
  facet normal -0 0 1
    outer loop
      vertex 2.03323 39.0438 21.6
      vertex 4.6513 37.0349 21.6
      vertex 2.46447 39.5355 21.6
    endloop
  endfacet
  facet normal -0 0 1
    outer loop
      vertex 2 38.9941 21.6
      vertex 4.6513 37.0349 21.6
      vertex 2.03323 39.0438 21.6
    endloop
  endfacet
  facet normal 0 0 1
    outer loop
      vertex 4.6513 37.0349 21.6
      vertex 2 38.9941 21.6
      vertex 4.52776 36.85 21.6
    endloop
  endfacet
  facet normal 0 0 1
    outer loop
      vertex 4.52776 36.85 21.6
      vertex 2 38.9941 21.6
      vertex 4.4294 36.6506 21.6
    endloop
  endfacet
  facet normal 0 0 1
    outer loop
      vertex 4.31454 35.7781 21.6
      vertex 2.95619 32.0332 21.6
      vertex 3.5 31.6699 21.6
    endloop
  endfacet
  facet normal 0 0 1
    outer loop
      vertex 4.4294 36.6506 21.6
      vertex 2 38.9941 21.6
      vertex 4.35793 36.44 21.6
    endloop
  endfacet
  facet normal 0 0 1
    outer loop
      vertex 4.31454 35.7781 21.6
      vertex 2.46447 32.4645 21.6
      vertex 2.95619 32.0332 21.6
    endloop
  endfacet
  facet normal 0 0 1
    outer loop
      vertex 4.35793 36.44 21.6
      vertex 2 38.9941 21.6
      vertex 4.31454 36.2219 21.6
    endloop
  endfacet
  facet normal 0 0 1
    outer loop
      vertex 4.3 36 21.6
      vertex 2 38.9941 21.6
      vertex 2 33.0059 21.6
    endloop
  endfacet
  facet normal 0 0 1
    outer loop
      vertex 4.31454 35.7781 21.6
      vertex 2 33.0059 21.6
      vertex 2.03323 32.9562 21.6
    endloop
  endfacet
  facet normal 0 0 1
    outer loop
      vertex 4.31454 35.7781 21.6
      vertex 2.03323 32.9562 21.6
      vertex 2.46447 32.4645 21.6
    endloop
  endfacet
  facet normal -0 0 1
    outer loop
      vertex 7.3487 34.9651 21.6
      vertex 9.96677 32.9562 21.6
      vertex 7.47224 35.15 21.6
    endloop
  endfacet
  facet normal 0 0 1
    outer loop
      vertex 9.96677 32.9562 21.6
      vertex 7.3487 34.9651 21.6
      vertex 9.53553 32.4645 21.6
    endloop
  endfacet
  facet normal -0 0 1
    outer loop
      vertex 7.20208 34.7979 21.6
      vertex 9.53553 32.4645 21.6
      vertex 7.3487 34.9651 21.6
    endloop
  endfacet
  facet normal 0 0 1
    outer loop
      vertex 9.53553 32.4645 21.6
      vertex 7.20208 34.7979 21.6
      vertex 9.04381 32.0332 21.6
    endloop
  endfacet
  facet normal -0 0 1
    outer loop
      vertex 7.03489 34.6513 21.6
      vertex 9.04381 32.0332 21.6
      vertex 7.20208 34.7979 21.6
    endloop
  endfacet
  facet normal 0 0 1
    outer loop
      vertex 9.04381 32.0332 21.6
      vertex 7.03489 34.6513 21.6
      vertex 8.5 31.6699 21.6
    endloop
  endfacet
  facet normal -0 0 1
    outer loop
      vertex 6.85 34.5278 21.6
      vertex 8.5 31.6699 21.6
      vertex 7.03489 34.6513 21.6
    endloop
  endfacet
  facet normal 0 0 1
    outer loop
      vertex 8.5 31.6699 21.6
      vertex 6.85 34.5278 21.6
      vertex 7.91342 31.3806 21.6
    endloop
  endfacet
  facet normal -0 0 1
    outer loop
      vertex 6.65056 34.4294 21.6
      vertex 7.91342 31.3806 21.6
      vertex 6.85 34.5278 21.6
    endloop
  endfacet
  facet normal 0 0 1
    outer loop
      vertex 7.91342 31.3806 21.6
      vertex 6.65056 34.4294 21.6
      vertex 7.2941 31.1704 21.6
    endloop
  endfacet
  facet normal -0 0 1
    outer loop
      vertex 6.43999 34.3579 21.6
      vertex 7.2941 31.1704 21.6
      vertex 6.65056 34.4294 21.6
    endloop
  endfacet
  facet normal 0 0 1
    outer loop
      vertex 7.2941 31.1704 21.6
      vertex 6.43999 34.3579 21.6
      vertex 6.65263 31.0428 21.6
    endloop
  endfacet
  facet normal -0 0 1
    outer loop
      vertex 6.22189 34.3145 21.6
      vertex 6.65263 31.0428 21.6
      vertex 6.43999 34.3579 21.6
    endloop
  endfacet
  facet normal -0 0 1
    outer loop
      vertex 6 34.3 21.6
      vertex 6.65263 31.0428 21.6
      vertex 6.22189 34.3145 21.6
    endloop
  endfacet
  facet normal 0 0 1
    outer loop
      vertex 6 34.3 21.6
      vertex 6 31 21.6
      vertex 6.65263 31.0428 21.6
    endloop
  endfacet
  facet normal 0 0 1
    outer loop
      vertex 5.7781 34.3145 21.6
      vertex 6 31 21.6
      vertex 6 34.3 21.6
    endloop
  endfacet
  facet normal 0 0 1
    outer loop
      vertex 5.34737 31.0428 21.6
      vertex 5.7781 34.3145 21.6
      vertex 5.56001 34.3579 21.6
    endloop
  endfacet
  facet normal 0 0 1
    outer loop
      vertex 4.7059 31.1704 21.6
      vertex 5.56001 34.3579 21.6
      vertex 5.34944 34.4294 21.6
    endloop
  endfacet
  facet normal 0 0 1
    outer loop
      vertex 5.7781 34.3145 21.6
      vertex 5.34737 31.0428 21.6
      vertex 6 31 21.6
    endloop
  endfacet
  facet normal 0 0 1
    outer loop
      vertex 4.08658 31.3806 21.6
      vertex 5.34944 34.4294 21.6
      vertex 5.15 34.5278 21.6
    endloop
  endfacet
  facet normal 0 0 1
    outer loop
      vertex 3.5 31.6699 21.6
      vertex 5.15 34.5278 21.6
      vertex 4.96511 34.6513 21.6
    endloop
  endfacet
  facet normal 0 0 1
    outer loop
      vertex 3.5 31.6699 21.6
      vertex 4.96511 34.6513 21.6
      vertex 4.79792 34.7979 21.6
    endloop
  endfacet
  facet normal 0 0 1
    outer loop
      vertex 5.56001 34.3579 21.6
      vertex 4.7059 31.1704 21.6
      vertex 5.34737 31.0428 21.6
    endloop
  endfacet
  facet normal 0 0 1
    outer loop
      vertex 3.5 31.6699 21.6
      vertex 4.79792 34.7979 21.6
      vertex 4.6513 34.9651 21.6
    endloop
  endfacet
  facet normal 0 0 1
    outer loop
      vertex 3.5 31.6699 21.6
      vertex 4.6513 34.9651 21.6
      vertex 4.52776 35.15 21.6
    endloop
  endfacet
  facet normal 0 0 1
    outer loop
      vertex 3.5 31.6699 21.6
      vertex 4.52776 35.15 21.6
      vertex 4.4294 35.3494 21.6
    endloop
  endfacet
  facet normal 0 0 1
    outer loop
      vertex 3.5 31.6699 21.6
      vertex 4.4294 35.3494 21.6
      vertex 4.35793 35.56 21.6
    endloop
  endfacet
  facet normal 0 0 1
    outer loop
      vertex 3.5 31.6699 21.6
      vertex 4.35793 35.56 21.6
      vertex 4.31454 35.7781 21.6
    endloop
  endfacet
  facet normal 0 0 1
    outer loop
      vertex 5.34944 34.4294 21.6
      vertex 4.08658 31.3806 21.6
      vertex 4.7059 31.1704 21.6
    endloop
  endfacet
  facet normal 0 0 1
    outer loop
      vertex 2 33.0059 21.6
      vertex 4.31454 35.7781 21.6
      vertex 4.3 36 21.6
    endloop
  endfacet
  facet normal -0.659409 -0.751784 0
    outer loop
      vertex 2.46447 32.4645 2
      vertex 2.95619 32.0332 21.6
      vertex 2.46447 32.4645 21.6
    endloop
  endfacet
  facet normal -0.659409 -0.751784 -0
    outer loop
      vertex 2.95619 32.0332 21.6
      vertex 2.46447 32.4645 2
      vertex 2.95619 32.0332 2
    endloop
  endfacet
  facet normal 0.751817 -0.659372 0
    outer loop
      vertex 9.53553 32.4645 21.6
      vertex 9.96677 32.9562 2
      vertex 9.96677 32.9562 21.6
    endloop
  endfacet
  facet normal 0.751817 -0.659372 0
    outer loop
      vertex 9.96677 32.9562 2
      vertex 9.53553 32.4645 21.6
      vertex 9.53553 32.4645 2
    endloop
  endfacet
  facet normal 0.831488 -0.555543 0
    outer loop
      vertex 9.96677 32.9562 21.6
      vertex 10.3301 33.5 2
      vertex 10.3301 33.5 21.6
    endloop
  endfacet
  facet normal 0.831488 -0.555543 0
    outer loop
      vertex 10.3301 33.5 2
      vertex 9.96677 32.9562 21.6
      vertex 9.96677 32.9562 2
    endloop
  endfacet
  facet normal 0.89686 0.442314 0
    outer loop
      vertex 10.6194 37.9134 21.6
      vertex 10.3301 38.5 2
      vertex 10.3301 38.5 21.6
    endloop
  endfacet
  facet normal 0.89686 0.442314 0
    outer loop
      vertex 10.3301 38.5 2
      vertex 10.6194 37.9134 21.6
      vertex 10.6194 37.9134 2
    endloop
  endfacet
  facet normal 0.0654402 -0.997856 0
    outer loop
      vertex 6 31 2
      vertex 6.65263 31.0428 21.6
      vertex 6 31 21.6
    endloop
  endfacet
  facet normal 0.0654402 -0.997856 0
    outer loop
      vertex 6.65263 31.0428 21.6
      vertex 6 31 2
      vertex 6.65263 31.0428 2
    endloop
  endfacet
  facet normal 0.751817 0.659372 0
    outer loop
      vertex 9.96677 39.0438 21.6
      vertex 9.53553 39.5355 2
      vertex 9.53553 39.5355 21.6
    endloop
  endfacet
  facet normal 0.751817 0.659372 0
    outer loop
      vertex 9.53553 39.5355 2
      vertex 9.96677 39.0438 21.6
      vertex 9.96677 39.0438 2
    endloop
  endfacet
  facet normal 0.946941 0.321407 0
    outer loop
      vertex 10.8296 37.2941 21.6
      vertex 10.6194 37.9134 2
      vertex 10.6194 37.9134 21.6
    endloop
  endfacet
  facet normal 0.946941 0.321407 0
    outer loop
      vertex 10.6194 37.9134 2
      vertex 10.8296 37.2941 21.6
      vertex 10.8296 37.2941 2
    endloop
  endfacet
  facet normal 0.442327 -0.896854 0
    outer loop
      vertex 7.91342 31.3806 2
      vertex 8.5 31.6699 21.6
      vertex 7.91342 31.3806 21.6
    endloop
  endfacet
  facet normal 0.442327 -0.896854 0
    outer loop
      vertex 8.5 31.6699 21.6
      vertex 7.91342 31.3806 2
      vertex 8.5 31.6699 2
    endloop
  endfacet
  facet normal -0.659409 0.751784 0
    outer loop
      vertex 2.95619 39.9668 2
      vertex 2.46447 39.5355 21.6
      vertex 2.95619 39.9668 21.6
    endloop
  endfacet
  facet normal -0.659409 0.751784 0
    outer loop
      vertex 2.46447 39.5355 21.6
      vertex 2.95619 39.9668 2
      vertex 2.46447 39.5355 2
    endloop
  endfacet
  facet normal -0.442327 -0.896854 0
    outer loop
      vertex 3.5 31.6699 2
      vertex 4.08658 31.3806 21.6
      vertex 3.5 31.6699 21.6
    endloop
  endfacet
  facet normal -0.442327 -0.896854 -0
    outer loop
      vertex 4.08658 31.3806 21.6
      vertex 3.5 31.6699 2
      vertex 4.08658 31.3806 2
    endloop
  endfacet
  facet normal -0.997856 -0.0654402 0
    outer loop
      vertex 94.0428 5.34737 2
      vertex 94 6 21.6
      vertex 94 6 2
    endloop
  endfacet
  facet normal -0.997856 -0.0654402 0
    outer loop
      vertex 94 6 21.6
      vertex 94.0428 5.34737 2
      vertex 94.0428 5.34737 21.6
    endloop
  endfacet
  facet normal -0.659372 0.751817 0
    outer loop
      vertex 95.9562 9.96677 2
      vertex 95.4645 9.53553 21.6
      vertex 95.9562 9.96677 21.6
    endloop
  endfacet
  facet normal -0.659372 0.751817 0
    outer loop
      vertex 95.4645 9.53553 21.6
      vertex 95.9562 9.96677 2
      vertex 95.4645 9.53553 2
    endloop
  endfacet
  facet normal -0.997856 0.0654402 0
    outer loop
      vertex 94 6 2
      vertex 94.0428 6.65263 21.6
      vertex 94.0428 6.65263 2
    endloop
  endfacet
  facet normal -0.997856 0.0654402 0
    outer loop
      vertex 94.0428 6.65263 21.6
      vertex 94 6 2
      vertex 94 6 21.6
    endloop
  endfacet
  facet normal -0.831514 0.555504 0
    outer loop
      vertex 94.6699 8.5 2
      vertex 95.0332 9.04381 21.6
      vertex 95.0332 9.04381 2
    endloop
  endfacet
  facet normal -0.831514 0.555504 0
    outer loop
      vertex 95.0332 9.04381 21.6
      vertex 94.6699 8.5 2
      vertex 94.6699 8.5 21.6
    endloop
  endfacet
  facet normal -0.555819 -0.831303 0
    outer loop
      vertex 95.9562 2.03323 2
      vertex 96.0059 2 21.6
      vertex 95.9562 2.03323 21.6
    endloop
  endfacet
  facet normal -0.555819 -0.831303 -0
    outer loop
      vertex 96.0059 2 21.6
      vertex 95.9562 2.03323 2
      vertex 96.0059 2 2
    endloop
  endfacet
  facet normal 0.659145 -0.752016 0
    outer loop
      vertex 102.044 2.03323 2
      vertex 102.536 2.46447 21.6
      vertex 102.044 2.03323 21.6
    endloop
  endfacet
  facet normal 0.659145 -0.752016 0
    outer loop
      vertex 102.536 2.46447 21.6
      vertex 102.044 2.03323 2
      vertex 102.536 2.46447 2
    endloop
  endfacet
  facet normal -0.980784 -0.195096 0
    outer loop
      vertex 94.1704 4.7059 2
      vertex 94.0428 5.34737 21.6
      vertex 94.0428 5.34737 2
    endloop
  endfacet
  facet normal -0.980784 -0.195096 0
    outer loop
      vertex 94.0428 5.34737 21.6
      vertex 94.1704 4.7059 2
      vertex 94.1704 4.7059 21.6
    endloop
  endfacet
  facet normal 0.833285 0.552843 0
    outer loop
      vertex 103 8.99407 21.6
      vertex 102.967 9.04381 2
      vertex 102.967 9.04381 21.6
    endloop
  endfacet
  facet normal 0.833285 0.552843 0
    outer loop
      vertex 102.967 9.04381 2
      vertex 103 8.99407 21.6
      vertex 103 8.99407 2
    endloop
  endfacet
  facet normal -0.751784 -0.659409 0
    outer loop
      vertex 95.4645 2.46447 2
      vertex 95.0332 2.95619 21.6
      vertex 95.0332 2.95619 2
    endloop
  endfacet
  facet normal -0.751784 -0.659409 0
    outer loop
      vertex 95.0332 2.95619 21.6
      vertex 95.4645 2.46447 2
      vertex 95.4645 2.46447 21.6
    endloop
  endfacet
  facet normal -0.555543 0.831488 0
    outer loop
      vertex 96.5 10.3301 2
      vertex 95.9562 9.96677 21.6
      vertex 96.5 10.3301 21.6
    endloop
  endfacet
  facet normal -0.555543 0.831488 0
    outer loop
      vertex 95.9562 9.96677 21.6
      vertex 96.5 10.3301 2
      vertex 95.9562 9.96677 2
    endloop
  endfacet
  facet normal 0.659145 0.752016 -0
    outer loop
      vertex 102.536 9.53553 2
      vertex 102.044 9.96677 21.6
      vertex 102.536 9.53553 21.6
    endloop
  endfacet
  facet normal 0.659145 0.752016 0
    outer loop
      vertex 102.044 9.96677 21.6
      vertex 102.536 9.53553 2
      vertex 102.044 9.96677 2
    endloop
  endfacet
  facet normal 0.442072 0.89698 -0
    outer loop
      vertex 101.5 10.3301 2
      vertex 100.913 10.6194 21.6
      vertex 101.5 10.3301 21.6
    endloop
  endfacet
  facet normal 0.442072 0.89698 0
    outer loop
      vertex 100.913 10.6194 21.6
      vertex 101.5 10.3301 2
      vertex 100.913 10.6194 2
    endloop
  endfacet
  facet normal -0.751784 0.659409 0
    outer loop
      vertex 95.0332 9.04381 2
      vertex 95.4645 9.53553 21.6
      vertex 95.4645 9.53553 2
    endloop
  endfacet
  facet normal -0.751784 0.659409 0
    outer loop
      vertex 95.4645 9.53553 21.6
      vertex 95.0332 9.04381 2
      vertex 95.0332 9.04381 21.6
    endloop
  endfacet
  facet normal 0.555402 0.831582 -0
    outer loop
      vertex 102.044 9.96677 2
      vertex 101.5 10.3301 21.6
      vertex 102.044 9.96677 21.6
    endloop
  endfacet
  facet normal 0.555402 0.831582 0
    outer loop
      vertex 101.5 10.3301 21.6
      vertex 102.044 9.96677 2
      vertex 101.5 10.3301 2
    endloop
  endfacet
  facet normal -0.946944 0.321397 0
    outer loop
      vertex 94.1704 7.2941 2
      vertex 94.3806 7.91342 21.6
      vertex 94.3806 7.91342 2
    endloop
  endfacet
  facet normal -0.946944 0.321397 0
    outer loop
      vertex 94.3806 7.91342 21.6
      vertex 94.1704 7.2941 2
      vertex 94.1704 7.2941 21.6
    endloop
  endfacet
  facet normal -0.831514 -0.555504 0
    outer loop
      vertex 95.0332 2.95619 2
      vertex 94.6699 3.5 21.6
      vertex 94.6699 3.5 2
    endloop
  endfacet
  facet normal -0.831514 -0.555504 0
    outer loop
      vertex 94.6699 3.5 21.6
      vertex 95.0332 2.95619 2
      vertex 95.0332 2.95619 21.6
    endloop
  endfacet
  facet normal 0.0654432 0.997856 -0
    outer loop
      vertex 99.6526 10.9572 2
      vertex 99 11 21.6
      vertex 99.6526 10.9572 21.6
    endloop
  endfacet
  facet normal 0.0654432 0.997856 0
    outer loop
      vertex 99 11 21.6
      vertex 99.6526 10.9572 2
      vertex 99 11 2
    endloop
  endfacet
  facet normal -0.896854 -0.442327 0
    outer loop
      vertex 94.6699 3.5 2
      vertex 94.3806 4.08658 21.6
      vertex 94.3806 4.08658 2
    endloop
  endfacet
  facet normal -0.896854 -0.442327 0
    outer loop
      vertex 94.3806 4.08658 21.6
      vertex 94.6699 3.5 2
      vertex 94.6699 3.5 21.6
    endloop
  endfacet
  facet normal 0.553508 -0.832844 0
    outer loop
      vertex 101.994 2 2
      vertex 102.044 2.03323 21.6
      vertex 101.994 2 21.6
    endloop
  endfacet
  facet normal 0.553508 -0.832844 0
    outer loop
      vertex 102.044 2.03323 21.6
      vertex 101.994 2 2
      vertex 102.044 2.03323 2
    endloop
  endfacet
  facet normal -0.195087 0.980786 0
    outer loop
      vertex 98.3474 10.9572 2
      vertex 97.7059 10.8296 21.6
      vertex 98.3474 10.9572 21.6
    endloop
  endfacet
  facet normal -0.195087 0.980786 0
    outer loop
      vertex 97.7059 10.8296 21.6
      vertex 98.3474 10.9572 2
      vertex 97.7059 10.8296 2
    endloop
  endfacet
  facet normal -0.442314 0.89686 0
    outer loop
      vertex 97.0866 10.6194 2
      vertex 96.5 10.3301 21.6
      vertex 97.0866 10.6194 21.6
    endloop
  endfacet
  facet normal -0.442314 0.89686 0
    outer loop
      vertex 96.5 10.3301 21.6
      vertex 97.0866 10.6194 2
      vertex 96.5 10.3301 2
    endloop
  endfacet
  facet normal -0.0654432 0.997856 0
    outer loop
      vertex 99 11 2
      vertex 98.3474 10.9572 21.6
      vertex 99 11 21.6
    endloop
  endfacet
  facet normal -0.0654432 0.997856 0
    outer loop
      vertex 98.3474 10.9572 21.6
      vertex 99 11 2
      vertex 98.3474 10.9572 2
    endloop
  endfacet
  facet normal 0.195116 0.98078 -0
    outer loop
      vertex 100.294 10.8296 2
      vertex 99.6526 10.9572 21.6
      vertex 100.294 10.8296 21.6
    endloop
  endfacet
  facet normal 0.195116 0.98078 0
    outer loop
      vertex 99.6526 10.9572 21.6
      vertex 100.294 10.8296 2
      vertex 99.6526 10.9572 2
    endloop
  endfacet
  facet normal -0.659372 -0.751817 0
    outer loop
      vertex 95.4645 2.46447 2
      vertex 95.9562 2.03323 21.6
      vertex 95.4645 2.46447 21.6
    endloop
  endfacet
  facet normal -0.659372 -0.751817 -0
    outer loop
      vertex 95.9562 2.03323 21.6
      vertex 95.4645 2.46447 2
      vertex 95.9562 2.03323 2
    endloop
  endfacet
  facet normal 0.752012 -0.65915 0
    outer loop
      vertex 102.536 2.46447 21.6
      vertex 102.967 2.95619 2
      vertex 102.967 2.95619 21.6
    endloop
  endfacet
  facet normal 0.752012 -0.65915 0
    outer loop
      vertex 102.967 2.95619 2
      vertex 102.536 2.46447 21.6
      vertex 102.536 2.46447 2
    endloop
  endfacet
  facet normal 0.321546 0.946894 -0
    outer loop
      vertex 100.913 10.6194 2
      vertex 100.294 10.8296 21.6
      vertex 100.913 10.6194 21.6
    endloop
  endfacet
  facet normal 0.321546 0.946894 0
    outer loop
      vertex 100.294 10.8296 21.6
      vertex 100.913 10.6194 2
      vertex 100.294 10.8296 2
    endloop
  endfacet
  facet normal -0.946944 -0.321397 0
    outer loop
      vertex 94.3806 4.08658 2
      vertex 94.1704 4.7059 21.6
      vertex 94.1704 4.7059 2
    endloop
  endfacet
  facet normal -0.946944 -0.321397 0
    outer loop
      vertex 94.1704 4.7059 21.6
      vertex 94.3806 4.08658 2
      vertex 94.3806 4.08658 21.6
    endloop
  endfacet
  facet normal 0.833285 -0.552843 0
    outer loop
      vertex 102.967 2.95619 21.6
      vertex 103 3.00593 2
      vertex 103 3.00593 21.6
    endloop
  endfacet
  facet normal 0.833285 -0.552843 0
    outer loop
      vertex 103 3.00593 2
      vertex 102.967 2.95619 21.6
      vertex 102.967 2.95619 2
    endloop
  endfacet
  facet normal -0.980784 0.195096 0
    outer loop
      vertex 94.0428 6.65263 2
      vertex 94.1704 7.2941 21.6
      vertex 94.1704 7.2941 2
    endloop
  endfacet
  facet normal -0.980784 0.195096 0
    outer loop
      vertex 94.1704 7.2941 21.6
      vertex 94.0428 6.65263 2
      vertex 94.0428 6.65263 21.6
    endloop
  endfacet
  facet normal 0.752012 0.65915 0
    outer loop
      vertex 102.967 9.04381 21.6
      vertex 102.536 9.53553 2
      vertex 102.536 9.53553 21.6
    endloop
  endfacet
  facet normal 0.752012 0.65915 0
    outer loop
      vertex 102.536 9.53553 2
      vertex 102.967 9.04381 21.6
      vertex 102.967 9.04381 2
    endloop
  endfacet
  facet normal -0.896854 0.442327 0
    outer loop
      vertex 94.3806 7.91342 2
      vertex 94.6699 8.5 21.6
      vertex 94.6699 8.5 2
    endloop
  endfacet
  facet normal -0.896854 0.442327 0
    outer loop
      vertex 94.6699 8.5 21.6
      vertex 94.3806 7.91342 2
      vertex 94.3806 7.91342 21.6
    endloop
  endfacet
  facet normal -0.321407 0.946941 0
    outer loop
      vertex 97.7059 10.8296 2
      vertex 97.0866 10.6194 21.6
      vertex 97.7059 10.8296 21.6
    endloop
  endfacet
  facet normal -0.321407 0.946941 0
    outer loop
      vertex 97.0866 10.6194 21.6
      vertex 97.7059 10.8296 2
      vertex 97.0866 10.6194 2
    endloop
  endfacet
  facet normal 0 0 1
    outer loop
      vertex 103 8.99407 21.6
      vertex 100.685 6.22189 21.6
      vertex 100.7 6 21.6
    endloop
  endfacet
  facet normal 0 0 1
    outer loop
      vertex 101.5 10.3301 21.6
      vertex 100.642 6.43999 21.6
      vertex 100.685 6.22189 21.6
    endloop
  endfacet
  facet normal 0 0 1
    outer loop
      vertex 101.5 10.3301 21.6
      vertex 100.571 6.65056 21.6
      vertex 100.642 6.43999 21.6
    endloop
  endfacet
  facet normal 0 0 1
    outer loop
      vertex 101.5 10.3301 21.6
      vertex 100.472 6.85 21.6
      vertex 100.571 6.65056 21.6
    endloop
  endfacet
  facet normal 0 0 1
    outer loop
      vertex 101.5 10.3301 21.6
      vertex 100.349 7.03489 21.6
      vertex 100.472 6.85 21.6
    endloop
  endfacet
  facet normal 0 0 1
    outer loop
      vertex 99.6506 7.57059 21.6
      vertex 100.913 10.6194 21.6
      vertex 100.294 10.8296 21.6
    endloop
  endfacet
  facet normal 0 0 1
    outer loop
      vertex 101.5 10.3301 21.6
      vertex 100.202 7.20208 21.6
      vertex 100.349 7.03489 21.6
    endloop
  endfacet
  facet normal 0 0 1
    outer loop
      vertex 101.5 10.3301 21.6
      vertex 100.035 7.3487 21.6
      vertex 100.202 7.20208 21.6
    endloop
  endfacet
  facet normal 0 0 1
    outer loop
      vertex 101.5 10.3301 21.6
      vertex 99.85 7.47224 21.6
      vertex 100.035 7.3487 21.6
    endloop
  endfacet
  facet normal 0 0 1
    outer loop
      vertex 99.44 7.64207 21.6
      vertex 100.294 10.8296 21.6
      vertex 99.6526 10.9572 21.6
    endloop
  endfacet
  facet normal 0 0 1
    outer loop
      vertex 100.913 10.6194 21.6
      vertex 99.6506 7.57059 21.6
      vertex 99.85 7.47224 21.6
    endloop
  endfacet
  facet normal 0 0 1
    outer loop
      vertex 100.294 10.8296 21.6
      vertex 99.44 7.64207 21.6
      vertex 99.6506 7.57059 21.6
    endloop
  endfacet
  facet normal 0 0 1
    outer loop
      vertex 99.6526 10.9572 21.6
      vertex 99.2219 7.68546 21.6
      vertex 99.44 7.64207 21.6
    endloop
  endfacet
  facet normal 0 0 1
    outer loop
      vertex 99 11 21.6
      vertex 99.2219 7.68546 21.6
      vertex 99.6526 10.9572 21.6
    endloop
  endfacet
  facet normal 0 0 1
    outer loop
      vertex 99 11 21.6
      vertex 99 7.7 21.6
      vertex 99.2219 7.68546 21.6
    endloop
  endfacet
  facet normal 0 0 1
    outer loop
      vertex 99 11 21.6
      vertex 98.7781 7.68546 21.6
      vertex 99 7.7 21.6
    endloop
  endfacet
  facet normal -0 0 1
    outer loop
      vertex 98.3474 10.9572 21.6
      vertex 98.7781 7.68546 21.6
      vertex 99 11 21.6
    endloop
  endfacet
  facet normal 0 0 1
    outer loop
      vertex 98.7781 7.68546 21.6
      vertex 98.3474 10.9572 21.6
      vertex 98.56 7.64207 21.6
    endloop
  endfacet
  facet normal -0 0 1
    outer loop
      vertex 97.7059 10.8296 21.6
      vertex 98.56 7.64207 21.6
      vertex 98.3474 10.9572 21.6
    endloop
  endfacet
  facet normal 0 0 1
    outer loop
      vertex 98.56 7.64207 21.6
      vertex 97.7059 10.8296 21.6
      vertex 98.3494 7.57059 21.6
    endloop
  endfacet
  facet normal -0 0 1
    outer loop
      vertex 97.0866 10.6194 21.6
      vertex 98.3494 7.57059 21.6
      vertex 97.7059 10.8296 21.6
    endloop
  endfacet
  facet normal 0 0 1
    outer loop
      vertex 98.3494 7.57059 21.6
      vertex 97.0866 10.6194 21.6
      vertex 98.15 7.47224 21.6
    endloop
  endfacet
  facet normal -0 0 1
    outer loop
      vertex 96.5 10.3301 21.6
      vertex 98.15 7.47224 21.6
      vertex 97.0866 10.6194 21.6
    endloop
  endfacet
  facet normal 0 0 1
    outer loop
      vertex 98.15 7.47224 21.6
      vertex 96.5 10.3301 21.6
      vertex 97.9651 7.3487 21.6
    endloop
  endfacet
  facet normal -0 0 1
    outer loop
      vertex 95.9562 9.96677 21.6
      vertex 97.9651 7.3487 21.6
      vertex 96.5 10.3301 21.6
    endloop
  endfacet
  facet normal 0 0 1
    outer loop
      vertex 97.9651 7.3487 21.6
      vertex 95.9562 9.96677 21.6
      vertex 97.7979 7.20208 21.6
    endloop
  endfacet
  facet normal -0 0 1
    outer loop
      vertex 95.4645 9.53553 21.6
      vertex 97.7979 7.20208 21.6
      vertex 95.9562 9.96677 21.6
    endloop
  endfacet
  facet normal 0 0 1
    outer loop
      vertex 97.7979 7.20208 21.6
      vertex 95.4645 9.53553 21.6
      vertex 97.6513 7.03489 21.6
    endloop
  endfacet
  facet normal 0 0 1
    outer loop
      vertex 97.6513 7.03489 21.6
      vertex 95.0332 9.04381 21.6
      vertex 97.5278 6.85 21.6
    endloop
  endfacet
  facet normal -0 0 1
    outer loop
      vertex 95.0332 9.04381 21.6
      vertex 97.6513 7.03489 21.6
      vertex 95.4645 9.53553 21.6
    endloop
  endfacet
  facet normal 0 0 1
    outer loop
      vertex 100.685 6.22189 21.6
      vertex 103 8.99407 21.6
      vertex 102.967 9.04381 21.6
    endloop
  endfacet
  facet normal 0 0 1
    outer loop
      vertex 103 8.99407 21.6
      vertex 100.7 6 21.6
      vertex 103 3.00593 21.6
    endloop
  endfacet
  facet normal 0 0 1
    outer loop
      vertex 100.685 6.22189 21.6
      vertex 102.967 9.04381 21.6
      vertex 102.536 9.53553 21.6
    endloop
  endfacet
  facet normal -0 0 1
    outer loop
      vertex 100.685 5.7781 21.6
      vertex 103 3.00593 21.6
      vertex 100.7 6 21.6
    endloop
  endfacet
  facet normal 0 0 1
    outer loop
      vertex 100.685 6.22189 21.6
      vertex 102.536 9.53553 21.6
      vertex 102.044 9.96677 21.6
    endloop
  endfacet
  facet normal -0 0 1
    outer loop
      vertex 100.642 5.56001 21.6
      vertex 103 3.00593 21.6
      vertex 100.685 5.7781 21.6
    endloop
  endfacet
  facet normal -0 0 1
    outer loop
      vertex 100.571 5.34944 21.6
      vertex 103 3.00593 21.6
      vertex 100.642 5.56001 21.6
    endloop
  endfacet
  facet normal 0 0 1
    outer loop
      vertex 100.685 6.22189 21.6
      vertex 102.044 9.96677 21.6
      vertex 101.5 10.3301 21.6
    endloop
  endfacet
  facet normal 0 0 1
    outer loop
      vertex 99.85 7.47224 21.6
      vertex 101.5 10.3301 21.6
      vertex 100.913 10.6194 21.6
    endloop
  endfacet
  facet normal -0 0 1
    outer loop
      vertex 100.472 5.15 21.6
      vertex 103 3.00593 21.6
      vertex 100.571 5.34944 21.6
    endloop
  endfacet
  facet normal -0 0 1
    outer loop
      vertex 100.349 4.96511 21.6
      vertex 103 3.00593 21.6
      vertex 100.472 5.15 21.6
    endloop
  endfacet
  facet normal 0 0 1
    outer loop
      vertex 103 3.00593 21.6
      vertex 100.349 4.96511 21.6
      vertex 102.967 2.95619 21.6
    endloop
  endfacet
  facet normal 0 0 1
    outer loop
      vertex 102.967 2.95619 21.6
      vertex 100.349 4.96511 21.6
      vertex 102.536 2.46447 21.6
    endloop
  endfacet
  facet normal -0 0 1
    outer loop
      vertex 100.202 4.79792 21.6
      vertex 102.536 2.46447 21.6
      vertex 100.349 4.96511 21.6
    endloop
  endfacet
  facet normal 0 0 1
    outer loop
      vertex 102.536 2.46447 21.6
      vertex 100.202 4.79792 21.6
      vertex 102.044 2.03323 21.6
    endloop
  endfacet
  facet normal -0 0 1
    outer loop
      vertex 100.035 4.6513 21.6
      vertex 102.044 2.03323 21.6
      vertex 100.202 4.79792 21.6
    endloop
  endfacet
  facet normal 0 0 1
    outer loop
      vertex 102.044 2.03323 21.6
      vertex 100.035 4.6513 21.6
      vertex 101.994 2 21.6
    endloop
  endfacet
  facet normal -0 0 1
    outer loop
      vertex 99.85 4.52776 21.6
      vertex 101.994 2 21.6
      vertex 100.035 4.6513 21.6
    endloop
  endfacet
  facet normal -0 0 1
    outer loop
      vertex 99.6506 4.4294 21.6
      vertex 101.994 2 21.6
      vertex 99.85 4.52776 21.6
    endloop
  endfacet
  facet normal -0 0 1
    outer loop
      vertex 99.44 4.35793 21.6
      vertex 101.994 2 21.6
      vertex 99.6506 4.4294 21.6
    endloop
  endfacet
  facet normal -0 0 1
    outer loop
      vertex 99.2219 4.31454 21.6
      vertex 101.994 2 21.6
      vertex 99.44 4.35793 21.6
    endloop
  endfacet
  facet normal -0 0 1
    outer loop
      vertex 99 4.3 21.6
      vertex 101.994 2 21.6
      vertex 99.2219 4.31454 21.6
    endloop
  endfacet
  facet normal 0 0 1
    outer loop
      vertex 96.0059 2 21.6
      vertex 99 4.3 21.6
      vertex 98.7781 4.31454 21.6
    endloop
  endfacet
  facet normal 0 0 1
    outer loop
      vertex 96.0059 2 21.6
      vertex 98.7781 4.31454 21.6
      vertex 98.56 4.35793 21.6
    endloop
  endfacet
  facet normal 0 0 1
    outer loop
      vertex 96.0059 2 21.6
      vertex 98.56 4.35793 21.6
      vertex 98.3494 4.4294 21.6
    endloop
  endfacet
  facet normal 0 0 1
    outer loop
      vertex 96.0059 2 21.6
      vertex 98.3494 4.4294 21.6
      vertex 98.15 4.52776 21.6
    endloop
  endfacet
  facet normal -0 0 1
    outer loop
      vertex 94.6699 8.5 21.6
      vertex 97.5278 6.85 21.6
      vertex 95.0332 9.04381 21.6
    endloop
  endfacet
  facet normal 0 0 1
    outer loop
      vertex 97.5278 6.85 21.6
      vertex 94.6699 8.5 21.6
      vertex 97.4294 6.65056 21.6
    endloop
  endfacet
  facet normal 0 0 1
    outer loop
      vertex 99 4.3 21.6
      vertex 96.0059 2 21.6
      vertex 101.994 2 21.6
    endloop
  endfacet
  facet normal 0 0 1
    outer loop
      vertex 97.9651 4.6513 21.6
      vertex 96.0059 2 21.6
      vertex 98.15 4.52776 21.6
    endloop
  endfacet
  facet normal 0 0 1
    outer loop
      vertex 95.9562 2.03323 21.6
      vertex 97.9651 4.6513 21.6
      vertex 97.7979 4.79792 21.6
    endloop
  endfacet
  facet normal 0 0 1
    outer loop
      vertex 95.4645 2.46447 21.6
      vertex 97.7979 4.79792 21.6
      vertex 97.6513 4.96511 21.6
    endloop
  endfacet
  facet normal 0 0 1
    outer loop
      vertex 95.0332 2.95619 21.6
      vertex 97.6513 4.96511 21.6
      vertex 97.5278 5.15 21.6
    endloop
  endfacet
  facet normal 0 0 1
    outer loop
      vertex 94.6699 3.5 21.6
      vertex 97.5278 5.15 21.6
      vertex 97.4294 5.34944 21.6
    endloop
  endfacet
  facet normal 0 0 1
    outer loop
      vertex 94.3806 4.08658 21.6
      vertex 97.4294 5.34944 21.6
      vertex 97.3579 5.56001 21.6
    endloop
  endfacet
  facet normal 0 0 1
    outer loop
      vertex 94.1704 4.7059 21.6
      vertex 97.3579 5.56001 21.6
      vertex 97.3145 5.7781 21.6
    endloop
  endfacet
  facet normal -0 0 1
    outer loop
      vertex 94.3806 7.91342 21.6
      vertex 97.4294 6.65056 21.6
      vertex 94.6699 8.5 21.6
    endloop
  endfacet
  facet normal 0 0 1
    outer loop
      vertex 97.4294 6.65056 21.6
      vertex 94.3806 7.91342 21.6
      vertex 97.3579 6.43999 21.6
    endloop
  endfacet
  facet normal -0 0 1
    outer loop
      vertex 94.1704 7.2941 21.6
      vertex 97.3579 6.43999 21.6
      vertex 94.3806 7.91342 21.6
    endloop
  endfacet
  facet normal 0 0 1
    outer loop
      vertex 97.7979 4.79792 21.6
      vertex 95.4645 2.46447 21.6
      vertex 95.9562 2.03323 21.6
    endloop
  endfacet
  facet normal 0 0 1
    outer loop
      vertex 97.9651 4.6513 21.6
      vertex 95.9562 2.03323 21.6
      vertex 96.0059 2 21.6
    endloop
  endfacet
  facet normal 0 0 1
    outer loop
      vertex 97.3579 6.43999 21.6
      vertex 94.1704 7.2941 21.6
      vertex 97.3145 6.22189 21.6
    endloop
  endfacet
  facet normal 0 0 1
    outer loop
      vertex 97.6513 4.96511 21.6
      vertex 95.0332 2.95619 21.6
      vertex 95.4645 2.46447 21.6
    endloop
  endfacet
  facet normal -0 0 1
    outer loop
      vertex 94.0428 6.65263 21.6
      vertex 97.3145 6.22189 21.6
      vertex 94.1704 7.2941 21.6
    endloop
  endfacet
  facet normal 0 0 1
    outer loop
      vertex 97.5278 5.15 21.6
      vertex 94.6699 3.5 21.6
      vertex 95.0332 2.95619 21.6
    endloop
  endfacet
  facet normal 0 0 1
    outer loop
      vertex 97.3145 6.22189 21.6
      vertex 94.0428 6.65263 21.6
      vertex 97.3 6 21.6
    endloop
  endfacet
  facet normal 0 0 1
    outer loop
      vertex 97.4294 5.34944 21.6
      vertex 94.3806 4.08658 21.6
      vertex 94.6699 3.5 21.6
    endloop
  endfacet
  facet normal 0 0 1
    outer loop
      vertex 94 6 21.6
      vertex 97.3 6 21.6
      vertex 94.0428 6.65263 21.6
    endloop
  endfacet
  facet normal 0 0 1
    outer loop
      vertex 97.3579 5.56001 21.6
      vertex 94.1704 4.7059 21.6
      vertex 94.3806 4.08658 21.6
    endloop
  endfacet
  facet normal 0 0 1
    outer loop
      vertex 97.3 6 21.6
      vertex 94 6 21.6
      vertex 97.3145 5.7781 21.6
    endloop
  endfacet
  facet normal 0 0 1
    outer loop
      vertex 97.3145 5.7781 21.6
      vertex 94.0428 5.34737 21.6
      vertex 94.1704 4.7059 21.6
    endloop
  endfacet
  facet normal 0 0 1
    outer loop
      vertex 97.3145 5.7781 21.6
      vertex 94 6 21.6
      vertex 94.0428 5.34737 21.6
    endloop
  endfacet
  facet normal 0.195116 -0.98078 0
    outer loop
      vertex 99.6526 31.0428 2
      vertex 100.294 31.1704 21.6
      vertex 99.6526 31.0428 21.6
    endloop
  endfacet
  facet normal 0.195116 -0.98078 0
    outer loop
      vertex 100.294 31.1704 21.6
      vertex 99.6526 31.0428 2
      vertex 100.294 31.1704 2
    endloop
  endfacet
  facet normal -0.997856 -0.0654432 0
    outer loop
      vertex 94.0428 35.3474 2
      vertex 94 36 21.6
      vertex 94 36 2
    endloop
  endfacet
  facet normal -0.997856 -0.0654432 0
    outer loop
      vertex 94 36 21.6
      vertex 94.0428 35.3474 2
      vertex 94.0428 35.3474 21.6
    endloop
  endfacet
  facet normal -0.321407 -0.946941 0
    outer loop
      vertex 97.0866 31.3806 2
      vertex 97.7059 31.1704 21.6
      vertex 97.0866 31.3806 21.6
    endloop
  endfacet
  facet normal -0.321407 -0.946941 -0
    outer loop
      vertex 97.7059 31.1704 21.6
      vertex 97.0866 31.3806 2
      vertex 97.7059 31.1704 2
    endloop
  endfacet
  facet normal -0.659424 0.751771 0
    outer loop
      vertex 95.9562 39.9668 2
      vertex 95.4645 39.5355 21.6
      vertex 95.9562 39.9668 21.6
    endloop
  endfacet
  facet normal -0.659424 0.751771 0
    outer loop
      vertex 95.4645 39.5355 21.6
      vertex 95.9562 39.9668 2
      vertex 95.4645 39.5355 2
    endloop
  endfacet
  facet normal -0.997856 0.0654432 0
    outer loop
      vertex 94 36 2
      vertex 94.0428 36.6526 21.6
      vertex 94.0428 36.6526 2
    endloop
  endfacet
  facet normal -0.997856 0.0654432 0
    outer loop
      vertex 94.0428 36.6526 21.6
      vertex 94 36 2
      vertex 94 36 21.6
    endloop
  endfacet
  facet normal -0.0654432 -0.997856 0
    outer loop
      vertex 98.3474 31.0428 2
      vertex 99 31 21.6
      vertex 98.3474 31.0428 21.6
    endloop
  endfacet
  facet normal -0.0654432 -0.997856 -0
    outer loop
      vertex 99 31 21.6
      vertex 98.3474 31.0428 2
      vertex 99 31 2
    endloop
  endfacet
  facet normal -0.831509 0.555512 0
    outer loop
      vertex 94.6699 38.5 2
      vertex 95.0332 39.0438 21.6
      vertex 95.0332 39.0438 2
    endloop
  endfacet
  facet normal -0.831509 0.555512 0
    outer loop
      vertex 95.0332 39.0438 21.6
      vertex 94.6699 38.5 2
      vertex 94.6699 38.5 21.6
    endloop
  endfacet
  facet normal -0.555512 -0.831509 0
    outer loop
      vertex 95.9562 32.0332 2
      vertex 96.5 31.6699 21.6
      vertex 95.9562 32.0332 21.6
    endloop
  endfacet
  facet normal -0.555512 -0.831509 -0
    outer loop
      vertex 96.5 31.6699 21.6
      vertex 95.9562 32.0332 2
      vertex 96.5 31.6699 2
    endloop
  endfacet
  facet normal 0.659197 -0.75197 0
    outer loop
      vertex 102.044 32.0332 2
      vertex 102.536 32.4645 21.6
      vertex 102.044 32.0332 21.6
    endloop
  endfacet
  facet normal 0.659197 -0.75197 0
    outer loop
      vertex 102.536 32.4645 21.6
      vertex 102.044 32.0332 2
      vertex 102.536 32.4645 2
    endloop
  endfacet
  facet normal -0.980786 -0.195087 0
    outer loop
      vertex 94.1704 34.7059 2
      vertex 94.0428 35.3474 21.6
      vertex 94.0428 35.3474 2
    endloop
  endfacet
  facet normal -0.980786 -0.195087 0
    outer loop
      vertex 94.0428 35.3474 21.6
      vertex 94.1704 34.7059 2
      vertex 94.1704 34.7059 21.6
    endloop
  endfacet
  facet normal 0.83308 0.553152 0
    outer loop
      vertex 103 38.9941 21.6
      vertex 102.967 39.0438 2
      vertex 102.967 39.0438 21.6
    endloop
  endfacet
  facet normal 0.83308 0.553152 0
    outer loop
      vertex 102.967 39.0438 2
      vertex 103 38.9941 21.6
      vertex 103 38.9941 2
    endloop
  endfacet
  facet normal -0.751771 -0.659424 0
    outer loop
      vertex 95.4645 32.4645 2
      vertex 95.0332 32.9562 21.6
      vertex 95.0332 32.9562 2
    endloop
  endfacet
  facet normal -0.751771 -0.659424 0
    outer loop
      vertex 95.0332 32.9562 21.6
      vertex 95.4645 32.4645 2
      vertex 95.4645 32.4645 21.6
    endloop
  endfacet
  facet normal -0.555472 0.831535 0
    outer loop
      vertex 96.0059 40 2
      vertex 95.9562 39.9668 21.6
      vertex 96.0059 40 21.6
    endloop
  endfacet
  facet normal -0.555472 0.831535 0
    outer loop
      vertex 95.9562 39.9668 21.6
      vertex 96.0059 40 2
      vertex 95.9562 39.9668 2
    endloop
  endfacet
  facet normal 0.659197 0.75197 -0
    outer loop
      vertex 102.536 39.5355 2
      vertex 102.044 39.9668 21.6
      vertex 102.536 39.5355 21.6
    endloop
  endfacet
  facet normal 0.659197 0.75197 0
    outer loop
      vertex 102.044 39.9668 21.6
      vertex 102.536 39.5355 2
      vertex 102.044 39.9668 2
    endloop
  endfacet
  facet normal -0.751771 0.659424 0
    outer loop
      vertex 95.0332 39.0438 2
      vertex 95.4645 39.5355 21.6
      vertex 95.4645 39.5355 2
    endloop
  endfacet
  facet normal -0.751771 0.659424 0
    outer loop
      vertex 95.4645 39.5355 21.6
      vertex 95.0332 39.0438 2
      vertex 95.0332 39.0438 21.6
    endloop
  endfacet
  facet normal 0.553161 0.833074 -0
    outer loop
      vertex 102.044 39.9668 2
      vertex 101.994 40 21.6
      vertex 102.044 39.9668 21.6
    endloop
  endfacet
  facet normal 0.553161 0.833074 0
    outer loop
      vertex 101.994 40 21.6
      vertex 102.044 39.9668 2
      vertex 101.994 40 2
    endloop
  endfacet
  facet normal -0.946941 0.321407 0
    outer loop
      vertex 94.1704 37.2941 2
      vertex 94.3806 37.9134 21.6
      vertex 94.3806 37.9134 2
    endloop
  endfacet
  facet normal -0.946941 0.321407 0
    outer loop
      vertex 94.3806 37.9134 21.6
      vertex 94.1704 37.2941 2
      vertex 94.1704 37.2941 21.6
    endloop
  endfacet
  facet normal -0.831509 -0.555512 0
    outer loop
      vertex 95.0332 32.9562 2
      vertex 94.6699 33.5 21.6
      vertex 94.6699 33.5 2
    endloop
  endfacet
  facet normal -0.831509 -0.555512 0
    outer loop
      vertex 94.6699 33.5 21.6
      vertex 95.0332 32.9562 2
      vertex 95.0332 32.9562 21.6
    endloop
  endfacet
  facet normal 0.321546 -0.946894 0
    outer loop
      vertex 100.294 31.1704 2
      vertex 100.913 31.3806 21.6
      vertex 100.294 31.1704 21.6
    endloop
  endfacet
  facet normal 0.321546 -0.946894 0
    outer loop
      vertex 100.913 31.3806 21.6
      vertex 100.294 31.1704 2
      vertex 100.913 31.3806 2
    endloop
  endfacet
  facet normal -0.89686 -0.442314 0
    outer loop
      vertex 94.6699 33.5 2
      vertex 94.3806 34.0866 21.6
      vertex 94.3806 34.0866 2
    endloop
  endfacet
  facet normal -0.89686 -0.442314 0
    outer loop
      vertex 94.3806 34.0866 21.6
      vertex 94.6699 33.5 2
      vertex 94.6699 33.5 21.6
    endloop
  endfacet
  facet normal 0.55537 -0.831603 0
    outer loop
      vertex 101.5 31.6699 2
      vertex 102.044 32.0332 21.6
      vertex 101.5 31.6699 21.6
    endloop
  endfacet
  facet normal 0.55537 -0.831603 0
    outer loop
      vertex 102.044 32.0332 21.6
      vertex 101.5 31.6699 2
      vertex 102.044 32.0332 2
    endloop
  endfacet
  facet normal -0.659424 -0.751771 0
    outer loop
      vertex 95.4645 32.4645 2
      vertex 95.9562 32.0332 21.6
      vertex 95.4645 32.4645 21.6
    endloop
  endfacet
  facet normal -0.659424 -0.751771 -0
    outer loop
      vertex 95.9562 32.0332 21.6
      vertex 95.4645 32.4645 2
      vertex 95.9562 32.0332 2
    endloop
  endfacet
  facet normal 0.751998 -0.659165 0
    outer loop
      vertex 102.536 32.4645 21.6
      vertex 102.967 32.9562 2
      vertex 102.967 32.9562 21.6
    endloop
  endfacet
  facet normal 0.751998 -0.659165 0
    outer loop
      vertex 102.967 32.9562 2
      vertex 102.536 32.4645 21.6
      vertex 102.536 32.4645 2
    endloop
  endfacet
  facet normal -0.946941 -0.321407 0
    outer loop
      vertex 94.3806 34.0866 2
      vertex 94.1704 34.7059 21.6
      vertex 94.1704 34.7059 2
    endloop
  endfacet
  facet normal -0.946941 -0.321407 0
    outer loop
      vertex 94.1704 34.7059 21.6
      vertex 94.3806 34.0866 2
      vertex 94.3806 34.0866 21.6
    endloop
  endfacet
  facet normal 0.83308 -0.553152 0
    outer loop
      vertex 102.967 32.9562 21.6
      vertex 103 33.0059 2
      vertex 103 33.0059 21.6
    endloop
  endfacet
  facet normal 0.83308 -0.553152 0
    outer loop
      vertex 103 33.0059 2
      vertex 102.967 32.9562 21.6
      vertex 102.967 32.9562 2
    endloop
  endfacet
  facet normal -0.980786 0.195087 0
    outer loop
      vertex 94.0428 36.6526 2
      vertex 94.1704 37.2941 21.6
      vertex 94.1704 37.2941 2
    endloop
  endfacet
  facet normal -0.980786 0.195087 0
    outer loop
      vertex 94.1704 37.2941 21.6
      vertex 94.0428 36.6526 2
      vertex 94.0428 36.6526 21.6
    endloop
  endfacet
  facet normal 0.0654432 -0.997856 0
    outer loop
      vertex 99 31 2
      vertex 99.6526 31.0428 21.6
      vertex 99 31 21.6
    endloop
  endfacet
  facet normal 0.0654432 -0.997856 0
    outer loop
      vertex 99.6526 31.0428 21.6
      vertex 99 31 2
      vertex 99.6526 31.0428 2
    endloop
  endfacet
  facet normal 0.751998 0.659165 0
    outer loop
      vertex 102.967 39.0438 21.6
      vertex 102.536 39.5355 2
      vertex 102.536 39.5355 21.6
    endloop
  endfacet
  facet normal 0.751998 0.659165 0
    outer loop
      vertex 102.536 39.5355 2
      vertex 102.967 39.0438 21.6
      vertex 102.967 39.0438 2
    endloop
  endfacet
  facet normal -0.89686 0.442314 0
    outer loop
      vertex 94.3806 37.9134 2
      vertex 94.6699 38.5 21.6
      vertex 94.6699 38.5 2
    endloop
  endfacet
  facet normal -0.89686 0.442314 0
    outer loop
      vertex 94.6699 38.5 21.6
      vertex 94.3806 37.9134 2
      vertex 94.3806 37.9134 21.6
    endloop
  endfacet
  facet normal 0.442072 -0.89698 0
    outer loop
      vertex 100.913 31.3806 2
      vertex 101.5 31.6699 21.6
      vertex 100.913 31.3806 21.6
    endloop
  endfacet
  facet normal 0.442072 -0.89698 0
    outer loop
      vertex 101.5 31.6699 21.6
      vertex 100.913 31.3806 2
      vertex 101.5 31.6699 2
    endloop
  endfacet
  facet normal -0.195087 -0.980786 0
    outer loop
      vertex 97.7059 31.1704 2
      vertex 98.3474 31.0428 21.6
      vertex 97.7059 31.1704 21.6
    endloop
  endfacet
  facet normal -0.195087 -0.980786 -0
    outer loop
      vertex 98.3474 31.0428 21.6
      vertex 97.7059 31.1704 2
      vertex 98.3474 31.0428 2
    endloop
  endfacet
  facet normal -0.442314 -0.89686 0
    outer loop
      vertex 96.5 31.6699 2
      vertex 97.0866 31.3806 21.6
      vertex 96.5 31.6699 21.6
    endloop
  endfacet
  facet normal -0.442314 -0.89686 -0
    outer loop
      vertex 97.0866 31.3806 21.6
      vertex 96.5 31.6699 2
      vertex 97.0866 31.3806 2
    endloop
  endfacet
  facet normal 0 0 1
    outer loop
      vertex 100.349 37.0349 21.6
      vertex 103 38.9941 21.6
      vertex 102.967 39.0438 21.6
    endloop
  endfacet
  facet normal 0 0 1
    outer loop
      vertex 103 38.9941 21.6
      vertex 100.7 36 21.6
      vertex 103 33.0059 21.6
    endloop
  endfacet
  facet normal 0 0 1
    outer loop
      vertex 100.349 37.0349 21.6
      vertex 102.967 39.0438 21.6
      vertex 102.536 39.5355 21.6
    endloop
  endfacet
  facet normal -0 0 1
    outer loop
      vertex 100.685 35.7781 21.6
      vertex 103 33.0059 21.6
      vertex 100.7 36 21.6
    endloop
  endfacet
  facet normal 0 0 1
    outer loop
      vertex 100.202 37.2021 21.6
      vertex 102.536 39.5355 21.6
      vertex 102.044 39.9668 21.6
    endloop
  endfacet
  facet normal -0 0 1
    outer loop
      vertex 100.642 35.56 21.6
      vertex 103 33.0059 21.6
      vertex 100.685 35.7781 21.6
    endloop
  endfacet
  facet normal 0 0 1
    outer loop
      vertex 100.035 37.3487 21.6
      vertex 102.044 39.9668 21.6
      vertex 101.994 40 21.6
    endloop
  endfacet
  facet normal -0 0 1
    outer loop
      vertex 100.571 35.3494 21.6
      vertex 103 33.0059 21.6
      vertex 100.642 35.56 21.6
    endloop
  endfacet
  facet normal -0 0 1
    outer loop
      vertex 100.349 34.9651 21.6
      vertex 103 33.0059 21.6
      vertex 100.472 35.15 21.6
    endloop
  endfacet
  facet normal -0 0 1
    outer loop
      vertex 100.472 35.15 21.6
      vertex 103 33.0059 21.6
      vertex 100.571 35.3494 21.6
    endloop
  endfacet
  facet normal 0 0 1
    outer loop
      vertex 103 38.9941 21.6
      vertex 100.685 36.2219 21.6
      vertex 100.7 36 21.6
    endloop
  endfacet
  facet normal 0 0 1
    outer loop
      vertex 103 38.9941 21.6
      vertex 100.642 36.44 21.6
      vertex 100.685 36.2219 21.6
    endloop
  endfacet
  facet normal 0 0 1
    outer loop
      vertex 103 38.9941 21.6
      vertex 100.571 36.6506 21.6
      vertex 100.642 36.44 21.6
    endloop
  endfacet
  facet normal 0 0 1
    outer loop
      vertex 103 38.9941 21.6
      vertex 100.472 36.85 21.6
      vertex 100.571 36.6506 21.6
    endloop
  endfacet
  facet normal 0 0 1
    outer loop
      vertex 103 38.9941 21.6
      vertex 100.349 37.0349 21.6
      vertex 100.472 36.85 21.6
    endloop
  endfacet
  facet normal 0 0 1
    outer loop
      vertex 102.536 39.5355 21.6
      vertex 100.202 37.2021 21.6
      vertex 100.349 37.0349 21.6
    endloop
  endfacet
  facet normal 0 0 1
    outer loop
      vertex 102.044 39.9668 21.6
      vertex 100.035 37.3487 21.6
      vertex 100.202 37.2021 21.6
    endloop
  endfacet
  facet normal 0 0 1
    outer loop
      vertex 101.994 40 21.6
      vertex 99.85 37.4722 21.6
      vertex 100.035 37.3487 21.6
    endloop
  endfacet
  facet normal 0 0 1
    outer loop
      vertex 101.994 40 21.6
      vertex 99.6506 37.5706 21.6
      vertex 99.85 37.4722 21.6
    endloop
  endfacet
  facet normal 0 0 1
    outer loop
      vertex 101.994 40 21.6
      vertex 99.44 37.6421 21.6
      vertex 99.6506 37.5706 21.6
    endloop
  endfacet
  facet normal 0 0 1
    outer loop
      vertex 101.994 40 21.6
      vertex 99.2219 37.6855 21.6
      vertex 99.44 37.6421 21.6
    endloop
  endfacet
  facet normal 0 0 1
    outer loop
      vertex 101.994 40 21.6
      vertex 99 37.7 21.6
      vertex 99.2219 37.6855 21.6
    endloop
  endfacet
  facet normal -0 0 1
    outer loop
      vertex 96.0059 40 21.6
      vertex 99 37.7 21.6
      vertex 101.994 40 21.6
    endloop
  endfacet
  facet normal 0 0 1
    outer loop
      vertex 99 37.7 21.6
      vertex 96.0059 40 21.6
      vertex 98.7781 37.6855 21.6
    endloop
  endfacet
  facet normal 0 0 1
    outer loop
      vertex 98.7781 37.6855 21.6
      vertex 96.0059 40 21.6
      vertex 98.56 37.6421 21.6
    endloop
  endfacet
  facet normal 0 0 1
    outer loop
      vertex 98.56 37.6421 21.6
      vertex 96.0059 40 21.6
      vertex 98.3494 37.5706 21.6
    endloop
  endfacet
  facet normal 0 0 1
    outer loop
      vertex 98.15 34.5278 21.6
      vertex 96.5 31.6699 21.6
      vertex 97.0866 31.3806 21.6
    endloop
  endfacet
  facet normal 0 0 1
    outer loop
      vertex 94 36 21.6
      vertex 97.3 36 21.6
      vertex 97.3145 36.2219 21.6
    endloop
  endfacet
  facet normal 0 0 1
    outer loop
      vertex 98.3494 37.5706 21.6
      vertex 96.0059 40 21.6
      vertex 98.15 37.4722 21.6
    endloop
  endfacet
  facet normal 0 0 1
    outer loop
      vertex 96.0059 40 21.6
      vertex 97.9651 37.3487 21.6
      vertex 98.15 37.4722 21.6
    endloop
  endfacet
  facet normal -0 0 1
    outer loop
      vertex 95.9562 39.9668 21.6
      vertex 97.9651 37.3487 21.6
      vertex 96.0059 40 21.6
    endloop
  endfacet
  facet normal 0 0 1
    outer loop
      vertex 97.9651 37.3487 21.6
      vertex 95.9562 39.9668 21.6
      vertex 97.7979 37.2021 21.6
    endloop
  endfacet
  facet normal -0 0 1
    outer loop
      vertex 95.4645 39.5355 21.6
      vertex 97.7979 37.2021 21.6
      vertex 95.9562 39.9668 21.6
    endloop
  endfacet
  facet normal 0 0 1
    outer loop
      vertex 97.7979 37.2021 21.6
      vertex 95.4645 39.5355 21.6
      vertex 97.6513 37.0349 21.6
    endloop
  endfacet
  facet normal -0 0 1
    outer loop
      vertex 95.0332 39.0438 21.6
      vertex 97.6513 37.0349 21.6
      vertex 95.4645 39.5355 21.6
    endloop
  endfacet
  facet normal 0 0 1
    outer loop
      vertex 97.6513 37.0349 21.6
      vertex 95.0332 39.0438 21.6
      vertex 97.5278 36.85 21.6
    endloop
  endfacet
  facet normal -0 0 1
    outer loop
      vertex 94.6699 38.5 21.6
      vertex 97.5278 36.85 21.6
      vertex 95.0332 39.0438 21.6
    endloop
  endfacet
  facet normal 0 0 1
    outer loop
      vertex 97.5278 36.85 21.6
      vertex 94.6699 38.5 21.6
      vertex 97.4294 36.6506 21.6
    endloop
  endfacet
  facet normal 0 0 1
    outer loop
      vertex 97.3145 35.7781 21.6
      vertex 95.9562 32.0332 21.6
      vertex 96.5 31.6699 21.6
    endloop
  endfacet
  facet normal -0 0 1
    outer loop
      vertex 94.3806 37.9134 21.6
      vertex 97.4294 36.6506 21.6
      vertex 94.6699 38.5 21.6
    endloop
  endfacet
  facet normal 0 0 1
    outer loop
      vertex 97.3145 35.7781 21.6
      vertex 95.4645 32.4645 21.6
      vertex 95.9562 32.0332 21.6
    endloop
  endfacet
  facet normal 0 0 1
    outer loop
      vertex 97.4294 36.6506 21.6
      vertex 94.3806 37.9134 21.6
      vertex 97.3579 36.44 21.6
    endloop
  endfacet
  facet normal 0 0 1
    outer loop
      vertex 97.3145 35.7781 21.6
      vertex 95.0332 32.9562 21.6
      vertex 95.4645 32.4645 21.6
    endloop
  endfacet
  facet normal -0 0 1
    outer loop
      vertex 94.1704 37.2941 21.6
      vertex 97.3579 36.44 21.6
      vertex 94.3806 37.9134 21.6
    endloop
  endfacet
  facet normal 0 0 1
    outer loop
      vertex 97.3145 35.7781 21.6
      vertex 94.6699 33.5 21.6
      vertex 95.0332 32.9562 21.6
    endloop
  endfacet
  facet normal 0 0 1
    outer loop
      vertex 97.3579 36.44 21.6
      vertex 94.1704 37.2941 21.6
      vertex 97.3145 36.2219 21.6
    endloop
  endfacet
  facet normal 0 0 1
    outer loop
      vertex 97.3145 35.7781 21.6
      vertex 94.3806 34.0866 21.6
      vertex 94.6699 33.5 21.6
    endloop
  endfacet
  facet normal -0 0 1
    outer loop
      vertex 94.0428 36.6526 21.6
      vertex 97.3145 36.2219 21.6
      vertex 94.1704 37.2941 21.6
    endloop
  endfacet
  facet normal 0 0 1
    outer loop
      vertex 97.3145 35.7781 21.6
      vertex 94.1704 34.7059 21.6
      vertex 94.3806 34.0866 21.6
    endloop
  endfacet
  facet normal 0 0 1
    outer loop
      vertex 94 36 21.6
      vertex 97.3145 36.2219 21.6
      vertex 94.0428 36.6526 21.6
    endloop
  endfacet
  facet normal 0 0 1
    outer loop
      vertex 97.3145 35.7781 21.6
      vertex 94.0428 35.3474 21.6
      vertex 94.1704 34.7059 21.6
    endloop
  endfacet
  facet normal 0 0 1
    outer loop
      vertex 97.3 36 21.6
      vertex 94 36 21.6
      vertex 94.0428 35.3474 21.6
    endloop
  endfacet
  facet normal 0 0 1
    outer loop
      vertex 103 33.0059 21.6
      vertex 100.349 34.9651 21.6
      vertex 102.967 32.9562 21.6
    endloop
  endfacet
  facet normal 0 0 1
    outer loop
      vertex 102.967 32.9562 21.6
      vertex 100.349 34.9651 21.6
      vertex 102.536 32.4645 21.6
    endloop
  endfacet
  facet normal -0 0 1
    outer loop
      vertex 100.202 34.7979 21.6
      vertex 102.536 32.4645 21.6
      vertex 100.349 34.9651 21.6
    endloop
  endfacet
  facet normal 0 0 1
    outer loop
      vertex 102.536 32.4645 21.6
      vertex 100.202 34.7979 21.6
      vertex 102.044 32.0332 21.6
    endloop
  endfacet
  facet normal -0 0 1
    outer loop
      vertex 100.035 34.6513 21.6
      vertex 102.044 32.0332 21.6
      vertex 100.202 34.7979 21.6
    endloop
  endfacet
  facet normal 0 0 1
    outer loop
      vertex 102.044 32.0332 21.6
      vertex 100.035 34.6513 21.6
      vertex 101.5 31.6699 21.6
    endloop
  endfacet
  facet normal -0 0 1
    outer loop
      vertex 99.85 34.5278 21.6
      vertex 101.5 31.6699 21.6
      vertex 100.035 34.6513 21.6
    endloop
  endfacet
  facet normal 0 0 1
    outer loop
      vertex 101.5 31.6699 21.6
      vertex 99.85 34.5278 21.6
      vertex 100.913 31.3806 21.6
    endloop
  endfacet
  facet normal -0 0 1
    outer loop
      vertex 99.6506 34.4294 21.6
      vertex 100.913 31.3806 21.6
      vertex 99.85 34.5278 21.6
    endloop
  endfacet
  facet normal 0 0 1
    outer loop
      vertex 100.913 31.3806 21.6
      vertex 99.6506 34.4294 21.6
      vertex 100.294 31.1704 21.6
    endloop
  endfacet
  facet normal -0 0 1
    outer loop
      vertex 99.44 34.3579 21.6
      vertex 100.294 31.1704 21.6
      vertex 99.6506 34.4294 21.6
    endloop
  endfacet
  facet normal 0 0 1
    outer loop
      vertex 100.294 31.1704 21.6
      vertex 99.44 34.3579 21.6
      vertex 99.6526 31.0428 21.6
    endloop
  endfacet
  facet normal -0 0 1
    outer loop
      vertex 99.2219 34.3145 21.6
      vertex 99.6526 31.0428 21.6
      vertex 99.44 34.3579 21.6
    endloop
  endfacet
  facet normal -0 0 1
    outer loop
      vertex 99 34.3 21.6
      vertex 99.6526 31.0428 21.6
      vertex 99.2219 34.3145 21.6
    endloop
  endfacet
  facet normal 0 0 1
    outer loop
      vertex 99 34.3 21.6
      vertex 99 31 21.6
      vertex 99.6526 31.0428 21.6
    endloop
  endfacet
  facet normal 0 0 1
    outer loop
      vertex 98.7781 34.3145 21.6
      vertex 99 31 21.6
      vertex 99 34.3 21.6
    endloop
  endfacet
  facet normal 0 0 1
    outer loop
      vertex 98.3474 31.0428 21.6
      vertex 98.7781 34.3145 21.6
      vertex 98.56 34.3579 21.6
    endloop
  endfacet
  facet normal 0 0 1
    outer loop
      vertex 97.7059 31.1704 21.6
      vertex 98.56 34.3579 21.6
      vertex 98.3494 34.4294 21.6
    endloop
  endfacet
  facet normal 0 0 1
    outer loop
      vertex 98.7781 34.3145 21.6
      vertex 98.3474 31.0428 21.6
      vertex 99 31 21.6
    endloop
  endfacet
  facet normal 0 0 1
    outer loop
      vertex 97.0866 31.3806 21.6
      vertex 98.3494 34.4294 21.6
      vertex 98.15 34.5278 21.6
    endloop
  endfacet
  facet normal 0 0 1
    outer loop
      vertex 96.5 31.6699 21.6
      vertex 98.15 34.5278 21.6
      vertex 97.9651 34.6513 21.6
    endloop
  endfacet
  facet normal 0 0 1
    outer loop
      vertex 96.5 31.6699 21.6
      vertex 97.9651 34.6513 21.6
      vertex 97.7979 34.7979 21.6
    endloop
  endfacet
  facet normal 0 0 1
    outer loop
      vertex 98.56 34.3579 21.6
      vertex 97.7059 31.1704 21.6
      vertex 98.3474 31.0428 21.6
    endloop
  endfacet
  facet normal 0 0 1
    outer loop
      vertex 96.5 31.6699 21.6
      vertex 97.7979 34.7979 21.6
      vertex 97.6513 34.9651 21.6
    endloop
  endfacet
  facet normal 0 0 1
    outer loop
      vertex 96.5 31.6699 21.6
      vertex 97.6513 34.9651 21.6
      vertex 97.5278 35.15 21.6
    endloop
  endfacet
  facet normal 0 0 1
    outer loop
      vertex 96.5 31.6699 21.6
      vertex 97.5278 35.15 21.6
      vertex 97.4294 35.3494 21.6
    endloop
  endfacet
  facet normal 0 0 1
    outer loop
      vertex 96.5 31.6699 21.6
      vertex 97.4294 35.3494 21.6
      vertex 97.3579 35.56 21.6
    endloop
  endfacet
  facet normal 0 0 1
    outer loop
      vertex 96.5 31.6699 21.6
      vertex 97.3579 35.56 21.6
      vertex 97.3145 35.7781 21.6
    endloop
  endfacet
  facet normal 0 0 1
    outer loop
      vertex 98.3494 34.4294 21.6
      vertex 97.0866 31.3806 21.6
      vertex 97.7059 31.1704 21.6
    endloop
  endfacet
  facet normal 0 0 1
    outer loop
      vertex 94.0428 35.3474 21.6
      vertex 97.3145 35.7781 21.6
      vertex 97.3 36 21.6
    endloop
  endfacet
  facet normal -0.980779 -0.195122 0
    outer loop
      vertex 7.68546 6.22189 2
      vertex 7.64207 6.43999 21.6
      vertex 7.64207 6.43999 2
    endloop
  endfacet
  facet normal -0.980779 -0.195122 0
    outer loop
      vertex 7.64207 6.43999 21.6
      vertex 7.68546 6.22189 2
      vertex 7.68546 6.22189 21.6
    endloop
  endfacet
  facet normal -0.99786 -0.0653877 0
    outer loop
      vertex 7.7 6 2
      vertex 7.68546 6.22189 21.6
      vertex 7.68546 6.22189 2
    endloop
  endfacet
  facet normal -0.99786 -0.0653877 0
    outer loop
      vertex 7.68546 6.22189 21.6
      vertex 7.7 6 2
      vertex 7.7 6 21.6
    endloop
  endfacet
  facet normal 0.442278 -0.896878 0
    outer loop
      vertex 5.15 7.47224 2
      vertex 5.34944 7.57059 21.6
      vertex 5.15 7.47224 21.6
    endloop
  endfacet
  facet normal 0.442278 -0.896878 0
    outer loop
      vertex 5.34944 7.57059 21.6
      vertex 5.15 7.47224 2
      vertex 5.34944 7.57059 2
    endloop
  endfacet
  facet normal -0.555572 -0.831469 0
    outer loop
      vertex 6.85 7.47224 2
      vertex 7.03489 7.3487 21.6
      vertex 6.85 7.47224 21.6
    endloop
  endfacet
  facet normal -0.555572 -0.831469 -0
    outer loop
      vertex 7.03489 7.3487 21.6
      vertex 6.85 7.47224 2
      vertex 7.03489 7.3487 2
    endloop
  endfacet
  facet normal 0.659342 -0.751844 0
    outer loop
      vertex 4.79792 7.20208 2
      vertex 4.96511 7.3487 21.6
      vertex 4.79792 7.20208 21.6
    endloop
  endfacet
  facet normal 0.659342 -0.751844 0
    outer loop
      vertex 4.96511 7.3487 21.6
      vertex 4.79792 7.20208 2
      vertex 4.96511 7.3487 2
    endloop
  endfacet
  facet normal -0.321404 0.946942 0
    outer loop
      vertex 6.65056 4.4294 2
      vertex 6.43999 4.35793 21.6
      vertex 6.65056 4.4294 21.6
    endloop
  endfacet
  facet normal -0.321404 0.946942 0
    outer loop
      vertex 6.43999 4.35793 21.6
      vertex 6.65056 4.4294 2
      vertex 6.43999 4.35793 2
    endloop
  endfacet
  facet normal -0.831469 0.555572 0
    outer loop
      vertex 7.3487 4.96511 2
      vertex 7.47224 5.15 21.6
      vertex 7.47224 5.15 2
    endloop
  endfacet
  facet normal -0.831469 0.555572 0
    outer loop
      vertex 7.47224 5.15 21.6
      vertex 7.3487 4.96511 2
      vertex 7.3487 4.96511 21.6
    endloop
  endfacet
  facet normal -0.946929 0.321444 0
    outer loop
      vertex 7.57059 5.34944 2
      vertex 7.64207 5.56001 21.6
      vertex 7.64207 5.56001 2
    endloop
  endfacet
  facet normal -0.946929 0.321444 0
    outer loop
      vertex 7.64207 5.56001 21.6
      vertex 7.57059 5.34944 2
      vertex 7.57059 5.34944 21.6
    endloop
  endfacet
  facet normal -0.321444 -0.946929 0
    outer loop
      vertex 6.43999 7.64207 2
      vertex 6.65056 7.57059 21.6
      vertex 6.43999 7.64207 21.6
    endloop
  endfacet
  facet normal -0.321444 -0.946929 -0
    outer loop
      vertex 6.65056 7.57059 21.6
      vertex 6.43999 7.64207 2
      vertex 6.65056 7.57059 2
    endloop
  endfacet
  facet normal -0.195122 -0.980779 0
    outer loop
      vertex 6.22189 7.68546 2
      vertex 6.43999 7.64207 21.6
      vertex 6.22189 7.68546 21.6
    endloop
  endfacet
  facet normal -0.195122 -0.980779 -0
    outer loop
      vertex 6.43999 7.64207 21.6
      vertex 6.22189 7.68546 2
      vertex 6.43999 7.64207 2
    endloop
  endfacet
  facet normal 0.555572 -0.831469 0
    outer loop
      vertex 4.96511 7.3487 2
      vertex 5.15 7.47224 21.6
      vertex 4.96511 7.3487 21.6
    endloop
  endfacet
  facet normal 0.555572 -0.831469 0
    outer loop
      vertex 5.15 7.47224 21.6
      vertex 4.96511 7.3487 2
      vertex 5.15 7.47224 2
    endloop
  endfacet
  facet normal -0.896878 0.442278 0
    outer loop
      vertex 7.47224 5.15 2
      vertex 7.57059 5.34944 21.6
      vertex 7.57059 5.34944 2
    endloop
  endfacet
  facet normal -0.896878 0.442278 0
    outer loop
      vertex 7.57059 5.34944 21.6
      vertex 7.47224 5.15 2
      vertex 7.47224 5.15 21.6
    endloop
  endfacet
  facet normal -0.659342 -0.751844 0
    outer loop
      vertex 7.03489 7.3487 2
      vertex 7.20208 7.20208 21.6
      vertex 7.03489 7.3487 21.6
    endloop
  endfacet
  facet normal -0.659342 -0.751844 -0
    outer loop
      vertex 7.20208 7.20208 21.6
      vertex 7.03489 7.3487 2
      vertex 7.20208 7.20208 2
    endloop
  endfacet
  facet normal -0.555572 0.831469 0
    outer loop
      vertex 7.03489 4.6513 2
      vertex 6.85 4.52776 21.6
      vertex 7.03489 4.6513 21.6
    endloop
  endfacet
  facet normal -0.555572 0.831469 0
    outer loop
      vertex 6.85 4.52776 21.6
      vertex 7.03489 4.6513 2
      vertex 6.85 4.52776 2
    endloop
  endfacet
  facet normal -0.442278 -0.896878 0
    outer loop
      vertex 6.65056 7.57059 2
      vertex 6.85 7.47224 21.6
      vertex 6.65056 7.57059 21.6
    endloop
  endfacet
  facet normal -0.442278 -0.896878 -0
    outer loop
      vertex 6.85 7.47224 21.6
      vertex 6.65056 7.57059 2
      vertex 6.85 7.47224 2
    endloop
  endfacet
  facet normal 0.99786 -0.0653877 0
    outer loop
      vertex 4.3 6 21.6
      vertex 4.31454 6.22189 2
      vertex 4.31454 6.22189 21.6
    endloop
  endfacet
  facet normal 0.99786 -0.0653877 0
    outer loop
      vertex 4.31454 6.22189 2
      vertex 4.3 6 21.6
      vertex 4.3 6 2
    endloop
  endfacet
  facet normal 0.659342 0.751844 -0
    outer loop
      vertex 4.96511 4.6513 2
      vertex 4.79792 4.79792 21.6
      vertex 4.96511 4.6513 21.6
    endloop
  endfacet
  facet normal 0.659342 0.751844 0
    outer loop
      vertex 4.79792 4.79792 21.6
      vertex 4.96511 4.6513 2
      vertex 4.79792 4.79792 2
    endloop
  endfacet
  facet normal 0.751844 0.659342 0
    outer loop
      vertex 4.79792 4.79792 21.6
      vertex 4.6513 4.96511 2
      vertex 4.6513 4.96511 21.6
    endloop
  endfacet
  facet normal 0.751844 0.659342 0
    outer loop
      vertex 4.6513 4.96511 2
      vertex 4.79792 4.79792 21.6
      vertex 4.79792 4.79792 2
    endloop
  endfacet
  facet normal 0.831469 0.555572 0
    outer loop
      vertex 4.6513 4.96511 21.6
      vertex 4.52776 5.15 2
      vertex 4.52776 5.15 21.6
    endloop
  endfacet
  facet normal 0.831469 0.555572 0
    outer loop
      vertex 4.52776 5.15 2
      vertex 4.6513 4.96511 21.6
      vertex 4.6513 4.96511 2
    endloop
  endfacet
  facet normal -0.831469 -0.555572 0
    outer loop
      vertex 7.47224 6.85 2
      vertex 7.3487 7.03489 21.6
      vertex 7.3487 7.03489 2
    endloop
  endfacet
  facet normal -0.831469 -0.555572 0
    outer loop
      vertex 7.3487 7.03489 21.6
      vertex 7.47224 6.85 2
      vertex 7.47224 6.85 21.6
    endloop
  endfacet
  facet normal -0.195122 0.980779 0
    outer loop
      vertex 6.43999 4.35793 2
      vertex 6.22189 4.31454 21.6
      vertex 6.43999 4.35793 21.6
    endloop
  endfacet
  facet normal -0.195122 0.980779 0
    outer loop
      vertex 6.22189 4.31454 21.6
      vertex 6.43999 4.35793 2
      vertex 6.22189 4.31454 2
    endloop
  endfacet
  facet normal -0.980777 0.19513 0
    outer loop
      vertex 7.64207 5.56001 2
      vertex 7.68546 5.7781 21.6
      vertex 7.68546 5.7781 2
    endloop
  endfacet
  facet normal -0.980777 0.19513 0
    outer loop
      vertex 7.68546 5.7781 21.6
      vertex 7.64207 5.56001 2
      vertex 7.64207 5.56001 21.6
    endloop
  endfacet
  facet normal 0 0 1
    outer loop
      vertex 7.68546 6.22189 2
      vertex 7.68546 5.7781 2
      vertex 7.7 6 2
    endloop
  endfacet
  facet normal 0 0 1
    outer loop
      vertex 7.64207 6.43999 2
      vertex 7.68546 5.7781 2
      vertex 7.68546 6.22189 2
    endloop
  endfacet
  facet normal 0 0 1
    outer loop
      vertex 7.64207 6.43999 2
      vertex 7.64207 5.56001 2
      vertex 7.68546 5.7781 2
    endloop
  endfacet
  facet normal 0 0 1
    outer loop
      vertex 7.57059 6.65056 2
      vertex 7.64207 5.56001 2
      vertex 7.64207 6.43999 2
    endloop
  endfacet
  facet normal 0 0 1
    outer loop
      vertex 7.57059 6.65056 2
      vertex 7.57059 5.34944 2
      vertex 7.64207 5.56001 2
    endloop
  endfacet
  facet normal 0 0 1
    outer loop
      vertex 7.47224 6.85 2
      vertex 7.57059 5.34944 2
      vertex 7.57059 6.65056 2
    endloop
  endfacet
  facet normal 0 0 1
    outer loop
      vertex 7.47224 6.85 2
      vertex 7.47224 5.15 2
      vertex 7.57059 5.34944 2
    endloop
  endfacet
  facet normal 0 0 1
    outer loop
      vertex 7.3487 7.03489 2
      vertex 7.47224 5.15 2
      vertex 7.47224 6.85 2
    endloop
  endfacet
  facet normal 0 0 1
    outer loop
      vertex 7.3487 7.03489 2
      vertex 7.3487 4.96511 2
      vertex 7.47224 5.15 2
    endloop
  endfacet
  facet normal 0 0 1
    outer loop
      vertex 7.20208 7.20208 2
      vertex 7.3487 4.96511 2
      vertex 7.3487 7.03489 2
    endloop
  endfacet
  facet normal 0 0 1
    outer loop
      vertex 7.20208 7.20208 2
      vertex 7.20208 4.79792 2
      vertex 7.3487 4.96511 2
    endloop
  endfacet
  facet normal 0 0 1
    outer loop
      vertex 7.03489 7.3487 2
      vertex 7.20208 4.79792 2
      vertex 7.20208 7.20208 2
    endloop
  endfacet
  facet normal 0 0 1
    outer loop
      vertex 7.03489 7.3487 2
      vertex 7.03489 4.6513 2
      vertex 7.20208 4.79792 2
    endloop
  endfacet
  facet normal 0 0 1
    outer loop
      vertex 6.85 7.47224 2
      vertex 7.03489 4.6513 2
      vertex 7.03489 7.3487 2
    endloop
  endfacet
  facet normal 0 0 1
    outer loop
      vertex 6.85 7.47224 2
      vertex 6.85 4.52776 2
      vertex 7.03489 4.6513 2
    endloop
  endfacet
  facet normal 0 0 1
    outer loop
      vertex 6.65056 7.57059 2
      vertex 6.85 4.52776 2
      vertex 6.85 7.47224 2
    endloop
  endfacet
  facet normal 0 0 1
    outer loop
      vertex 6.65056 7.57059 2
      vertex 6.65056 4.4294 2
      vertex 6.85 4.52776 2
    endloop
  endfacet
  facet normal 0 0 1
    outer loop
      vertex 6.43999 7.64207 2
      vertex 6.65056 4.4294 2
      vertex 6.65056 7.57059 2
    endloop
  endfacet
  facet normal 0 0 1
    outer loop
      vertex 6.43999 7.64207 2
      vertex 6.43999 4.35793 2
      vertex 6.65056 4.4294 2
    endloop
  endfacet
  facet normal 0 0 1
    outer loop
      vertex 6.22189 7.68546 2
      vertex 6.43999 4.35793 2
      vertex 6.43999 7.64207 2
    endloop
  endfacet
  facet normal 0 0 1
    outer loop
      vertex 6.22189 7.68546 2
      vertex 6.22189 4.31454 2
      vertex 6.43999 4.35793 2
    endloop
  endfacet
  facet normal 0 0 1
    outer loop
      vertex 6 7.7 2
      vertex 6.22189 4.31454 2
      vertex 6.22189 7.68546 2
    endloop
  endfacet
  facet normal 0 0 1
    outer loop
      vertex 6 7.7 2
      vertex 6 4.3 2
      vertex 6.22189 4.31454 2
    endloop
  endfacet
  facet normal -0 0 1
    outer loop
      vertex 5.7781 7.68546 2
      vertex 6 4.3 2
      vertex 6 7.7 2
    endloop
  endfacet
  facet normal 0 0 1
    outer loop
      vertex 5.7781 7.68546 2
      vertex 5.7781 4.31454 2
      vertex 6 4.3 2
    endloop
  endfacet
  facet normal -0 0 1
    outer loop
      vertex 5.56001 7.64207 2
      vertex 5.7781 4.31454 2
      vertex 5.7781 7.68546 2
    endloop
  endfacet
  facet normal 0 0 1
    outer loop
      vertex 5.56001 7.64207 2
      vertex 5.56001 4.35793 2
      vertex 5.7781 4.31454 2
    endloop
  endfacet
  facet normal -0 0 1
    outer loop
      vertex 5.34944 7.57059 2
      vertex 5.56001 4.35793 2
      vertex 5.56001 7.64207 2
    endloop
  endfacet
  facet normal 0 0 1
    outer loop
      vertex 5.34944 7.57059 2
      vertex 5.34944 4.4294 2
      vertex 5.56001 4.35793 2
    endloop
  endfacet
  facet normal -0 0 1
    outer loop
      vertex 5.15 7.47224 2
      vertex 5.34944 4.4294 2
      vertex 5.34944 7.57059 2
    endloop
  endfacet
  facet normal 0 0 1
    outer loop
      vertex 5.15 7.47224 2
      vertex 5.15 4.52776 2
      vertex 5.34944 4.4294 2
    endloop
  endfacet
  facet normal -0 0 1
    outer loop
      vertex 4.96511 7.3487 2
      vertex 5.15 4.52776 2
      vertex 5.15 7.47224 2
    endloop
  endfacet
  facet normal 0 0 1
    outer loop
      vertex 4.96511 7.3487 2
      vertex 4.96511 4.6513 2
      vertex 5.15 4.52776 2
    endloop
  endfacet
  facet normal -0 0 1
    outer loop
      vertex 4.79792 7.20208 2
      vertex 4.96511 4.6513 2
      vertex 4.96511 7.3487 2
    endloop
  endfacet
  facet normal 0 0 1
    outer loop
      vertex 4.79792 7.20208 2
      vertex 4.79792 4.79792 2
      vertex 4.96511 4.6513 2
    endloop
  endfacet
  facet normal -0 0 1
    outer loop
      vertex 4.6513 7.03489 2
      vertex 4.79792 4.79792 2
      vertex 4.79792 7.20208 2
    endloop
  endfacet
  facet normal 0 0 1
    outer loop
      vertex 4.6513 7.03489 2
      vertex 4.6513 4.96511 2
      vertex 4.79792 4.79792 2
    endloop
  endfacet
  facet normal -0 0 1
    outer loop
      vertex 4.52776 6.85 2
      vertex 4.6513 4.96511 2
      vertex 4.6513 7.03489 2
    endloop
  endfacet
  facet normal 0 0 1
    outer loop
      vertex 4.52776 6.85 2
      vertex 4.52776 5.15 2
      vertex 4.6513 4.96511 2
    endloop
  endfacet
  facet normal -0 0 1
    outer loop
      vertex 4.4294 6.65056 2
      vertex 4.52776 5.15 2
      vertex 4.52776 6.85 2
    endloop
  endfacet
  facet normal 0 0 1
    outer loop
      vertex 4.4294 6.65056 2
      vertex 4.4294 5.34944 2
      vertex 4.52776 5.15 2
    endloop
  endfacet
  facet normal -0 0 1
    outer loop
      vertex 4.35793 6.43999 2
      vertex 4.4294 5.34944 2
      vertex 4.4294 6.65056 2
    endloop
  endfacet
  facet normal 0 0 1
    outer loop
      vertex 4.35793 6.43999 2
      vertex 4.35793 5.56001 2
      vertex 4.4294 5.34944 2
    endloop
  endfacet
  facet normal -0 0 1
    outer loop
      vertex 4.31454 6.22189 2
      vertex 4.35793 5.56001 2
      vertex 4.35793 6.43999 2
    endloop
  endfacet
  facet normal 0 0 1
    outer loop
      vertex 4.31454 6.22189 2
      vertex 4.31454 5.7781 2
      vertex 4.35793 5.56001 2
    endloop
  endfacet
  facet normal 0 -0 1
    outer loop
      vertex 4.31454 5.7781 2
      vertex 4.31454 6.22189 2
      vertex 4.3 6 2
    endloop
  endfacet
  facet normal 0.946942 0.321404 0
    outer loop
      vertex 4.4294 5.34944 21.6
      vertex 4.35793 5.56001 2
      vertex 4.35793 5.56001 21.6
    endloop
  endfacet
  facet normal 0.946942 0.321404 0
    outer loop
      vertex 4.35793 5.56001 2
      vertex 4.4294 5.34944 21.6
      vertex 4.4294 5.34944 2
    endloop
  endfacet
  facet normal -0.442314 0.89686 0
    outer loop
      vertex 6.85 4.52776 2
      vertex 6.65056 4.4294 21.6
      vertex 6.85 4.52776 21.6
    endloop
  endfacet
  facet normal -0.442314 0.89686 0
    outer loop
      vertex 6.65056 4.4294 21.6
      vertex 6.85 4.52776 2
      vertex 6.65056 4.4294 2
    endloop
  endfacet
  facet normal -0.0653877 -0.99786 0
    outer loop
      vertex 6 7.7 2
      vertex 6.22189 7.68546 21.6
      vertex 6 7.7 21.6
    endloop
  endfacet
  facet normal -0.0653877 -0.99786 -0
    outer loop
      vertex 6.22189 7.68546 21.6
      vertex 6 7.7 2
      vertex 6.22189 7.68546 2
    endloop
  endfacet
  facet normal 0.321444 -0.946929 0
    outer loop
      vertex 5.34944 7.57059 2
      vertex 5.56001 7.64207 21.6
      vertex 5.34944 7.57059 21.6
    endloop
  endfacet
  facet normal 0.321444 -0.946929 0
    outer loop
      vertex 5.56001 7.64207 21.6
      vertex 5.34944 7.57059 2
      vertex 5.56001 7.64207 2
    endloop
  endfacet
  facet normal 0.19513 -0.980777 0
    outer loop
      vertex 5.56001 7.64207 2
      vertex 5.7781 7.68546 21.6
      vertex 5.56001 7.64207 21.6
    endloop
  endfacet
  facet normal 0.19513 -0.980777 0
    outer loop
      vertex 5.7781 7.68546 21.6
      vertex 5.56001 7.64207 2
      vertex 5.7781 7.68546 2
    endloop
  endfacet
  facet normal -0.896878 -0.442278 0
    outer loop
      vertex 7.57059 6.65056 2
      vertex 7.47224 6.85 21.6
      vertex 7.47224 6.85 2
    endloop
  endfacet
  facet normal -0.896878 -0.442278 0
    outer loop
      vertex 7.47224 6.85 21.6
      vertex 7.57059 6.65056 2
      vertex 7.57059 6.65056 21.6
    endloop
  endfacet
  facet normal -0.99786 0.0653848 0
    outer loop
      vertex 7.68546 5.7781 2
      vertex 7.7 6 21.6
      vertex 7.7 6 2
    endloop
  endfacet
  facet normal -0.99786 0.0653848 0
    outer loop
      vertex 7.7 6 21.6
      vertex 7.68546 5.7781 2
      vertex 7.68546 5.7781 21.6
    endloop
  endfacet
  facet normal -0.0653877 0.99786 0
    outer loop
      vertex 6.22189 4.31454 2
      vertex 6 4.3 21.6
      vertex 6.22189 4.31454 21.6
    endloop
  endfacet
  facet normal -0.0653877 0.99786 0
    outer loop
      vertex 6 4.3 21.6
      vertex 6.22189 4.31454 2
      vertex 6 4.3 2
    endloop
  endfacet
  facet normal -0.751844 -0.659342 0
    outer loop
      vertex 7.3487 7.03489 2
      vertex 7.20208 7.20208 21.6
      vertex 7.20208 7.20208 2
    endloop
  endfacet
  facet normal -0.751844 -0.659342 0
    outer loop
      vertex 7.20208 7.20208 21.6
      vertex 7.3487 7.03489 2
      vertex 7.3487 7.03489 21.6
    endloop
  endfacet
  facet normal 0.99786 0.0653848 0
    outer loop
      vertex 4.31454 5.7781 21.6
      vertex 4.3 6 2
      vertex 4.3 6 21.6
    endloop
  endfacet
  facet normal 0.99786 0.0653848 0
    outer loop
      vertex 4.3 6 2
      vertex 4.31454 5.7781 21.6
      vertex 4.31454 5.7781 2
    endloop
  endfacet
  facet normal -0.751844 0.659342 0
    outer loop
      vertex 7.20208 4.79792 2
      vertex 7.3487 4.96511 21.6
      vertex 7.3487 4.96511 2
    endloop
  endfacet
  facet normal -0.751844 0.659342 0
    outer loop
      vertex 7.3487 4.96511 21.6
      vertex 7.20208 4.79792 2
      vertex 7.20208 4.79792 21.6
    endloop
  endfacet
  facet normal 0.751844 -0.659342 0
    outer loop
      vertex 4.6513 7.03489 21.6
      vertex 4.79792 7.20208 2
      vertex 4.79792 7.20208 21.6
    endloop
  endfacet
  facet normal 0.751844 -0.659342 0
    outer loop
      vertex 4.79792 7.20208 2
      vertex 4.6513 7.03489 21.6
      vertex 4.6513 7.03489 2
    endloop
  endfacet
  facet normal 0.831469 -0.555572 0
    outer loop
      vertex 4.52776 6.85 21.6
      vertex 4.6513 7.03489 2
      vertex 4.6513 7.03489 21.6
    endloop
  endfacet
  facet normal 0.831469 -0.555572 0
    outer loop
      vertex 4.6513 7.03489 2
      vertex 4.52776 6.85 21.6
      vertex 4.52776 6.85 2
    endloop
  endfacet
  facet normal 0.0653848 -0.99786 0
    outer loop
      vertex 5.7781 7.68546 2
      vertex 6 7.7 21.6
      vertex 5.7781 7.68546 21.6
    endloop
  endfacet
  facet normal 0.0653848 -0.99786 0
    outer loop
      vertex 6 7.7 21.6
      vertex 5.7781 7.68546 2
      vertex 6 7.7 2
    endloop
  endfacet
  facet normal 0.980777 0.19513 0
    outer loop
      vertex 4.35793 5.56001 21.6
      vertex 4.31454 5.7781 2
      vertex 4.31454 5.7781 21.6
    endloop
  endfacet
  facet normal 0.980777 0.19513 0
    outer loop
      vertex 4.31454 5.7781 2
      vertex 4.35793 5.56001 21.6
      vertex 4.35793 5.56001 2
    endloop
  endfacet
  facet normal 0.321404 0.946942 -0
    outer loop
      vertex 5.56001 4.35793 2
      vertex 5.34944 4.4294 21.6
      vertex 5.56001 4.35793 21.6
    endloop
  endfacet
  facet normal 0.321404 0.946942 0
    outer loop
      vertex 5.34944 4.4294 21.6
      vertex 5.56001 4.35793 2
      vertex 5.34944 4.4294 2
    endloop
  endfacet
  facet normal -0.946929 -0.321444 0
    outer loop
      vertex 7.64207 6.43999 2
      vertex 7.57059 6.65056 21.6
      vertex 7.57059 6.65056 2
    endloop
  endfacet
  facet normal -0.946929 -0.321444 0
    outer loop
      vertex 7.57059 6.65056 21.6
      vertex 7.64207 6.43999 2
      vertex 7.64207 6.43999 21.6
    endloop
  endfacet
  facet normal 0.442314 0.89686 -0
    outer loop
      vertex 5.34944 4.4294 2
      vertex 5.15 4.52776 21.6
      vertex 5.34944 4.4294 21.6
    endloop
  endfacet
  facet normal 0.442314 0.89686 0
    outer loop
      vertex 5.15 4.52776 21.6
      vertex 5.34944 4.4294 2
      vertex 5.15 4.52776 2
    endloop
  endfacet
  facet normal 0.555572 0.831469 -0
    outer loop
      vertex 5.15 4.52776 2
      vertex 4.96511 4.6513 21.6
      vertex 5.15 4.52776 21.6
    endloop
  endfacet
  facet normal 0.555572 0.831469 0
    outer loop
      vertex 4.96511 4.6513 21.6
      vertex 5.15 4.52776 2
      vertex 4.96511 4.6513 2
    endloop
  endfacet
  facet normal 0.19513 0.980777 -0
    outer loop
      vertex 5.7781 4.31454 2
      vertex 5.56001 4.35793 21.6
      vertex 5.7781 4.31454 21.6
    endloop
  endfacet
  facet normal 0.19513 0.980777 0
    outer loop
      vertex 5.56001 4.35793 21.6
      vertex 5.7781 4.31454 2
      vertex 5.56001 4.35793 2
    endloop
  endfacet
  facet normal 0.89686 -0.442314 0
    outer loop
      vertex 4.4294 6.65056 21.6
      vertex 4.52776 6.85 2
      vertex 4.52776 6.85 21.6
    endloop
  endfacet
  facet normal 0.89686 -0.442314 0
    outer loop
      vertex 4.52776 6.85 2
      vertex 4.4294 6.65056 21.6
      vertex 4.4294 6.65056 2
    endloop
  endfacet
  facet normal 0.0653848 0.99786 -0
    outer loop
      vertex 6 4.3 2
      vertex 5.7781 4.31454 21.6
      vertex 6 4.3 21.6
    endloop
  endfacet
  facet normal 0.0653848 0.99786 0
    outer loop
      vertex 5.7781 4.31454 21.6
      vertex 6 4.3 2
      vertex 5.7781 4.31454 2
    endloop
  endfacet
  facet normal 0.89686 0.442314 0
    outer loop
      vertex 4.52776 5.15 21.6
      vertex 4.4294 5.34944 2
      vertex 4.4294 5.34944 21.6
    endloop
  endfacet
  facet normal 0.89686 0.442314 0
    outer loop
      vertex 4.4294 5.34944 2
      vertex 4.52776 5.15 21.6
      vertex 4.52776 5.15 2
    endloop
  endfacet
  facet normal 0.980779 -0.195122 0
    outer loop
      vertex 4.31454 6.22189 21.6
      vertex 4.35793 6.43999 2
      vertex 4.35793 6.43999 21.6
    endloop
  endfacet
  facet normal 0.980779 -0.195122 0
    outer loop
      vertex 4.35793 6.43999 2
      vertex 4.31454 6.22189 21.6
      vertex 4.31454 6.22189 2
    endloop
  endfacet
  facet normal 0.946942 -0.321404 0
    outer loop
      vertex 4.35793 6.43999 21.6
      vertex 4.4294 6.65056 2
      vertex 4.4294 6.65056 21.6
    endloop
  endfacet
  facet normal 0.946942 -0.321404 0
    outer loop
      vertex 4.4294 6.65056 2
      vertex 4.35793 6.43999 21.6
      vertex 4.35793 6.43999 2
    endloop
  endfacet
  facet normal -0.659342 0.751844 0
    outer loop
      vertex 7.20208 4.79792 2
      vertex 7.03489 4.6513 21.6
      vertex 7.20208 4.79792 21.6
    endloop
  endfacet
  facet normal -0.659342 0.751844 0
    outer loop
      vertex 7.03489 4.6513 21.6
      vertex 7.20208 4.79792 2
      vertex 7.03489 4.6513 2
    endloop
  endfacet
  facet normal -0.980779 -0.195122 0
    outer loop
      vertex 7.68546 36.2219 2
      vertex 7.64207 36.44 21.6
      vertex 7.64207 36.44 2
    endloop
  endfacet
  facet normal -0.980779 -0.195122 0
    outer loop
      vertex 7.64207 36.44 21.6
      vertex 7.68546 36.2219 2
      vertex 7.68546 36.2219 21.6
    endloop
  endfacet
  facet normal -0.99786 -0.0653848 0
    outer loop
      vertex 7.7 36 2
      vertex 7.68546 36.2219 21.6
      vertex 7.68546 36.2219 2
    endloop
  endfacet
  facet normal -0.99786 -0.0653848 0
    outer loop
      vertex 7.68546 36.2219 21.6
      vertex 7.7 36 2
      vertex 7.7 36 21.6
    endloop
  endfacet
  facet normal 0.442459 -0.896789 0
    outer loop
      vertex 5.15 37.4722 2
      vertex 5.34944 37.5706 21.6
      vertex 5.15 37.4722 21.6
    endloop
  endfacet
  facet normal 0.442459 -0.896789 0
    outer loop
      vertex 5.34944 37.5706 21.6
      vertex 5.15 37.4722 2
      vertex 5.34944 37.5706 2
    endloop
  endfacet
  facet normal -0.555447 -0.831552 0
    outer loop
      vertex 6.85 37.4722 2
      vertex 7.03489 37.3487 21.6
      vertex 6.85 37.4722 21.6
    endloop
  endfacet
  facet normal -0.555447 -0.831552 -0
    outer loop
      vertex 7.03489 37.3487 21.6
      vertex 6.85 37.4722 2
      vertex 7.03489 37.3487 2
    endloop
  endfacet
  facet normal 0.659291 -0.751888 0
    outer loop
      vertex 4.79792 37.2021 2
      vertex 4.96511 37.3487 21.6
      vertex 4.79792 37.2021 21.6
    endloop
  endfacet
  facet normal 0.659291 -0.751888 0
    outer loop
      vertex 4.96511 37.3487 21.6
      vertex 4.79792 37.2021 2
      vertex 4.96511 37.3487 2
    endloop
  endfacet
  facet normal -0.321525 0.946901 0
    outer loop
      vertex 6.65056 34.4294 2
      vertex 6.43999 34.3579 21.6
      vertex 6.65056 34.4294 21.6
    endloop
  endfacet
  facet normal -0.321525 0.946901 0
    outer loop
      vertex 6.43999 34.3579 21.6
      vertex 6.65056 34.4294 2
      vertex 6.43999 34.3579 2
    endloop
  endfacet
  facet normal -0.831483 0.555551 0
    outer loop
      vertex 7.3487 34.9651 2
      vertex 7.47224 35.15 21.6
      vertex 7.47224 35.15 2
    endloop
  endfacet
  facet normal -0.831483 0.555551 0
    outer loop
      vertex 7.47224 35.15 21.6
      vertex 7.3487 34.9651 2
      vertex 7.3487 34.9651 21.6
    endloop
  endfacet
  facet normal -0.946943 0.321403 0
    outer loop
      vertex 7.57059 35.3494 2
      vertex 7.64207 35.56 21.6
      vertex 7.64207 35.56 2
    endloop
  endfacet
  facet normal -0.946943 0.321403 0
    outer loop
      vertex 7.64207 35.56 21.6
      vertex 7.57059 35.3494 2
      vertex 7.57059 35.3494 21.6
    endloop
  endfacet
  facet normal -0.321525 -0.946901 0
    outer loop
      vertex 6.43999 37.6421 2
      vertex 6.65056 37.5706 21.6
      vertex 6.43999 37.6421 21.6
    endloop
  endfacet
  facet normal -0.321525 -0.946901 -0
    outer loop
      vertex 6.65056 37.5706 21.6
      vertex 6.43999 37.6421 2
      vertex 6.65056 37.5706 2
    endloop
  endfacet
  facet normal -0.195165 -0.98077 0
    outer loop
      vertex 6.22189 37.6855 2
      vertex 6.43999 37.6421 21.6
      vertex 6.22189 37.6855 21.6
    endloop
  endfacet
  facet normal -0.195165 -0.98077 -0
    outer loop
      vertex 6.43999 37.6421 21.6
      vertex 6.22189 37.6855 2
      vertex 6.43999 37.6421 2
    endloop
  endfacet
  facet normal 0.555447 -0.831552 0
    outer loop
      vertex 4.96511 37.3487 2
      vertex 5.15 37.4722 21.6
      vertex 4.96511 37.3487 21.6
    endloop
  endfacet
  facet normal 0.555447 -0.831552 0
    outer loop
      vertex 5.15 37.4722 21.6
      vertex 4.96511 37.3487 2
      vertex 5.15 37.4722 2
    endloop
  endfacet
  facet normal -0.896843 0.442349 0
    outer loop
      vertex 7.47224 35.15 2
      vertex 7.57059 35.3494 21.6
      vertex 7.57059 35.3494 2
    endloop
  endfacet
  facet normal -0.896843 0.442349 0
    outer loop
      vertex 7.57059 35.3494 21.6
      vertex 7.47224 35.15 2
      vertex 7.47224 35.15 21.6
    endloop
  endfacet
  facet normal -0.659291 -0.751888 0
    outer loop
      vertex 7.03489 37.3487 2
      vertex 7.20208 37.2021 21.6
      vertex 7.03489 37.3487 21.6
    endloop
  endfacet
  facet normal -0.659291 -0.751888 -0
    outer loop
      vertex 7.20208 37.2021 21.6
      vertex 7.03489 37.3487 2
      vertex 7.20208 37.2021 2
    endloop
  endfacet
  facet normal -0.555447 0.831552 0
    outer loop
      vertex 7.03489 34.6513 2
      vertex 6.85 34.5278 21.6
      vertex 7.03489 34.6513 21.6
    endloop
  endfacet
  facet normal -0.555447 0.831552 0
    outer loop
      vertex 6.85 34.5278 21.6
      vertex 7.03489 34.6513 2
      vertex 6.85 34.5278 2
    endloop
  endfacet
  facet normal -0.442459 -0.896789 0
    outer loop
      vertex 6.65056 37.5706 2
      vertex 6.85 37.4722 21.6
      vertex 6.65056 37.5706 21.6
    endloop
  endfacet
  facet normal -0.442459 -0.896789 -0
    outer loop
      vertex 6.85 37.4722 21.6
      vertex 6.65056 37.5706 2
      vertex 6.85 37.4722 2
    endloop
  endfacet
  facet normal 0.659291 0.751888 -0
    outer loop
      vertex 4.96511 34.6513 2
      vertex 4.79792 34.7979 21.6
      vertex 4.96511 34.6513 21.6
    endloop
  endfacet
  facet normal 0.659291 0.751888 0
    outer loop
      vertex 4.79792 34.7979 21.6
      vertex 4.96511 34.6513 2
      vertex 4.79792 34.7979 2
    endloop
  endfacet
  facet normal 0.751863 0.659319 0
    outer loop
      vertex 4.79792 34.7979 21.6
      vertex 4.6513 34.9651 2
      vertex 4.6513 34.9651 21.6
    endloop
  endfacet
  facet normal 0.751863 0.659319 0
    outer loop
      vertex 4.6513 34.9651 2
      vertex 4.79792 34.7979 21.6
      vertex 4.79792 34.7979 2
    endloop
  endfacet
  facet normal 0.831483 0.555551 0
    outer loop
      vertex 4.6513 34.9651 21.6
      vertex 4.52776 35.15 2
      vertex 4.52776 35.15 21.6
    endloop
  endfacet
  facet normal 0.831483 0.555551 0
    outer loop
      vertex 4.52776 35.15 2
      vertex 4.6513 34.9651 21.6
      vertex 4.6513 34.9651 2
    endloop
  endfacet
  facet normal -0.831483 -0.555551 0
    outer loop
      vertex 7.47224 36.85 2
      vertex 7.3487 37.0349 21.6
      vertex 7.3487 37.0349 2
    endloop
  endfacet
  facet normal -0.831483 -0.555551 0
    outer loop
      vertex 7.3487 37.0349 21.6
      vertex 7.47224 36.85 2
      vertex 7.47224 36.85 21.6
    endloop
  endfacet
  facet normal -0.195165 0.98077 0
    outer loop
      vertex 6.43999 34.3579 2
      vertex 6.22189 34.3145 21.6
      vertex 6.43999 34.3579 21.6
    endloop
  endfacet
  facet normal -0.195165 0.98077 0
    outer loop
      vertex 6.22189 34.3145 21.6
      vertex 6.43999 34.3579 2
      vertex 6.22189 34.3145 2
    endloop
  endfacet
  facet normal -0.980779 0.195122 0
    outer loop
      vertex 7.64207 35.56 2
      vertex 7.68546 35.7781 21.6
      vertex 7.68546 35.7781 2
    endloop
  endfacet
  facet normal -0.980779 0.195122 0
    outer loop
      vertex 7.68546 35.7781 21.6
      vertex 7.64207 35.56 2
      vertex 7.64207 35.56 21.6
    endloop
  endfacet
  facet normal 0 0 1
    outer loop
      vertex 7.68546 36.2219 2
      vertex 7.68546 35.7781 2
      vertex 7.7 36 2
    endloop
  endfacet
  facet normal 0 0 1
    outer loop
      vertex 7.64207 36.44 2
      vertex 7.68546 35.7781 2
      vertex 7.68546 36.2219 2
    endloop
  endfacet
  facet normal 0 0 1
    outer loop
      vertex 7.64207 36.44 2
      vertex 7.64207 35.56 2
      vertex 7.68546 35.7781 2
    endloop
  endfacet
  facet normal 0 0 1
    outer loop
      vertex 7.57059 36.6506 2
      vertex 7.64207 35.56 2
      vertex 7.64207 36.44 2
    endloop
  endfacet
  facet normal 0 0 1
    outer loop
      vertex 7.57059 36.6506 2
      vertex 7.57059 35.3494 2
      vertex 7.64207 35.56 2
    endloop
  endfacet
  facet normal 0 0 1
    outer loop
      vertex 7.47224 36.85 2
      vertex 7.57059 35.3494 2
      vertex 7.57059 36.6506 2
    endloop
  endfacet
  facet normal 0 0 1
    outer loop
      vertex 7.47224 36.85 2
      vertex 7.47224 35.15 2
      vertex 7.57059 35.3494 2
    endloop
  endfacet
  facet normal 0 0 1
    outer loop
      vertex 7.3487 37.0349 2
      vertex 7.47224 35.15 2
      vertex 7.47224 36.85 2
    endloop
  endfacet
  facet normal 0 0 1
    outer loop
      vertex 7.3487 37.0349 2
      vertex 7.3487 34.9651 2
      vertex 7.47224 35.15 2
    endloop
  endfacet
  facet normal 0 0 1
    outer loop
      vertex 7.20208 37.2021 2
      vertex 7.3487 34.9651 2
      vertex 7.3487 37.0349 2
    endloop
  endfacet
  facet normal 0 0 1
    outer loop
      vertex 7.20208 37.2021 2
      vertex 7.20208 34.7979 2
      vertex 7.3487 34.9651 2
    endloop
  endfacet
  facet normal 0 0 1
    outer loop
      vertex 7.03489 37.3487 2
      vertex 7.20208 34.7979 2
      vertex 7.20208 37.2021 2
    endloop
  endfacet
  facet normal 0 0 1
    outer loop
      vertex 7.03489 37.3487 2
      vertex 7.03489 34.6513 2
      vertex 7.20208 34.7979 2
    endloop
  endfacet
  facet normal 0 0 1
    outer loop
      vertex 6.85 37.4722 2
      vertex 7.03489 34.6513 2
      vertex 7.03489 37.3487 2
    endloop
  endfacet
  facet normal 0 0 1
    outer loop
      vertex 6.85 37.4722 2
      vertex 6.85 34.5278 2
      vertex 7.03489 34.6513 2
    endloop
  endfacet
  facet normal 0 0 1
    outer loop
      vertex 6.65056 37.5706 2
      vertex 6.85 34.5278 2
      vertex 6.85 37.4722 2
    endloop
  endfacet
  facet normal 0 0 1
    outer loop
      vertex 6.65056 37.5706 2
      vertex 6.65056 34.4294 2
      vertex 6.85 34.5278 2
    endloop
  endfacet
  facet normal 0 0 1
    outer loop
      vertex 6.43999 37.6421 2
      vertex 6.65056 34.4294 2
      vertex 6.65056 37.5706 2
    endloop
  endfacet
  facet normal 0 0 1
    outer loop
      vertex 6.43999 37.6421 2
      vertex 6.43999 34.3579 2
      vertex 6.65056 34.4294 2
    endloop
  endfacet
  facet normal 0 0 1
    outer loop
      vertex 6.22189 37.6855 2
      vertex 6.43999 34.3579 2
      vertex 6.43999 37.6421 2
    endloop
  endfacet
  facet normal 0 0 1
    outer loop
      vertex 6.22189 37.6855 2
      vertex 6.22189 34.3145 2
      vertex 6.43999 34.3579 2
    endloop
  endfacet
  facet normal 0 0 1
    outer loop
      vertex 6 37.7 2
      vertex 6.22189 34.3145 2
      vertex 6.22189 37.6855 2
    endloop
  endfacet
  facet normal 0 0 1
    outer loop
      vertex 6 37.7 2
      vertex 6 34.3 2
      vertex 6.22189 34.3145 2
    endloop
  endfacet
  facet normal -0 0 1
    outer loop
      vertex 5.7781 37.6855 2
      vertex 6 34.3 2
      vertex 6 37.7 2
    endloop
  endfacet
  facet normal 0 0 1
    outer loop
      vertex 5.7781 37.6855 2
      vertex 5.7781 34.3145 2
      vertex 6 34.3 2
    endloop
  endfacet
  facet normal -0 0 1
    outer loop
      vertex 5.56001 37.6421 2
      vertex 5.7781 34.3145 2
      vertex 5.7781 37.6855 2
    endloop
  endfacet
  facet normal 0 0 1
    outer loop
      vertex 5.56001 37.6421 2
      vertex 5.56001 34.3579 2
      vertex 5.7781 34.3145 2
    endloop
  endfacet
  facet normal -0 0 1
    outer loop
      vertex 5.34944 37.5706 2
      vertex 5.56001 34.3579 2
      vertex 5.56001 37.6421 2
    endloop
  endfacet
  facet normal 0 0 1
    outer loop
      vertex 5.34944 37.5706 2
      vertex 5.34944 34.4294 2
      vertex 5.56001 34.3579 2
    endloop
  endfacet
  facet normal -0 0 1
    outer loop
      vertex 5.15 37.4722 2
      vertex 5.34944 34.4294 2
      vertex 5.34944 37.5706 2
    endloop
  endfacet
  facet normal 0 0 1
    outer loop
      vertex 5.15 37.4722 2
      vertex 5.15 34.5278 2
      vertex 5.34944 34.4294 2
    endloop
  endfacet
  facet normal -0 0 1
    outer loop
      vertex 4.96511 37.3487 2
      vertex 5.15 34.5278 2
      vertex 5.15 37.4722 2
    endloop
  endfacet
  facet normal 0 0 1
    outer loop
      vertex 4.96511 37.3487 2
      vertex 4.96511 34.6513 2
      vertex 5.15 34.5278 2
    endloop
  endfacet
  facet normal -0 0 1
    outer loop
      vertex 4.79792 37.2021 2
      vertex 4.96511 34.6513 2
      vertex 4.96511 37.3487 2
    endloop
  endfacet
  facet normal 0 0 1
    outer loop
      vertex 4.79792 37.2021 2
      vertex 4.79792 34.7979 2
      vertex 4.96511 34.6513 2
    endloop
  endfacet
  facet normal -0 0 1
    outer loop
      vertex 4.6513 37.0349 2
      vertex 4.79792 34.7979 2
      vertex 4.79792 37.2021 2
    endloop
  endfacet
  facet normal 0 0 1
    outer loop
      vertex 4.6513 37.0349 2
      vertex 4.6513 34.9651 2
      vertex 4.79792 34.7979 2
    endloop
  endfacet
  facet normal -0 0 1
    outer loop
      vertex 4.52776 36.85 2
      vertex 4.6513 34.9651 2
      vertex 4.6513 37.0349 2
    endloop
  endfacet
  facet normal 0 0 1
    outer loop
      vertex 4.52776 36.85 2
      vertex 4.52776 35.15 2
      vertex 4.6513 34.9651 2
    endloop
  endfacet
  facet normal -0 0 1
    outer loop
      vertex 4.4294 36.6506 2
      vertex 4.52776 35.15 2
      vertex 4.52776 36.85 2
    endloop
  endfacet
  facet normal 0 0 1
    outer loop
      vertex 4.4294 36.6506 2
      vertex 4.4294 35.3494 2
      vertex 4.52776 35.15 2
    endloop
  endfacet
  facet normal -0 0 1
    outer loop
      vertex 4.35793 36.44 2
      vertex 4.4294 35.3494 2
      vertex 4.4294 36.6506 2
    endloop
  endfacet
  facet normal 0 0 1
    outer loop
      vertex 4.35793 36.44 2
      vertex 4.35793 35.56 2
      vertex 4.4294 35.3494 2
    endloop
  endfacet
  facet normal -0 0 1
    outer loop
      vertex 4.31454 36.2219 2
      vertex 4.35793 35.56 2
      vertex 4.35793 36.44 2
    endloop
  endfacet
  facet normal 0 0 1
    outer loop
      vertex 4.31454 36.2219 2
      vertex 4.31454 35.7781 2
      vertex 4.35793 35.56 2
    endloop
  endfacet
  facet normal 0 -0 1
    outer loop
      vertex 4.31454 35.7781 2
      vertex 4.31454 36.2219 2
      vertex 4.3 36 2
    endloop
  endfacet
  facet normal 0.946956 0.321363 0
    outer loop
      vertex 4.4294 35.3494 21.6
      vertex 4.35793 35.56 2
      vertex 4.35793 35.56 21.6
    endloop
  endfacet
  facet normal 0.946956 0.321363 0
    outer loop
      vertex 4.35793 35.56 2
      vertex 4.4294 35.3494 21.6
      vertex 4.4294 35.3494 2
    endloop
  endfacet
  facet normal -0.442459 0.896789 0
    outer loop
      vertex 6.85 34.5278 2
      vertex 6.65056 34.4294 21.6
      vertex 6.85 34.5278 21.6
    endloop
  endfacet
  facet normal -0.442459 0.896789 0
    outer loop
      vertex 6.65056 34.4294 21.6
      vertex 6.85 34.5278 2
      vertex 6.65056 34.4294 2
    endloop
  endfacet
  facet normal -0.0652086 -0.997872 0
    outer loop
      vertex 6 37.7 2
      vertex 6.22189 37.6855 21.6
      vertex 6 37.7 21.6
    endloop
  endfacet
  facet normal -0.0652086 -0.997872 -0
    outer loop
      vertex 6.22189 37.6855 21.6
      vertex 6 37.7 2
      vertex 6.22189 37.6855 2
    endloop
  endfacet
  facet normal 0.321525 -0.946901 0
    outer loop
      vertex 5.34944 37.5706 2
      vertex 5.56001 37.6421 21.6
      vertex 5.34944 37.5706 21.6
    endloop
  endfacet
  facet normal 0.321525 -0.946901 0
    outer loop
      vertex 5.56001 37.6421 21.6
      vertex 5.34944 37.5706 2
      vertex 5.56001 37.6421 2
    endloop
  endfacet
  facet normal 0.195173 -0.980769 0
    outer loop
      vertex 5.56001 37.6421 2
      vertex 5.7781 37.6855 21.6
      vertex 5.56001 37.6421 21.6
    endloop
  endfacet
  facet normal 0.195173 -0.980769 0
    outer loop
      vertex 5.7781 37.6855 21.6
      vertex 5.56001 37.6421 2
      vertex 5.7781 37.6855 2
    endloop
  endfacet
  facet normal -0.896843 -0.442349 0
    outer loop
      vertex 7.57059 36.6506 2
      vertex 7.47224 36.85 21.6
      vertex 7.47224 36.85 2
    endloop
  endfacet
  facet normal -0.896843 -0.442349 0
    outer loop
      vertex 7.47224 36.85 21.6
      vertex 7.57059 36.6506 2
      vertex 7.57059 36.6506 21.6
    endloop
  endfacet
  facet normal -0.99786 0.0653848 0
    outer loop
      vertex 7.68546 35.7781 2
      vertex 7.7 36 21.6
      vertex 7.7 36 2
    endloop
  endfacet
  facet normal -0.99786 0.0653848 0
    outer loop
      vertex 7.7 36 21.6
      vertex 7.68546 35.7781 2
      vertex 7.68546 35.7781 21.6
    endloop
  endfacet
  facet normal -0.0652086 0.997872 0
    outer loop
      vertex 6.22189 34.3145 2
      vertex 6 34.3 21.6
      vertex 6.22189 34.3145 21.6
    endloop
  endfacet
  facet normal -0.0652086 0.997872 0
    outer loop
      vertex 6 34.3 21.6
      vertex 6.22189 34.3145 2
      vertex 6 34.3 2
    endloop
  endfacet
  facet normal -0.751863 -0.659319 0
    outer loop
      vertex 7.3487 37.0349 2
      vertex 7.20208 37.2021 21.6
      vertex 7.20208 37.2021 2
    endloop
  endfacet
  facet normal -0.751863 -0.659319 0
    outer loop
      vertex 7.20208 37.2021 21.6
      vertex 7.3487 37.0349 2
      vertex 7.3487 37.0349 21.6
    endloop
  endfacet
  facet normal 0.99786 0.0653848 0
    outer loop
      vertex 4.31454 35.7781 21.6
      vertex 4.3 36 2
      vertex 4.3 36 21.6
    endloop
  endfacet
  facet normal 0.99786 0.0653848 0
    outer loop
      vertex 4.3 36 2
      vertex 4.31454 35.7781 21.6
      vertex 4.31454 35.7781 2
    endloop
  endfacet
  facet normal -0.751863 0.659319 0
    outer loop
      vertex 7.20208 34.7979 2
      vertex 7.3487 34.9651 21.6
      vertex 7.3487 34.9651 2
    endloop
  endfacet
  facet normal -0.751863 0.659319 0
    outer loop
      vertex 7.3487 34.9651 21.6
      vertex 7.20208 34.7979 2
      vertex 7.20208 34.7979 21.6
    endloop
  endfacet
  facet normal 0.751863 -0.659319 0
    outer loop
      vertex 4.6513 37.0349 21.6
      vertex 4.79792 37.2021 2
      vertex 4.79792 37.2021 21.6
    endloop
  endfacet
  facet normal 0.751863 -0.659319 0
    outer loop
      vertex 4.79792 37.2021 2
      vertex 4.6513 37.0349 21.6
      vertex 4.6513 37.0349 2
    endloop
  endfacet
  facet normal 0.831483 -0.555551 0
    outer loop
      vertex 4.52776 36.85 21.6
      vertex 4.6513 37.0349 2
      vertex 4.6513 37.0349 21.6
    endloop
  endfacet
  facet normal 0.831483 -0.555551 0
    outer loop
      vertex 4.6513 37.0349 2
      vertex 4.52776 36.85 21.6
      vertex 4.52776 36.85 2
    endloop
  endfacet
  facet normal 0.0652057 -0.997872 0
    outer loop
      vertex 5.7781 37.6855 2
      vertex 6 37.7 21.6
      vertex 5.7781 37.6855 21.6
    endloop
  endfacet
  facet normal 0.0652057 -0.997872 0
    outer loop
      vertex 6 37.7 21.6
      vertex 5.7781 37.6855 2
      vertex 6 37.7 2
    endloop
  endfacet
  facet normal 0.980779 0.195122 0
    outer loop
      vertex 4.35793 35.56 21.6
      vertex 4.31454 35.7781 2
      vertex 4.31454 35.7781 21.6
    endloop
  endfacet
  facet normal 0.980779 0.195122 0
    outer loop
      vertex 4.31454 35.7781 2
      vertex 4.35793 35.56 21.6
      vertex 4.35793 35.56 2
    endloop
  endfacet
  facet normal 0.321525 0.946901 -0
    outer loop
      vertex 5.56001 34.3579 2
      vertex 5.34944 34.4294 21.6
      vertex 5.56001 34.3579 21.6
    endloop
  endfacet
  facet normal 0.321525 0.946901 0
    outer loop
      vertex 5.34944 34.4294 21.6
      vertex 5.56001 34.3579 2
      vertex 5.34944 34.4294 2
    endloop
  endfacet
  facet normal -0.946943 -0.321403 0
    outer loop
      vertex 7.64207 36.44 2
      vertex 7.57059 36.6506 21.6
      vertex 7.57059 36.6506 2
    endloop
  endfacet
  facet normal -0.946943 -0.321403 0
    outer loop
      vertex 7.57059 36.6506 21.6
      vertex 7.64207 36.44 2
      vertex 7.64207 36.44 21.6
    endloop
  endfacet
  facet normal 0.442459 0.896789 -0
    outer loop
      vertex 5.34944 34.4294 2
      vertex 5.15 34.5278 21.6
      vertex 5.34944 34.4294 21.6
    endloop
  endfacet
  facet normal 0.442459 0.896789 0
    outer loop
      vertex 5.15 34.5278 21.6
      vertex 5.34944 34.4294 2
      vertex 5.15 34.5278 2
    endloop
  endfacet
  facet normal 0.555447 0.831552 -0
    outer loop
      vertex 5.15 34.5278 2
      vertex 4.96511 34.6513 21.6
      vertex 5.15 34.5278 21.6
    endloop
  endfacet
  facet normal 0.555447 0.831552 0
    outer loop
      vertex 4.96511 34.6513 21.6
      vertex 5.15 34.5278 2
      vertex 4.96511 34.6513 2
    endloop
  endfacet
  facet normal 0.0652057 0.997872 -0
    outer loop
      vertex 6 34.3 2
      vertex 5.7781 34.3145 21.6
      vertex 6 34.3 21.6
    endloop
  endfacet
  facet normal 0.0652057 0.997872 0
    outer loop
      vertex 5.7781 34.3145 21.6
      vertex 6 34.3 2
      vertex 5.7781 34.3145 2
    endloop
  endfacet
  facet normal 0.195173 0.980769 -0
    outer loop
      vertex 5.7781 34.3145 2
      vertex 5.56001 34.3579 21.6
      vertex 5.7781 34.3145 21.6
    endloop
  endfacet
  facet normal 0.195173 0.980769 0
    outer loop
      vertex 5.56001 34.3579 21.6
      vertex 5.7781 34.3145 2
      vertex 5.56001 34.3579 2
    endloop
  endfacet
  facet normal 0.896825 -0.442386 0
    outer loop
      vertex 4.4294 36.6506 21.6
      vertex 4.52776 36.85 2
      vertex 4.52776 36.85 21.6
    endloop
  endfacet
  facet normal 0.896825 -0.442386 0
    outer loop
      vertex 4.52776 36.85 2
      vertex 4.4294 36.6506 21.6
      vertex 4.4294 36.6506 2
    endloop
  endfacet
  facet normal 0.896825 0.442386 0
    outer loop
      vertex 4.52776 35.15 21.6
      vertex 4.4294 35.3494 2
      vertex 4.4294 35.3494 21.6
    endloop
  endfacet
  facet normal 0.896825 0.442386 0
    outer loop
      vertex 4.4294 35.3494 2
      vertex 4.52776 35.15 21.6
      vertex 4.52776 35.15 2
    endloop
  endfacet
  facet normal 0.99786 -0.0653848 0
    outer loop
      vertex 4.3 36 21.6
      vertex 4.31454 36.2219 2
      vertex 4.31454 36.2219 21.6
    endloop
  endfacet
  facet normal 0.99786 -0.0653848 0
    outer loop
      vertex 4.31454 36.2219 2
      vertex 4.3 36 21.6
      vertex 4.3 36 2
    endloop
  endfacet
  facet normal 0.980779 -0.195122 0
    outer loop
      vertex 4.31454 36.2219 21.6
      vertex 4.35793 36.44 2
      vertex 4.35793 36.44 21.6
    endloop
  endfacet
  facet normal 0.980779 -0.195122 0
    outer loop
      vertex 4.35793 36.44 2
      vertex 4.31454 36.2219 21.6
      vertex 4.31454 36.2219 2
    endloop
  endfacet
  facet normal 0.946956 -0.321363 0
    outer loop
      vertex 4.35793 36.44 21.6
      vertex 4.4294 36.6506 2
      vertex 4.4294 36.6506 21.6
    endloop
  endfacet
  facet normal 0.946956 -0.321363 0
    outer loop
      vertex 4.4294 36.6506 2
      vertex 4.35793 36.44 21.6
      vertex 4.35793 36.44 2
    endloop
  endfacet
  facet normal -0.659291 0.751888 0
    outer loop
      vertex 7.20208 34.7979 2
      vertex 7.03489 34.6513 21.6
      vertex 7.20208 34.7979 21.6
    endloop
  endfacet
  facet normal -0.659291 0.751888 0
    outer loop
      vertex 7.03489 34.6513 21.6
      vertex 7.20208 34.7979 2
      vertex 7.03489 34.6513 2
    endloop
  endfacet
  facet normal -0.981113 -0.193434 0
    outer loop
      vertex 100.685 6.22189 2
      vertex 100.642 6.43999 21.6
      vertex 100.642 6.43999 2
    endloop
  endfacet
  facet normal -0.981113 -0.193434 0
    outer loop
      vertex 100.642 6.43999 21.6
      vertex 100.685 6.22189 2
      vertex 100.685 6.22189 21.6
    endloop
  endfacet
  facet normal -0.997723 -0.0674471 0
    outer loop
      vertex 100.7 6 2
      vertex 100.685 6.22189 21.6
      vertex 100.685 6.22189 2
    endloop
  endfacet
  facet normal -0.997723 -0.0674471 0
    outer loop
      vertex 100.685 6.22189 21.6
      vertex 100.7 6 2
      vertex 100.7 6 21.6
    endloop
  endfacet
  facet normal 0.442349 -0.896843 0
    outer loop
      vertex 98.15 7.47224 2
      vertex 98.3494 7.57059 21.6
      vertex 98.15 7.47224 21.6
    endloop
  endfacet
  facet normal 0.442349 -0.896843 0
    outer loop
      vertex 98.3494 7.57059 21.6
      vertex 98.15 7.47224 2
      vertex 98.3494 7.57059 2
    endloop
  endfacet
  facet normal -0.555343 -0.831621 0
    outer loop
      vertex 99.85 7.47224 2
      vertex 100.035 7.3487 21.6
      vertex 99.85 7.47224 21.6
    endloop
  endfacet
  facet normal -0.555343 -0.831621 -0
    outer loop
      vertex 100.035 7.3487 21.6
      vertex 99.85 7.47224 2
      vertex 100.035 7.3487 2
    endloop
  endfacet
  facet normal 0.659319 -0.751863 0
    outer loop
      vertex 97.7979 7.20208 2
      vertex 97.9651 7.3487 21.6
      vertex 97.7979 7.20208 21.6
    endloop
  endfacet
  facet normal 0.659319 -0.751863 0
    outer loop
      vertex 97.9651 7.3487 21.6
      vertex 97.7979 7.20208 2
      vertex 97.9651 7.3487 2
    endloop
  endfacet
  facet normal -0.321363 0.946956 0
    outer loop
      vertex 99.6506 4.4294 2
      vertex 99.44 4.35793 21.6
      vertex 99.6506 4.4294 21.6
    endloop
  endfacet
  facet normal -0.321363 0.946956 0
    outer loop
      vertex 99.44 4.35793 21.6
      vertex 99.6506 4.4294 2
      vertex 99.44 4.35793 2
    endloop
  endfacet
  facet normal -0.947584 0.319506 0
    outer loop
      vertex 100.571 5.34944 2
      vertex 100.642 5.56001 21.6
      vertex 100.642 5.56001 2
    endloop
  endfacet
  facet normal -0.947584 0.319506 0
    outer loop
      vertex 100.642 5.56001 21.6
      vertex 100.571 5.34944 2
      vertex 100.571 5.34944 21.6
    endloop
  endfacet
  facet normal -0.321403 -0.946943 0
    outer loop
      vertex 99.44 7.64207 2
      vertex 99.6506 7.57059 21.6
      vertex 99.44 7.64207 21.6
    endloop
  endfacet
  facet normal -0.321403 -0.946943 -0
    outer loop
      vertex 99.6506 7.57059 21.6
      vertex 99.44 7.64207 2
      vertex 99.6506 7.57059 2
    endloop
  endfacet
  facet normal 0.555551 -0.831483 0
    outer loop
      vertex 97.9651 7.3487 2
      vertex 98.15 7.47224 21.6
      vertex 97.9651 7.3487 21.6
    endloop
  endfacet
  facet normal 0.555551 -0.831483 0
    outer loop
      vertex 98.15 7.47224 21.6
      vertex 97.9651 7.3487 2
      vertex 98.15 7.47224 2
    endloop
  endfacet
  facet normal -0.895717 0.444625 0
    outer loop
      vertex 100.472 5.15 2
      vertex 100.571 5.34944 21.6
      vertex 100.571 5.34944 2
    endloop
  endfacet
  facet normal -0.895717 0.444625 0
    outer loop
      vertex 100.571 5.34944 21.6
      vertex 100.472 5.15 2
      vertex 100.472 5.15 21.6
    endloop
  endfacet
  facet normal -0.659765 -0.751472 0
    outer loop
      vertex 100.035 7.3487 2
      vertex 100.202 7.20208 21.6
      vertex 100.035 7.3487 21.6
    endloop
  endfacet
  facet normal -0.659765 -0.751472 -0
    outer loop
      vertex 100.202 7.20208 21.6
      vertex 100.035 7.3487 2
      vertex 100.202 7.20208 2
    endloop
  endfacet
  facet normal -0.555343 0.831621 0
    outer loop
      vertex 100.035 4.6513 2
      vertex 99.85 4.52776 21.6
      vertex 100.035 4.6513 21.6
    endloop
  endfacet
  facet normal -0.555343 0.831621 0
    outer loop
      vertex 99.85 4.52776 21.6
      vertex 100.035 4.6513 2
      vertex 99.85 4.52776 2
    endloop
  endfacet
  facet normal -0.442349 -0.896843 0
    outer loop
      vertex 99.6506 7.57059 2
      vertex 99.85 7.47224 21.6
      vertex 99.6506 7.57059 21.6
    endloop
  endfacet
  facet normal -0.442349 -0.896843 -0
    outer loop
      vertex 99.85 7.47224 21.6
      vertex 99.6506 7.57059 2
      vertex 99.85 7.47224 2
    endloop
  endfacet
  facet normal 0.659319 0.751863 -0
    outer loop
      vertex 97.9651 4.6513 2
      vertex 97.7979 4.79792 21.6
      vertex 97.9651 4.6513 21.6
    endloop
  endfacet
  facet normal 0.659319 0.751863 0
    outer loop
      vertex 97.7979 4.79792 21.6
      vertex 97.9651 4.6513 2
      vertex 97.7979 4.79792 2
    endloop
  endfacet
  facet normal 0.751888 0.659291 0
    outer loop
      vertex 97.7979 4.79792 21.6
      vertex 97.6513 4.96511 2
      vertex 97.6513 4.96511 21.6
    endloop
  endfacet
  facet normal 0.751888 0.659291 0
    outer loop
      vertex 97.6513 4.96511 2
      vertex 97.7979 4.79792 21.6
      vertex 97.7979 4.79792 2
    endloop
  endfacet
  facet normal 0.831552 0.555447 0
    outer loop
      vertex 97.6513 4.96511 21.6
      vertex 97.5278 5.15 2
      vertex 97.5278 5.15 21.6
    endloop
  endfacet
  facet normal 0.831552 0.555447 0
    outer loop
      vertex 97.5278 5.15 2
      vertex 97.6513 4.96511 21.6
      vertex 97.6513 4.96511 2
    endloop
  endfacet
  facet normal -0.83259 -0.553889 0
    outer loop
      vertex 100.472 6.85 2
      vertex 100.349 7.03489 21.6
      vertex 100.349 7.03489 2
    endloop
  endfacet
  facet normal -0.83259 -0.553889 0
    outer loop
      vertex 100.349 7.03489 21.6
      vertex 100.472 6.85 2
      vertex 100.472 6.85 21.6
    endloop
  endfacet
  facet normal -0.195122 0.980779 0
    outer loop
      vertex 99.44 4.35793 2
      vertex 99.2219 4.31454 21.6
      vertex 99.44 4.35793 21.6
    endloop
  endfacet
  facet normal -0.195122 0.980779 0
    outer loop
      vertex 99.2219 4.31454 21.6
      vertex 99.44 4.35793 2
      vertex 99.2219 4.31454 2
    endloop
  endfacet
  facet normal -0.981112 0.193442 0
    outer loop
      vertex 100.642 5.56001 2
      vertex 100.685 5.7781 21.6
      vertex 100.685 5.7781 2
    endloop
  endfacet
  facet normal -0.981112 0.193442 0
    outer loop
      vertex 100.685 5.7781 21.6
      vertex 100.642 5.56001 2
      vertex 100.642 5.56001 21.6
    endloop
  endfacet
  facet normal 0 0 1
    outer loop
      vertex 100.685 6.22189 2
      vertex 100.685 5.7781 2
      vertex 100.7 6 2
    endloop
  endfacet
  facet normal 0 0 1
    outer loop
      vertex 100.642 6.43999 2
      vertex 100.685 5.7781 2
      vertex 100.685 6.22189 2
    endloop
  endfacet
  facet normal 0 0 1
    outer loop
      vertex 100.642 6.43999 2
      vertex 100.642 5.56001 2
      vertex 100.685 5.7781 2
    endloop
  endfacet
  facet normal 0 0 1
    outer loop
      vertex 100.571 6.65056 2
      vertex 100.642 5.56001 2
      vertex 100.642 6.43999 2
    endloop
  endfacet
  facet normal 0 0 1
    outer loop
      vertex 100.571 6.65056 2
      vertex 100.571 5.34944 2
      vertex 100.642 5.56001 2
    endloop
  endfacet
  facet normal 0 0 1
    outer loop
      vertex 100.472 6.85 2
      vertex 100.571 5.34944 2
      vertex 100.571 6.65056 2
    endloop
  endfacet
  facet normal 0 0 1
    outer loop
      vertex 100.472 6.85 2
      vertex 100.472 5.15 2
      vertex 100.571 5.34944 2
    endloop
  endfacet
  facet normal 0 0 1
    outer loop
      vertex 100.349 7.03489 2
      vertex 100.472 5.15 2
      vertex 100.472 6.85 2
    endloop
  endfacet
  facet normal 0 0 1
    outer loop
      vertex 100.349 7.03489 2
      vertex 100.349 4.96511 2
      vertex 100.472 5.15 2
    endloop
  endfacet
  facet normal 0 0 1
    outer loop
      vertex 100.202 7.20208 2
      vertex 100.349 4.96511 2
      vertex 100.349 7.03489 2
    endloop
  endfacet
  facet normal 0 0 1
    outer loop
      vertex 100.202 7.20208 2
      vertex 100.202 4.79792 2
      vertex 100.349 4.96511 2
    endloop
  endfacet
  facet normal 0 0 1
    outer loop
      vertex 100.035 7.3487 2
      vertex 100.202 4.79792 2
      vertex 100.202 7.20208 2
    endloop
  endfacet
  facet normal 0 0 1
    outer loop
      vertex 100.035 7.3487 2
      vertex 100.035 4.6513 2
      vertex 100.202 4.79792 2
    endloop
  endfacet
  facet normal 0 0 1
    outer loop
      vertex 99.85 7.47224 2
      vertex 100.035 4.6513 2
      vertex 100.035 7.3487 2
    endloop
  endfacet
  facet normal 0 0 1
    outer loop
      vertex 99.85 7.47224 2
      vertex 99.85 4.52776 2
      vertex 100.035 4.6513 2
    endloop
  endfacet
  facet normal 0 0 1
    outer loop
      vertex 99.6506 7.57059 2
      vertex 99.85 4.52776 2
      vertex 99.85 7.47224 2
    endloop
  endfacet
  facet normal 0 0 1
    outer loop
      vertex 99.6506 7.57059 2
      vertex 99.6506 4.4294 2
      vertex 99.85 4.52776 2
    endloop
  endfacet
  facet normal 0 0 1
    outer loop
      vertex 99.44 7.64207 2
      vertex 99.6506 4.4294 2
      vertex 99.6506 7.57059 2
    endloop
  endfacet
  facet normal 0 0 1
    outer loop
      vertex 99.44 7.64207 2
      vertex 99.44 4.35793 2
      vertex 99.6506 4.4294 2
    endloop
  endfacet
  facet normal 0 0 1
    outer loop
      vertex 99.2219 7.68546 2
      vertex 99.44 4.35793 2
      vertex 99.44 7.64207 2
    endloop
  endfacet
  facet normal 0 0 1
    outer loop
      vertex 99.2219 7.68546 2
      vertex 99.2219 4.31454 2
      vertex 99.44 4.35793 2
    endloop
  endfacet
  facet normal 0 0 1
    outer loop
      vertex 99 7.7 2
      vertex 99.2219 4.31454 2
      vertex 99.2219 7.68546 2
    endloop
  endfacet
  facet normal 0 0 1
    outer loop
      vertex 99 7.7 2
      vertex 99 4.3 2
      vertex 99.2219 4.31454 2
    endloop
  endfacet
  facet normal -0 0 1
    outer loop
      vertex 98.7781 7.68546 2
      vertex 99 4.3 2
      vertex 99 7.7 2
    endloop
  endfacet
  facet normal 0 0 1
    outer loop
      vertex 98.7781 7.68546 2
      vertex 98.7781 4.31454 2
      vertex 99 4.3 2
    endloop
  endfacet
  facet normal -0 0 1
    outer loop
      vertex 98.56 7.64207 2
      vertex 98.7781 4.31454 2
      vertex 98.7781 7.68546 2
    endloop
  endfacet
  facet normal 0 0 1
    outer loop
      vertex 98.56 7.64207 2
      vertex 98.56 4.35793 2
      vertex 98.7781 4.31454 2
    endloop
  endfacet
  facet normal -0 0 1
    outer loop
      vertex 98.3494 7.57059 2
      vertex 98.56 4.35793 2
      vertex 98.56 7.64207 2
    endloop
  endfacet
  facet normal 0 0 1
    outer loop
      vertex 98.3494 7.57059 2
      vertex 98.3494 4.4294 2
      vertex 98.56 4.35793 2
    endloop
  endfacet
  facet normal -0 0 1
    outer loop
      vertex 98.15 7.47224 2
      vertex 98.3494 4.4294 2
      vertex 98.3494 7.57059 2
    endloop
  endfacet
  facet normal 0 0 1
    outer loop
      vertex 98.15 7.47224 2
      vertex 98.15 4.52776 2
      vertex 98.3494 4.4294 2
    endloop
  endfacet
  facet normal -0 0 1
    outer loop
      vertex 97.9651 7.3487 2
      vertex 98.15 4.52776 2
      vertex 98.15 7.47224 2
    endloop
  endfacet
  facet normal 0 0 1
    outer loop
      vertex 97.9651 7.3487 2
      vertex 97.9651 4.6513 2
      vertex 98.15 4.52776 2
    endloop
  endfacet
  facet normal -0 0 1
    outer loop
      vertex 97.7979 7.20208 2
      vertex 97.9651 4.6513 2
      vertex 97.9651 7.3487 2
    endloop
  endfacet
  facet normal 0 0 1
    outer loop
      vertex 97.7979 7.20208 2
      vertex 97.7979 4.79792 2
      vertex 97.9651 4.6513 2
    endloop
  endfacet
  facet normal -0 0 1
    outer loop
      vertex 97.6513 7.03489 2
      vertex 97.7979 4.79792 2
      vertex 97.7979 7.20208 2
    endloop
  endfacet
  facet normal 0 0 1
    outer loop
      vertex 97.6513 7.03489 2
      vertex 97.6513 4.96511 2
      vertex 97.7979 4.79792 2
    endloop
  endfacet
  facet normal -0 0 1
    outer loop
      vertex 97.5278 6.85 2
      vertex 97.6513 4.96511 2
      vertex 97.6513 7.03489 2
    endloop
  endfacet
  facet normal 0 0 1
    outer loop
      vertex 97.5278 6.85 2
      vertex 97.5278 5.15 2
      vertex 97.6513 4.96511 2
    endloop
  endfacet
  facet normal -0 0 1
    outer loop
      vertex 97.4294 6.65056 2
      vertex 97.5278 5.15 2
      vertex 97.5278 6.85 2
    endloop
  endfacet
  facet normal 0 0 1
    outer loop
      vertex 97.4294 6.65056 2
      vertex 97.4294 5.34944 2
      vertex 97.5278 5.15 2
    endloop
  endfacet
  facet normal -0 0 1
    outer loop
      vertex 97.3579 6.43999 2
      vertex 97.4294 5.34944 2
      vertex 97.4294 6.65056 2
    endloop
  endfacet
  facet normal 0 0 1
    outer loop
      vertex 97.3579 6.43999 2
      vertex 97.3579 5.56001 2
      vertex 97.4294 5.34944 2
    endloop
  endfacet
  facet normal -0 0 1
    outer loop
      vertex 97.3145 6.22189 2
      vertex 97.3579 5.56001 2
      vertex 97.3579 6.43999 2
    endloop
  endfacet
  facet normal 0 0 1
    outer loop
      vertex 97.3145 6.22189 2
      vertex 97.3145 5.7781 2
      vertex 97.3579 5.56001 2
    endloop
  endfacet
  facet normal 0 -0 1
    outer loop
      vertex 97.3145 5.7781 2
      vertex 97.3145 6.22189 2
      vertex 97.3 6 2
    endloop
  endfacet
  facet normal 0.946901 0.321525 0
    outer loop
      vertex 97.4294 5.34944 21.6
      vertex 97.3579 5.56001 2
      vertex 97.3579 5.56001 21.6
    endloop
  endfacet
  facet normal 0.946901 0.321525 0
    outer loop
      vertex 97.3579 5.56001 2
      vertex 97.4294 5.34944 21.6
      vertex 97.4294 5.34944 2
    endloop
  endfacet
  facet normal -0.442386 0.896825 0
    outer loop
      vertex 99.85 4.52776 2
      vertex 99.6506 4.4294 21.6
      vertex 99.85 4.52776 21.6
    endloop
  endfacet
  facet normal -0.442386 0.896825 0
    outer loop
      vertex 99.6506 4.4294 21.6
      vertex 99.85 4.52776 2
      vertex 99.6506 4.4294 2
    endloop
  endfacet
  facet normal -0.0653848 -0.99786 0
    outer loop
      vertex 99 7.7 2
      vertex 99.2219 7.68546 21.6
      vertex 99 7.7 21.6
    endloop
  endfacet
  facet normal -0.0653848 -0.99786 -0
    outer loop
      vertex 99.2219 7.68546 21.6
      vertex 99 7.7 2
      vertex 99.2219 7.68546 2
    endloop
  endfacet
  facet normal 0.321403 -0.946943 0
    outer loop
      vertex 98.3494 7.57059 2
      vertex 98.56 7.64207 21.6
      vertex 98.3494 7.57059 21.6
    endloop
  endfacet
  facet normal 0.321403 -0.946943 0
    outer loop
      vertex 98.56 7.64207 21.6
      vertex 98.3494 7.57059 2
      vertex 98.56 7.64207 2
    endloop
  endfacet
  facet normal 0.195122 -0.980779 0
    outer loop
      vertex 98.56 7.64207 2
      vertex 98.7781 7.68546 21.6
      vertex 98.56 7.64207 21.6
    endloop
  endfacet
  facet normal 0.195122 -0.980779 0
    outer loop
      vertex 98.7781 7.68546 21.6
      vertex 98.56 7.64207 2
      vertex 98.7781 7.68546 2
    endloop
  endfacet
  facet normal -0.895717 -0.444625 0
    outer loop
      vertex 100.571 6.65056 2
      vertex 100.472 6.85 21.6
      vertex 100.472 6.85 2
    endloop
  endfacet
  facet normal -0.895717 -0.444625 0
    outer loop
      vertex 100.472 6.85 21.6
      vertex 100.571 6.65056 2
      vertex 100.571 6.65056 21.6
    endloop
  endfacet
  facet normal -0.997723 0.0674441 0
    outer loop
      vertex 100.685 5.7781 2
      vertex 100.7 6 21.6
      vertex 100.7 6 2
    endloop
  endfacet
  facet normal -0.997723 0.0674441 0
    outer loop
      vertex 100.7 6 21.6
      vertex 100.685 5.7781 2
      vertex 100.685 5.7781 21.6
    endloop
  endfacet
  facet normal -0.0653848 0.99786 0
    outer loop
      vertex 99.2219 4.31454 2
      vertex 99 4.3 21.6
      vertex 99.2219 4.31454 21.6
    endloop
  endfacet
  facet normal -0.0653848 0.99786 0
    outer loop
      vertex 99 4.3 21.6
      vertex 99.2219 4.31454 2
      vertex 99 4.3 2
    endloop
  endfacet
  facet normal -0.750997 -0.660306 0
    outer loop
      vertex 100.349 7.03489 2
      vertex 100.202 7.20208 21.6
      vertex 100.202 7.20208 2
    endloop
  endfacet
  facet normal -0.750997 -0.660306 0
    outer loop
      vertex 100.202 7.20208 21.6
      vertex 100.349 7.03489 2
      vertex 100.349 7.03489 21.6
    endloop
  endfacet
  facet normal 0.997872 0.0652057 0
    outer loop
      vertex 97.3145 5.7781 21.6
      vertex 97.3 6 2
      vertex 97.3 6 21.6
    endloop
  endfacet
  facet normal 0.997872 0.0652057 0
    outer loop
      vertex 97.3 6 2
      vertex 97.3145 5.7781 21.6
      vertex 97.3145 5.7781 2
    endloop
  endfacet
  facet normal -0.750997 0.660306 0
    outer loop
      vertex 100.202 4.79792 2
      vertex 100.349 4.96511 21.6
      vertex 100.349 4.96511 2
    endloop
  endfacet
  facet normal -0.750997 0.660306 0
    outer loop
      vertex 100.349 4.96511 21.6
      vertex 100.202 4.79792 2
      vertex 100.202 4.79792 21.6
    endloop
  endfacet
  facet normal 0.751888 -0.659291 0
    outer loop
      vertex 97.6513 7.03489 21.6
      vertex 97.7979 7.20208 2
      vertex 97.7979 7.20208 21.6
    endloop
  endfacet
  facet normal 0.751888 -0.659291 0
    outer loop
      vertex 97.7979 7.20208 2
      vertex 97.6513 7.03489 21.6
      vertex 97.6513 7.03489 2
    endloop
  endfacet
  facet normal 0.831552 -0.555447 0
    outer loop
      vertex 97.5278 6.85 21.6
      vertex 97.6513 7.03489 2
      vertex 97.6513 7.03489 21.6
    endloop
  endfacet
  facet normal 0.831552 -0.555447 0
    outer loop
      vertex 97.6513 7.03489 2
      vertex 97.5278 6.85 21.6
      vertex 97.5278 6.85 2
    endloop
  endfacet
  facet normal 0.0653848 -0.99786 0
    outer loop
      vertex 98.7781 7.68546 2
      vertex 99 7.7 21.6
      vertex 98.7781 7.68546 21.6
    endloop
  endfacet
  facet normal 0.0653848 -0.99786 0
    outer loop
      vertex 99 7.7 21.6
      vertex 98.7781 7.68546 2
      vertex 99 7.7 2
    endloop
  endfacet
  facet normal 0.980769 0.195173 0
    outer loop
      vertex 97.3579 5.56001 21.6
      vertex 97.3145 5.7781 2
      vertex 97.3145 5.7781 21.6
    endloop
  endfacet
  facet normal 0.980769 0.195173 0
    outer loop
      vertex 97.3145 5.7781 2
      vertex 97.3579 5.56001 21.6
      vertex 97.3579 5.56001 2
    endloop
  endfacet
  facet normal 0.321363 0.946956 -0
    outer loop
      vertex 98.56 4.35793 2
      vertex 98.3494 4.4294 21.6
      vertex 98.56 4.35793 21.6
    endloop
  endfacet
  facet normal 0.321363 0.946956 0
    outer loop
      vertex 98.3494 4.4294 21.6
      vertex 98.56 4.35793 2
      vertex 98.3494 4.4294 2
    endloop
  endfacet
  facet normal -0.947584 -0.319506 0
    outer loop
      vertex 100.642 6.43999 2
      vertex 100.571 6.65056 21.6
      vertex 100.571 6.65056 2
    endloop
  endfacet
  facet normal -0.947584 -0.319506 0
    outer loop
      vertex 100.571 6.65056 21.6
      vertex 100.642 6.43999 2
      vertex 100.642 6.43999 21.6
    endloop
  endfacet
  facet normal 0.442386 0.896825 -0
    outer loop
      vertex 98.3494 4.4294 2
      vertex 98.15 4.52776 21.6
      vertex 98.3494 4.4294 21.6
    endloop
  endfacet
  facet normal 0.442386 0.896825 0
    outer loop
      vertex 98.15 4.52776 21.6
      vertex 98.3494 4.4294 2
      vertex 98.15 4.52776 2
    endloop
  endfacet
  facet normal -0.83259 0.553889 0
    outer loop
      vertex 100.349 4.96511 2
      vertex 100.472 5.15 21.6
      vertex 100.472 5.15 2
    endloop
  endfacet
  facet normal -0.83259 0.553889 0
    outer loop
      vertex 100.472 5.15 21.6
      vertex 100.349 4.96511 2
      vertex 100.349 4.96511 21.6
    endloop
  endfacet
  facet normal 0.555551 0.831483 -0
    outer loop
      vertex 98.15 4.52776 2
      vertex 97.9651 4.6513 21.6
      vertex 98.15 4.52776 21.6
    endloop
  endfacet
  facet normal 0.555551 0.831483 0
    outer loop
      vertex 97.9651 4.6513 21.6
      vertex 98.15 4.52776 2
      vertex 97.9651 4.6513 2
    endloop
  endfacet
  facet normal 0.195122 0.980779 -0
    outer loop
      vertex 98.7781 4.31454 2
      vertex 98.56 4.35793 21.6
      vertex 98.7781 4.31454 21.6
    endloop
  endfacet
  facet normal 0.195122 0.980779 0
    outer loop
      vertex 98.56 4.35793 21.6
      vertex 98.7781 4.31454 2
      vertex 98.56 4.35793 2
    endloop
  endfacet
  facet normal 0.896789 -0.442459 0
    outer loop
      vertex 97.4294 6.65056 21.6
      vertex 97.5278 6.85 2
      vertex 97.5278 6.85 21.6
    endloop
  endfacet
  facet normal 0.896789 -0.442459 0
    outer loop
      vertex 97.5278 6.85 2
      vertex 97.4294 6.65056 21.6
      vertex 97.4294 6.65056 2
    endloop
  endfacet
  facet normal 0.0653848 0.99786 -0
    outer loop
      vertex 99 4.3 2
      vertex 98.7781 4.31454 21.6
      vertex 99 4.3 21.6
    endloop
  endfacet
  facet normal 0.0653848 0.99786 0
    outer loop
      vertex 98.7781 4.31454 21.6
      vertex 99 4.3 2
      vertex 98.7781 4.31454 2
    endloop
  endfacet
  facet normal 0.896789 0.442459 0
    outer loop
      vertex 97.5278 5.15 21.6
      vertex 97.4294 5.34944 2
      vertex 97.4294 5.34944 21.6
    endloop
  endfacet
  facet normal 0.896789 0.442459 0
    outer loop
      vertex 97.4294 5.34944 2
      vertex 97.5278 5.15 21.6
      vertex 97.5278 5.15 2
    endloop
  endfacet
  facet normal 0.997872 -0.0652086 0
    outer loop
      vertex 97.3 6 21.6
      vertex 97.3145 6.22189 2
      vertex 97.3145 6.22189 21.6
    endloop
  endfacet
  facet normal 0.997872 -0.0652086 0
    outer loop
      vertex 97.3145 6.22189 2
      vertex 97.3 6 21.6
      vertex 97.3 6 2
    endloop
  endfacet
  facet normal 0.98077 -0.195165 0
    outer loop
      vertex 97.3145 6.22189 21.6
      vertex 97.3579 6.43999 2
      vertex 97.3579 6.43999 21.6
    endloop
  endfacet
  facet normal 0.98077 -0.195165 0
    outer loop
      vertex 97.3579 6.43999 2
      vertex 97.3145 6.22189 21.6
      vertex 97.3145 6.22189 2
    endloop
  endfacet
  facet normal 0.946901 -0.321525 0
    outer loop
      vertex 97.3579 6.43999 21.6
      vertex 97.4294 6.65056 2
      vertex 97.4294 6.65056 21.6
    endloop
  endfacet
  facet normal 0.946901 -0.321525 0
    outer loop
      vertex 97.4294 6.65056 2
      vertex 97.3579 6.43999 21.6
      vertex 97.3579 6.43999 2
    endloop
  endfacet
  facet normal -0.195122 -0.980779 0
    outer loop
      vertex 99.2219 7.68546 2
      vertex 99.44 7.64207 21.6
      vertex 99.2219 7.68546 21.6
    endloop
  endfacet
  facet normal -0.195122 -0.980779 -0
    outer loop
      vertex 99.44 7.64207 21.6
      vertex 99.2219 7.68546 2
      vertex 99.44 7.64207 2
    endloop
  endfacet
  facet normal -0.659765 0.751472 0
    outer loop
      vertex 100.202 4.79792 2
      vertex 100.035 4.6513 21.6
      vertex 100.202 4.79792 21.6
    endloop
  endfacet
  facet normal -0.659765 0.751472 0
    outer loop
      vertex 100.035 4.6513 21.6
      vertex 100.202 4.79792 2
      vertex 100.035 4.6513 2
    endloop
  endfacet
  facet normal -0.981113 -0.193434 0
    outer loop
      vertex 100.685 36.2219 2
      vertex 100.642 36.44 21.6
      vertex 100.642 36.44 2
    endloop
  endfacet
  facet normal -0.981113 -0.193434 0
    outer loop
      vertex 100.642 36.44 21.6
      vertex 100.685 36.2219 2
      vertex 100.685 36.2219 21.6
    endloop
  endfacet
  facet normal -0.997723 -0.0674441 0
    outer loop
      vertex 100.7 36 2
      vertex 100.685 36.2219 21.6
      vertex 100.685 36.2219 2
    endloop
  endfacet
  facet normal -0.997723 -0.0674441 0
    outer loop
      vertex 100.685 36.2219 21.6
      vertex 100.7 36 2
      vertex 100.7 36 21.6
    endloop
  endfacet
  facet normal 0.44253 -0.896754 0
    outer loop
      vertex 98.15 37.4722 2
      vertex 98.3494 37.5706 21.6
      vertex 98.15 37.4722 21.6
    endloop
  endfacet
  facet normal 0.44253 -0.896754 0
    outer loop
      vertex 98.3494 37.5706 21.6
      vertex 98.15 37.4722 2
      vertex 98.3494 37.5706 2
    endloop
  endfacet
  facet normal -0.555219 -0.831704 0
    outer loop
      vertex 99.85 37.4722 2
      vertex 100.035 37.3487 21.6
      vertex 99.85 37.4722 21.6
    endloop
  endfacet
  facet normal -0.555219 -0.831704 -0
    outer loop
      vertex 100.035 37.3487 21.6
      vertex 99.85 37.4722 2
      vertex 100.035 37.3487 2
    endloop
  endfacet
  facet normal 0.659268 -0.751908 0
    outer loop
      vertex 97.7979 37.2021 2
      vertex 97.9651 37.3487 21.6
      vertex 97.7979 37.2021 21.6
    endloop
  endfacet
  facet normal 0.659268 -0.751908 0
    outer loop
      vertex 97.9651 37.3487 21.6
      vertex 97.7979 37.2021 2
      vertex 97.9651 37.3487 2
    endloop
  endfacet
  facet normal -0.321484 0.946915 0
    outer loop
      vertex 99.6506 34.4294 2
      vertex 99.44 34.3579 21.6
      vertex 99.6506 34.4294 21.6
    endloop
  endfacet
  facet normal -0.321484 0.946915 0
    outer loop
      vertex 99.44 34.3579 21.6
      vertex 99.6506 34.4294 2
      vertex 99.44 34.3579 2
    endloop
  endfacet
  facet normal -0.832604 0.553869 0
    outer loop
      vertex 100.349 34.9651 2
      vertex 100.472 35.15 21.6
      vertex 100.472 35.15 2
    endloop
  endfacet
  facet normal -0.832604 0.553869 0
    outer loop
      vertex 100.472 35.15 21.6
      vertex 100.349 34.9651 2
      vertex 100.349 34.9651 21.6
    endloop
  endfacet
  facet normal -0.947598 0.319466 0
    outer loop
      vertex 100.571 35.3494 2
      vertex 100.642 35.56 21.6
      vertex 100.642 35.56 2
    endloop
  endfacet
  facet normal -0.947598 0.319466 0
    outer loop
      vertex 100.642 35.56 21.6
      vertex 100.571 35.3494 2
      vertex 100.571 35.3494 21.6
    endloop
  endfacet
  facet normal -0.321484 -0.946915 0
    outer loop
      vertex 99.44 37.6421 2
      vertex 99.6506 37.5706 21.6
      vertex 99.44 37.6421 21.6
    endloop
  endfacet
  facet normal -0.321484 -0.946915 -0
    outer loop
      vertex 99.6506 37.5706 21.6
      vertex 99.44 37.6421 2
      vertex 99.6506 37.5706 2
    endloop
  endfacet
  facet normal -0.195165 -0.98077 0
    outer loop
      vertex 99.2219 37.6855 2
      vertex 99.44 37.6421 21.6
      vertex 99.2219 37.6855 21.6
    endloop
  endfacet
  facet normal -0.195165 -0.98077 -0
    outer loop
      vertex 99.44 37.6421 21.6
      vertex 99.2219 37.6855 2
      vertex 99.44 37.6421 2
    endloop
  endfacet
  facet normal 0.555426 -0.831566 0
    outer loop
      vertex 97.9651 37.3487 2
      vertex 98.15 37.4722 21.6
      vertex 97.9651 37.3487 21.6
    endloop
  endfacet
  facet normal 0.555426 -0.831566 0
    outer loop
      vertex 98.15 37.4722 21.6
      vertex 97.9651 37.3487 2
      vertex 98.15 37.4722 2
    endloop
  endfacet
  facet normal -0.895681 0.444696 0
    outer loop
      vertex 100.472 35.15 2
      vertex 100.571 35.3494 21.6
      vertex 100.571 35.3494 2
    endloop
  endfacet
  facet normal -0.895681 0.444696 0
    outer loop
      vertex 100.571 35.3494 21.6
      vertex 100.472 35.15 2
      vertex 100.472 35.15 21.6
    endloop
  endfacet
  facet normal -0.659714 -0.751516 0
    outer loop
      vertex 100.035 37.3487 2
      vertex 100.202 37.2021 21.6
      vertex 100.035 37.3487 21.6
    endloop
  endfacet
  facet normal -0.659714 -0.751516 -0
    outer loop
      vertex 100.202 37.2021 21.6
      vertex 100.035 37.3487 2
      vertex 100.202 37.2021 2
    endloop
  endfacet
  facet normal -0.555219 0.831704 0
    outer loop
      vertex 100.035 34.6513 2
      vertex 99.85 34.5278 21.6
      vertex 100.035 34.6513 21.6
    endloop
  endfacet
  facet normal -0.555219 0.831704 0
    outer loop
      vertex 99.85 34.5278 21.6
      vertex 100.035 34.6513 2
      vertex 99.85 34.5278 2
    endloop
  endfacet
  facet normal -0.44253 -0.896754 0
    outer loop
      vertex 99.6506 37.5706 2
      vertex 99.85 37.4722 21.6
      vertex 99.6506 37.5706 21.6
    endloop
  endfacet
  facet normal -0.44253 -0.896754 -0
    outer loop
      vertex 99.85 37.4722 21.6
      vertex 99.6506 37.5706 2
      vertex 99.85 37.4722 2
    endloop
  endfacet
  facet normal 0.659268 0.751908 -0
    outer loop
      vertex 97.9651 34.6513 2
      vertex 97.7979 34.7979 21.6
      vertex 97.9651 34.6513 21.6
    endloop
  endfacet
  facet normal 0.659268 0.751908 0
    outer loop
      vertex 97.7979 34.7979 21.6
      vertex 97.9651 34.6513 2
      vertex 97.7979 34.7979 2
    endloop
  endfacet
  facet normal 0.751908 0.659268 0
    outer loop
      vertex 97.7979 34.7979 21.6
      vertex 97.6513 34.9651 2
      vertex 97.6513 34.9651 21.6
    endloop
  endfacet
  facet normal 0.751908 0.659268 0
    outer loop
      vertex 97.6513 34.9651 2
      vertex 97.7979 34.7979 21.6
      vertex 97.7979 34.7979 2
    endloop
  endfacet
  facet normal 0.831566 0.555426 0
    outer loop
      vertex 97.6513 34.9651 21.6
      vertex 97.5278 35.15 2
      vertex 97.5278 35.15 21.6
    endloop
  endfacet
  facet normal 0.831566 0.555426 0
    outer loop
      vertex 97.5278 35.15 2
      vertex 97.6513 34.9651 21.6
      vertex 97.6513 34.9651 2
    endloop
  endfacet
  facet normal -0.832604 -0.553869 0
    outer loop
      vertex 100.472 36.85 2
      vertex 100.349 37.0349 21.6
      vertex 100.349 37.0349 2
    endloop
  endfacet
  facet normal -0.832604 -0.553869 0
    outer loop
      vertex 100.349 37.0349 21.6
      vertex 100.472 36.85 2
      vertex 100.472 36.85 21.6
    endloop
  endfacet
  facet normal -0.195165 0.98077 0
    outer loop
      vertex 99.44 34.3579 2
      vertex 99.2219 34.3145 21.6
      vertex 99.44 34.3579 21.6
    endloop
  endfacet
  facet normal -0.195165 0.98077 0
    outer loop
      vertex 99.2219 34.3145 21.6
      vertex 99.44 34.3579 2
      vertex 99.2219 34.3145 2
    endloop
  endfacet
  facet normal -0.981113 0.193434 0
    outer loop
      vertex 100.642 35.56 2
      vertex 100.685 35.7781 21.6
      vertex 100.685 35.7781 2
    endloop
  endfacet
  facet normal -0.981113 0.193434 0
    outer loop
      vertex 100.685 35.7781 21.6
      vertex 100.642 35.56 2
      vertex 100.642 35.56 21.6
    endloop
  endfacet
  facet normal 0 0 1
    outer loop
      vertex 100.685 36.2219 2
      vertex 100.685 35.7781 2
      vertex 100.7 36 2
    endloop
  endfacet
  facet normal 0 0 1
    outer loop
      vertex 100.642 36.44 2
      vertex 100.685 35.7781 2
      vertex 100.685 36.2219 2
    endloop
  endfacet
  facet normal 0 0 1
    outer loop
      vertex 100.642 36.44 2
      vertex 100.642 35.56 2
      vertex 100.685 35.7781 2
    endloop
  endfacet
  facet normal 0 0 1
    outer loop
      vertex 100.571 36.6506 2
      vertex 100.642 35.56 2
      vertex 100.642 36.44 2
    endloop
  endfacet
  facet normal 0 0 1
    outer loop
      vertex 100.571 36.6506 2
      vertex 100.571 35.3494 2
      vertex 100.642 35.56 2
    endloop
  endfacet
  facet normal 0 0 1
    outer loop
      vertex 100.472 36.85 2
      vertex 100.571 35.3494 2
      vertex 100.571 36.6506 2
    endloop
  endfacet
  facet normal 0 0 1
    outer loop
      vertex 100.472 36.85 2
      vertex 100.472 35.15 2
      vertex 100.571 35.3494 2
    endloop
  endfacet
  facet normal 0 0 1
    outer loop
      vertex 100.349 37.0349 2
      vertex 100.472 35.15 2
      vertex 100.472 36.85 2
    endloop
  endfacet
  facet normal 0 0 1
    outer loop
      vertex 100.349 37.0349 2
      vertex 100.349 34.9651 2
      vertex 100.472 35.15 2
    endloop
  endfacet
  facet normal 0 0 1
    outer loop
      vertex 100.202 37.2021 2
      vertex 100.349 34.9651 2
      vertex 100.349 37.0349 2
    endloop
  endfacet
  facet normal 0 0 1
    outer loop
      vertex 100.202 37.2021 2
      vertex 100.202 34.7979 2
      vertex 100.349 34.9651 2
    endloop
  endfacet
  facet normal 0 0 1
    outer loop
      vertex 100.035 37.3487 2
      vertex 100.202 34.7979 2
      vertex 100.202 37.2021 2
    endloop
  endfacet
  facet normal 0 0 1
    outer loop
      vertex 100.035 37.3487 2
      vertex 100.035 34.6513 2
      vertex 100.202 34.7979 2
    endloop
  endfacet
  facet normal 0 0 1
    outer loop
      vertex 99.85 37.4722 2
      vertex 100.035 34.6513 2
      vertex 100.035 37.3487 2
    endloop
  endfacet
  facet normal 0 0 1
    outer loop
      vertex 99.85 37.4722 2
      vertex 99.85 34.5278 2
      vertex 100.035 34.6513 2
    endloop
  endfacet
  facet normal 0 0 1
    outer loop
      vertex 99.6506 37.5706 2
      vertex 99.85 34.5278 2
      vertex 99.85 37.4722 2
    endloop
  endfacet
  facet normal 0 0 1
    outer loop
      vertex 99.6506 37.5706 2
      vertex 99.6506 34.4294 2
      vertex 99.85 34.5278 2
    endloop
  endfacet
  facet normal 0 0 1
    outer loop
      vertex 99.44 37.6421 2
      vertex 99.6506 34.4294 2
      vertex 99.6506 37.5706 2
    endloop
  endfacet
  facet normal 0 0 1
    outer loop
      vertex 99.44 37.6421 2
      vertex 99.44 34.3579 2
      vertex 99.6506 34.4294 2
    endloop
  endfacet
  facet normal 0 0 1
    outer loop
      vertex 99.2219 37.6855 2
      vertex 99.44 34.3579 2
      vertex 99.44 37.6421 2
    endloop
  endfacet
  facet normal 0 0 1
    outer loop
      vertex 99.2219 37.6855 2
      vertex 99.2219 34.3145 2
      vertex 99.44 34.3579 2
    endloop
  endfacet
  facet normal 0 0 1
    outer loop
      vertex 99 37.7 2
      vertex 99.2219 34.3145 2
      vertex 99.2219 37.6855 2
    endloop
  endfacet
  facet normal 0 0 1
    outer loop
      vertex 99 37.7 2
      vertex 99 34.3 2
      vertex 99.2219 34.3145 2
    endloop
  endfacet
  facet normal -0 0 1
    outer loop
      vertex 98.7781 37.6855 2
      vertex 99 34.3 2
      vertex 99 37.7 2
    endloop
  endfacet
  facet normal 0 0 1
    outer loop
      vertex 98.7781 37.6855 2
      vertex 98.7781 34.3145 2
      vertex 99 34.3 2
    endloop
  endfacet
  facet normal -0 0 1
    outer loop
      vertex 98.56 37.6421 2
      vertex 98.7781 34.3145 2
      vertex 98.7781 37.6855 2
    endloop
  endfacet
  facet normal 0 0 1
    outer loop
      vertex 98.56 37.6421 2
      vertex 98.56 34.3579 2
      vertex 98.7781 34.3145 2
    endloop
  endfacet
  facet normal -0 0 1
    outer loop
      vertex 98.3494 37.5706 2
      vertex 98.56 34.3579 2
      vertex 98.56 37.6421 2
    endloop
  endfacet
  facet normal 0 0 1
    outer loop
      vertex 98.3494 37.5706 2
      vertex 98.3494 34.4294 2
      vertex 98.56 34.3579 2
    endloop
  endfacet
  facet normal -0 0 1
    outer loop
      vertex 98.15 37.4722 2
      vertex 98.3494 34.4294 2
      vertex 98.3494 37.5706 2
    endloop
  endfacet
  facet normal 0 0 1
    outer loop
      vertex 98.15 37.4722 2
      vertex 98.15 34.5278 2
      vertex 98.3494 34.4294 2
    endloop
  endfacet
  facet normal -0 0 1
    outer loop
      vertex 97.9651 37.3487 2
      vertex 98.15 34.5278 2
      vertex 98.15 37.4722 2
    endloop
  endfacet
  facet normal 0 0 1
    outer loop
      vertex 97.9651 37.3487 2
      vertex 97.9651 34.6513 2
      vertex 98.15 34.5278 2
    endloop
  endfacet
  facet normal -0 0 1
    outer loop
      vertex 97.7979 37.2021 2
      vertex 97.9651 34.6513 2
      vertex 97.9651 37.3487 2
    endloop
  endfacet
  facet normal 0 0 1
    outer loop
      vertex 97.7979 37.2021 2
      vertex 97.7979 34.7979 2
      vertex 97.9651 34.6513 2
    endloop
  endfacet
  facet normal -0 0 1
    outer loop
      vertex 97.6513 37.0349 2
      vertex 97.7979 34.7979 2
      vertex 97.7979 37.2021 2
    endloop
  endfacet
  facet normal 0 0 1
    outer loop
      vertex 97.6513 37.0349 2
      vertex 97.6513 34.9651 2
      vertex 97.7979 34.7979 2
    endloop
  endfacet
  facet normal -0 0 1
    outer loop
      vertex 97.5278 36.85 2
      vertex 97.6513 34.9651 2
      vertex 97.6513 37.0349 2
    endloop
  endfacet
  facet normal 0 0 1
    outer loop
      vertex 97.5278 36.85 2
      vertex 97.5278 35.15 2
      vertex 97.6513 34.9651 2
    endloop
  endfacet
  facet normal -0 0 1
    outer loop
      vertex 97.4294 36.6506 2
      vertex 97.5278 35.15 2
      vertex 97.5278 36.85 2
    endloop
  endfacet
  facet normal 0 0 1
    outer loop
      vertex 97.4294 36.6506 2
      vertex 97.4294 35.3494 2
      vertex 97.5278 35.15 2
    endloop
  endfacet
  facet normal -0 0 1
    outer loop
      vertex 97.3579 36.44 2
      vertex 97.4294 35.3494 2
      vertex 97.4294 36.6506 2
    endloop
  endfacet
  facet normal 0 0 1
    outer loop
      vertex 97.3579 36.44 2
      vertex 97.3579 35.56 2
      vertex 97.4294 35.3494 2
    endloop
  endfacet
  facet normal -0 0 1
    outer loop
      vertex 97.3145 36.2219 2
      vertex 97.3579 35.56 2
      vertex 97.3579 36.44 2
    endloop
  endfacet
  facet normal 0 0 1
    outer loop
      vertex 97.3145 36.2219 2
      vertex 97.3145 35.7781 2
      vertex 97.3579 35.56 2
    endloop
  endfacet
  facet normal 0 -0 1
    outer loop
      vertex 97.3145 35.7781 2
      vertex 97.3145 36.2219 2
      vertex 97.3 36 2
    endloop
  endfacet
  facet normal 0.946915 0.321484 0
    outer loop
      vertex 97.4294 35.3494 21.6
      vertex 97.3579 35.56 2
      vertex 97.3579 35.56 21.6
    endloop
  endfacet
  facet normal 0.946915 0.321484 0
    outer loop
      vertex 97.3579 35.56 2
      vertex 97.4294 35.3494 21.6
      vertex 97.4294 35.3494 2
    endloop
  endfacet
  facet normal -0.44253 0.896754 0
    outer loop
      vertex 99.85 34.5278 2
      vertex 99.6506 34.4294 21.6
      vertex 99.85 34.5278 21.6
    endloop
  endfacet
  facet normal -0.44253 0.896754 0
    outer loop
      vertex 99.6506 34.4294 21.6
      vertex 99.85 34.5278 2
      vertex 99.6506 34.4294 2
    endloop
  endfacet
  facet normal -0.0652057 -0.997872 0
    outer loop
      vertex 99 37.7 2
      vertex 99.2219 37.6855 21.6
      vertex 99 37.7 21.6
    endloop
  endfacet
  facet normal -0.0652057 -0.997872 -0
    outer loop
      vertex 99.2219 37.6855 21.6
      vertex 99 37.7 2
      vertex 99.2219 37.6855 2
    endloop
  endfacet
  facet normal 0.321484 -0.946915 0
    outer loop
      vertex 98.3494 37.5706 2
      vertex 98.56 37.6421 21.6
      vertex 98.3494 37.5706 21.6
    endloop
  endfacet
  facet normal 0.321484 -0.946915 0
    outer loop
      vertex 98.56 37.6421 21.6
      vertex 98.3494 37.5706 2
      vertex 98.56 37.6421 2
    endloop
  endfacet
  facet normal 0.195165 -0.98077 0
    outer loop
      vertex 98.56 37.6421 2
      vertex 98.7781 37.6855 21.6
      vertex 98.56 37.6421 21.6
    endloop
  endfacet
  facet normal 0.195165 -0.98077 0
    outer loop
      vertex 98.7781 37.6855 21.6
      vertex 98.56 37.6421 2
      vertex 98.7781 37.6855 2
    endloop
  endfacet
  facet normal -0.895681 -0.444696 0
    outer loop
      vertex 100.571 36.6506 2
      vertex 100.472 36.85 21.6
      vertex 100.472 36.85 2
    endloop
  endfacet
  facet normal -0.895681 -0.444696 0
    outer loop
      vertex 100.472 36.85 21.6
      vertex 100.571 36.6506 2
      vertex 100.571 36.6506 21.6
    endloop
  endfacet
  facet normal -0.997723 0.0674441 0
    outer loop
      vertex 100.685 35.7781 2
      vertex 100.7 36 21.6
      vertex 100.7 36 2
    endloop
  endfacet
  facet normal -0.997723 0.0674441 0
    outer loop
      vertex 100.7 36 21.6
      vertex 100.685 35.7781 2
      vertex 100.685 35.7781 21.6
    endloop
  endfacet
  facet normal -0.0652057 0.997872 0
    outer loop
      vertex 99.2219 34.3145 2
      vertex 99 34.3 21.6
      vertex 99.2219 34.3145 21.6
    endloop
  endfacet
  facet normal -0.0652057 0.997872 0
    outer loop
      vertex 99 34.3 21.6
      vertex 99.2219 34.3145 2
      vertex 99 34.3 2
    endloop
  endfacet
  facet normal -0.751016 -0.660284 0
    outer loop
      vertex 100.349 37.0349 2
      vertex 100.202 37.2021 21.6
      vertex 100.202 37.2021 2
    endloop
  endfacet
  facet normal -0.751016 -0.660284 0
    outer loop
      vertex 100.202 37.2021 21.6
      vertex 100.349 37.0349 2
      vertex 100.349 37.0349 21.6
    endloop
  endfacet
  facet normal 0.997872 0.0652057 0
    outer loop
      vertex 97.3145 35.7781 21.6
      vertex 97.3 36 2
      vertex 97.3 36 21.6
    endloop
  endfacet
  facet normal 0.997872 0.0652057 0
    outer loop
      vertex 97.3 36 2
      vertex 97.3145 35.7781 21.6
      vertex 97.3145 35.7781 2
    endloop
  endfacet
  facet normal -0.751016 0.660284 0
    outer loop
      vertex 100.202 34.7979 2
      vertex 100.349 34.9651 21.6
      vertex 100.349 34.9651 2
    endloop
  endfacet
  facet normal -0.751016 0.660284 0
    outer loop
      vertex 100.349 34.9651 21.6
      vertex 100.202 34.7979 2
      vertex 100.202 34.7979 21.6
    endloop
  endfacet
  facet normal 0.751908 -0.659268 0
    outer loop
      vertex 97.6513 37.0349 21.6
      vertex 97.7979 37.2021 2
      vertex 97.7979 37.2021 21.6
    endloop
  endfacet
  facet normal 0.751908 -0.659268 0
    outer loop
      vertex 97.7979 37.2021 2
      vertex 97.6513 37.0349 21.6
      vertex 97.6513 37.0349 2
    endloop
  endfacet
  facet normal 0.831566 -0.555426 0
    outer loop
      vertex 97.5278 36.85 21.6
      vertex 97.6513 37.0349 2
      vertex 97.6513 37.0349 21.6
    endloop
  endfacet
  facet normal 0.831566 -0.555426 0
    outer loop
      vertex 97.6513 37.0349 2
      vertex 97.5278 36.85 21.6
      vertex 97.5278 36.85 2
    endloop
  endfacet
  facet normal 0.0652057 -0.997872 0
    outer loop
      vertex 98.7781 37.6855 2
      vertex 99 37.7 21.6
      vertex 98.7781 37.6855 21.6
    endloop
  endfacet
  facet normal 0.0652057 -0.997872 0
    outer loop
      vertex 99 37.7 21.6
      vertex 98.7781 37.6855 2
      vertex 99 37.7 2
    endloop
  endfacet
  facet normal 0.98077 0.195165 0
    outer loop
      vertex 97.3579 35.56 21.6
      vertex 97.3145 35.7781 2
      vertex 97.3145 35.7781 21.6
    endloop
  endfacet
  facet normal 0.98077 0.195165 0
    outer loop
      vertex 97.3145 35.7781 2
      vertex 97.3579 35.56 21.6
      vertex 97.3579 35.56 2
    endloop
  endfacet
  facet normal 0.321484 0.946915 -0
    outer loop
      vertex 98.56 34.3579 2
      vertex 98.3494 34.4294 21.6
      vertex 98.56 34.3579 21.6
    endloop
  endfacet
  facet normal 0.321484 0.946915 0
    outer loop
      vertex 98.3494 34.4294 21.6
      vertex 98.56 34.3579 2
      vertex 98.3494 34.4294 2
    endloop
  endfacet
  facet normal -0.947598 -0.319466 0
    outer loop
      vertex 100.642 36.44 2
      vertex 100.571 36.6506 21.6
      vertex 100.571 36.6506 2
    endloop
  endfacet
  facet normal -0.947598 -0.319466 0
    outer loop
      vertex 100.571 36.6506 21.6
      vertex 100.642 36.44 2
      vertex 100.642 36.44 21.6
    endloop
  endfacet
  facet normal 0.44253 0.896754 -0
    outer loop
      vertex 98.3494 34.4294 2
      vertex 98.15 34.5278 21.6
      vertex 98.3494 34.4294 21.6
    endloop
  endfacet
  facet normal 0.44253 0.896754 0
    outer loop
      vertex 98.15 34.5278 21.6
      vertex 98.3494 34.4294 2
      vertex 98.15 34.5278 2
    endloop
  endfacet
  facet normal 0.555426 0.831566 -0
    outer loop
      vertex 98.15 34.5278 2
      vertex 97.9651 34.6513 21.6
      vertex 98.15 34.5278 21.6
    endloop
  endfacet
  facet normal 0.555426 0.831566 0
    outer loop
      vertex 97.9651 34.6513 21.6
      vertex 98.15 34.5278 2
      vertex 97.9651 34.6513 2
    endloop
  endfacet
  facet normal 0.0652057 0.997872 -0
    outer loop
      vertex 99 34.3 2
      vertex 98.7781 34.3145 21.6
      vertex 99 34.3 21.6
    endloop
  endfacet
  facet normal 0.0652057 0.997872 0
    outer loop
      vertex 98.7781 34.3145 21.6
      vertex 99 34.3 2
      vertex 98.7781 34.3145 2
    endloop
  endfacet
  facet normal 0.195165 0.98077 -0
    outer loop
      vertex 98.7781 34.3145 2
      vertex 98.56 34.3579 21.6
      vertex 98.7781 34.3145 21.6
    endloop
  endfacet
  facet normal 0.195165 0.98077 0
    outer loop
      vertex 98.56 34.3579 21.6
      vertex 98.7781 34.3145 2
      vertex 98.56 34.3579 2
    endloop
  endfacet
  facet normal 0.896754 -0.44253 0
    outer loop
      vertex 97.4294 36.6506 21.6
      vertex 97.5278 36.85 2
      vertex 97.5278 36.85 21.6
    endloop
  endfacet
  facet normal 0.896754 -0.44253 0
    outer loop
      vertex 97.5278 36.85 2
      vertex 97.4294 36.6506 21.6
      vertex 97.4294 36.6506 2
    endloop
  endfacet
  facet normal 0.896754 0.44253 0
    outer loop
      vertex 97.5278 35.15 21.6
      vertex 97.4294 35.3494 2
      vertex 97.4294 35.3494 21.6
    endloop
  endfacet
  facet normal 0.896754 0.44253 0
    outer loop
      vertex 97.4294 35.3494 2
      vertex 97.5278 35.15 21.6
      vertex 97.5278 35.15 2
    endloop
  endfacet
  facet normal 0.997872 -0.0652057 0
    outer loop
      vertex 97.3 36 21.6
      vertex 97.3145 36.2219 2
      vertex 97.3145 36.2219 21.6
    endloop
  endfacet
  facet normal 0.997872 -0.0652057 0
    outer loop
      vertex 97.3145 36.2219 2
      vertex 97.3 36 21.6
      vertex 97.3 36 2
    endloop
  endfacet
  facet normal 0.98077 -0.195165 0
    outer loop
      vertex 97.3145 36.2219 21.6
      vertex 97.3579 36.44 2
      vertex 97.3579 36.44 21.6
    endloop
  endfacet
  facet normal 0.98077 -0.195165 0
    outer loop
      vertex 97.3579 36.44 2
      vertex 97.3145 36.2219 21.6
      vertex 97.3145 36.2219 2
    endloop
  endfacet
  facet normal 0.946915 -0.321484 0
    outer loop
      vertex 97.3579 36.44 21.6
      vertex 97.4294 36.6506 2
      vertex 97.4294 36.6506 21.6
    endloop
  endfacet
  facet normal 0.946915 -0.321484 0
    outer loop
      vertex 97.4294 36.6506 2
      vertex 97.3579 36.44 21.6
      vertex 97.3579 36.44 2
    endloop
  endfacet
  facet normal -0.659714 0.751516 0
    outer loop
      vertex 100.202 34.7979 2
      vertex 100.035 34.6513 21.6
      vertex 100.202 34.7979 21.6
    endloop
  endfacet
  facet normal -0.659714 0.751516 0
    outer loop
      vertex 100.035 34.6513 21.6
      vertex 100.202 34.7979 2
      vertex 100.035 34.6513 2
    endloop
  endfacet
  facet normal 0 0 -1
    outer loop
      vertex 0 14.5 15
      vertex 2 27.5 15
      vertex 2 14.5 15
    endloop
  endfacet
  facet normal -0 0 -1
    outer loop
      vertex 2 27.5 15
      vertex 0 14.5 15
      vertex 0 27.5 15
    endloop
  endfacet
  facet normal -0 0 1
    outer loop
      vertex 0 27.5 6
      vertex 2 14.5 6
      vertex 2 27.5 6
    endloop
  endfacet
  facet normal 0 0 1
    outer loop
      vertex 2 14.5 6
      vertex 0 27.5 6
      vertex 0 14.5 6
    endloop
  endfacet
  facet normal 0 -1 0
    outer loop
      vertex 0 27.5 6
      vertex 2 27.5 15
      vertex 0 27.5 15
    endloop
  endfacet
  facet normal 0 -1 -0
    outer loop
      vertex 2 27.5 15
      vertex 0 27.5 6
      vertex 2 27.5 6
    endloop
  endfacet
  facet normal 0 1 -0
    outer loop
      vertex 2 14.5 6
      vertex 0 14.5 15
      vertex 2 14.5 15
    endloop
  endfacet
  facet normal 0 1 0
    outer loop
      vertex 0 14.5 15
      vertex 2 14.5 6
      vertex 0 14.5 6
    endloop
  endfacet
  facet normal 0 -0.321428 0.946934
    outer loop
      vertex 103 22.4351 6.53545
      vertex 105 21.9706 6.37778
      vertex 105 22.4351 6.53545
    endloop
  endfacet
  facet normal 0 -0.321428 0.946934
    outer loop
      vertex 105 21.9706 6.37778
      vertex 103 22.4351 6.53545
      vertex 103 21.9706 6.37778
    endloop
  endfacet
  facet normal 0 -0.980784 -0.195097
    outer loop
      vertex 103 24.7179 10.4895
      vertex 105 24.6222 10.9706
      vertex 103 24.6222 10.9706
    endloop
  endfacet
  facet normal 0 -0.980784 -0.195097
    outer loop
      vertex 105 24.6222 10.9706
      vertex 103 24.7179 10.4895
      vertex 105 24.7179 10.4895
    endloop
  endfacet
  facet normal -0 0.442314 0.89686
    outer loop
      vertex 103 19.5649 6.53545
      vertex 105 19.125 6.7524
      vertex 105 19.5649 6.53545
    endloop
  endfacet
  facet normal 0 0.442314 0.89686
    outer loop
      vertex 105 19.125 6.7524
      vertex 103 19.5649 6.53545
      vertex 103 19.125 6.7524
    endloop
  endfacet
  facet normal 0 0.321482 -0.946916
    outer loop
      vertex 103 19.5649 13.4645
      vertex 105 20.0294 13.6222
      vertex 105 19.5649 13.4645
    endloop
  endfacet
  facet normal 0 0.321482 -0.946916
    outer loop
      vertex 105 20.0294 13.6222
      vertex 103 19.5649 13.4645
      vertex 103 20.0294 13.6222
    endloop
  endfacet
  facet normal 0 0.980784 0.195097
    outer loop
      vertex 105 17.3778 9.02943
      vertex 103 17.2821 9.51053
      vertex 105 17.2821 9.51053
    endloop
  endfacet
  facet normal 0 0.980784 0.195097
    outer loop
      vertex 103 17.2821 9.51053
      vertex 105 17.3778 9.02943
      vertex 103 17.3778 9.02943
    endloop
  endfacet
  facet normal 0 -0.065396 0.997859
    outer loop
      vertex 103 21.4895 6.28208
      vertex 105 21 6.25
      vertex 105 21.4895 6.28208
    endloop
  endfacet
  facet normal 0 -0.065396 0.997859
    outer loop
      vertex 105 21 6.25
      vertex 103 21.4895 6.28208
      vertex 103 21 6.25
    endloop
  endfacet
  facet normal 0 -0.751768 -0.659428
    outer loop
      vertex 103 23.9751 12.2829
      vertex 105 23.6516 12.6517
      vertex 103 23.6516 12.6517
    endloop
  endfacet
  facet normal 0 -0.751768 -0.659428
    outer loop
      vertex 105 23.6516 12.6517
      vertex 103 23.9751 12.2829
      vertex 105 23.9751 12.2829
    endloop
  endfacet
  facet normal 0 -0.0654366 -0.997857
    outer loop
      vertex 103 21 13.75
      vertex 105 21.4895 13.7179
      vertex 105 21 13.75
    endloop
  endfacet
  facet normal -0 -0.0654366 -0.997857
    outer loop
      vertex 105 21.4895 13.7179
      vertex 103 21 13.75
      vertex 103 21.4895 13.7179
    endloop
  endfacet
  facet normal -0 0.065396 0.997859
    outer loop
      vertex 103 21 6.25
      vertex 105 20.5105 6.28208
      vertex 105 21 6.25
    endloop
  endfacet
  facet normal 0 0.065396 0.997859
    outer loop
      vertex 105 20.5105 6.28208
      vertex 103 21 6.25
      vertex 103 20.5105 6.28208
    endloop
  endfacet
  facet normal -0 0.321428 0.946934
    outer loop
      vertex 103 20.0294 6.37778
      vertex 105 19.5649 6.53545
      vertex 105 20.0294 6.37778
    endloop
  endfacet
  facet normal 0 0.321428 0.946934
    outer loop
      vertex 105 19.5649 6.53545
      vertex 103 20.0294 6.37778
      vertex 103 19.5649 6.53545
    endloop
  endfacet
  facet normal -0 0.195097 0.980784
    outer loop
      vertex 103 20.5105 6.28208
      vertex 105 20.0294 6.37778
      vertex 105 20.5105 6.28208
    endloop
  endfacet
  facet normal 0 0.195097 0.980784
    outer loop
      vertex 105 20.0294 6.37778
      vertex 103 20.5105 6.28208
      vertex 103 20.0294 6.37778
    endloop
  endfacet
  facet normal 0 0.831517 -0.5555
    outer loop
      vertex 105 17.7524 11.875
      vertex 103 18.0249 12.2829
      vertex 105 18.0249 12.2829
    endloop
  endfacet
  facet normal 0 0.831517 -0.5555
    outer loop
      vertex 103 18.0249 12.2829
      vertex 105 17.7524 11.875
      vertex 103 17.7524 11.875
    endloop
  endfacet
  facet normal 0 -0.195097 0.980784
    outer loop
      vertex 103 21.9706 6.37778
      vertex 105 21.4895 6.28208
      vertex 105 21.9706 6.37778
    endloop
  endfacet
  facet normal 0 -0.195097 0.980784
    outer loop
      vertex 105 21.4895 6.28208
      vertex 103 21.9706 6.37778
      vertex 103 21.4895 6.28208
    endloop
  endfacet
  facet normal 0 0.896836 0.442363
    outer loop
      vertex 105 17.7524 8.125
      vertex 103 17.5354 8.56494
      vertex 105 17.5354 8.56494
    endloop
  endfacet
  facet normal 0 0.896836 0.442363
    outer loop
      vertex 103 17.5354 8.56494
      vertex 105 17.7524 8.125
      vertex 103 17.7524 8.125
    endloop
  endfacet
  facet normal 0 -0.896901 -0.442232
    outer loop
      vertex 103 24.4645 11.4351
      vertex 105 24.2476 11.875
      vertex 103 24.2476 11.875
    endloop
  endfacet
  facet normal 0 -0.896901 -0.442232
    outer loop
      vertex 105 24.2476 11.875
      vertex 103 24.4645 11.4351
      vertex 105 24.4645 11.4351
    endloop
  endfacet
  facet normal 0 0.442232 -0.896901
    outer loop
      vertex 103 19.125 13.2476
      vertex 105 19.5649 13.4645
      vertex 105 19.125 13.2476
    endloop
  endfacet
  facet normal 0 0.442232 -0.896901
    outer loop
      vertex 105 19.5649 13.4645
      vertex 103 19.125 13.2476
      vertex 103 19.5649 13.4645
    endloop
  endfacet
  facet normal -0 0.555528 0.831498
    outer loop
      vertex 103 19.125 6.7524
      vertex 105 18.7171 7.02492
      vertex 105 19.125 6.7524
    endloop
  endfacet
  facet normal 0 0.555528 0.831498
    outer loop
      vertex 105 18.7171 7.02492
      vertex 103 19.125 6.7524
      vertex 103 18.7171 7.02492
    endloop
  endfacet
  facet normal 0 -0.442314 0.89686
    outer loop
      vertex 103 22.875 6.7524
      vertex 105 22.4351 6.53545
      vertex 105 22.875 6.7524
    endloop
  endfacet
  facet normal 0 -0.442314 0.89686
    outer loop
      vertex 105 22.4351 6.53545
      vertex 103 22.875 6.7524
      vertex 103 22.4351 6.53545
    endloop
  endfacet
  facet normal 0 -0.195097 -0.980784
    outer loop
      vertex 103 21.4895 13.7179
      vertex 105 21.9706 13.6222
      vertex 105 21.4895 13.7179
    endloop
  endfacet
  facet normal -0 -0.195097 -0.980784
    outer loop
      vertex 105 21.9706 13.6222
      vertex 103 21.4895 13.7179
      vertex 103 21.9706 13.6222
    endloop
  endfacet
  facet normal 0 0.75186 0.659323
    outer loop
      vertex 105 18.3483 7.34835
      vertex 103 18.0249 7.71714
      vertex 105 18.0249 7.71714
    endloop
  endfacet
  facet normal 0 0.75186 0.659323
    outer loop
      vertex 103 18.0249 7.71714
      vertex 105 18.3483 7.34835
      vertex 103 18.3483 7.34835
    endloop
  endfacet
  facet normal 0 0.831492 0.555537
    outer loop
      vertex 105 18.0249 7.71714
      vertex 103 17.7524 8.125
      vertex 105 17.7524 8.125
    endloop
  endfacet
  facet normal 0 0.831492 0.555537
    outer loop
      vertex 103 17.7524 8.125
      vertex 105 18.0249 7.71714
      vertex 103 18.0249 7.71714
    endloop
  endfacet
  facet normal 0 0.946975 0.321306
    outer loop
      vertex 105 17.5354 8.56494
      vertex 103 17.3778 9.02943
      vertex 105 17.3778 9.02943
    endloop
  endfacet
  facet normal 0 0.946975 0.321306
    outer loop
      vertex 103 17.3778 9.02943
      vertex 105 17.5354 8.56494
      vertex 103 17.5354 8.56494
    endloop
  endfacet
  facet normal 0 -0.997856 0.0654406
    outer loop
      vertex 103 24.7179 9.51053
      vertex 105 24.75 10
      vertex 103 24.75 10
    endloop
  endfacet
  facet normal 0 -0.997856 0.0654406
    outer loop
      vertex 105 24.75 10
      vertex 103 24.7179 9.51053
      vertex 105 24.7179 9.51053
    endloop
  endfacet
  facet normal 0 -0.831517 -0.5555
    outer loop
      vertex 103 24.2476 11.875
      vertex 105 23.9751 12.2829
      vertex 103 23.9751 12.2829
    endloop
  endfacet
  facet normal 0 -0.831517 -0.5555
    outer loop
      vertex 105 23.9751 12.2829
      vertex 103 24.2476 11.875
      vertex 105 24.2476 11.875
    endloop
  endfacet
  facet normal 0 0.751869 -0.659312
    outer loop
      vertex 105 18.0249 12.2829
      vertex 103 18.3483 12.6517
      vertex 105 18.3483 12.6517
    endloop
  endfacet
  facet normal 0 0.751869 -0.659312
    outer loop
      vertex 103 18.3483 12.6517
      vertex 105 18.0249 12.2829
      vertex 103 18.0249 12.2829
    endloop
  endfacet
  facet normal 0 -0.831492 0.555537
    outer loop
      vertex 103 23.9751 7.71714
      vertex 105 24.2476 8.125
      vertex 103 24.2476 8.125
    endloop
  endfacet
  facet normal 0 -0.831492 0.555537
    outer loop
      vertex 105 24.2476 8.125
      vertex 103 23.9751 7.71714
      vertex 105 23.9751 7.71714
    endloop
  endfacet
  facet normal 0 -0.751759 0.659438
    outer loop
      vertex 103 23.6516 7.34835
      vertex 105 23.9751 7.71714
      vertex 103 23.9751 7.71714
    endloop
  endfacet
  facet normal 0 -0.751759 0.659438
    outer loop
      vertex 105 23.9751 7.71714
      vertex 103 23.6516 7.34835
      vertex 105 23.6516 7.34835
    endloop
  endfacet
  facet normal 0 -0.946916 -0.321482
    outer loop
      vertex 103 24.6222 10.9706
      vertex 105 24.4645 11.4351
      vertex 103 24.4645 11.4351
    endloop
  endfacet
  facet normal 0 -0.946916 -0.321482
    outer loop
      vertex 105 24.4645 11.4351
      vertex 103 24.6222 10.9706
      vertex 105 24.6222 10.9706
    endloop
  endfacet
  facet normal -0 0.659347 0.751839
    outer loop
      vertex 103 18.7171 7.02492
      vertex 105 18.3483 7.34835
      vertex 105 18.7171 7.02492
    endloop
  endfacet
  facet normal 0 0.659347 0.751839
    outer loop
      vertex 105 18.3483 7.34835
      vertex 103 18.7171 7.02492
      vertex 103 18.3483 7.34835
    endloop
  endfacet
  facet normal 0 0.89682 -0.442396
    outer loop
      vertex 105 17.5354 11.4351
      vertex 103 17.7524 11.875
      vertex 105 17.7524 11.875
    endloop
  endfacet
  facet normal 0 0.89682 -0.442396
    outer loop
      vertex 103 17.7524 11.875
      vertex 105 17.5354 11.4351
      vertex 103 17.5354 11.4351
    endloop
  endfacet
  facet normal 0 -0.442232 -0.896901
    outer loop
      vertex 103 22.4351 13.4645
      vertex 105 22.875 13.2476
      vertex 105 22.4351 13.4645
    endloop
  endfacet
  facet normal -0 -0.442232 -0.896901
    outer loop
      vertex 105 22.875 13.2476
      vertex 103 22.4351 13.4645
      vertex 103 22.875 13.2476
    endloop
  endfacet
  facet normal 0 0.980784 -0.195097
    outer loop
      vertex 105 17.2821 10.4895
      vertex 103 17.3778 10.9706
      vertex 105 17.3778 10.9706
    endloop
  endfacet
  facet normal 0 0.980784 -0.195097
    outer loop
      vertex 103 17.3778 10.9706
      vertex 105 17.2821 10.4895
      vertex 103 17.2821 10.4895
    endloop
  endfacet
  facet normal 0 0.659312 -0.751869
    outer loop
      vertex 103 18.3483 12.6517
      vertex 105 18.7171 12.9751
      vertex 105 18.3483 12.6517
    endloop
  endfacet
  facet normal 0 0.659312 -0.751869
    outer loop
      vertex 105 18.7171 12.9751
      vertex 103 18.3483 12.6517
      vertex 103 18.7171 12.9751
    endloop
  endfacet
  facet normal 0 -0.555528 0.831498
    outer loop
      vertex 103 23.2829 7.02492
      vertex 105 22.875 6.7524
      vertex 105 23.2829 7.02492
    endloop
  endfacet
  facet normal 0 -0.555528 0.831498
    outer loop
      vertex 105 22.875 6.7524
      vertex 103 23.2829 7.02492
      vertex 103 22.875 6.7524
    endloop
  endfacet
  facet normal 0 0.195097 -0.980784
    outer loop
      vertex 103 20.0294 13.6222
      vertex 105 20.5105 13.7179
      vertex 105 20.0294 13.6222
    endloop
  endfacet
  facet normal 0 0.195097 -0.980784
    outer loop
      vertex 105 20.5105 13.7179
      vertex 103 20.0294 13.6222
      vertex 103 20.5105 13.7179
    endloop
  endfacet
  facet normal 0 -0.321482 -0.946916
    outer loop
      vertex 103 21.9706 13.6222
      vertex 105 22.4351 13.4645
      vertex 105 21.9706 13.6222
    endloop
  endfacet
  facet normal -0 -0.321482 -0.946916
    outer loop
      vertex 105 22.4351 13.4645
      vertex 103 21.9706 13.6222
      vertex 103 22.4351 13.4645
    endloop
  endfacet
  facet normal 0 0.0654366 -0.997857
    outer loop
      vertex 103 20.5105 13.7179
      vertex 105 21 13.75
      vertex 105 20.5105 13.7179
    endloop
  endfacet
  facet normal 0 0.0654366 -0.997857
    outer loop
      vertex 105 21 13.75
      vertex 103 20.5105 13.7179
      vertex 103 21 13.75
    endloop
  endfacet
  facet normal 0 -0.896917 0.442199
    outer loop
      vertex 103 24.2476 8.125
      vertex 105 24.4645 8.56494
      vertex 103 24.4645 8.56494
    endloop
  endfacet
  facet normal 0 -0.896917 0.442199
    outer loop
      vertex 105 24.4645 8.56494
      vertex 103 24.2476 8.125
      vertex 105 24.2476 8.125
    endloop
  endfacet
  facet normal 0 -0.659414 -0.75178
    outer loop
      vertex 103 23.2829 12.9751
      vertex 105 23.6516 12.6517
      vertex 105 23.2829 12.9751
    endloop
  endfacet
  facet normal -0 -0.659414 -0.75178
    outer loop
      vertex 105 23.6516 12.6517
      vertex 103 23.2829 12.9751
      vertex 103 23.6516 12.6517
    endloop
  endfacet
  facet normal 0 -0.980784 0.195097
    outer loop
      vertex 103 24.6222 9.02943
      vertex 105 24.7179 9.51053
      vertex 103 24.7179 9.51053
    endloop
  endfacet
  facet normal 0 -0.980784 0.195097
    outer loop
      vertex 105 24.7179 9.51053
      vertex 103 24.6222 9.02943
      vertex 105 24.6222 9.02943
    endloop
  endfacet
  facet normal 0 -0.997857 -0.0654366
    outer loop
      vertex 103 24.75 10
      vertex 105 24.7179 10.4895
      vertex 103 24.7179 10.4895
    endloop
  endfacet
  facet normal 0 -0.997857 -0.0654366
    outer loop
      vertex 105 24.7179 10.4895
      vertex 103 24.75 10
      vertex 105 24.75 10
    endloop
  endfacet
  facet normal 0 -0.946913 0.321489
    outer loop
      vertex 103 24.4645 8.56494
      vertex 105 24.6222 9.02943
      vertex 103 24.6222 9.02943
    endloop
  endfacet
  facet normal 0 -0.946913 0.321489
    outer loop
      vertex 105 24.6222 9.02943
      vertex 103 24.4645 8.56494
      vertex 105 24.4645 8.56494
    endloop
  endfacet
  facet normal 0 -0.659448 0.75175
    outer loop
      vertex 103 23.6516 7.34835
      vertex 105 23.2829 7.02492
      vertex 105 23.6516 7.34835
    endloop
  endfacet
  facet normal 0 -0.659448 0.75175
    outer loop
      vertex 105 23.2829 7.02492
      vertex 103 23.6516 7.34835
      vertex 103 23.2829 7.02492
    endloop
  endfacet
  facet normal 0 0.946978 -0.3213
    outer loop
      vertex 105 17.3778 10.9706
      vertex 103 17.5354 11.4351
      vertex 105 17.5354 11.4351
    endloop
  endfacet
  facet normal 0 0.946978 -0.3213
    outer loop
      vertex 103 17.5354 11.4351
      vertex 105 17.3778 10.9706
      vertex 103 17.3778 10.9706
    endloop
  endfacet
  facet normal 0 0.997856 0.0654406
    outer loop
      vertex 105 17.2821 9.51053
      vertex 103 17.25 10
      vertex 105 17.25 10
    endloop
  endfacet
  facet normal 0 0.997856 0.0654406
    outer loop
      vertex 103 17.25 10
      vertex 105 17.2821 9.51053
      vertex 103 17.2821 9.51053
    endloop
  endfacet
  facet normal 0 0.997857 -0.0654366
    outer loop
      vertex 105 17.25 10
      vertex 103 17.2821 10.4895
      vertex 105 17.2821 10.4895
    endloop
  endfacet
  facet normal 0 0.997857 -0.0654366
    outer loop
      vertex 103 17.2821 10.4895
      vertex 105 17.25 10
      vertex 103 17.25 10
    endloop
  endfacet
  facet normal 0 -0.5555 -0.831517
    outer loop
      vertex 103 22.875 13.2476
      vertex 105 23.2829 12.9751
      vertex 105 22.875 13.2476
    endloop
  endfacet
  facet normal -0 -0.5555 -0.831517
    outer loop
      vertex 105 23.2829 12.9751
      vertex 103 22.875 13.2476
      vertex 103 23.2829 12.9751
    endloop
  endfacet
  facet normal 0 0.5555 -0.831517
    outer loop
      vertex 103 18.7171 12.9751
      vertex 105 19.125 13.2476
      vertex 105 18.7171 12.9751
    endloop
  endfacet
  facet normal 0 0.5555 -0.831517
    outer loop
      vertex 105 19.125 13.2476
      vertex 103 18.7171 12.9751
      vertex 103 19.125 13.2476
    endloop
  endfacet
endsolid OpenSCAD_Model
