solid OpenSCAD_Model
  facet normal 0.442315 -0.89686 0
    outer loop
      vertex 102.287 2.30708 2.4
      vertex 102.375 2.35048 4.4
      vertex 102.287 2.30708 4.4
    endloop
  endfacet
  facet normal 0.442315 -0.89686 0
    outer loop
      vertex 102.375 2.35048 4.4
      vertex 102.287 2.30708 2.4
      vertex 102.375 2.35048 2.4
    endloop
  endfacet
  facet normal 1 -0 0
    outer loop
      vertex 102.75 3 4.4
      vertex 102.75 39 2.4
      vertex 102.75 39 4.4
    endloop
  endfacet
  facet normal 1 0 0
    outer loop
      vertex 102.75 39 2.4
      vertex 102.75 3 4.4
      vertex 102.75 3 2.4
    endloop
  endfacet
  facet normal 0.0653701 -0.997861 0
    outer loop
      vertex 102 2.25 2.4
      vertex 102.098 2.25642 4.4
      vertex 102 2.25 4.4
    endloop
  endfacet
  facet normal 0.0653701 -0.997861 0
    outer loop
      vertex 102.098 2.25642 4.4
      vertex 102 2.25 2.4
      vertex 102.098 2.25642 2.4
    endloop
  endfacet
  facet normal -0.946978 0.3213 0
    outer loop
      vertex 2.27556 39.1941 2.4
      vertex 2.30708 39.287 4.4
      vertex 2.30708 39.287 2.4
    endloop
  endfacet
  facet normal -0.946978 0.3213 0
    outer loop
      vertex 2.30708 39.287 4.4
      vertex 2.27556 39.1941 2.4
      vertex 2.27556 39.1941 4.4
    endloop
  endfacet
  facet normal 0.32099 -0.947083 0
    outer loop
      vertex 102.194 2.27556 2.4
      vertex 102.287 2.30708 4.4
      vertex 102.194 2.27556 4.4
    endloop
  endfacet
  facet normal 0.32099 -0.947083 0
    outer loop
      vertex 102.287 2.30708 4.4
      vertex 102.194 2.27556 2.4
      vertex 102.287 2.30708 2.4
    endloop
  endfacet
  facet normal -0.751819 -0.65937 0
    outer loop
      vertex 2.46967 2.46967 2.4
      vertex 2.40498 2.54343 4.4
      vertex 2.40498 2.54343 2.4
    endloop
  endfacet
  facet normal -0.751819 -0.65937 0
    outer loop
      vertex 2.40498 2.54343 4.4
      vertex 2.46967 2.46967 2.4
      vertex 2.46967 2.46967 4.4
    endloop
  endfacet
  facet normal -0.0652336 0.99787 0
    outer loop
      vertex 3 39.75 2.4
      vertex 2.9021 39.7436 4.4
      vertex 3 39.75 4.4
    endloop
  endfacet
  facet normal -0.0652336 0.99787 0
    outer loop
      vertex 2.9021 39.7436 4.4
      vertex 3 39.75 2.4
      vertex 2.9021 39.7436 2.4
    endloop
  endfacet
  facet normal -1 0 0
    outer loop
      vertex 2.25 3 2.4
      vertex 2.25 39 4.4
      vertex 2.25 39 2.4
    endloop
  endfacet
  facet normal -1 -0 0
    outer loop
      vertex 2.25 39 4.4
      vertex 2.25 3 2.4
      vertex 2.25 3 4.4
    endloop
  endfacet
  facet normal -0.997857 -0.0654366 0
    outer loop
      vertex 2.25642 2.9021 2.4
      vertex 2.25 3 4.4
      vertex 2.25 3 2.4
    endloop
  endfacet
  facet normal -0.997857 -0.0654366 0
    outer loop
      vertex 2.25 3 4.4
      vertex 2.25642 2.9021 2.4
      vertex 2.25642 2.9021 4.4
    endloop
  endfacet
  facet normal 0.749986 0.661453 0
    outer loop
      vertex 102.595 39.4566 4.4
      vertex 102.53 39.5303 2.4
      vertex 102.53 39.5303 4.4
    endloop
  endfacet
  facet normal 0.749986 0.661453 0
    outer loop
      vertex 102.53 39.5303 2.4
      vertex 102.595 39.4566 4.4
      vertex 102.595 39.4566 2.4
    endloop
  endfacet
  facet normal 0.898474 0.439027 0
    outer loop
      vertex 102.693 39.287 4.4
      vertex 102.65 39.375 2.4
      vertex 102.65 39.375 4.4
    endloop
  endfacet
  facet normal 0.898474 0.439027 0
    outer loop
      vertex 102.65 39.375 2.4
      vertex 102.693 39.287 4.4
      vertex 102.693 39.287 2.4
    endloop
  endfacet
  facet normal -0.195116 -0.98078 0
    outer loop
      vertex 2.80589 2.27556 2.4
      vertex 2.9021 2.25642 4.4
      vertex 2.80589 2.27556 4.4
    endloop
  endfacet
  facet normal -0.195116 -0.98078 -0
    outer loop
      vertex 2.9021 2.25642 4.4
      vertex 2.80589 2.27556 2.4
      vertex 2.9021 2.25642 2.4
    endloop
  endfacet
  facet normal -0.997857 0.0654366 0
    outer loop
      vertex 2.25 39 2.4
      vertex 2.25642 39.0979 4.4
      vertex 2.25642 39.0979 2.4
    endloop
  endfacet
  facet normal -0.997857 0.0654366 0
    outer loop
      vertex 2.25642 39.0979 4.4
      vertex 2.25 39 2.4
      vertex 2.25 39 4.4
    endloop
  endfacet
  facet normal 0 1 -0
    outer loop
      vertex 102 39.75 2.4
      vertex 65.5066 39.75 4.4
      vertex 102 39.75 4.4
    endloop
  endfacet
  facet normal 0 1 0
    outer loop
      vertex 65.5066 39.75 4.4
      vertex 102 39.75 2.4
      vertex 65.5066 39.75 2.4
    endloop
  endfacet
  facet normal 0 1 -0
    outer loop
      vertex 30.4934 39.75 2.4
      vertex 3 39.75 4.4
      vertex 30.4934 39.75 4.4
    endloop
  endfacet
  facet normal 0 1 0
    outer loop
      vertex 3 39.75 4.4
      vertex 30.4934 39.75 2.4
      vertex 3 39.75 2.4
    endloop
  endfacet
  facet normal 0 1 -0
    outer loop
      vertex 58.7134 39.75 2.4
      vertex 37.2866 39.75 4.4
      vertex 58.7134 39.75 4.4
    endloop
  endfacet
  facet normal 0 1 0
    outer loop
      vertex 37.2866 39.75 4.4
      vertex 58.7134 39.75 2.4
      vertex 37.2866 39.75 2.4
    endloop
  endfacet
  facet normal 0.898434 -0.439108 0
    outer loop
      vertex 102.65 2.625 4.4
      vertex 102.693 2.71298 2.4
      vertex 102.693 2.71298 4.4
    endloop
  endfacet
  facet normal 0.898434 -0.439108 0
    outer loop
      vertex 102.693 2.71298 2.4
      vertex 102.65 2.625 4.4
      vertex 102.65 2.625 2.4
    endloop
  endfacet
  facet normal 0.195527 -0.980698 0
    outer loop
      vertex 102.098 2.25642 2.4
      vertex 102.194 2.27556 4.4
      vertex 102.098 2.25642 4.4
    endloop
  endfacet
  facet normal 0.195527 -0.980698 0
    outer loop
      vertex 102.194 2.27556 4.4
      vertex 102.098 2.25642 2.4
      vertex 102.194 2.27556 2.4
    endloop
  endfacet
  facet normal 0.998127 0.0611723 0
    outer loop
      vertex 102.75 39 4.4
      vertex 102.744 39.0979 2.4
      vertex 102.744 39.0979 4.4
    endloop
  endfacet
  facet normal 0.998127 0.0611723 0
    outer loop
      vertex 102.744 39.0979 2.4
      vertex 102.75 39 4.4
      vertex 102.75 39 2.4
    endloop
  endfacet
  facet normal 0 -1 0
    outer loop
      vertex 65.5066 2.25 2.4
      vertex 102 2.25 4.4
      vertex 65.5066 2.25 4.4
    endloop
  endfacet
  facet normal 0 -1 -0
    outer loop
      vertex 102 2.25 4.4
      vertex 65.5066 2.25 2.4
      vertex 102 2.25 2.4
    endloop
  endfacet
  facet normal 0 -1 0
    outer loop
      vertex 3 2.25 2.4
      vertex 30.4934 2.25 4.4
      vertex 3 2.25 4.4
    endloop
  endfacet
  facet normal 0 -1 -0
    outer loop
      vertex 30.4934 2.25 4.4
      vertex 3 2.25 2.4
      vertex 30.4934 2.25 2.4
    endloop
  endfacet
  facet normal 0 -1 0
    outer loop
      vertex 37.2866 2.25 2.4
      vertex 58.7134 2.25 4.4
      vertex 37.2866 2.25 4.4
    endloop
  endfacet
  facet normal 0 -1 -0
    outer loop
      vertex 58.7134 2.25 4.4
      vertex 37.2866 2.25 2.4
      vertex 58.7134 2.25 2.4
    endloop
  endfacet
  facet normal -0.980776 0.195136 0
    outer loop
      vertex 2.25642 39.0979 2.4
      vertex 2.27556 39.1941 4.4
      vertex 2.27556 39.1941 2.4
    endloop
  endfacet
  facet normal -0.980776 0.195136 0
    outer loop
      vertex 2.27556 39.1941 4.4
      vertex 2.25642 39.0979 2.4
      vertex 2.25642 39.0979 4.4
    endloop
  endfacet
  facet normal -0.65937 -0.751819 0
    outer loop
      vertex 2.46967 2.46967 2.4
      vertex 2.54343 2.40498 4.4
      vertex 2.46967 2.46967 4.4
    endloop
  endfacet
  facet normal -0.65937 -0.751819 -0
    outer loop
      vertex 2.54343 2.40498 4.4
      vertex 2.46967 2.46967 2.4
      vertex 2.54343 2.40498 2.4
    endloop
  endfacet
  facet normal -0.195704 0.980663 0
    outer loop
      vertex 2.9021 39.7436 2.4
      vertex 2.80589 39.7244 4.4
      vertex 2.9021 39.7436 4.4
    endloop
  endfacet
  facet normal -0.195704 0.980663 0
    outer loop
      vertex 2.80589 39.7244 4.4
      vertex 2.9021 39.7436 2.4
      vertex 2.80589 39.7244 2.4
    endloop
  endfacet
  facet normal 0.663224 -0.748421 0
    outer loop
      vertex 102.457 2.40498 2.4
      vertex 102.53 2.46967 4.4
      vertex 102.457 2.40498 4.4
    endloop
  endfacet
  facet normal 0.663224 -0.748421 0
    outer loop
      vertex 102.53 2.46967 4.4
      vertex 102.457 2.40498 2.4
      vertex 102.53 2.46967 2.4
    endloop
  endfacet
  facet normal 0.829225 0.558914 0
    outer loop
      vertex 102.65 39.375 4.4
      vertex 102.595 39.4566 2.4
      vertex 102.595 39.4566 4.4
    endloop
  endfacet
  facet normal 0.829225 0.558914 0
    outer loop
      vertex 102.595 39.4566 2.4
      vertex 102.65 39.375 4.4
      vertex 102.65 39.375 2.4
    endloop
  endfacet
  facet normal 0.553528 -0.832831 0
    outer loop
      vertex 102.375 2.35048 2.4
      vertex 102.457 2.40498 4.4
      vertex 102.375 2.35048 4.4
    endloop
  endfacet
  facet normal 0.553528 -0.832831 0
    outer loop
      vertex 102.457 2.40498 4.4
      vertex 102.375 2.35048 2.4
      vertex 102.457 2.40498 2.4
    endloop
  endfacet
  facet normal -0.0654366 -0.997857 0
    outer loop
      vertex 2.9021 2.25642 2.4
      vertex 3 2.25 4.4
      vertex 2.9021 2.25642 4.4
    endloop
  endfacet
  facet normal -0.0654366 -0.997857 -0
    outer loop
      vertex 3 2.25 4.4
      vertex 2.9021 2.25642 2.4
      vertex 3 2.25 2.4
    endloop
  endfacet
  facet normal 0.663281 0.74837 -0
    outer loop
      vertex 102.53 39.5303 2.4
      vertex 102.457 39.595 4.4
      vertex 102.53 39.5303 4.4
    endloop
  endfacet
  facet normal 0.663281 0.74837 0
    outer loop
      vertex 102.457 39.595 4.4
      vertex 102.53 39.5303 2.4
      vertex 102.457 39.595 2.4
    endloop
  endfacet
  facet normal 0.979069 -0.203528 0
    outer loop
      vertex 102.724 2.80589 4.4
      vertex 102.744 2.9021 2.4
      vertex 102.744 2.9021 4.4
    endloop
  endfacet
  facet normal 0.979069 -0.203528 0
    outer loop
      vertex 102.744 2.9021 2.4
      vertex 102.724 2.80589 4.4
      vertex 102.724 2.80589 2.4
    endloop
  endfacet
  facet normal -0.751552 0.659673 0
    outer loop
      vertex 2.40498 39.4566 2.4
      vertex 2.46967 39.5303 4.4
      vertex 2.46967 39.5303 2.4
    endloop
  endfacet
  facet normal -0.751552 0.659673 0
    outer loop
      vertex 2.46967 39.5303 4.4
      vertex 2.40498 39.4566 2.4
      vertex 2.40498 39.4566 4.4
    endloop
  endfacet
  facet normal 0.442315 0.89686 -0
    outer loop
      vertex 102.375 39.6495 2.4
      vertex 102.287 39.6929 4.4
      vertex 102.375 39.6495 4.4
    endloop
  endfacet
  facet normal 0.442315 0.89686 0
    outer loop
      vertex 102.287 39.6929 4.4
      vertex 102.375 39.6495 2.4
      vertex 102.287 39.6929 2.4
    endloop
  endfacet
  facet normal 0.998127 -0.0611723 0
    outer loop
      vertex 102.744 2.9021 4.4
      vertex 102.75 3 2.4
      vertex 102.75 3 4.4
    endloop
  endfacet
  facet normal 0.998127 -0.0611723 0
    outer loop
      vertex 102.75 3 2.4
      vertex 102.744 2.9021 4.4
      vertex 102.744 2.9021 2.4
    endloop
  endfacet
  facet normal -0.555547 -0.831485 0
    outer loop
      vertex 2.54343 2.40498 2.4
      vertex 2.625 2.35048 4.4
      vertex 2.54343 2.40498 4.4
    endloop
  endfacet
  facet normal -0.555547 -0.831485 -0
    outer loop
      vertex 2.625 2.35048 4.4
      vertex 2.54343 2.40498 2.4
      vertex 2.625 2.35048 2.4
    endloop
  endfacet
  facet normal -0.321086 0.94705 0
    outer loop
      vertex 2.80589 39.7244 2.4
      vertex 2.71298 39.6929 4.4
      vertex 2.80589 39.7244 4.4
    endloop
  endfacet
  facet normal -0.321086 0.94705 0
    outer loop
      vertex 2.71298 39.6929 4.4
      vertex 2.80589 39.7244 2.4
      vertex 2.71298 39.6929 2.4
    endloop
  endfacet
  facet normal -0.555547 0.831485 0
    outer loop
      vertex 2.625 39.6495 2.4
      vertex 2.54343 39.595 4.4
      vertex 2.625 39.6495 4.4
    endloop
  endfacet
  facet normal -0.555547 0.831485 0
    outer loop
      vertex 2.54343 39.595 4.4
      vertex 2.625 39.6495 2.4
      vertex 2.54343 39.595 2.4
    endloop
  endfacet
  facet normal 0.320807 0.947145 -0
    outer loop
      vertex 102.287 39.6929 2.4
      vertex 102.194 39.7244 4.4
      vertex 102.287 39.6929 4.4
    endloop
  endfacet
  facet normal 0.320807 0.947145 0
    outer loop
      vertex 102.194 39.7244 4.4
      vertex 102.287 39.6929 2.4
      vertex 102.194 39.7244 2.4
    endloop
  endfacet
  facet normal -0.89682 -0.442396 0
    outer loop
      vertex 2.35048 2.625 2.4
      vertex 2.30708 2.71298 4.4
      vertex 2.30708 2.71298 2.4
    endloop
  endfacet
  facet normal -0.89682 -0.442396 0
    outer loop
      vertex 2.30708 2.71298 4.4
      vertex 2.35048 2.625 2.4
      vertex 2.35048 2.625 4.4
    endloop
  endfacet
  facet normal -0.946988 -0.321269 0
    outer loop
      vertex 2.30708 2.71298 2.4
      vertex 2.27556 2.80589 4.4
      vertex 2.27556 2.80589 2.4
    endloop
  endfacet
  facet normal -0.946988 -0.321269 0
    outer loop
      vertex 2.27556 2.80589 4.4
      vertex 2.30708 2.71298 2.4
      vertex 2.30708 2.71298 4.4
    endloop
  endfacet
  facet normal -0.83158 0.555406 0
    outer loop
      vertex 2.35048 39.375 2.4
      vertex 2.40498 39.4566 4.4
      vertex 2.40498 39.4566 2.4
    endloop
  endfacet
  facet normal -0.83158 0.555406 0
    outer loop
      vertex 2.40498 39.4566 4.4
      vertex 2.35048 39.375 2.4
      vertex 2.35048 39.375 4.4
    endloop
  endfacet
  facet normal -0.321269 -0.946988 0
    outer loop
      vertex 2.71298 2.30708 2.4
      vertex 2.80589 2.27556 4.4
      vertex 2.71298 2.30708 4.4
    endloop
  endfacet
  facet normal -0.321269 -0.946988 -0
    outer loop
      vertex 2.80589 2.27556 4.4
      vertex 2.71298 2.30708 2.4
      vertex 2.80589 2.27556 2.4
    endloop
  endfacet
  facet normal 0 0 1
    outer loop
      vertex 101.521 38.5207 4.4
      vertex 102.75 39 4.4
      vertex 102.744 39.0979 4.4
    endloop
  endfacet
  facet normal 0 0 1
    outer loop
      vertex 102.75 39 4.4
      vertex 101.55 38.45 4.4
      vertex 102.75 3 4.4
    endloop
  endfacet
  facet normal 0 0 1
    outer loop
      vertex 101.521 38.5207 4.4
      vertex 102.744 39.0979 4.4
      vertex 102.724 39.1941 4.4
    endloop
  endfacet
  facet normal -0 0 1
    outer loop
      vertex 101.55 3.55001 4.4
      vertex 102.75 3 4.4
      vertex 101.55 38.45 4.4
    endloop
  endfacet
  facet normal 0 0 1
    outer loop
      vertex 101.521 38.5207 4.4
      vertex 102.724 39.1941 4.4
      vertex 102.693 39.287 4.4
    endloop
  endfacet
  facet normal -0 0 1
    outer loop
      vertex 101.549 3.53696 4.4
      vertex 102.75 3 4.4
      vertex 101.55 3.55001 4.4
    endloop
  endfacet
  facet normal 0 0 1
    outer loop
      vertex 101.521 38.5207 4.4
      vertex 102.693 39.287 4.4
      vertex 102.65 39.375 4.4
    endloop
  endfacet
  facet normal -0 0 1
    outer loop
      vertex 101.547 3.52413 4.4
      vertex 102.75 3 4.4
      vertex 101.549 3.53696 4.4
    endloop
  endfacet
  facet normal 0 0 1
    outer loop
      vertex 101.521 38.5207 4.4
      vertex 102.65 39.375 4.4
      vertex 102.595 39.4566 4.4
    endloop
  endfacet
  facet normal -0 0 1
    outer loop
      vertex 101.542 3.51174 4.4
      vertex 102.75 3 4.4
      vertex 101.547 3.52413 4.4
    endloop
  endfacet
  facet normal 0 0 1
    outer loop
      vertex 101.521 38.5207 4.4
      vertex 102.595 39.4566 4.4
      vertex 102.53 39.5303 4.4
    endloop
  endfacet
  facet normal -0 0 1
    outer loop
      vertex 101.537 3.5 4.4
      vertex 102.75 3 4.4
      vertex 101.542 3.51174 4.4
    endloop
  endfacet
  facet normal 0 0 1
    outer loop
      vertex 101.521 38.5207 4.4
      vertex 102.53 39.5303 4.4
      vertex 102.457 39.595 4.4
    endloop
  endfacet
  facet normal -0 0 1
    outer loop
      vertex 101.529 3.48912 4.4
      vertex 102.75 3 4.4
      vertex 101.537 3.5 4.4
    endloop
  endfacet
  facet normal 0 0 1
    outer loop
      vertex 101.521 38.5207 4.4
      vertex 102.457 39.595 4.4
      vertex 102.375 39.6495 4.4
    endloop
  endfacet
  facet normal -0 0 1
    outer loop
      vertex 101.521 3.4793 4.4
      vertex 102.75 3 4.4
      vertex 101.529 3.48912 4.4
    endloop
  endfacet
  facet normal 0 0 1
    outer loop
      vertex 101.521 38.5207 4.4
      vertex 102.375 39.6495 4.4
      vertex 102.287 39.6929 4.4
    endloop
  endfacet
  facet normal 0 0 1
    outer loop
      vertex 102.75 3 4.4
      vertex 101.521 3.4793 4.4
      vertex 102.744 2.9021 4.4
    endloop
  endfacet
  facet normal 0 0 1
    outer loop
      vertex 101.521 38.5207 4.4
      vertex 102.287 39.6929 4.4
      vertex 102.194 39.7244 4.4
    endloop
  endfacet
  facet normal 0 0 1
    outer loop
      vertex 102.744 2.9021 4.4
      vertex 101.521 3.4793 4.4
      vertex 102.724 2.80589 4.4
    endloop
  endfacet
  facet normal 0 0 1
    outer loop
      vertex 101.521 38.5207 4.4
      vertex 102.194 39.7244 4.4
      vertex 102.098 39.7436 4.4
    endloop
  endfacet
  facet normal 0 0 1
    outer loop
      vertex 102.724 2.80589 4.4
      vertex 101.521 3.4793 4.4
      vertex 102.693 2.71298 4.4
    endloop
  endfacet
  facet normal 0 0 1
    outer loop
      vertex 101.521 38.5207 4.4
      vertex 102.098 39.7436 4.4
      vertex 102 39.75 4.4
    endloop
  endfacet
  facet normal 0 0 1
    outer loop
      vertex 102.693 2.71298 4.4
      vertex 101.521 3.4793 4.4
      vertex 102.65 2.625 4.4
    endloop
  endfacet
  facet normal 0 0 1
    outer loop
      vertex 102.65 2.625 4.4
      vertex 101.521 3.4793 4.4
      vertex 102.595 2.54343 4.4
    endloop
  endfacet
  facet normal 0 0 1
    outer loop
      vertex 102.75 39 4.4
      vertex 101.549 38.463 4.4
      vertex 101.55 38.45 4.4
    endloop
  endfacet
  facet normal 0 0 1
    outer loop
      vertex 102.75 39 4.4
      vertex 101.547 38.4759 4.4
      vertex 101.549 38.463 4.4
    endloop
  endfacet
  facet normal 0 0 1
    outer loop
      vertex 102.75 39 4.4
      vertex 101.542 38.4883 4.4
      vertex 101.547 38.4759 4.4
    endloop
  endfacet
  facet normal 0 0 1
    outer loop
      vertex 102.75 39 4.4
      vertex 101.537 38.5 4.4
      vertex 101.542 38.4883 4.4
    endloop
  endfacet
  facet normal 0 0 1
    outer loop
      vertex 102.75 39 4.4
      vertex 101.529 38.5109 4.4
      vertex 101.537 38.5 4.4
    endloop
  endfacet
  facet normal 0 0 1
    outer loop
      vertex 102.75 39 4.4
      vertex 101.521 38.5207 4.4
      vertex 101.529 38.5109 4.4
    endloop
  endfacet
  facet normal 0 0 1
    outer loop
      vertex 102 39.75 4.4
      vertex 101.511 38.5293 4.4
      vertex 101.521 38.5207 4.4
    endloop
  endfacet
  facet normal 0 0 1
    outer loop
      vertex 102 39.75 4.4
      vertex 101.5 38.5366 4.4
      vertex 101.511 38.5293 4.4
    endloop
  endfacet
  facet normal 0 0 1
    outer loop
      vertex 102 39.75 4.4
      vertex 101.488 38.5424 4.4
      vertex 101.5 38.5366 4.4
    endloop
  endfacet
  facet normal 0 0 1
    outer loop
      vertex 102 39.75 4.4
      vertex 101.476 38.5466 4.4
      vertex 101.488 38.5424 4.4
    endloop
  endfacet
  facet normal 0 0 1
    outer loop
      vertex 102 39.75 4.4
      vertex 101.463 38.5491 4.4
      vertex 101.476 38.5466 4.4
    endloop
  endfacet
  facet normal 0 0 1
    outer loop
      vertex 102 39.75 4.4
      vertex 101.45 38.55 4.4
      vertex 101.463 38.5491 4.4
    endloop
  endfacet
  facet normal -0 0 1
    outer loop
      vertex 66.0365 38.8264 4.4
      vertex 101.45 38.55 4.4
      vertex 102 39.75 4.4
    endloop
  endfacet
  facet normal 0 0 1
    outer loop
      vertex 101.45 38.55 4.4
      vertex 66.0365 38.8264 4.4
      vertex 66.1303 38.55 4.4
    endloop
  endfacet
  facet normal 0 0 1
    outer loop
      vertex 102 39.75 4.4
      vertex 65.7906 39.325 4.4
      vertex 66.0365 38.8264 4.4
    endloop
  endfacet
  facet normal 0 -0 1
    outer loop
      vertex 65.7906 39.325 4.4
      vertex 102 39.75 4.4
      vertex 65.5066 39.75 4.4
    endloop
  endfacet
  facet normal 0 0 1
    outer loop
      vertex 102.595 2.54343 4.4
      vertex 101.521 3.4793 4.4
      vertex 102.53 2.46967 4.4
    endloop
  endfacet
  facet normal 0 0 1
    outer loop
      vertex 102.53 2.46967 4.4
      vertex 101.521 3.4793 4.4
      vertex 102.457 2.40498 4.4
    endloop
  endfacet
  facet normal 0 0 1
    outer loop
      vertex 102.457 2.40498 4.4
      vertex 101.521 3.4793 4.4
      vertex 102.375 2.35048 4.4
    endloop
  endfacet
  facet normal 0 0 1
    outer loop
      vertex 102.375 2.35048 4.4
      vertex 101.521 3.4793 4.4
      vertex 102.287 2.30708 4.4
    endloop
  endfacet
  facet normal 0 0 1
    outer loop
      vertex 102.287 2.30708 4.4
      vertex 101.521 3.4793 4.4
      vertex 102.194 2.27556 4.4
    endloop
  endfacet
  facet normal 0 0 1
    outer loop
      vertex 102.194 2.27556 4.4
      vertex 101.521 3.4793 4.4
      vertex 102.098 2.25642 4.4
    endloop
  endfacet
  facet normal 0 0 1
    outer loop
      vertex 102.098 2.25642 4.4
      vertex 101.521 3.4793 4.4
      vertex 102 2.25 4.4
    endloop
  endfacet
  facet normal -0 0 1
    outer loop
      vertex 101.511 3.47068 4.4
      vertex 102 2.25 4.4
      vertex 101.521 3.4793 4.4
    endloop
  endfacet
  facet normal -0 0 1
    outer loop
      vertex 101.5 3.4634 4.4
      vertex 102 2.25 4.4
      vertex 101.511 3.47068 4.4
    endloop
  endfacet
  facet normal -0 0 1
    outer loop
      vertex 101.488 3.45761 4.4
      vertex 102 2.25 4.4
      vertex 101.5 3.4634 4.4
    endloop
  endfacet
  facet normal -0 0 1
    outer loop
      vertex 101.476 3.45342 4.4
      vertex 102 2.25 4.4
      vertex 101.488 3.45761 4.4
    endloop
  endfacet
  facet normal -0 0 1
    outer loop
      vertex 101.463 3.45085 4.4
      vertex 102 2.25 4.4
      vertex 101.476 3.45342 4.4
    endloop
  endfacet
  facet normal -0 0 1
    outer loop
      vertex 101.45 3.45 4.4
      vertex 102 2.25 4.4
      vertex 101.463 3.45085 4.4
    endloop
  endfacet
  facet normal 0 0 1
    outer loop
      vertex 66.0365 3.17359 4.4
      vertex 101.45 3.45 4.4
      vertex 66.1303 3.45 4.4
    endloop
  endfacet
  facet normal 0 0 1
    outer loop
      vertex 101.45 3.45 4.4
      vertex 66.0365 3.17359 4.4
      vertex 102 2.25 4.4
    endloop
  endfacet
  facet normal -0 0 1
    outer loop
      vertex 65.7906 2.675 4.4
      vertex 102 2.25 4.4
      vertex 66.0365 3.17359 4.4
    endloop
  endfacet
  facet normal 0 0 1
    outer loop
      vertex 102 2.25 4.4
      vertex 65.7906 2.675 4.4
      vertex 65.5066 2.25 4.4
    endloop
  endfacet
  facet normal 0 0 1
    outer loop
      vertex 29.9635 38.8264 4.4
      vertex 3.55001 38.55 4.4
      vertex 29.8697 38.55 4.4
    endloop
  endfacet
  facet normal 0 0 1
    outer loop
      vertex 3 39.75 4.4
      vertex 29.9635 38.8264 4.4
      vertex 30.2094 39.325 4.4
    endloop
  endfacet
  facet normal -0 0 1
    outer loop
      vertex 3 39.75 4.4
      vertex 30.2094 39.325 4.4
      vertex 30.4934 39.75 4.4
    endloop
  endfacet
  facet normal -0 0 1
    outer loop
      vertex 2.40498 39.4566 4.4
      vertex 3.4793 38.5207 4.4
      vertex 2.46967 39.5303 4.4
    endloop
  endfacet
  facet normal -0 0 1
    outer loop
      vertex 2.46967 39.5303 4.4
      vertex 3.4793 38.5207 4.4
      vertex 2.54343 39.595 4.4
    endloop
  endfacet
  facet normal -0 0 1
    outer loop
      vertex 2.54343 39.595 4.4
      vertex 3.4793 38.5207 4.4
      vertex 2.625 39.6495 4.4
    endloop
  endfacet
  facet normal -0 0 1
    outer loop
      vertex 2.625 39.6495 4.4
      vertex 3.4793 38.5207 4.4
      vertex 2.71298 39.6929 4.4
    endloop
  endfacet
  facet normal -0 0 1
    outer loop
      vertex 2.71298 39.6929 4.4
      vertex 3.4793 38.5207 4.4
      vertex 2.80589 39.7244 4.4
    endloop
  endfacet
  facet normal -0 0 1
    outer loop
      vertex 2.80589 39.7244 4.4
      vertex 3.4793 38.5207 4.4
      vertex 2.9021 39.7436 4.4
    endloop
  endfacet
  facet normal -0 0 1
    outer loop
      vertex 2.9021 39.7436 4.4
      vertex 3.4793 38.5207 4.4
      vertex 3 39.75 4.4
    endloop
  endfacet
  facet normal 0 0 1
    outer loop
      vertex 3.48912 38.5293 4.4
      vertex 3 39.75 4.4
      vertex 3.4793 38.5207 4.4
    endloop
  endfacet
  facet normal 0 0 1
    outer loop
      vertex 3.5 38.5366 4.4
      vertex 3 39.75 4.4
      vertex 3.48912 38.5293 4.4
    endloop
  endfacet
  facet normal 0 0 1
    outer loop
      vertex 3.51174 38.5424 4.4
      vertex 3 39.75 4.4
      vertex 3.5 38.5366 4.4
    endloop
  endfacet
  facet normal 0 0 1
    outer loop
      vertex 3.52413 38.5466 4.4
      vertex 3 39.75 4.4
      vertex 3.51174 38.5424 4.4
    endloop
  endfacet
  facet normal 0 0 1
    outer loop
      vertex 3.53696 38.5491 4.4
      vertex 3 39.75 4.4
      vertex 3.52413 38.5466 4.4
    endloop
  endfacet
  facet normal 0 0 1
    outer loop
      vertex 3.55001 38.55 4.4
      vertex 3 39.75 4.4
      vertex 3.53696 38.5491 4.4
    endloop
  endfacet
  facet normal 0 0 1
    outer loop
      vertex 29.9635 38.8264 4.4
      vertex 3 39.75 4.4
      vertex 3.55001 38.55 4.4
    endloop
  endfacet
  facet normal -0 0 1
    outer loop
      vertex 3.55001 3.45 4.4
      vertex 29.9635 3.17359 4.4
      vertex 29.8697 3.45 4.4
    endloop
  endfacet
  facet normal 0 0 1
    outer loop
      vertex 3 2.25 4.4
      vertex 29.9635 3.17359 4.4
      vertex 3.55001 3.45 4.4
    endloop
  endfacet
  facet normal 0 0 1
    outer loop
      vertex 29.9635 3.17359 4.4
      vertex 3 2.25 4.4
      vertex 30.2094 2.675 4.4
    endloop
  endfacet
  facet normal 0 0 1
    outer loop
      vertex 30.2094 2.675 4.4
      vertex 3 2.25 4.4
      vertex 30.4934 2.25 4.4
    endloop
  endfacet
  facet normal 0 0 1
    outer loop
      vertex 3.53696 3.45085 4.4
      vertex 3 2.25 4.4
      vertex 3.55001 3.45 4.4
    endloop
  endfacet
  facet normal 0 0 1
    outer loop
      vertex 3.52413 3.45342 4.4
      vertex 3 2.25 4.4
      vertex 3.53696 3.45085 4.4
    endloop
  endfacet
  facet normal 0 0 1
    outer loop
      vertex 3.51174 3.45761 4.4
      vertex 3 2.25 4.4
      vertex 3.52413 3.45342 4.4
    endloop
  endfacet
  facet normal 0 0 1
    outer loop
      vertex 3.5 3.4634 4.4
      vertex 3 2.25 4.4
      vertex 3.51174 3.45761 4.4
    endloop
  endfacet
  facet normal 0 0 1
    outer loop
      vertex 3.48912 3.47068 4.4
      vertex 3 2.25 4.4
      vertex 3.5 3.4634 4.4
    endloop
  endfacet
  facet normal 0 0 1
    outer loop
      vertex 3.4793 3.4793 4.4
      vertex 3 2.25 4.4
      vertex 3.48912 3.47068 4.4
    endloop
  endfacet
  facet normal 0 0 1
    outer loop
      vertex 2.25 3 4.4
      vertex 3.4793 3.4793 4.4
      vertex 3.47068 3.48912 4.4
    endloop
  endfacet
  facet normal 0 0 1
    outer loop
      vertex 2.25 3 4.4
      vertex 3.47068 3.48912 4.4
      vertex 3.4634 3.5 4.4
    endloop
  endfacet
  facet normal 0 0 1
    outer loop
      vertex 2.25 3 4.4
      vertex 3.4634 3.5 4.4
      vertex 3.45761 3.51174 4.4
    endloop
  endfacet
  facet normal 0 0 1
    outer loop
      vertex 2.25 3 4.4
      vertex 3.45761 3.51174 4.4
      vertex 3.45342 3.52413 4.4
    endloop
  endfacet
  facet normal 0 0 1
    outer loop
      vertex 2.25 3 4.4
      vertex 3.45342 3.52413 4.4
      vertex 3.45085 3.53696 4.4
    endloop
  endfacet
  facet normal 0 0 1
    outer loop
      vertex 2.25 3 4.4
      vertex 3.45085 3.53696 4.4
      vertex 3.45 3.55001 4.4
    endloop
  endfacet
  facet normal 0 0 1
    outer loop
      vertex 3.45 38.45 4.4
      vertex 2.25 39 4.4
      vertex 3.45 3.55001 4.4
    endloop
  endfacet
  facet normal -0 0 1
    outer loop
      vertex 2.35048 39.375 4.4
      vertex 3.4793 38.5207 4.4
      vertex 2.40498 39.4566 4.4
    endloop
  endfacet
  facet normal 0 0 1
    outer loop
      vertex 2.25 3 4.4
      vertex 3.45 3.55001 4.4
      vertex 2.25 39 4.4
    endloop
  endfacet
  facet normal -0 0 1
    outer loop
      vertex 2.30708 39.287 4.4
      vertex 3.4793 38.5207 4.4
      vertex 2.35048 39.375 4.4
    endloop
  endfacet
  facet normal 0 0 1
    outer loop
      vertex 3.4793 3.4793 4.4
      vertex 2.25 3 4.4
      vertex 2.27556 2.80589 4.4
    endloop
  endfacet
  facet normal -0 0 1
    outer loop
      vertex 2.27556 39.1941 4.4
      vertex 3.4793 38.5207 4.4
      vertex 2.30708 39.287 4.4
    endloop
  endfacet
  facet normal 0 0 1
    outer loop
      vertex 3.4793 3.4793 4.4
      vertex 2.9021 2.25642 4.4
      vertex 3 2.25 4.4
    endloop
  endfacet
  facet normal -0 0 1
    outer loop
      vertex 2.25 39 4.4
      vertex 3.4793 38.5207 4.4
      vertex 2.27556 39.1941 4.4
    endloop
  endfacet
  facet normal 0 0 1
    outer loop
      vertex 3.4793 3.4793 4.4
      vertex 2.80589 2.27556 4.4
      vertex 2.9021 2.25642 4.4
    endloop
  endfacet
  facet normal 0 0 1
    outer loop
      vertex 3.4793 38.5207 4.4
      vertex 2.25 39 4.4
      vertex 3.47068 38.5109 4.4
    endloop
  endfacet
  facet normal 0 0 1
    outer loop
      vertex 3.4793 3.4793 4.4
      vertex 2.71298 2.30708 4.4
      vertex 2.80589 2.27556 4.4
    endloop
  endfacet
  facet normal 0 0 1
    outer loop
      vertex 3.4634 38.5 4.4
      vertex 2.25 39 4.4
      vertex 3.45761 38.4883 4.4
    endloop
  endfacet
  facet normal 0 0 1
    outer loop
      vertex 3.4793 3.4793 4.4
      vertex 2.625 2.35048 4.4
      vertex 2.71298 2.30708 4.4
    endloop
  endfacet
  facet normal 0 0 1
    outer loop
      vertex 3.45085 38.463 4.4
      vertex 2.25 39 4.4
      vertex 3.45 38.45 4.4
    endloop
  endfacet
  facet normal 0 0 1
    outer loop
      vertex 3.4793 3.4793 4.4
      vertex 2.54343 2.40498 4.4
      vertex 2.625 2.35048 4.4
    endloop
  endfacet
  facet normal 0 0 1
    outer loop
      vertex 3.45342 38.4759 4.4
      vertex 2.25 39 4.4
      vertex 3.45085 38.463 4.4
    endloop
  endfacet
  facet normal 0 0 1
    outer loop
      vertex 3.4793 3.4793 4.4
      vertex 2.46967 2.46967 4.4
      vertex 2.54343 2.40498 4.4
    endloop
  endfacet
  facet normal 0 0 1
    outer loop
      vertex 3.45761 38.4883 4.4
      vertex 2.25 39 4.4
      vertex 3.45342 38.4759 4.4
    endloop
  endfacet
  facet normal 0 0 1
    outer loop
      vertex 3.4793 3.4793 4.4
      vertex 2.40498 2.54343 4.4
      vertex 2.46967 2.46967 4.4
    endloop
  endfacet
  facet normal 0 0 1
    outer loop
      vertex 3.47068 38.5109 4.4
      vertex 2.25 39 4.4
      vertex 3.4634 38.5 4.4
    endloop
  endfacet
  facet normal 0 0 1
    outer loop
      vertex 3.4793 3.4793 4.4
      vertex 2.35048 2.625 4.4
      vertex 2.40498 2.54343 4.4
    endloop
  endfacet
  facet normal 0 0 1
    outer loop
      vertex 2.25 39 4.4
      vertex 2.27556 39.1941 4.4
      vertex 2.25642 39.0979 4.4
    endloop
  endfacet
  facet normal 0 0 1
    outer loop
      vertex 3.4793 3.4793 4.4
      vertex 2.30708 2.71298 4.4
      vertex 2.35048 2.625 4.4
    endloop
  endfacet
  facet normal 0 0 1
    outer loop
      vertex 3.4793 3.4793 4.4
      vertex 2.27556 2.80589 4.4
      vertex 2.30708 2.71298 4.4
    endloop
  endfacet
  facet normal 0 0 1
    outer loop
      vertex 2.27556 2.80589 4.4
      vertex 2.25 3 4.4
      vertex 2.25642 2.9021 4.4
    endloop
  endfacet
  facet normal -0 0 1
    outer loop
      vertex 37.9103 3.45 4.4
      vertex 58.1835 3.17359 4.4
      vertex 58.0897 3.45 4.4
    endloop
  endfacet
  facet normal 0 0 1
    outer loop
      vertex 37.8165 3.17359 4.4
      vertex 58.1835 3.17359 4.4
      vertex 37.9103 3.45 4.4
    endloop
  endfacet
  facet normal 0 0 1
    outer loop
      vertex 58.1835 3.17359 4.4
      vertex 37.8165 3.17359 4.4
      vertex 58.4294 2.675 4.4
    endloop
  endfacet
  facet normal 0 0 1
    outer loop
      vertex 37.5706 2.675 4.4
      vertex 58.4294 2.675 4.4
      vertex 37.8165 3.17359 4.4
    endloop
  endfacet
  facet normal 0 0 1
    outer loop
      vertex 58.4294 2.675 4.4
      vertex 37.5706 2.675 4.4
      vertex 58.7134 2.25 4.4
    endloop
  endfacet
  facet normal 0 0 1
    outer loop
      vertex 58.7134 2.25 4.4
      vertex 37.5706 2.675 4.4
      vertex 37.2866 2.25 4.4
    endloop
  endfacet
  facet normal 0 0 1
    outer loop
      vertex 58.1835 38.8264 4.4
      vertex 37.9103 38.55 4.4
      vertex 58.0897 38.55 4.4
    endloop
  endfacet
  facet normal 0 0 1
    outer loop
      vertex 37.8165 38.8264 4.4
      vertex 58.1835 38.8264 4.4
      vertex 58.4294 39.325 4.4
    endloop
  endfacet
  facet normal 0 0 1
    outer loop
      vertex 37.5706 39.325 4.4
      vertex 58.4294 39.325 4.4
      vertex 58.7134 39.75 4.4
    endloop
  endfacet
  facet normal 0 0 1
    outer loop
      vertex 58.1835 38.8264 4.4
      vertex 37.8165 38.8264 4.4
      vertex 37.9103 38.55 4.4
    endloop
  endfacet
  facet normal 0 0 1
    outer loop
      vertex 58.4294 39.325 4.4
      vertex 37.5706 39.325 4.4
      vertex 37.8165 38.8264 4.4
    endloop
  endfacet
  facet normal 0 -0 1
    outer loop
      vertex 37.5706 39.325 4.4
      vertex 58.7134 39.75 4.4
      vertex 37.2866 39.75 4.4
    endloop
  endfacet
  facet normal 0.0651673 0.997874 -0
    outer loop
      vertex 102.098 39.7436 2.4
      vertex 102 39.75 4.4
      vertex 102.098 39.7436 4.4
    endloop
  endfacet
  facet normal 0.0651673 0.997874 0
    outer loop
      vertex 102 39.75 4.4
      vertex 102.098 39.7436 2.4
      vertex 102 39.75 2.4
    endloop
  endfacet
  facet normal 0.750253 -0.661151 0
    outer loop
      vertex 102.53 2.46967 4.4
      vertex 102.595 2.54343 2.4
      vertex 102.595 2.54343 4.4
    endloop
  endfacet
  facet normal 0.750253 -0.661151 0
    outer loop
      vertex 102.595 2.54343 2.4
      vertex 102.53 2.46967 4.4
      vertex 102.53 2.46967 2.4
    endloop
  endfacet
  facet normal -0.442396 -0.89682 0
    outer loop
      vertex 2.625 2.35048 2.4
      vertex 2.71298 2.30708 4.4
      vertex 2.625 2.35048 4.4
    endloop
  endfacet
  facet normal -0.442396 -0.89682 -0
    outer loop
      vertex 2.71298 2.30708 4.4
      vertex 2.625 2.35048 2.4
      vertex 2.71298 2.30708 2.4
    endloop
  endfacet
  facet normal 0.948591 -0.316503 0
    outer loop
      vertex 102.693 2.71298 4.4
      vertex 102.724 2.80589 2.4
      vertex 102.724 2.80589 4.4
    endloop
  endfacet
  facet normal 0.948591 -0.316503 0
    outer loop
      vertex 102.724 2.80589 2.4
      vertex 102.693 2.71298 4.4
      vertex 102.693 2.71298 2.4
    endloop
  endfacet
  facet normal 0.82913 -0.559056 0
    outer loop
      vertex 102.595 2.54343 4.4
      vertex 102.65 2.625 2.4
      vertex 102.65 2.625 4.4
    endloop
  endfacet
  facet normal 0.82913 -0.559056 0
    outer loop
      vertex 102.65 2.625 2.4
      vertex 102.595 2.54343 4.4
      vertex 102.595 2.54343 2.4
    endloop
  endfacet
  facet normal 0 0 -1
    outer loop
      vertex 29.9635 3.17359 2.4
      vertex 3.55001 3.45 2.4
      vertex 29.8697 3.45 2.4
    endloop
  endfacet
  facet normal 0 0 -1
    outer loop
      vertex 3 2.25 2.4
      vertex 29.9635 3.17359 2.4
      vertex 30.2094 2.675 2.4
    endloop
  endfacet
  facet normal 0 0 -1
    outer loop
      vertex 3 2.25 2.4
      vertex 30.2094 2.675 2.4
      vertex 30.4934 2.25 2.4
    endloop
  endfacet
  facet normal 0 0 -1
    outer loop
      vertex 2.40498 2.54343 2.4
      vertex 3.4793 3.4793 2.4
      vertex 2.46967 2.46967 2.4
    endloop
  endfacet
  facet normal 0 0 -1
    outer loop
      vertex 2.46967 2.46967 2.4
      vertex 3.4793 3.4793 2.4
      vertex 2.54343 2.40498 2.4
    endloop
  endfacet
  facet normal 0 0 -1
    outer loop
      vertex 2.54343 2.40498 2.4
      vertex 3.4793 3.4793 2.4
      vertex 2.625 2.35048 2.4
    endloop
  endfacet
  facet normal 0 0 -1
    outer loop
      vertex 2.625 2.35048 2.4
      vertex 3.4793 3.4793 2.4
      vertex 2.71298 2.30708 2.4
    endloop
  endfacet
  facet normal 0 0 -1
    outer loop
      vertex 2.71298 2.30708 2.4
      vertex 3.4793 3.4793 2.4
      vertex 2.80589 2.27556 2.4
    endloop
  endfacet
  facet normal 0 0 -1
    outer loop
      vertex 2.80589 2.27556 2.4
      vertex 3.4793 3.4793 2.4
      vertex 2.9021 2.25642 2.4
    endloop
  endfacet
  facet normal 0 0 -1
    outer loop
      vertex 2.9021 2.25642 2.4
      vertex 3.4793 3.4793 2.4
      vertex 3 2.25 2.4
    endloop
  endfacet
  facet normal -0 0 -1
    outer loop
      vertex 3.48912 3.47068 2.4
      vertex 3 2.25 2.4
      vertex 3.4793 3.4793 2.4
    endloop
  endfacet
  facet normal -0 0 -1
    outer loop
      vertex 3.5 3.4634 2.4
      vertex 3 2.25 2.4
      vertex 3.48912 3.47068 2.4
    endloop
  endfacet
  facet normal -0 0 -1
    outer loop
      vertex 3.51174 3.45761 2.4
      vertex 3 2.25 2.4
      vertex 3.5 3.4634 2.4
    endloop
  endfacet
  facet normal -0 0 -1
    outer loop
      vertex 3.52413 3.45342 2.4
      vertex 3 2.25 2.4
      vertex 3.51174 3.45761 2.4
    endloop
  endfacet
  facet normal -0 0 -1
    outer loop
      vertex 3.53696 3.45085 2.4
      vertex 3 2.25 2.4
      vertex 3.52413 3.45342 2.4
    endloop
  endfacet
  facet normal -0 0 -1
    outer loop
      vertex 3.55001 3.45 2.4
      vertex 3 2.25 2.4
      vertex 3.53696 3.45085 2.4
    endloop
  endfacet
  facet normal -0 0 -1
    outer loop
      vertex 29.9635 3.17359 2.4
      vertex 3 2.25 2.4
      vertex 3.55001 3.45 2.4
    endloop
  endfacet
  facet normal 0 0 -1
    outer loop
      vertex 3.55001 38.55 2.4
      vertex 29.9635 38.8264 2.4
      vertex 29.8697 38.55 2.4
    endloop
  endfacet
  facet normal 0 0 -1
    outer loop
      vertex 3 39.75 2.4
      vertex 29.9635 38.8264 2.4
      vertex 3.55001 38.55 2.4
    endloop
  endfacet
  facet normal 0 0 -1
    outer loop
      vertex 29.9635 38.8264 2.4
      vertex 3 39.75 2.4
      vertex 30.2094 39.325 2.4
    endloop
  endfacet
  facet normal 0 0 -1
    outer loop
      vertex 30.2094 39.325 2.4
      vertex 3 39.75 2.4
      vertex 30.4934 39.75 2.4
    endloop
  endfacet
  facet normal 0 0 -1
    outer loop
      vertex 3.53696 38.5491 2.4
      vertex 3 39.75 2.4
      vertex 3.55001 38.55 2.4
    endloop
  endfacet
  facet normal 0 0 -1
    outer loop
      vertex 3.52413 38.5466 2.4
      vertex 3 39.75 2.4
      vertex 3.53696 38.5491 2.4
    endloop
  endfacet
  facet normal 0 0 -1
    outer loop
      vertex 3.51174 38.5424 2.4
      vertex 3 39.75 2.4
      vertex 3.52413 38.5466 2.4
    endloop
  endfacet
  facet normal 0 0 -1
    outer loop
      vertex 3.5 38.5366 2.4
      vertex 3 39.75 2.4
      vertex 3.51174 38.5424 2.4
    endloop
  endfacet
  facet normal 0 0 -1
    outer loop
      vertex 3.48912 38.5293 2.4
      vertex 3 39.75 2.4
      vertex 3.5 38.5366 2.4
    endloop
  endfacet
  facet normal 0 0 -1
    outer loop
      vertex 3.4793 38.5207 2.4
      vertex 3 39.75 2.4
      vertex 3.48912 38.5293 2.4
    endloop
  endfacet
  facet normal 0 0 -1
    outer loop
      vertex 2.25 39 2.4
      vertex 3.4793 38.5207 2.4
      vertex 3.47068 38.5109 2.4
    endloop
  endfacet
  facet normal 0 0 -1
    outer loop
      vertex 2.25 39 2.4
      vertex 3.47068 38.5109 2.4
      vertex 3.4634 38.5 2.4
    endloop
  endfacet
  facet normal 0 0 -1
    outer loop
      vertex 2.25 39 2.4
      vertex 3.4634 38.5 2.4
      vertex 3.45761 38.4883 2.4
    endloop
  endfacet
  facet normal 0 0 -1
    outer loop
      vertex 2.25 39 2.4
      vertex 3.45761 38.4883 2.4
      vertex 3.45342 38.4759 2.4
    endloop
  endfacet
  facet normal 0 0 -1
    outer loop
      vertex 2.25 39 2.4
      vertex 3.45342 38.4759 2.4
      vertex 3.45085 38.463 2.4
    endloop
  endfacet
  facet normal 0 0 -1
    outer loop
      vertex 2.25 39 2.4
      vertex 3.45085 38.463 2.4
      vertex 3.45 38.45 2.4
    endloop
  endfacet
  facet normal -0 0 -1
    outer loop
      vertex 3.45 3.55001 2.4
      vertex 2.25 3 2.4
      vertex 3.45 38.45 2.4
    endloop
  endfacet
  facet normal 0 0 -1
    outer loop
      vertex 2.35048 2.625 2.4
      vertex 3.4793 3.4793 2.4
      vertex 2.40498 2.54343 2.4
    endloop
  endfacet
  facet normal 0 0 -1
    outer loop
      vertex 2.25 39 2.4
      vertex 3.45 38.45 2.4
      vertex 2.25 3 2.4
    endloop
  endfacet
  facet normal 0 0 -1
    outer loop
      vertex 2.30708 2.71298 2.4
      vertex 3.4793 3.4793 2.4
      vertex 2.35048 2.625 2.4
    endloop
  endfacet
  facet normal 0 0 -1
    outer loop
      vertex 3.4793 38.5207 2.4
      vertex 2.25 39 2.4
      vertex 2.27556 39.1941 2.4
    endloop
  endfacet
  facet normal 0 0 -1
    outer loop
      vertex 2.27556 2.80589 2.4
      vertex 3.4793 3.4793 2.4
      vertex 2.30708 2.71298 2.4
    endloop
  endfacet
  facet normal 0 0 -1
    outer loop
      vertex 3.4793 38.5207 2.4
      vertex 2.9021 39.7436 2.4
      vertex 3 39.75 2.4
    endloop
  endfacet
  facet normal 0 0 -1
    outer loop
      vertex 2.25 3 2.4
      vertex 3.4793 3.4793 2.4
      vertex 2.27556 2.80589 2.4
    endloop
  endfacet
  facet normal 0 0 -1
    outer loop
      vertex 3.4793 38.5207 2.4
      vertex 2.80589 39.7244 2.4
      vertex 2.9021 39.7436 2.4
    endloop
  endfacet
  facet normal -0 0 -1
    outer loop
      vertex 3.4793 3.4793 2.4
      vertex 2.25 3 2.4
      vertex 3.47068 3.48912 2.4
    endloop
  endfacet
  facet normal 0 0 -1
    outer loop
      vertex 3.4793 38.5207 2.4
      vertex 2.71298 39.6929 2.4
      vertex 2.80589 39.7244 2.4
    endloop
  endfacet
  facet normal -0 0 -1
    outer loop
      vertex 3.4634 3.5 2.4
      vertex 2.25 3 2.4
      vertex 3.45761 3.51174 2.4
    endloop
  endfacet
  facet normal 0 0 -1
    outer loop
      vertex 3.4793 38.5207 2.4
      vertex 2.625 39.6495 2.4
      vertex 2.71298 39.6929 2.4
    endloop
  endfacet
  facet normal -0 0 -1
    outer loop
      vertex 3.45085 3.53696 2.4
      vertex 2.25 3 2.4
      vertex 3.45 3.55001 2.4
    endloop
  endfacet
  facet normal 0 0 -1
    outer loop
      vertex 3.4793 38.5207 2.4
      vertex 2.54343 39.595 2.4
      vertex 2.625 39.6495 2.4
    endloop
  endfacet
  facet normal -0 0 -1
    outer loop
      vertex 3.45342 3.52413 2.4
      vertex 2.25 3 2.4
      vertex 3.45085 3.53696 2.4
    endloop
  endfacet
  facet normal 0 0 -1
    outer loop
      vertex 3.4793 38.5207 2.4
      vertex 2.46967 39.5303 2.4
      vertex 2.54343 39.595 2.4
    endloop
  endfacet
  facet normal -0 0 -1
    outer loop
      vertex 3.45761 3.51174 2.4
      vertex 2.25 3 2.4
      vertex 3.45342 3.52413 2.4
    endloop
  endfacet
  facet normal 0 0 -1
    outer loop
      vertex 3.4793 38.5207 2.4
      vertex 2.40498 39.4566 2.4
      vertex 2.46967 39.5303 2.4
    endloop
  endfacet
  facet normal -0 0 -1
    outer loop
      vertex 3.47068 3.48912 2.4
      vertex 2.25 3 2.4
      vertex 3.4634 3.5 2.4
    endloop
  endfacet
  facet normal 0 0 -1
    outer loop
      vertex 3.4793 38.5207 2.4
      vertex 2.35048 39.375 2.4
      vertex 2.40498 39.4566 2.4
    endloop
  endfacet
  facet normal 0 0 -1
    outer loop
      vertex 2.25 3 2.4
      vertex 2.27556 2.80589 2.4
      vertex 2.25642 2.9021 2.4
    endloop
  endfacet
  facet normal 0 0 -1
    outer loop
      vertex 3.4793 38.5207 2.4
      vertex 2.30708 39.287 2.4
      vertex 2.35048 39.375 2.4
    endloop
  endfacet
  facet normal 0 0 -1
    outer loop
      vertex 3.4793 38.5207 2.4
      vertex 2.27556 39.1941 2.4
      vertex 2.30708 39.287 2.4
    endloop
  endfacet
  facet normal 0 0 -1
    outer loop
      vertex 2.27556 39.1941 2.4
      vertex 2.25 39 2.4
      vertex 2.25642 39.0979 2.4
    endloop
  endfacet
  facet normal 0 0 -1
    outer loop
      vertex 101.521 3.4793 2.4
      vertex 102.75 3 2.4
      vertex 102.744 2.9021 2.4
    endloop
  endfacet
  facet normal 0 0 -1
    outer loop
      vertex 102.75 3 2.4
      vertex 101.55 3.55001 2.4
      vertex 102.75 39 2.4
    endloop
  endfacet
  facet normal 0 0 -1
    outer loop
      vertex 101.521 3.4793 2.4
      vertex 102.744 2.9021 2.4
      vertex 102.724 2.80589 2.4
    endloop
  endfacet
  facet normal 0 0 -1
    outer loop
      vertex 101.55 38.45 2.4
      vertex 102.75 39 2.4
      vertex 101.55 3.55001 2.4
    endloop
  endfacet
  facet normal 0 0 -1
    outer loop
      vertex 101.521 3.4793 2.4
      vertex 102.724 2.80589 2.4
      vertex 102.693 2.71298 2.4
    endloop
  endfacet
  facet normal 0 0 -1
    outer loop
      vertex 101.549 38.463 2.4
      vertex 102.75 39 2.4
      vertex 101.55 38.45 2.4
    endloop
  endfacet
  facet normal 0 0 -1
    outer loop
      vertex 101.521 3.4793 2.4
      vertex 102.693 2.71298 2.4
      vertex 102.65 2.625 2.4
    endloop
  endfacet
  facet normal 0 0 -1
    outer loop
      vertex 101.547 38.4759 2.4
      vertex 102.75 39 2.4
      vertex 101.549 38.463 2.4
    endloop
  endfacet
  facet normal 0 0 -1
    outer loop
      vertex 101.521 3.4793 2.4
      vertex 102.65 2.625 2.4
      vertex 102.595 2.54343 2.4
    endloop
  endfacet
  facet normal 0 0 -1
    outer loop
      vertex 101.542 38.4883 2.4
      vertex 102.75 39 2.4
      vertex 101.547 38.4759 2.4
    endloop
  endfacet
  facet normal 0 0 -1
    outer loop
      vertex 101.521 3.4793 2.4
      vertex 102.595 2.54343 2.4
      vertex 102.53 2.46967 2.4
    endloop
  endfacet
  facet normal 0 0 -1
    outer loop
      vertex 101.537 38.5 2.4
      vertex 102.75 39 2.4
      vertex 101.542 38.4883 2.4
    endloop
  endfacet
  facet normal 0 0 -1
    outer loop
      vertex 101.521 3.4793 2.4
      vertex 102.53 2.46967 2.4
      vertex 102.457 2.40498 2.4
    endloop
  endfacet
  facet normal 0 0 -1
    outer loop
      vertex 101.529 38.5109 2.4
      vertex 102.75 39 2.4
      vertex 101.537 38.5 2.4
    endloop
  endfacet
  facet normal 0 0 -1
    outer loop
      vertex 101.521 3.4793 2.4
      vertex 102.457 2.40498 2.4
      vertex 102.375 2.35048 2.4
    endloop
  endfacet
  facet normal 0 0 -1
    outer loop
      vertex 101.521 38.5207 2.4
      vertex 102.75 39 2.4
      vertex 101.529 38.5109 2.4
    endloop
  endfacet
  facet normal 0 0 -1
    outer loop
      vertex 101.521 3.4793 2.4
      vertex 102.375 2.35048 2.4
      vertex 102.287 2.30708 2.4
    endloop
  endfacet
  facet normal -0 0 -1
    outer loop
      vertex 102.75 39 2.4
      vertex 101.521 38.5207 2.4
      vertex 102.744 39.0979 2.4
    endloop
  endfacet
  facet normal 0 0 -1
    outer loop
      vertex 101.521 3.4793 2.4
      vertex 102.287 2.30708 2.4
      vertex 102.194 2.27556 2.4
    endloop
  endfacet
  facet normal -0 0 -1
    outer loop
      vertex 102.744 39.0979 2.4
      vertex 101.521 38.5207 2.4
      vertex 102.724 39.1941 2.4
    endloop
  endfacet
  facet normal 0 0 -1
    outer loop
      vertex 101.521 3.4793 2.4
      vertex 102.194 2.27556 2.4
      vertex 102.098 2.25642 2.4
    endloop
  endfacet
  facet normal -0 0 -1
    outer loop
      vertex 102.724 39.1941 2.4
      vertex 101.521 38.5207 2.4
      vertex 102.693 39.287 2.4
    endloop
  endfacet
  facet normal 0 0 -1
    outer loop
      vertex 101.521 3.4793 2.4
      vertex 102.098 2.25642 2.4
      vertex 102 2.25 2.4
    endloop
  endfacet
  facet normal -0 0 -1
    outer loop
      vertex 102.693 39.287 2.4
      vertex 101.521 38.5207 2.4
      vertex 102.65 39.375 2.4
    endloop
  endfacet
  facet normal -0 0 -1
    outer loop
      vertex 102.65 39.375 2.4
      vertex 101.521 38.5207 2.4
      vertex 102.595 39.4566 2.4
    endloop
  endfacet
  facet normal 0 0 -1
    outer loop
      vertex 102.75 3 2.4
      vertex 101.549 3.53696 2.4
      vertex 101.55 3.55001 2.4
    endloop
  endfacet
  facet normal 0 0 -1
    outer loop
      vertex 102.75 3 2.4
      vertex 101.547 3.52413 2.4
      vertex 101.549 3.53696 2.4
    endloop
  endfacet
  facet normal 0 0 -1
    outer loop
      vertex 102.75 3 2.4
      vertex 101.542 3.51174 2.4
      vertex 101.547 3.52413 2.4
    endloop
  endfacet
  facet normal 0 0 -1
    outer loop
      vertex 102.75 3 2.4
      vertex 101.537 3.5 2.4
      vertex 101.542 3.51174 2.4
    endloop
  endfacet
  facet normal 0 0 -1
    outer loop
      vertex 102.75 3 2.4
      vertex 101.529 3.48912 2.4
      vertex 101.537 3.5 2.4
    endloop
  endfacet
  facet normal 0 0 -1
    outer loop
      vertex 102.75 3 2.4
      vertex 101.521 3.4793 2.4
      vertex 101.529 3.48912 2.4
    endloop
  endfacet
  facet normal 0 0 -1
    outer loop
      vertex 102 2.25 2.4
      vertex 101.511 3.47068 2.4
      vertex 101.521 3.4793 2.4
    endloop
  endfacet
  facet normal 0 0 -1
    outer loop
      vertex 102 2.25 2.4
      vertex 101.5 3.4634 2.4
      vertex 101.511 3.47068 2.4
    endloop
  endfacet
  facet normal 0 0 -1
    outer loop
      vertex 102 2.25 2.4
      vertex 101.488 3.45761 2.4
      vertex 101.5 3.4634 2.4
    endloop
  endfacet
  facet normal 0 0 -1
    outer loop
      vertex 102 2.25 2.4
      vertex 101.476 3.45342 2.4
      vertex 101.488 3.45761 2.4
    endloop
  endfacet
  facet normal 0 0 -1
    outer loop
      vertex 102 2.25 2.4
      vertex 101.463 3.45085 2.4
      vertex 101.476 3.45342 2.4
    endloop
  endfacet
  facet normal 0 0 -1
    outer loop
      vertex 102 2.25 2.4
      vertex 101.45 3.45 2.4
      vertex 101.463 3.45085 2.4
    endloop
  endfacet
  facet normal 0 0 -1
    outer loop
      vertex 66.0365 3.17359 2.4
      vertex 101.45 3.45 2.4
      vertex 102 2.25 2.4
    endloop
  endfacet
  facet normal -0 0 -1
    outer loop
      vertex 101.45 3.45 2.4
      vertex 66.0365 3.17359 2.4
      vertex 66.1303 3.45 2.4
    endloop
  endfacet
  facet normal 0 0 -1
    outer loop
      vertex 102 2.25 2.4
      vertex 65.7906 2.675 2.4
      vertex 66.0365 3.17359 2.4
    endloop
  endfacet
  facet normal 0 -0 -1
    outer loop
      vertex 65.7906 2.675 2.4
      vertex 102 2.25 2.4
      vertex 65.5066 2.25 2.4
    endloop
  endfacet
  facet normal -0 0 -1
    outer loop
      vertex 102.595 39.4566 2.4
      vertex 101.521 38.5207 2.4
      vertex 102.53 39.5303 2.4
    endloop
  endfacet
  facet normal -0 0 -1
    outer loop
      vertex 102.53 39.5303 2.4
      vertex 101.521 38.5207 2.4
      vertex 102.457 39.595 2.4
    endloop
  endfacet
  facet normal -0 0 -1
    outer loop
      vertex 102.457 39.595 2.4
      vertex 101.521 38.5207 2.4
      vertex 102.375 39.6495 2.4
    endloop
  endfacet
  facet normal -0 0 -1
    outer loop
      vertex 102.375 39.6495 2.4
      vertex 101.521 38.5207 2.4
      vertex 102.287 39.6929 2.4
    endloop
  endfacet
  facet normal -0 0 -1
    outer loop
      vertex 102.287 39.6929 2.4
      vertex 101.521 38.5207 2.4
      vertex 102.194 39.7244 2.4
    endloop
  endfacet
  facet normal -0 0 -1
    outer loop
      vertex 102.194 39.7244 2.4
      vertex 101.521 38.5207 2.4
      vertex 102.098 39.7436 2.4
    endloop
  endfacet
  facet normal -0 0 -1
    outer loop
      vertex 102.098 39.7436 2.4
      vertex 101.521 38.5207 2.4
      vertex 102 39.75 2.4
    endloop
  endfacet
  facet normal 0 0 -1
    outer loop
      vertex 101.511 38.5293 2.4
      vertex 102 39.75 2.4
      vertex 101.521 38.5207 2.4
    endloop
  endfacet
  facet normal 0 0 -1
    outer loop
      vertex 101.5 38.5366 2.4
      vertex 102 39.75 2.4
      vertex 101.511 38.5293 2.4
    endloop
  endfacet
  facet normal 0 0 -1
    outer loop
      vertex 101.488 38.5424 2.4
      vertex 102 39.75 2.4
      vertex 101.5 38.5366 2.4
    endloop
  endfacet
  facet normal 0 0 -1
    outer loop
      vertex 101.476 38.5466 2.4
      vertex 102 39.75 2.4
      vertex 101.488 38.5424 2.4
    endloop
  endfacet
  facet normal 0 0 -1
    outer loop
      vertex 101.463 38.5491 2.4
      vertex 102 39.75 2.4
      vertex 101.476 38.5466 2.4
    endloop
  endfacet
  facet normal 0 0 -1
    outer loop
      vertex 101.45 38.55 2.4
      vertex 102 39.75 2.4
      vertex 101.463 38.5491 2.4
    endloop
  endfacet
  facet normal 0 0 -1
    outer loop
      vertex 66.0365 38.8264 2.4
      vertex 101.45 38.55 2.4
      vertex 66.1303 38.55 2.4
    endloop
  endfacet
  facet normal 0 0 -1
    outer loop
      vertex 101.45 38.55 2.4
      vertex 66.0365 38.8264 2.4
      vertex 102 39.75 2.4
    endloop
  endfacet
  facet normal 0 0 -1
    outer loop
      vertex 65.7906 39.325 2.4
      vertex 102 39.75 2.4
      vertex 66.0365 38.8264 2.4
    endloop
  endfacet
  facet normal -0 0 -1
    outer loop
      vertex 102 39.75 2.4
      vertex 65.7906 39.325 2.4
      vertex 65.5066 39.75 2.4
    endloop
  endfacet
  facet normal 0 0 -1
    outer loop
      vertex 58.1835 3.17359 2.4
      vertex 37.9103 3.45 2.4
      vertex 58.0897 3.45 2.4
    endloop
  endfacet
  facet normal 0 0 -1
    outer loop
      vertex 37.8165 3.17359 2.4
      vertex 58.1835 3.17359 2.4
      vertex 58.4294 2.675 2.4
    endloop
  endfacet
  facet normal 0 0 -1
    outer loop
      vertex 37.5706 2.675 2.4
      vertex 58.4294 2.675 2.4
      vertex 58.7134 2.25 2.4
    endloop
  endfacet
  facet normal 0 0 -1
    outer loop
      vertex 58.1835 3.17359 2.4
      vertex 37.8165 3.17359 2.4
      vertex 37.9103 3.45 2.4
    endloop
  endfacet
  facet normal 0 0 -1
    outer loop
      vertex 58.4294 2.675 2.4
      vertex 37.5706 2.675 2.4
      vertex 37.8165 3.17359 2.4
    endloop
  endfacet
  facet normal 0 -0 -1
    outer loop
      vertex 37.5706 2.675 2.4
      vertex 58.7134 2.25 2.4
      vertex 37.2866 2.25 2.4
    endloop
  endfacet
  facet normal 0 0 -1
    outer loop
      vertex 37.9103 38.55 2.4
      vertex 58.1835 38.8264 2.4
      vertex 58.0897 38.55 2.4
    endloop
  endfacet
  facet normal 0 0 -1
    outer loop
      vertex 37.8165 38.8264 2.4
      vertex 58.1835 38.8264 2.4
      vertex 37.9103 38.55 2.4
    endloop
  endfacet
  facet normal 0 0 -1
    outer loop
      vertex 58.1835 38.8264 2.4
      vertex 37.8165 38.8264 2.4
      vertex 58.4294 39.325 2.4
    endloop
  endfacet
  facet normal 0 0 -1
    outer loop
      vertex 37.5706 39.325 2.4
      vertex 58.4294 39.325 2.4
      vertex 37.8165 38.8264 2.4
    endloop
  endfacet
  facet normal 0 0 -1
    outer loop
      vertex 58.4294 39.325 2.4
      vertex 37.5706 39.325 2.4
      vertex 58.7134 39.75 2.4
    endloop
  endfacet
  facet normal -0 0 -1
    outer loop
      vertex 58.7134 39.75 2.4
      vertex 37.5706 39.325 2.4
      vertex 37.2866 39.75 2.4
    endloop
  endfacet
  facet normal 0.553528 0.832831 -0
    outer loop
      vertex 102.457 39.595 2.4
      vertex 102.375 39.6495 4.4
      vertex 102.457 39.595 4.4
    endloop
  endfacet
  facet normal 0.553528 0.832831 0
    outer loop
      vertex 102.375 39.6495 4.4
      vertex 102.457 39.595 2.4
      vertex 102.375 39.6495 2.4
    endloop
  endfacet
  facet normal 0.196116 0.980581 -0
    outer loop
      vertex 102.194 39.7244 2.4
      vertex 102.098 39.7436 4.4
      vertex 102.194 39.7244 4.4
    endloop
  endfacet
  facet normal 0.196116 0.980581 0
    outer loop
      vertex 102.098 39.7436 4.4
      vertex 102.194 39.7244 2.4
      vertex 102.098 39.7436 2.4
    endloop
  endfacet
  facet normal -0.659428 0.751768 0
    outer loop
      vertex 2.54343 39.595 2.4
      vertex 2.46967 39.5303 4.4
      vertex 2.54343 39.595 4.4
    endloop
  endfacet
  facet normal -0.659428 0.751768 0
    outer loop
      vertex 2.46967 39.5303 4.4
      vertex 2.54343 39.595 2.4
      vertex 2.46967 39.5303 2.4
    endloop
  endfacet
  facet normal -0.442396 0.89682 0
    outer loop
      vertex 2.71298 39.6929 2.4
      vertex 2.625 39.6495 4.4
      vertex 2.71298 39.6929 4.4
    endloop
  endfacet
  facet normal -0.442396 0.89682 0
    outer loop
      vertex 2.625 39.6495 4.4
      vertex 2.71298 39.6929 2.4
      vertex 2.625 39.6495 2.4
    endloop
  endfacet
  facet normal -0.831485 -0.555547 0
    outer loop
      vertex 2.40498 2.54343 2.4
      vertex 2.35048 2.625 4.4
      vertex 2.35048 2.625 2.4
    endloop
  endfacet
  facet normal -0.831485 -0.555547 0
    outer loop
      vertex 2.35048 2.625 4.4
      vertex 2.40498 2.54343 2.4
      vertex 2.40498 2.54343 4.4
    endloop
  endfacet
  facet normal -0.89686 0.442315 0
    outer loop
      vertex 2.30708 39.287 2.4
      vertex 2.35048 39.375 4.4
      vertex 2.35048 39.375 2.4
    endloop
  endfacet
  facet normal -0.89686 0.442315 0
    outer loop
      vertex 2.35048 39.375 4.4
      vertex 2.30708 39.287 2.4
      vertex 2.30708 39.287 4.4
    endloop
  endfacet
  facet normal 0.948581 0.316534 0
    outer loop
      vertex 102.724 39.1941 4.4
      vertex 102.693 39.287 2.4
      vertex 102.693 39.287 4.4
    endloop
  endfacet
  facet normal 0.948581 0.316534 0
    outer loop
      vertex 102.693 39.287 2.4
      vertex 102.724 39.1941 4.4
      vertex 102.724 39.1941 2.4
    endloop
  endfacet
  facet normal 0.979065 0.203548 0
    outer loop
      vertex 102.744 39.0979 4.4
      vertex 102.724 39.1941 2.4
      vertex 102.724 39.1941 4.4
    endloop
  endfacet
  facet normal 0.979065 0.203548 0
    outer loop
      vertex 102.724 39.1941 2.4
      vertex 102.744 39.0979 4.4
      vertex 102.744 39.0979 2.4
    endloop
  endfacet
  facet normal -0.98078 -0.195116 0
    outer loop
      vertex 2.27556 2.80589 2.4
      vertex 2.25642 2.9021 4.4
      vertex 2.25642 2.9021 2.4
    endloop
  endfacet
  facet normal -0.98078 -0.195116 0
    outer loop
      vertex 2.25642 2.9021 4.4
      vertex 2.27556 2.80589 2.4
      vertex 2.27556 2.80589 4.4
    endloop
  endfacet
  facet normal -0.0652453 0.997869 0
    outer loop
      vertex 101.463 3.45085 2.4
      vertex 101.45 3.45 4.4
      vertex 101.463 3.45085 4.4
    endloop
  endfacet
  facet normal -0.0652453 0.997869 0
    outer loop
      vertex 101.45 3.45 4.4
      vertex 101.463 3.45085 2.4
      vertex 101.45 3.45 2.4
    endloop
  endfacet
  facet normal -0.988194 -0.153208 0
    outer loop
      vertex 101.549 38.463 2.4
      vertex 101.547 38.4759 4.4
      vertex 101.547 38.4759 2.4
    endloop
  endfacet
  facet normal -0.988194 -0.153208 0
    outer loop
      vertex 101.547 38.4759 4.4
      vertex 101.549 38.463 2.4
      vertex 101.549 38.463 4.4
    endloop
  endfacet
  facet normal -0.65291 0.757436 0
    outer loop
      vertex 101.521 3.4793 2.4
      vertex 101.511 3.47068 4.4
      vertex 101.521 3.4793 4.4
    endloop
  endfacet
  facet normal -0.65291 0.757436 0
    outer loop
      vertex 101.511 3.47068 4.4
      vertex 101.521 3.4793 2.4
      vertex 101.511 3.47068 2.4
    endloop
  endfacet
  facet normal -0.0690655 -0.997612 0
    outer loop
      vertex 101.45 38.55 2.4
      vertex 101.463 38.5491 4.4
      vertex 101.45 38.55 4.4
    endloop
  endfacet
  facet normal -0.0690655 -0.997612 -0
    outer loop
      vertex 101.463 38.5491 4.4
      vertex 101.45 38.55 2.4
      vertex 101.463 38.5491 2.4
    endloop
  endfacet
  facet normal 0.0649964 0.997886 -0
    outer loop
      vertex 3.55001 3.45 2.4
      vertex 3.53696 3.45085 4.4
      vertex 3.55001 3.45 4.4
    endloop
  endfacet
  facet normal 0.0649964 0.997886 0
    outer loop
      vertex 3.53696 3.45085 4.4
      vertex 3.55001 3.45 2.4
      vertex 3.53696 3.45085 2.4
    endloop
  endfacet
  facet normal 1 -0 0
    outer loop
      vertex 3.45 3.55001 4.4
      vertex 3.45 38.45 2.4
      vertex 3.45 38.45 4.4
    endloop
  endfacet
  facet normal 1 0 0
    outer loop
      vertex 3.45 38.45 2.4
      vertex 3.45 3.55001 4.4
      vertex 3.45 3.55001 2.4
    endloop
  endfacet
  facet normal 0.65883 -0.752292 0
    outer loop
      vertex 3.4793 38.5207 2.4
      vertex 3.48912 38.5293 4.4
      vertex 3.4793 38.5207 4.4
    endloop
  endfacet
  facet normal 0.65883 -0.752292 0
    outer loop
      vertex 3.48912 38.5293 4.4
      vertex 3.4793 38.5207 2.4
      vertex 3.48912 38.5293 2.4
    endloop
  endfacet
  facet normal 0.659696 0.751533 -0
    outer loop
      vertex 3.48912 3.47068 2.4
      vertex 3.4793 3.4793 4.4
      vertex 3.48912 3.47068 4.4
    endloop
  endfacet
  facet normal 0.659696 0.751533 0
    outer loop
      vertex 3.4793 3.4793 4.4
      vertex 3.48912 3.47068 2.4
      vertex 3.4793 3.4793 2.4
    endloop
  endfacet
  facet normal 0 -1 0
    outer loop
      vertex 3.55001 38.55 2.4
      vertex 29.8697 38.55 4.4
      vertex 3.55001 38.55 4.4
    endloop
  endfacet
  facet normal 0 -1 -0
    outer loop
      vertex 29.8697 38.55 4.4
      vertex 3.55001 38.55 2.4
      vertex 29.8697 38.55 2.4
    endloop
  endfacet
  facet normal 0 -1 0
    outer loop
      vertex 66.1303 38.55 2.4
      vertex 101.45 38.55 4.4
      vertex 66.1303 38.55 4.4
    endloop
  endfacet
  facet normal 0 -1 -0
    outer loop
      vertex 101.45 38.55 4.4
      vertex 66.1303 38.55 2.4
      vertex 101.45 38.55 2.4
    endloop
  endfacet
  facet normal 0 -1 0
    outer loop
      vertex 37.9103 38.55 2.4
      vertex 58.0897 38.55 4.4
      vertex 37.9103 38.55 4.4
    endloop
  endfacet
  facet normal 0 -1 -0
    outer loop
      vertex 58.0897 38.55 4.4
      vertex 37.9103 38.55 2.4
      vertex 58.0897 38.55 2.4
    endloop
  endfacet
  facet normal 0.831581 -0.555404 0
    outer loop
      vertex 3.4634 38.5 4.4
      vertex 3.47068 38.5109 2.4
      vertex 3.47068 38.5109 4.4
    endloop
  endfacet
  facet normal 0.831581 -0.555404 0
    outer loop
      vertex 3.47068 38.5109 2.4
      vertex 3.4634 38.5 4.4
      vertex 3.4634 38.5 2.4
    endloop
  endfacet
  facet normal -0.652039 -0.758185 0
    outer loop
      vertex 101.511 38.5293 2.4
      vertex 101.521 38.5207 4.4
      vertex 101.511 38.5293 4.4
    endloop
  endfacet
  facet normal -0.652039 -0.758185 -0
    outer loop
      vertex 101.521 38.5207 4.4
      vertex 101.511 38.5293 2.4
      vertex 101.521 38.5207 2.4
    endloop
  endfacet
  facet normal 0 1 -0
    outer loop
      vertex 29.8697 3.45 2.4
      vertex 3.55001 3.45 4.4
      vertex 29.8697 3.45 4.4
    endloop
  endfacet
  facet normal 0 1 0
    outer loop
      vertex 3.55001 3.45 4.4
      vertex 29.8697 3.45 2.4
      vertex 3.55001 3.45 2.4
    endloop
  endfacet
  facet normal 0 1 -0
    outer loop
      vertex 101.45 3.45 2.4
      vertex 66.1303 3.45 4.4
      vertex 101.45 3.45 4.4
    endloop
  endfacet
  facet normal 0 1 0
    outer loop
      vertex 66.1303 3.45 4.4
      vertex 101.45 3.45 2.4
      vertex 66.1303 3.45 2.4
    endloop
  endfacet
  facet normal 0 1 -0
    outer loop
      vertex 58.0897 3.45 2.4
      vertex 37.9103 3.45 4.4
      vertex 58.0897 3.45 4.4
    endloop
  endfacet
  facet normal 0 1 0
    outer loop
      vertex 37.9103 3.45 4.4
      vertex 58.0897 3.45 2.4
      vertex 37.9103 3.45 2.4
    endloop
  endfacet
  facet normal 0.442932 -0.896555 0
    outer loop
      vertex 3.5 38.5366 2.4
      vertex 3.51174 38.5424 4.4
      vertex 3.5 38.5366 4.4
    endloop
  endfacet
  facet normal 0.442932 -0.896555 0
    outer loop
      vertex 3.51174 38.5424 4.4
      vertex 3.5 38.5366 2.4
      vertex 3.51174 38.5424 2.4
    endloop
  endfacet
  facet normal -0.997077 0.0764044 0
    outer loop
      vertex 101.549 3.53696 2.4
      vertex 101.55 3.55001 4.4
      vertex 101.55 3.55001 2.4
    endloop
  endfacet
  facet normal -0.997077 0.0764044 0
    outer loop
      vertex 101.55 3.55001 4.4
      vertex 101.549 3.53696 2.4
      vertex 101.549 3.53696 4.4
    endloop
  endfacet
  facet normal -0.774661 -0.632376 0
    outer loop
      vertex 101.529 38.5109 2.4
      vertex 101.521 38.5207 4.4
      vertex 101.521 38.5207 2.4
    endloop
  endfacet
  facet normal -0.774661 -0.632376 0
    outer loop
      vertex 101.521 38.5207 4.4
      vertex 101.529 38.5109 2.4
      vertex 101.529 38.5109 4.4
    endloop
  endfacet
  facet normal -0.551898 0.833912 0
    outer loop
      vertex 101.511 3.47068 2.4
      vertex 101.5 3.4634 4.4
      vertex 101.511 3.47068 4.4
    endloop
  endfacet
  facet normal -0.551898 0.833912 0
    outer loop
      vertex 101.5 3.4634 4.4
      vertex 101.511 3.47068 2.4
      vertex 101.5 3.4634 2.4
    endloop
  endfacet
  facet normal 0.320353 0.947298 -0
    outer loop
      vertex 3.52413 3.45342 2.4
      vertex 3.51174 3.45761 4.4
      vertex 3.52413 3.45342 4.4
    endloop
  endfacet
  facet normal 0.320353 0.947298 0
    outer loop
      vertex 3.51174 3.45761 4.4
      vertex 3.52413 3.45342 2.4
      vertex 3.51174 3.45761 2.4
    endloop
  endfacet
  facet normal 0.831109 0.55611 0
    outer loop
      vertex 3.47068 3.48912 4.4
      vertex 3.4634 3.5 2.4
      vertex 3.4634 3.5 4.4
    endloop
  endfacet
  facet normal 0.831109 0.55611 0
    outer loop
      vertex 3.4634 3.5 2.4
      vertex 3.47068 3.48912 4.4
      vertex 3.47068 3.48912 2.4
    endloop
  endfacet
  facet normal 0.55611 0.831109 -0
    outer loop
      vertex 3.5 3.4634 2.4
      vertex 3.48912 3.47068 4.4
      vertex 3.5 3.4634 4.4
    endloop
  endfacet
  facet normal 0.55611 0.831109 0
    outer loop
      vertex 3.48912 3.47068 4.4
      vertex 3.5 3.4634 2.4
      vertex 3.48912 3.47068 2.4
    endloop
  endfacet
  facet normal -1 0 0
    outer loop
      vertex 101.55 3.55001 2.4
      vertex 101.55 38.45 4.4
      vertex 101.55 38.45 2.4
    endloop
  endfacet
  facet normal -1 -0 0
    outer loop
      vertex 101.55 38.45 4.4
      vertex 101.55 3.55001 2.4
      vertex 101.55 3.55001 4.4
    endloop
  endfacet
  facet normal 0.997869 -0.0652453 0
    outer loop
      vertex 3.45 38.45 4.4
      vertex 3.45085 38.463 2.4
      vertex 3.45085 38.463 4.4
    endloop
  endfacet
  facet normal 0.997869 -0.0652453 0
    outer loop
      vertex 3.45085 38.463 2.4
      vertex 3.45 38.45 4.4
      vertex 3.45 38.45 2.4
    endloop
  endfacet
  facet normal -0.988067 0.154024 0
    outer loop
      vertex 101.547 3.52413 2.4
      vertex 101.549 3.53696 4.4
      vertex 101.549 3.53696 2.4
    endloop
  endfacet
  facet normal -0.988067 0.154024 0
    outer loop
      vertex 101.549 3.53696 4.4
      vertex 101.547 3.52413 2.4
      vertex 101.547 3.52413 4.4
    endloop
  endfacet
  facet normal 0.557164 -0.830403 0
    outer loop
      vertex 3.48912 38.5293 2.4
      vertex 3.5 38.5366 4.4
      vertex 3.48912 38.5293 4.4
    endloop
  endfacet
  facet normal 0.557164 -0.830403 0
    outer loop
      vertex 3.5 38.5366 4.4
      vertex 3.48912 38.5293 2.4
      vertex 3.5 38.5366 2.4
    endloop
  endfacet
  facet normal 0.0688021 -0.99763 0
    outer loop
      vertex 3.53696 38.5491 2.4
      vertex 3.55001 38.55 4.4
      vertex 3.53696 38.5491 4.4
    endloop
  endfacet
  facet normal 0.0688021 -0.99763 0
    outer loop
      vertex 3.55001 38.55 4.4
      vertex 3.53696 38.5491 2.4
      vertex 3.55001 38.55 2.4
    endloop
  endfacet
  facet normal -0.188847 -0.982006 0
    outer loop
      vertex 101.463 38.5491 2.4
      vertex 101.476 38.5466 4.4
      vertex 101.463 38.5491 4.4
    endloop
  endfacet
  facet normal -0.188847 -0.982006 -0
    outer loop
      vertex 101.476 38.5466 4.4
      vertex 101.463 38.5491 2.4
      vertex 101.476 38.5466 2.4
    endloop
  endfacet
  facet normal 0.896858 0.442318 0
    outer loop
      vertex 3.4634 3.5 4.4
      vertex 3.45761 3.51174 2.4
      vertex 3.45761 3.51174 4.4
    endloop
  endfacet
  facet normal 0.896858 0.442318 0
    outer loop
      vertex 3.45761 3.51174 2.4
      vertex 3.4634 3.5 4.4
      vertex 3.4634 3.5 2.4
    endloop
  endfacet
  facet normal -0.33035 -0.943858 0
    outer loop
      vertex 101.476 38.5466 2.4
      vertex 101.488 38.5424 4.4
      vertex 101.476 38.5466 4.4
    endloop
  endfacet
  facet normal -0.33035 -0.943858 -0
    outer loop
      vertex 101.488 38.5424 4.4
      vertex 101.476 38.5466 2.4
      vertex 101.488 38.5424 2.4
    endloop
  endfacet
  facet normal -0.919551 -0.392971 0
    outer loop
      vertex 101.542 38.4883 2.4
      vertex 101.537 38.5 4.4
      vertex 101.537 38.5 2.4
    endloop
  endfacet
  facet normal -0.919551 -0.392971 0
    outer loop
      vertex 101.537 38.5 4.4
      vertex 101.542 38.4883 2.4
      vertex 101.542 38.4883 4.4
    endloop
  endfacet
  facet normal 0.751533 0.659696 0
    outer loop
      vertex 3.4793 3.4793 4.4
      vertex 3.47068 3.48912 2.4
      vertex 3.47068 3.48912 4.4
    endloop
  endfacet
  facet normal 0.751533 0.659696 0
    outer loop
      vertex 3.47068 3.48912 2.4
      vertex 3.4793 3.4793 4.4
      vertex 3.4793 3.4793 2.4
    endloop
  endfacet
  facet normal 0.947298 0.320353 0
    outer loop
      vertex 3.45761 3.51174 4.4
      vertex 3.45342 3.52413 2.4
      vertex 3.45342 3.52413 4.4
    endloop
  endfacet
  facet normal 0.947298 0.320353 0
    outer loop
      vertex 3.45342 3.52413 2.4
      vertex 3.45761 3.51174 4.4
      vertex 3.45761 3.51174 2.4
    endloop
  endfacet
  facet normal 0.980727 -0.195385 0
    outer loop
      vertex 3.45085 38.463 4.4
      vertex 3.45342 38.4759 2.4
      vertex 3.45342 38.4759 4.4
    endloop
  endfacet
  facet normal 0.980727 -0.195385 0
    outer loop
      vertex 3.45342 38.4759 2.4
      vertex 3.45085 38.463 4.4
      vertex 3.45085 38.463 2.4
    endloop
  endfacet
  facet normal 0.19641 0.980522 -0
    outer loop
      vertex 3.53696 3.45085 2.4
      vertex 3.52413 3.45342 4.4
      vertex 3.53696 3.45085 4.4
    endloop
  endfacet
  facet normal 0.19641 0.980522 0
    outer loop
      vertex 3.52413 3.45342 4.4
      vertex 3.53696 3.45085 2.4
      vertex 3.52413 3.45342 2.4
    endloop
  endfacet
  facet normal -0.805651 0.59239 0
    outer loop
      vertex 101.529 3.48912 2.4
      vertex 101.537 3.5 4.4
      vertex 101.537 3.5 2.4
    endloop
  endfacet
  facet normal -0.805651 0.59239 0
    outer loop
      vertex 101.537 3.5 4.4
      vertex 101.529 3.48912 2.4
      vertex 101.529 3.48912 4.4
    endloop
  endfacet
  facet normal 0.947376 -0.320122 0
    outer loop
      vertex 3.45342 38.4759 4.4
      vertex 3.45761 38.4883 2.4
      vertex 3.45761 38.4883 4.4
    endloop
  endfacet
  facet normal 0.947376 -0.320122 0
    outer loop
      vertex 3.45761 38.4883 2.4
      vertex 3.45342 38.4759 4.4
      vertex 3.45342 38.4759 2.4
    endloop
  endfacet
  facet normal 0.896258 -0.443533 0
    outer loop
      vertex 3.45761 38.4883 4.4
      vertex 3.4634 38.5 2.4
      vertex 3.4634 38.5 4.4
    endloop
  endfacet
  facet normal 0.896258 -0.443533 0
    outer loop
      vertex 3.4634 38.5 2.4
      vertex 3.45761 38.4883 4.4
      vertex 3.45761 38.4883 2.4
    endloop
  endfacet
  facet normal -0.80617 -0.591684 0
    outer loop
      vertex 101.537 38.5 2.4
      vertex 101.529 38.5109 4.4
      vertex 101.529 38.5109 2.4
    endloop
  endfacet
  facet normal -0.80617 -0.591684 0
    outer loop
      vertex 101.529 38.5109 4.4
      vertex 101.537 38.5 2.4
      vertex 101.537 38.5 4.4
    endloop
  endfacet
  facet normal -0.435169 -0.900349 0
    outer loop
      vertex 101.488 38.5424 2.4
      vertex 101.5 38.5366 4.4
      vertex 101.488 38.5424 4.4
    endloop
  endfacet
  facet normal -0.435169 -0.900349 -0
    outer loop
      vertex 101.5 38.5366 4.4
      vertex 101.488 38.5424 2.4
      vertex 101.5 38.5366 2.4
    endloop
  endfacet
  facet normal 0.191259 -0.98154 0
    outer loop
      vertex 3.52413 38.5466 2.4
      vertex 3.53696 38.5491 4.4
      vertex 3.52413 38.5466 4.4
    endloop
  endfacet
  facet normal 0.191259 -0.98154 0
    outer loop
      vertex 3.53696 38.5491 4.4
      vertex 3.52413 38.5466 2.4
      vertex 3.53696 38.5491 2.4
    endloop
  endfacet
  facet normal 0.321039 -0.947066 0
    outer loop
      vertex 3.51174 38.5424 2.4
      vertex 3.52413 38.5466 4.4
      vertex 3.51174 38.5424 4.4
    endloop
  endfacet
  facet normal 0.321039 -0.947066 0
    outer loop
      vertex 3.52413 38.5466 4.4
      vertex 3.51174 38.5424 2.4
      vertex 3.52413 38.5466 2.4
    endloop
  endfacet
  facet normal -0.927441 -0.373968 0
    outer loop
      vertex 101.547 38.4759 2.4
      vertex 101.542 38.4883 4.4
      vertex 101.542 38.4883 2.4
    endloop
  endfacet
  facet normal -0.927441 -0.373968 0
    outer loop
      vertex 101.542 38.4883 4.4
      vertex 101.547 38.4759 2.4
      vertex 101.547 38.4759 4.4
    endloop
  endfacet
  facet normal -0.920034 0.391837 0
    outer loop
      vertex 101.537 3.5 2.4
      vertex 101.542 3.51174 4.4
      vertex 101.542 3.51174 2.4
    endloop
  endfacet
  facet normal -0.920034 0.391837 0
    outer loop
      vertex 101.542 3.51174 4.4
      vertex 101.537 3.5 2.4
      vertex 101.537 3.5 4.4
    endloop
  endfacet
  facet normal -0.329649 0.944103 0
    outer loop
      vertex 101.488 3.45761 2.4
      vertex 101.476 3.45342 4.4
      vertex 101.488 3.45761 4.4
    endloop
  endfacet
  facet normal -0.329649 0.944103 0
    outer loop
      vertex 101.476 3.45342 4.4
      vertex 101.488 3.45761 2.4
      vertex 101.476 3.45342 2.4
    endloop
  endfacet
  facet normal 0.997886 0.0649964 0
    outer loop
      vertex 3.45085 3.53696 4.4
      vertex 3.45 3.55001 2.4
      vertex 3.45 3.55001 4.4
    endloop
  endfacet
  facet normal 0.997886 0.0649964 0
    outer loop
      vertex 3.45 3.55001 2.4
      vertex 3.45085 3.53696 4.4
      vertex 3.45085 3.53696 2.4
    endloop
  endfacet
  facet normal -0.43456 0.900643 0
    outer loop
      vertex 101.5 3.4634 2.4
      vertex 101.488 3.45761 4.4
      vertex 101.5 3.4634 4.4
    endloop
  endfacet
  facet normal -0.43456 0.900643 0
    outer loop
      vertex 101.488 3.45761 4.4
      vertex 101.5 3.4634 2.4
      vertex 101.488 3.45761 2.4
    endloop
  endfacet
  facet normal 0.980522 0.19641 0
    outer loop
      vertex 3.45342 3.52413 4.4
      vertex 3.45085 3.53696 2.4
      vertex 3.45085 3.53696 4.4
    endloop
  endfacet
  facet normal 0.980522 0.19641 0
    outer loop
      vertex 3.45085 3.53696 2.4
      vertex 3.45342 3.52413 4.4
      vertex 3.45342 3.52413 2.4
    endloop
  endfacet
  facet normal 0.750865 -0.660455 0
    outer loop
      vertex 3.47068 38.5109 4.4
      vertex 3.4793 38.5207 2.4
      vertex 3.4793 38.5207 4.4
    endloop
  endfacet
  facet normal 0.750865 -0.660455 0
    outer loop
      vertex 3.4793 38.5207 2.4
      vertex 3.47068 38.5109 4.4
      vertex 3.47068 38.5109 2.4
    endloop
  endfacet
  facet normal 0.442318 0.896858 -0
    outer loop
      vertex 3.51174 3.45761 2.4
      vertex 3.5 3.4634 4.4
      vertex 3.51174 3.45761 4.4
    endloop
  endfacet
  facet normal 0.442318 0.896858 0
    outer loop
      vertex 3.5 3.4634 4.4
      vertex 3.51174 3.45761 2.4
      vertex 3.5 3.4634 2.4
    endloop
  endfacet
  facet normal -0.775292 0.631603 0
    outer loop
      vertex 101.521 3.4793 2.4
      vertex 101.529 3.48912 4.4
      vertex 101.529 3.48912 2.4
    endloop
  endfacet
  facet normal -0.775292 0.631603 0
    outer loop
      vertex 101.529 3.48912 4.4
      vertex 101.521 3.4793 2.4
      vertex 101.521 3.4793 4.4
    endloop
  endfacet
  facet normal -0.193939 0.981014 0
    outer loop
      vertex 101.476 3.45342 2.4
      vertex 101.463 3.45085 4.4
      vertex 101.476 3.45342 4.4
    endloop
  endfacet
  facet normal -0.193939 0.981014 0
    outer loop
      vertex 101.463 3.45085 4.4
      vertex 101.476 3.45342 2.4
      vertex 101.463 3.45085 2.4
    endloop
  endfacet
  facet normal -0.997054 -0.0766965 0
    outer loop
      vertex 101.55 38.45 2.4
      vertex 101.549 38.463 4.4
      vertex 101.549 38.463 2.4
    endloop
  endfacet
  facet normal -0.997054 -0.0766965 0
    outer loop
      vertex 101.549 38.463 4.4
      vertex 101.55 38.45 2.4
      vertex 101.55 38.45 4.4
    endloop
  endfacet
  facet normal -0.927337 0.374228 0
    outer loop
      vertex 101.542 3.51174 2.4
      vertex 101.547 3.52413 4.4
      vertex 101.547 3.52413 2.4
    endloop
  endfacet
  facet normal -0.927337 0.374228 0
    outer loop
      vertex 101.547 3.52413 4.4
      vertex 101.542 3.51174 2.4
      vertex 101.542 3.51174 4.4
    endloop
  endfacet
  facet normal -0.552951 -0.833214 0
    outer loop
      vertex 101.5 38.5366 2.4
      vertex 101.511 38.5293 4.4
      vertex 101.5 38.5366 4.4
    endloop
  endfacet
  facet normal -0.552951 -0.833214 -0
    outer loop
      vertex 101.511 38.5293 4.4
      vertex 101.5 38.5366 2.4
      vertex 101.511 38.5293 2.4
    endloop
  endfacet
  facet normal 1 -0 0
    outer loop
      vertex 75.85 14.85 8.7
      vertex 75.85 27.15 2.4
      vertex 75.85 27.15 8.7
    endloop
  endfacet
  facet normal 1 0 0
    outer loop
      vertex 75.85 27.15 2.4
      vertex 75.85 14.85 8.7
      vertex 75.85 14.85 2.4
    endloop
  endfacet
  facet normal 0 0 1
    outer loop
      vertex 77.25 27.15 10.1
      vertex 74.25 27.15 10.1
      vertex 77.25 14.85 10.1
    endloop
  endfacet
  facet normal -0 0 1
    outer loop
      vertex 77.25 14.85 10.1
      vertex 79.5 13.25 10.1
      vertex 79.5 14.85 10.1
    endloop
  endfacet
  facet normal 0 0 1
    outer loop
      vertex 77.25 14.85 10.1
      vertex 74.25 13.25 10.1
      vertex 79.5 13.25 10.1
    endloop
  endfacet
  facet normal 0 0 1
    outer loop
      vertex 74.25 13.25 10.1
      vertex 77.25 14.85 10.1
      vertex 74.25 27.15 10.1
    endloop
  endfacet
  facet normal -1 0 0
    outer loop
      vertex 74.25 13.25 2.4
      vertex 74.25 27.15 10.1
      vertex 74.25 27.15 2.4
    endloop
  endfacet
  facet normal -1 -0 0
    outer loop
      vertex 74.25 27.15 10.1
      vertex 74.25 13.25 2.4
      vertex 74.25 13.25 10.1
    endloop
  endfacet
  facet normal 0 1 0
    outer loop
      vertex 75.85 27.15 8.7
      vertex 77.25 27.15 10.1
      vertex 77.25 27.15 8.7
    endloop
  endfacet
  facet normal 0 1 0
    outer loop
      vertex 77.25 27.15 10.1
      vertex 75.85 27.15 8.7
      vertex 74.25 27.15 10.1
    endloop
  endfacet
  facet normal 0 1 0
    outer loop
      vertex 74.25 27.15 2.4
      vertex 75.85 27.15 8.7
      vertex 75.85 27.15 2.4
    endloop
  endfacet
  facet normal 0 1 0
    outer loop
      vertex 75.85 27.15 8.7
      vertex 74.25 27.15 2.4
      vertex 74.25 27.15 10.1
    endloop
  endfacet
  facet normal 0 -1 0
    outer loop
      vertex 74.25 13.25 2.4
      vertex 79.5 13.25 10.1
      vertex 74.25 13.25 10.1
    endloop
  endfacet
  facet normal 0 -1 -0
    outer loop
      vertex 79.5 13.25 10.1
      vertex 74.25 13.25 2.4
      vertex 79.5 13.25 2.4
    endloop
  endfacet
  facet normal 1 -0 0
    outer loop
      vertex 77.25 14.85 10.1
      vertex 77.25 27.15 8.7
      vertex 77.25 27.15 10.1
    endloop
  endfacet
  facet normal 1 0 0
    outer loop
      vertex 77.25 27.15 8.7
      vertex 77.25 14.85 10.1
      vertex 77.25 14.85 8.7
    endloop
  endfacet
  facet normal 0 0 -1
    outer loop
      vertex 75.85 14.85 8.7
      vertex 77.25 27.15 8.7
      vertex 77.25 14.85 8.7
    endloop
  endfacet
  facet normal -0 0 -1
    outer loop
      vertex 77.25 27.15 8.7
      vertex 75.85 14.85 8.7
      vertex 75.85 27.15 8.7
    endloop
  endfacet
  facet normal 1 -0 0
    outer loop
      vertex 89.75 13.25 10.1
      vertex 89.75 27.15 2.4
      vertex 89.75 27.15 10.1
    endloop
  endfacet
  facet normal 1 0 0
    outer loop
      vertex 89.75 27.15 2.4
      vertex 89.75 13.25 10.1
      vertex 89.75 13.25 2.4
    endloop
  endfacet
  facet normal 0 0 1
    outer loop
      vertex 86.75 14.85 10.1
      vertex 89.75 27.15 10.1
      vertex 86.75 27.15 10.1
    endloop
  endfacet
  facet normal 0 0 1
    outer loop
      vertex 89.75 27.15 10.1
      vertex 86.75 14.85 10.1
      vertex 89.75 13.25 10.1
    endloop
  endfacet
  facet normal 0 0 1
    outer loop
      vertex 84.5 13.25 10.1
      vertex 86.75 14.85 10.1
      vertex 84.5 14.85 10.1
    endloop
  endfacet
  facet normal 0 0 1
    outer loop
      vertex 86.75 14.85 10.1
      vertex 84.5 13.25 10.1
      vertex 89.75 13.25 10.1
    endloop
  endfacet
  facet normal -1 0 0
    outer loop
      vertex 88.15 14.85 2.4
      vertex 88.15 27.15 8.7
      vertex 88.15 27.15 2.4
    endloop
  endfacet
  facet normal -1 -0 0
    outer loop
      vertex 88.15 27.15 8.7
      vertex 88.15 14.85 2.4
      vertex 88.15 14.85 8.7
    endloop
  endfacet
  facet normal 0 1 0
    outer loop
      vertex 89.75 27.15 10.1
      vertex 88.15 27.15 8.7
      vertex 86.75 27.15 10.1
    endloop
  endfacet
  facet normal 0 1 -0
    outer loop
      vertex 89.75 27.15 2.4
      vertex 88.15 27.15 8.7
      vertex 89.75 27.15 10.1
    endloop
  endfacet
  facet normal 0 1 0
    outer loop
      vertex 88.15 27.15 8.7
      vertex 89.75 27.15 2.4
      vertex 88.15 27.15 2.4
    endloop
  endfacet
  facet normal 0 1 0
    outer loop
      vertex 86.75 27.15 10.1
      vertex 88.15 27.15 8.7
      vertex 86.75 27.15 8.7
    endloop
  endfacet
  facet normal 0 -1 0
    outer loop
      vertex 84.5 13.25 2.4
      vertex 89.75 13.25 10.1
      vertex 84.5 13.25 10.1
    endloop
  endfacet
  facet normal 0 -1 -0
    outer loop
      vertex 89.75 13.25 10.1
      vertex 84.5 13.25 2.4
      vertex 89.75 13.25 2.4
    endloop
  endfacet
  facet normal 0 0 -1
    outer loop
      vertex 86.75 14.85 8.7
      vertex 88.15 27.15 8.7
      vertex 88.15 14.85 8.7
    endloop
  endfacet
  facet normal -0 0 -1
    outer loop
      vertex 88.15 27.15 8.7
      vertex 86.75 14.85 8.7
      vertex 86.75 27.15 8.7
    endloop
  endfacet
  facet normal -1 0 0
    outer loop
      vertex 86.75 14.85 8.7
      vertex 86.75 27.15 10.1
      vertex 86.75 27.15 8.7
    endloop
  endfacet
  facet normal -1 -0 0
    outer loop
      vertex 86.75 27.15 10.1
      vertex 86.75 14.85 8.7
      vertex 86.75 14.85 10.1
    endloop
  endfacet
  facet normal 1 -0 0
    outer loop
      vertex 79.5 13.25 10.1
      vertex 79.5 14.85 2.4
      vertex 79.5 14.85 10.1
    endloop
  endfacet
  facet normal 1 0 0
    outer loop
      vertex 79.5 14.85 2.4
      vertex 79.5 13.25 10.1
      vertex 79.5 13.25 2.4
    endloop
  endfacet
  facet normal 0 1 0
    outer loop
      vertex 79.5 14.85 10.1
      vertex 77.25 14.85 8.7
      vertex 77.25 14.85 10.1
    endloop
  endfacet
  facet normal 0 1 -0
    outer loop
      vertex 79.5 14.85 2.4
      vertex 77.25 14.85 8.7
      vertex 79.5 14.85 10.1
    endloop
  endfacet
  facet normal 0 1 0
    outer loop
      vertex 75.85 14.85 2.4
      vertex 77.25 14.85 8.7
      vertex 79.5 14.85 2.4
    endloop
  endfacet
  facet normal 0 1 0
    outer loop
      vertex 77.25 14.85 8.7
      vertex 75.85 14.85 2.4
      vertex 75.85 14.85 8.7
    endloop
  endfacet
  facet normal -1 0 0
    outer loop
      vertex 84.5 13.25 2.4
      vertex 84.5 14.85 10.1
      vertex 84.5 14.85 2.4
    endloop
  endfacet
  facet normal -1 -0 0
    outer loop
      vertex 84.5 14.85 10.1
      vertex 84.5 13.25 2.4
      vertex 84.5 13.25 10.1
    endloop
  endfacet
  facet normal 0 1 0
    outer loop
      vertex 88.15 14.85 8.7
      vertex 88.15 14.85 2.4
      vertex 86.75 14.85 8.7
    endloop
  endfacet
  facet normal 0 1 -0
    outer loop
      vertex 86.75 14.85 8.7
      vertex 84.5 14.85 10.1
      vertex 86.75 14.85 10.1
    endloop
  endfacet
  facet normal 0 1 0
    outer loop
      vertex 84.5 14.85 2.4
      vertex 86.75 14.85 8.7
      vertex 88.15 14.85 2.4
    endloop
  endfacet
  facet normal 0 1 0
    outer loop
      vertex 86.75 14.85 8.7
      vertex 84.5 14.85 2.4
      vertex 84.5 14.85 10.1
    endloop
  endfacet
  facet normal -0.946896 -0.32154 -0
    outer loop
      vertex 29.8697 3.45 4.4
      vertex 29.7848 3.70002 2.4
      vertex 29.8697 3.45 2.4
    endloop
  endfacet
  facet normal 0 0 1
    outer loop
      vertex 29.9635 3.17359 2.4
      vertex 29.8697 3.45 2.4
      vertex 29.7848 3.70002 2.4
    endloop
  endfacet
  facet normal -0.946896 -0.32154 0
    outer loop
      vertex 29.7848 3.70002 2.4
      vertex 29.8697 3.45 4.4
      vertex 29.7848 3.70002 6.4
    endloop
  endfacet
  facet normal -0.94696 -0.321352 -0
    outer loop
      vertex 29.9635 3.17359 6.4
      vertex 29.8697 3.45 4.4
      vertex 29.9635 3.17359 4.4
    endloop
  endfacet
  facet normal -0.94693 -0.321441 -1.37903e-05
    outer loop
      vertex 29.8697 3.45 4.4
      vertex 29.9635 3.17359 6.4
      vertex 29.7848 3.70002 6.4
    endloop
  endfacet
  facet normal -0.997854 -0.0654755 0
    outer loop
      vertex 29.6764 4.24526 2.4
      vertex 29.64 4.8 6.4
      vertex 29.64 4.8 2.4
    endloop
  endfacet
  facet normal -0.997854 -0.0654755 0
    outer loop
      vertex 29.64 4.8 6.4
      vertex 29.6764 4.24526 2.4
      vertex 29.6764 4.24526 6.4
    endloop
  endfacet
  facet normal 0.997854 -0.0654755 0
    outer loop
      vertex 38.1036 4.24526 6.4
      vertex 38.14 4.8 2.4
      vertex 38.14 4.8 6.4
    endloop
  endfacet
  facet normal 0.997854 -0.0654755 0
    outer loop
      vertex 38.14 4.8 2.4
      vertex 38.1036 4.24526 6.4
      vertex 38.1036 4.24526 2.4
    endloop
  endfacet
  facet normal 0.751876 -0.659304 0
    outer loop
      vertex 36.8952 1.7948 6.4
      vertex 37.2617 2.21276 2.4
      vertex 37.2617 2.21276 6.4
    endloop
  endfacet
  facet normal 0.751876 -0.659304 0
    outer loop
      vertex 37.2617 2.21276 2.4
      vertex 36.8952 1.7948 6.4
      vertex 36.8952 1.7948 2.4
    endloop
  endfacet
  facet normal 0.659319 -0.751863 0
    outer loop
      vertex 36.4772 1.42825 2.4
      vertex 36.8952 1.7948 6.4
      vertex 36.4772 1.42825 6.4
    endloop
  endfacet
  facet normal 0.659319 -0.751863 0
    outer loop
      vertex 36.8952 1.7948 6.4
      vertex 36.4772 1.42825 2.4
      vertex 36.8952 1.7948 2.4
    endloop
  endfacet
  facet normal 0.89686 0.442314 0
    outer loop
      vertex 37.8165 6.4264 6.4
      vertex 37.5706 6.925 2.4
      vertex 37.5706 6.925 6.4
    endloop
  endfacet
  facet normal 0.89686 0.442314 0
    outer loop
      vertex 37.5706 6.925 2.4
      vertex 37.8165 6.4264 6.4
      vertex 37.8165 6.4264 2.4
    endloop
  endfacet
  facet normal -0.831519 0.555497 0
    outer loop
      vertex 30.2094 6.925 2.4
      vertex 30.5182 7.38724 6.4
      vertex 30.5182 7.38724 2.4
    endloop
  endfacet
  facet normal -0.831519 0.555497 0
    outer loop
      vertex 30.5182 7.38724 6.4
      vertex 30.2094 6.925 2.4
      vertex 30.2094 6.925 6.4
    endloop
  endfacet
  facet normal -0.896857 -0.442321 0
    outer loop
      vertex 30.2094 2.675 4.4
      vertex 29.9635 3.17359 6.4
      vertex 29.9635 3.17359 4.4
    endloop
  endfacet
  facet normal -0.896857 -0.442321 0
    outer loop
      vertex 29.9635 3.17359 6.4
      vertex 30.2094 2.675 4.4
      vertex 30.2094 2.675 6.4
    endloop
  endfacet
  facet normal 0.831435 0.555621 0
    outer loop
      vertex 37.5706 6.925 6.4
      vertex 37.2617 7.38724 2.4
      vertex 37.2617 7.38724 6.4
    endloop
  endfacet
  facet normal 0.831435 0.555621 0
    outer loop
      vertex 37.2617 7.38724 2.4
      vertex 37.5706 6.925 6.4
      vertex 37.5706 6.925 2.4
    endloop
  endfacet
  facet normal -0.195078 0.980788 0
    outer loop
      vertex 33.3353 9.01364 2.4
      vertex 32.79 8.90518 6.4
      vertex 33.3353 9.01364 6.4
    endloop
  endfacet
  facet normal -0.195078 0.980788 0
    outer loop
      vertex 32.79 8.90518 6.4
      vertex 33.3353 9.01364 2.4
      vertex 32.79 8.90518 2.4
    endloop
  endfacet
  facet normal 0.751876 0.659304 0
    outer loop
      vertex 37.2617 7.38724 6.4
      vertex 36.8952 7.8052 2.4
      vertex 36.8952 7.8052 6.4
    endloop
  endfacet
  facet normal 0.751876 0.659304 0
    outer loop
      vertex 36.8952 7.8052 2.4
      vertex 37.2617 7.38724 6.4
      vertex 37.2617 7.38724 2.4
    endloop
  endfacet
  facet normal -0.0654086 -0.997859 0
    outer loop
      vertex 33.3353 0.586359 2.4
      vertex 33.89 0.549999 6.4
      vertex 33.3353 0.586359 6.4
    endloop
  endfacet
  facet normal -0.0654086 -0.997859 -0
    outer loop
      vertex 33.89 0.549999 6.4
      vertex 33.3353 0.586359 2.4
      vertex 33.89 0.549999 2.4
    endloop
  endfacet
  facet normal 0.946896 -0.32154 0
    outer loop
      vertex 37.9952 3.70002 6.4
      vertex 37.9103 3.45 4.4
      vertex 37.9952 3.70002 2.4
    endloop
  endfacet
  facet normal 0.94693 -0.321441 -1.37903e-05
    outer loop
      vertex 37.8165 3.17359 6.4
      vertex 37.9103 3.45 4.4
      vertex 37.9952 3.70002 6.4
    endloop
  endfacet
  facet normal 0.94696 -0.321352 0
    outer loop
      vertex 37.9103 3.45 4.4
      vertex 37.8165 3.17359 6.4
      vertex 37.8165 3.17359 4.4
    endloop
  endfacet
  facet normal 0.946896 -0.32154 0
    outer loop
      vertex 37.9103 3.45 2.4
      vertex 37.9952 3.70002 2.4
      vertex 37.9103 3.45 4.4
    endloop
  endfacet
  facet normal -0 0 1
    outer loop
      vertex 37.9103 3.45 2.4
      vertex 37.8165 3.17359 2.4
      vertex 37.9952 3.70002 2.4
    endloop
  endfacet
  facet normal -0.946928 0.321447 0
    outer loop
      vertex 29.7848 5.89998 2.4
      vertex 29.9635 6.4264 6.4
      vertex 29.9635 6.4264 2.4
    endloop
  endfacet
  facet normal -0.946928 0.321447 0
    outer loop
      vertex 29.9635 6.4264 6.4
      vertex 29.7848 5.89998 2.4
      vertex 29.7848 5.89998 6.4
    endloop
  endfacet
  facet normal 0.896857 -0.442321 0
    outer loop
      vertex 37.5706 2.675 6.4
      vertex 37.8165 3.17359 4.4
      vertex 37.8165 3.17359 6.4
    endloop
  endfacet
  facet normal 0.896857 -0.442321 0
    outer loop
      vertex 37.8165 3.17359 4.4
      vertex 37.5706 2.675 6.4
      vertex 37.5706 2.675 4.4
    endloop
  endfacet
  facet normal 0 0 1
    outer loop
      vertex 35.59 4.8 6.4
      vertex 38.14 4.8 6.4
      vertex 38.1036 5.35474 6.4
    endloop
  endfacet
  facet normal 0 0 1
    outer loop
      vertex 35.5755 5.02189 6.4
      vertex 38.1036 5.35474 6.4
      vertex 37.9952 5.89998 6.4
    endloop
  endfacet
  facet normal 0 0 1
    outer loop
      vertex 38.14 4.8 6.4
      vertex 35.59 4.8 6.4
      vertex 38.1036 4.24526 6.4
    endloop
  endfacet
  facet normal 0 0 1
    outer loop
      vertex 35.5321 5.23999 6.4
      vertex 37.9952 5.89998 6.4
      vertex 37.8165 6.4264 6.4
    endloop
  endfacet
  facet normal -0 0 1
    outer loop
      vertex 35.5755 4.5781 6.4
      vertex 38.1036 4.24526 6.4
      vertex 35.59 4.8 6.4
    endloop
  endfacet
  facet normal 0 0 1
    outer loop
      vertex 35.4606 5.45056 6.4
      vertex 37.8165 6.4264 6.4
      vertex 37.5706 6.925 6.4
    endloop
  endfacet
  facet normal 0 0 1
    outer loop
      vertex 38.1036 4.24526 6.4
      vertex 35.5755 4.5781 6.4
      vertex 37.9952 3.70002 6.4
    endloop
  endfacet
  facet normal 0 0 1
    outer loop
      vertex 35.3622 5.65 6.4
      vertex 37.5706 6.925 6.4
      vertex 37.2617 7.38724 6.4
    endloop
  endfacet
  facet normal -0 0 1
    outer loop
      vertex 35.5321 4.36001 6.4
      vertex 37.9952 3.70002 6.4
      vertex 35.5755 4.5781 6.4
    endloop
  endfacet
  facet normal 0 0 1
    outer loop
      vertex 35.2387 5.83489 6.4
      vertex 37.2617 7.38724 6.4
      vertex 36.8952 7.8052 6.4
    endloop
  endfacet
  facet normal 0 0 1
    outer loop
      vertex 37.9952 3.70002 6.4
      vertex 35.5321 4.36001 6.4
      vertex 37.8165 3.17359 6.4
    endloop
  endfacet
  facet normal 0 0 1
    outer loop
      vertex 35.0921 6.00208 6.4
      vertex 36.8952 7.8052 6.4
      vertex 36.4772 8.17175 6.4
    endloop
  endfacet
  facet normal -0 0 1
    outer loop
      vertex 35.4606 4.14944 6.4
      vertex 37.8165 3.17359 6.4
      vertex 35.5321 4.36001 6.4
    endloop
  endfacet
  facet normal 0 0 1
    outer loop
      vertex 34.9249 6.1487 6.4
      vertex 36.4772 8.17175 6.4
      vertex 36.015 8.48061 6.4
    endloop
  endfacet
  facet normal 0 0 1
    outer loop
      vertex 37.8165 3.17359 6.4
      vertex 35.4606 4.14944 6.4
      vertex 37.5706 2.675 6.4
    endloop
  endfacet
  facet normal -0 0 1
    outer loop
      vertex 35.3622 3.95 6.4
      vertex 37.5706 2.675 6.4
      vertex 35.4606 4.14944 6.4
    endloop
  endfacet
  facet normal 0 0 1
    outer loop
      vertex 38.1036 5.35474 6.4
      vertex 35.5755 5.02189 6.4
      vertex 35.59 4.8 6.4
    endloop
  endfacet
  facet normal 0 0 1
    outer loop
      vertex 37.9952 5.89998 6.4
      vertex 35.5321 5.23999 6.4
      vertex 35.5755 5.02189 6.4
    endloop
  endfacet
  facet normal 0 0 1
    outer loop
      vertex 34.74 6.27224 6.4
      vertex 36.015 8.48061 6.4
      vertex 35.5164 8.72649 6.4
    endloop
  endfacet
  facet normal 0 0 1
    outer loop
      vertex 37.8165 6.4264 6.4
      vertex 35.4606 5.45056 6.4
      vertex 35.5321 5.23999 6.4
    endloop
  endfacet
  facet normal 0 0 1
    outer loop
      vertex 37.5706 6.925 6.4
      vertex 35.3622 5.65 6.4
      vertex 35.4606 5.45056 6.4
    endloop
  endfacet
  facet normal 0 0 1
    outer loop
      vertex 37.2617 7.38724 6.4
      vertex 35.2387 5.83489 6.4
      vertex 35.3622 5.65 6.4
    endloop
  endfacet
  facet normal 0 0 1
    outer loop
      vertex 36.8952 7.8052 6.4
      vertex 35.0921 6.00208 6.4
      vertex 35.2387 5.83489 6.4
    endloop
  endfacet
  facet normal 0 0 1
    outer loop
      vertex 34.5406 6.37059 6.4
      vertex 35.5164 8.72649 6.4
      vertex 34.99 8.90518 6.4
    endloop
  endfacet
  facet normal 0 0 1
    outer loop
      vertex 36.4772 8.17175 6.4
      vertex 34.9249 6.1487 6.4
      vertex 35.0921 6.00208 6.4
    endloop
  endfacet
  facet normal 0 0 1
    outer loop
      vertex 36.015 8.48061 6.4
      vertex 34.74 6.27224 6.4
      vertex 34.9249 6.1487 6.4
    endloop
  endfacet
  facet normal 0 0 1
    outer loop
      vertex 35.5164 8.72649 6.4
      vertex 34.5406 6.37059 6.4
      vertex 34.74 6.27224 6.4
    endloop
  endfacet
  facet normal 0 0 1
    outer loop
      vertex 34.33 6.44207 6.4
      vertex 34.99 8.90518 6.4
      vertex 34.4447 9.01364 6.4
    endloop
  endfacet
  facet normal 0 0 1
    outer loop
      vertex 34.99 8.90518 6.4
      vertex 34.33 6.44207 6.4
      vertex 34.5406 6.37059 6.4
    endloop
  endfacet
  facet normal 0 0 1
    outer loop
      vertex 34.4447 9.01364 6.4
      vertex 34.1119 6.48546 6.4
      vertex 34.33 6.44207 6.4
    endloop
  endfacet
  facet normal 0 0 1
    outer loop
      vertex 33.89 9.05 6.4
      vertex 34.1119 6.48546 6.4
      vertex 34.4447 9.01364 6.4
    endloop
  endfacet
  facet normal 0 0 1
    outer loop
      vertex 33.89 9.05 6.4
      vertex 33.89 6.5 6.4
      vertex 34.1119 6.48546 6.4
    endloop
  endfacet
  facet normal 0 0 1
    outer loop
      vertex 33.89 9.05 6.4
      vertex 33.6681 6.48546 6.4
      vertex 33.89 6.5 6.4
    endloop
  endfacet
  facet normal -0 0 1
    outer loop
      vertex 33.3353 9.01364 6.4
      vertex 33.6681 6.48546 6.4
      vertex 33.89 9.05 6.4
    endloop
  endfacet
  facet normal 0 0 1
    outer loop
      vertex 33.6681 6.48546 6.4
      vertex 33.3353 9.01364 6.4
      vertex 33.45 6.44207 6.4
    endloop
  endfacet
  facet normal -0 0 1
    outer loop
      vertex 32.79 8.90518 6.4
      vertex 33.45 6.44207 6.4
      vertex 33.3353 9.01364 6.4
    endloop
  endfacet
  facet normal 0 0 1
    outer loop
      vertex 33.45 6.44207 6.4
      vertex 32.79 8.90518 6.4
      vertex 33.2394 6.37059 6.4
    endloop
  endfacet
  facet normal -0 0 1
    outer loop
      vertex 32.2636 8.72649 6.4
      vertex 33.2394 6.37059 6.4
      vertex 32.79 8.90518 6.4
    endloop
  endfacet
  facet normal 0 0 1
    outer loop
      vertex 33.2394 6.37059 6.4
      vertex 32.2636 8.72649 6.4
      vertex 33.04 6.27224 6.4
    endloop
  endfacet
  facet normal -0 0 1
    outer loop
      vertex 31.765 8.48061 6.4
      vertex 33.04 6.27224 6.4
      vertex 32.2636 8.72649 6.4
    endloop
  endfacet
  facet normal 0 0 1
    outer loop
      vertex 33.04 6.27224 6.4
      vertex 31.765 8.48061 6.4
      vertex 32.8551 6.1487 6.4
    endloop
  endfacet
  facet normal -0 0 1
    outer loop
      vertex 31.3028 8.17175 6.4
      vertex 32.8551 6.1487 6.4
      vertex 31.765 8.48061 6.4
    endloop
  endfacet
  facet normal 0 0 1
    outer loop
      vertex 32.8551 6.1487 6.4
      vertex 31.3028 8.17175 6.4
      vertex 32.6879 6.00208 6.4
    endloop
  endfacet
  facet normal -0 0 1
    outer loop
      vertex 30.8848 7.8052 6.4
      vertex 32.6879 6.00208 6.4
      vertex 31.3028 8.17175 6.4
    endloop
  endfacet
  facet normal 0 0 1
    outer loop
      vertex 32.6879 6.00208 6.4
      vertex 30.8848 7.8052 6.4
      vertex 32.5413 5.83489 6.4
    endloop
  endfacet
  facet normal -0 0 1
    outer loop
      vertex 30.5182 7.38724 6.4
      vertex 32.5413 5.83489 6.4
      vertex 30.8848 7.8052 6.4
    endloop
  endfacet
  facet normal 0 0 1
    outer loop
      vertex 32.5413 5.83489 6.4
      vertex 30.5182 7.38724 6.4
      vertex 32.4178 5.65 6.4
    endloop
  endfacet
  facet normal -0 0 1
    outer loop
      vertex 30.2094 6.925 6.4
      vertex 32.4178 5.65 6.4
      vertex 30.5182 7.38724 6.4
    endloop
  endfacet
  facet normal 0 0 1
    outer loop
      vertex 37.5706 2.675 6.4
      vertex 35.3622 3.95 6.4
      vertex 37.2617 2.21276 6.4
    endloop
  endfacet
  facet normal -0 0 1
    outer loop
      vertex 35.2387 3.76511 6.4
      vertex 37.2617 2.21276 6.4
      vertex 35.3622 3.95 6.4
    endloop
  endfacet
  facet normal 0 0 1
    outer loop
      vertex 37.2617 2.21276 6.4
      vertex 35.2387 3.76511 6.4
      vertex 36.8952 1.7948 6.4
    endloop
  endfacet
  facet normal -0 0 1
    outer loop
      vertex 35.0921 3.59792 6.4
      vertex 36.8952 1.7948 6.4
      vertex 35.2387 3.76511 6.4
    endloop
  endfacet
  facet normal 0 0 1
    outer loop
      vertex 36.8952 1.7948 6.4
      vertex 35.0921 3.59792 6.4
      vertex 36.4772 1.42825 6.4
    endloop
  endfacet
  facet normal -0 0 1
    outer loop
      vertex 34.9249 3.4513 6.4
      vertex 36.4772 1.42825 6.4
      vertex 35.0921 3.59792 6.4
    endloop
  endfacet
  facet normal 0 0 1
    outer loop
      vertex 36.4772 1.42825 6.4
      vertex 34.9249 3.4513 6.4
      vertex 36.015 1.11939 6.4
    endloop
  endfacet
  facet normal -0 0 1
    outer loop
      vertex 34.74 3.32776 6.4
      vertex 36.015 1.11939 6.4
      vertex 34.9249 3.4513 6.4
    endloop
  endfacet
  facet normal 0 0 1
    outer loop
      vertex 36.015 1.11939 6.4
      vertex 34.74 3.32776 6.4
      vertex 35.5164 0.873511 6.4
    endloop
  endfacet
  facet normal -0 0 1
    outer loop
      vertex 34.5406 3.2294 6.4
      vertex 35.5164 0.873511 6.4
      vertex 34.74 3.32776 6.4
    endloop
  endfacet
  facet normal 0 0 1
    outer loop
      vertex 35.5164 0.873511 6.4
      vertex 34.5406 3.2294 6.4
      vertex 34.99 0.694815 6.4
    endloop
  endfacet
  facet normal -0 0 1
    outer loop
      vertex 34.33 3.15793 6.4
      vertex 34.99 0.694815 6.4
      vertex 34.5406 3.2294 6.4
    endloop
  endfacet
  facet normal 0 0 1
    outer loop
      vertex 34.99 0.694815 6.4
      vertex 34.33 3.15793 6.4
      vertex 34.4447 0.586359 6.4
    endloop
  endfacet
  facet normal -0 0 1
    outer loop
      vertex 34.1119 3.11454 6.4
      vertex 34.4447 0.586359 6.4
      vertex 34.33 3.15793 6.4
    endloop
  endfacet
  facet normal -0 0 1
    outer loop
      vertex 33.89 3.1 6.4
      vertex 34.4447 0.586359 6.4
      vertex 34.1119 3.11454 6.4
    endloop
  endfacet
  facet normal 0 0 1
    outer loop
      vertex 33.89 3.1 6.4
      vertex 33.89 0.549999 6.4
      vertex 34.4447 0.586359 6.4
    endloop
  endfacet
  facet normal 0 0 1
    outer loop
      vertex 33.6681 3.11454 6.4
      vertex 33.89 0.549999 6.4
      vertex 33.89 3.1 6.4
    endloop
  endfacet
  facet normal 0 0 1
    outer loop
      vertex 33.3353 0.586359 6.4
      vertex 33.6681 3.11454 6.4
      vertex 33.45 3.15793 6.4
    endloop
  endfacet
  facet normal 0 0 1
    outer loop
      vertex 33.6681 3.11454 6.4
      vertex 33.3353 0.586359 6.4
      vertex 33.89 0.549999 6.4
    endloop
  endfacet
  facet normal 0 0 1
    outer loop
      vertex 32.79 0.694815 6.4
      vertex 33.45 3.15793 6.4
      vertex 33.2394 3.2294 6.4
    endloop
  endfacet
  facet normal 0 0 1
    outer loop
      vertex 32.2636 0.873511 6.4
      vertex 33.2394 3.2294 6.4
      vertex 33.04 3.32776 6.4
    endloop
  endfacet
  facet normal 0 0 1
    outer loop
      vertex 31.765 1.11939 6.4
      vertex 33.04 3.32776 6.4
      vertex 32.8551 3.4513 6.4
    endloop
  endfacet
  facet normal 0 0 1
    outer loop
      vertex 33.45 3.15793 6.4
      vertex 32.79 0.694815 6.4
      vertex 33.3353 0.586359 6.4
    endloop
  endfacet
  facet normal 0 0 1
    outer loop
      vertex 31.3028 1.42825 6.4
      vertex 32.8551 3.4513 6.4
      vertex 32.6879 3.59792 6.4
    endloop
  endfacet
  facet normal 0 0 1
    outer loop
      vertex 30.8848 1.7948 6.4
      vertex 32.6879 3.59792 6.4
      vertex 32.5413 3.76511 6.4
    endloop
  endfacet
  facet normal 0 0 1
    outer loop
      vertex 30.5182 2.21276 6.4
      vertex 32.5413 3.76511 6.4
      vertex 32.4178 3.95 6.4
    endloop
  endfacet
  facet normal 0 0 1
    outer loop
      vertex 30.2094 2.675 6.4
      vertex 32.4178 3.95 6.4
      vertex 32.3194 4.14944 6.4
    endloop
  endfacet
  facet normal 0 0 1
    outer loop
      vertex 33.2394 3.2294 6.4
      vertex 32.2636 0.873511 6.4
      vertex 32.79 0.694815 6.4
    endloop
  endfacet
  facet normal 0 0 1
    outer loop
      vertex 29.9635 3.17359 6.4
      vertex 32.3194 4.14944 6.4
      vertex 32.2479 4.36001 6.4
    endloop
  endfacet
  facet normal 0 0 1
    outer loop
      vertex 29.7848 3.70002 6.4
      vertex 32.2479 4.36001 6.4
      vertex 32.2045 4.5781 6.4
    endloop
  endfacet
  facet normal 0 0 1
    outer loop
      vertex 29.6764 4.24526 6.4
      vertex 32.2045 4.5781 6.4
      vertex 32.19 4.8 6.4
    endloop
  endfacet
  facet normal 0 0 1
    outer loop
      vertex 32.4178 5.65 6.4
      vertex 30.2094 6.925 6.4
      vertex 32.3194 5.45056 6.4
    endloop
  endfacet
  facet normal 0 0 1
    outer loop
      vertex 33.04 3.32776 6.4
      vertex 31.765 1.11939 6.4
      vertex 32.2636 0.873511 6.4
    endloop
  endfacet
  facet normal -0 0 1
    outer loop
      vertex 29.9635 6.4264 6.4
      vertex 32.3194 5.45056 6.4
      vertex 30.2094 6.925 6.4
    endloop
  endfacet
  facet normal 0 0 1
    outer loop
      vertex 32.8551 3.4513 6.4
      vertex 31.3028 1.42825 6.4
      vertex 31.765 1.11939 6.4
    endloop
  endfacet
  facet normal 0 0 1
    outer loop
      vertex 32.3194 5.45056 6.4
      vertex 29.9635 6.4264 6.4
      vertex 32.2479 5.23999 6.4
    endloop
  endfacet
  facet normal 0 0 1
    outer loop
      vertex 32.6879 3.59792 6.4
      vertex 30.8848 1.7948 6.4
      vertex 31.3028 1.42825 6.4
    endloop
  endfacet
  facet normal -0 0 1
    outer loop
      vertex 29.7848 5.89998 6.4
      vertex 32.2479 5.23999 6.4
      vertex 29.9635 6.4264 6.4
    endloop
  endfacet
  facet normal 0 0 1
    outer loop
      vertex 32.5413 3.76511 6.4
      vertex 30.5182 2.21276 6.4
      vertex 30.8848 1.7948 6.4
    endloop
  endfacet
  facet normal 0 0 1
    outer loop
      vertex 32.2479 5.23999 6.4
      vertex 29.7848 5.89998 6.4
      vertex 32.2045 5.02189 6.4
    endloop
  endfacet
  facet normal 0 0 1
    outer loop
      vertex 32.4178 3.95 6.4
      vertex 30.2094 2.675 6.4
      vertex 30.5182 2.21276 6.4
    endloop
  endfacet
  facet normal -0 0 1
    outer loop
      vertex 29.6764 5.35474 6.4
      vertex 32.2045 5.02189 6.4
      vertex 29.7848 5.89998 6.4
    endloop
  endfacet
  facet normal 0 0 1
    outer loop
      vertex 32.3194 4.14944 6.4
      vertex 29.9635 3.17359 6.4
      vertex 30.2094 2.675 6.4
    endloop
  endfacet
  facet normal 0 0 1
    outer loop
      vertex 32.2045 5.02189 6.4
      vertex 29.6764 5.35474 6.4
      vertex 32.19 4.8 6.4
    endloop
  endfacet
  facet normal 0 0 1
    outer loop
      vertex 32.2479 4.36001 6.4
      vertex 29.7848 3.70002 6.4
      vertex 29.9635 3.17359 6.4
    endloop
  endfacet
  facet normal 0 0 1
    outer loop
      vertex 29.64 4.8 6.4
      vertex 32.19 4.8 6.4
      vertex 29.6764 5.35474 6.4
    endloop
  endfacet
  facet normal 0 0 1
    outer loop
      vertex 32.2045 4.5781 6.4
      vertex 29.6764 4.24526 6.4
      vertex 29.7848 3.70002 6.4
    endloop
  endfacet
  facet normal 0 0 1
    outer loop
      vertex 32.19 4.8 6.4
      vertex 29.64 4.8 6.4
      vertex 29.6764 4.24526 6.4
    endloop
  endfacet
  facet normal 0.980804 0.194995 0
    outer loop
      vertex 38.1036 5.35474 6.4
      vertex 37.9952 5.89998 2.4
      vertex 37.9952 5.89998 6.4
    endloop
  endfacet
  facet normal 0.980804 0.194995 0
    outer loop
      vertex 37.9952 5.89998 2.4
      vertex 38.1036 5.35474 6.4
      vertex 38.1036 5.35474 2.4
    endloop
  endfacet
  facet normal -0.0654086 0.997859 0
    outer loop
      vertex 33.89 9.05 2.4
      vertex 33.3353 9.01364 6.4
      vertex 33.89 9.05 6.4
    endloop
  endfacet
  facet normal -0.0654086 0.997859 0
    outer loop
      vertex 33.3353 9.01364 6.4
      vertex 33.89 9.05 2.4
      vertex 33.3353 9.01364 2.4
    endloop
  endfacet
  facet normal 0.997854 0.0654755 0
    outer loop
      vertex 38.14 4.8 6.4
      vertex 38.1036 5.35474 2.4
      vertex 38.1036 5.35474 6.4
    endloop
  endfacet
  facet normal 0.997854 0.0654755 0
    outer loop
      vertex 38.1036 5.35474 2.4
      vertex 38.14 4.8 6.4
      vertex 38.14 4.8 2.4
    endloop
  endfacet
  facet normal 0.831448 -0.555603 0
    outer loop
      vertex 37.5706 2.675 6.4
      vertex 37.2866 2.25 4.4
      vertex 37.5706 2.675 4.4
    endloop
  endfacet
  facet normal 0.831294 -0.555833 0
    outer loop
      vertex 37.2617 2.21276 2.4
      vertex 37.2866 2.25 4.4
      vertex 37.2617 2.21276 6.4
    endloop
  endfacet
  facet normal 0.831435 -0.555621 5.70191e-06
    outer loop
      vertex 37.2617 2.21276 6.4
      vertex 37.2866 2.25 4.4
      vertex 37.5706 2.675 6.4
    endloop
  endfacet
  facet normal -0 0 -1
    outer loop
      vertex 37.2866 2.25 2.4
      vertex 37.2617 2.21276 2.4
      vertex 37.5706 2.675 2.4
    endloop
  endfacet
  facet normal 0.831294 -0.555833 0
    outer loop
      vertex 37.2866 2.25 4.4
      vertex 37.2617 2.21276 2.4
      vertex 37.2866 2.25 2.4
    endloop
  endfacet
  facet normal 0.659319 0.751863 -0
    outer loop
      vertex 36.8952 7.8052 2.4
      vertex 36.4772 8.17175 6.4
      vertex 36.8952 7.8052 6.4
    endloop
  endfacet
  facet normal 0.659319 0.751863 0
    outer loop
      vertex 36.4772 8.17175 6.4
      vertex 36.8952 7.8052 2.4
      vertex 36.4772 8.17175 2.4
    endloop
  endfacet
  facet normal -0.321442 0.946929 0
    outer loop
      vertex 32.79 8.90518 2.4
      vertex 32.2636 8.72649 6.4
      vertex 32.79 8.90518 6.4
    endloop
  endfacet
  facet normal -0.321442 0.946929 0
    outer loop
      vertex 32.2636 8.72649 6.4
      vertex 32.79 8.90518 2.4
      vertex 32.2636 8.72649 2.4
    endloop
  endfacet
  facet normal 0.195078 0.980788 -0
    outer loop
      vertex 34.99 8.90518 2.4
      vertex 34.4447 9.01364 6.4
      vertex 34.99 8.90518 6.4
    endloop
  endfacet
  facet normal 0.195078 0.980788 0
    outer loop
      vertex 34.4447 9.01364 6.4
      vertex 34.99 8.90518 2.4
      vertex 34.4447 9.01364 2.4
    endloop
  endfacet
  facet normal 0.980804 -0.194995 0
    outer loop
      vertex 37.9952 3.70002 6.4
      vertex 38.1036 4.24526 2.4
      vertex 38.1036 4.24526 6.4
    endloop
  endfacet
  facet normal 0.980804 -0.194995 0
    outer loop
      vertex 38.1036 4.24526 2.4
      vertex 37.9952 3.70002 6.4
      vertex 37.9952 3.70002 2.4
    endloop
  endfacet
  facet normal -0.980804 -0.194995 0
    outer loop
      vertex 29.7848 3.70002 2.4
      vertex 29.6764 4.24526 6.4
      vertex 29.6764 4.24526 2.4
    endloop
  endfacet
  facet normal -0.980804 -0.194995 0
    outer loop
      vertex 29.6764 4.24526 6.4
      vertex 29.7848 3.70002 2.4
      vertex 29.7848 3.70002 6.4
    endloop
  endfacet
  facet normal -0.659319 -0.751863 0
    outer loop
      vertex 30.8848 1.7948 2.4
      vertex 31.3028 1.42825 6.4
      vertex 30.8848 1.7948 6.4
    endloop
  endfacet
  facet normal -0.659319 -0.751863 -0
    outer loop
      vertex 31.3028 1.42825 6.4
      vertex 30.8848 1.7948 2.4
      vertex 31.3028 1.42825 2.4
    endloop
  endfacet
  facet normal -0.321451 -0.946926 0
    outer loop
      vertex 32.2636 0.873511 2.4
      vertex 32.79 0.694815 6.4
      vertex 32.2636 0.873511 6.4
    endloop
  endfacet
  facet normal -0.321451 -0.946926 -0
    outer loop
      vertex 32.79 0.694815 6.4
      vertex 32.2636 0.873511 2.4
      vertex 32.79 0.694815 2.4
    endloop
  endfacet
  facet normal 0.555605 0.831446 -0
    outer loop
      vertex 36.4772 8.17175 2.4
      vertex 36.015 8.48061 6.4
      vertex 36.4772 8.17175 6.4
    endloop
  endfacet
  facet normal 0.555605 0.831446 0
    outer loop
      vertex 36.015 8.48061 6.4
      vertex 36.4772 8.17175 2.4
      vertex 36.015 8.48061 2.4
    endloop
  endfacet
  facet normal -0.555605 0.831446 0
    outer loop
      vertex 31.765 8.48061 2.4
      vertex 31.3028 8.17175 6.4
      vertex 31.765 8.48061 6.4
    endloop
  endfacet
  facet normal -0.555605 0.831446 0
    outer loop
      vertex 31.3028 8.17175 6.4
      vertex 31.765 8.48061 2.4
      vertex 31.3028 8.17175 2.4
    endloop
  endfacet
  facet normal 0.321451 -0.946926 0
    outer loop
      vertex 34.99 0.694815 2.4
      vertex 35.5164 0.873511 6.4
      vertex 34.99 0.694815 6.4
    endloop
  endfacet
  facet normal 0.321451 -0.946926 0
    outer loop
      vertex 35.5164 0.873511 6.4
      vertex 34.99 0.694815 2.4
      vertex 35.5164 0.873511 2.4
    endloop
  endfacet
  facet normal 0.946928 0.321447 0
    outer loop
      vertex 37.9952 5.89998 6.4
      vertex 37.8165 6.4264 2.4
      vertex 37.8165 6.4264 6.4
    endloop
  endfacet
  facet normal 0.946928 0.321447 0
    outer loop
      vertex 37.8165 6.4264 2.4
      vertex 37.9952 5.89998 6.4
      vertex 37.9952 5.89998 2.4
    endloop
  endfacet
  facet normal -0.89686 0.442314 0
    outer loop
      vertex 29.9635 6.4264 2.4
      vertex 30.2094 6.925 6.4
      vertex 30.2094 6.925 2.4
    endloop
  endfacet
  facet normal -0.89686 0.442314 0
    outer loop
      vertex 30.2094 6.925 6.4
      vertex 29.9635 6.4264 2.4
      vertex 29.9635 6.4264 6.4
    endloop
  endfacet
  facet normal -0.997854 0.0654755 0
    outer loop
      vertex 29.64 4.8 2.4
      vertex 29.6764 5.35474 6.4
      vertex 29.6764 5.35474 2.4
    endloop
  endfacet
  facet normal -0.997854 0.0654755 0
    outer loop
      vertex 29.6764 5.35474 6.4
      vertex 29.64 4.8 2.4
      vertex 29.64 4.8 6.4
    endloop
  endfacet
  facet normal 0.321442 0.946929 -0
    outer loop
      vertex 35.5164 8.72649 2.4
      vertex 34.99 8.90518 6.4
      vertex 35.5164 8.72649 6.4
    endloop
  endfacet
  facet normal 0.321442 0.946929 0
    outer loop
      vertex 34.99 8.90518 6.4
      vertex 35.5164 8.72649 2.4
      vertex 34.99 8.90518 2.4
    endloop
  endfacet
  facet normal -0.442284 -0.896875 0
    outer loop
      vertex 31.765 1.11939 2.4
      vertex 32.2636 0.873511 6.4
      vertex 31.765 1.11939 6.4
    endloop
  endfacet
  facet normal -0.442284 -0.896875 -0
    outer loop
      vertex 32.2636 0.873511 6.4
      vertex 31.765 1.11939 2.4
      vertex 32.2636 0.873511 2.4
    endloop
  endfacet
  facet normal -0.832325 -0.554288 0
    outer loop
      vertex 30.4934 2.25 2.4
      vertex 30.5182 2.21276 2.4
      vertex 30.4934 2.25 4.4
    endloop
  endfacet
  facet normal 0 0 1
    outer loop
      vertex 30.5182 2.21276 2.4
      vertex 30.4934 2.25 2.4
      vertex 30.2094 2.675 2.4
    endloop
  endfacet
  facet normal -0.831448 -0.555603 0
    outer loop
      vertex 30.4934 2.25 4.4
      vertex 30.2094 2.675 6.4
      vertex 30.2094 2.675 4.4
    endloop
  endfacet
  facet normal -0.831519 -0.555497 -3.25239e-05
    outer loop
      vertex 30.4934 2.25 4.4
      vertex 30.5182 2.21276 6.4
      vertex 30.2094 2.675 6.4
    endloop
  endfacet
  facet normal -0.832325 -0.554288 -0
    outer loop
      vertex 30.5182 2.21276 6.4
      vertex 30.4934 2.25 4.4
      vertex 30.5182 2.21276 2.4
    endloop
  endfacet
  facet normal -0.980804 0.194995 0
    outer loop
      vertex 29.6764 5.35474 2.4
      vertex 29.7848 5.89998 6.4
      vertex 29.7848 5.89998 2.4
    endloop
  endfacet
  facet normal -0.980804 0.194995 0
    outer loop
      vertex 29.7848 5.89998 6.4
      vertex 29.6764 5.35474 2.4
      vertex 29.6764 5.35474 6.4
    endloop
  endfacet
  facet normal -0.751787 -0.659406 0
    outer loop
      vertex 30.8848 1.7948 2.4
      vertex 30.5182 2.21276 6.4
      vertex 30.5182 2.21276 2.4
    endloop
  endfacet
  facet normal -0.751787 -0.659406 0
    outer loop
      vertex 30.5182 2.21276 6.4
      vertex 30.8848 1.7948 2.4
      vertex 30.8848 1.7948 6.4
    endloop
  endfacet
  facet normal 0.195071 -0.980789 0
    outer loop
      vertex 34.4447 0.586359 2.4
      vertex 34.99 0.694815 6.4
      vertex 34.4447 0.586359 6.4
    endloop
  endfacet
  facet normal 0.195071 -0.980789 0
    outer loop
      vertex 34.99 0.694815 6.4
      vertex 34.4447 0.586359 2.4
      vertex 34.99 0.694815 2.4
    endloop
  endfacet
  facet normal -0.659319 0.751863 0
    outer loop
      vertex 31.3028 8.17175 2.4
      vertex 30.8848 7.8052 6.4
      vertex 31.3028 8.17175 6.4
    endloop
  endfacet
  facet normal -0.659319 0.751863 0
    outer loop
      vertex 30.8848 7.8052 6.4
      vertex 31.3028 8.17175 2.4
      vertex 30.8848 7.8052 2.4
    endloop
  endfacet
  facet normal 0.442285 0.896874 -0
    outer loop
      vertex 36.015 8.48061 2.4
      vertex 35.5164 8.72649 6.4
      vertex 36.015 8.48061 6.4
    endloop
  endfacet
  facet normal 0.442285 0.896874 0
    outer loop
      vertex 35.5164 8.72649 6.4
      vertex 36.015 8.48061 2.4
      vertex 35.5164 8.72649 2.4
    endloop
  endfacet
  facet normal 0.0654086 -0.997859 0
    outer loop
      vertex 33.89 0.549999 2.4
      vertex 34.4447 0.586359 6.4
      vertex 33.89 0.549999 6.4
    endloop
  endfacet
  facet normal 0.0654086 -0.997859 0
    outer loop
      vertex 34.4447 0.586359 6.4
      vertex 33.89 0.549999 2.4
      vertex 34.4447 0.586359 2.4
    endloop
  endfacet
  facet normal -0.751787 0.659406 0
    outer loop
      vertex 30.5182 7.38724 2.4
      vertex 30.8848 7.8052 6.4
      vertex 30.8848 7.8052 2.4
    endloop
  endfacet
  facet normal -0.751787 0.659406 0
    outer loop
      vertex 30.8848 7.8052 6.4
      vertex 30.5182 7.38724 2.4
      vertex 30.5182 7.38724 6.4
    endloop
  endfacet
  facet normal -0.195071 -0.980789 0
    outer loop
      vertex 32.79 0.694815 2.4
      vertex 33.3353 0.586359 6.4
      vertex 32.79 0.694815 6.4
    endloop
  endfacet
  facet normal -0.195071 -0.980789 -0
    outer loop
      vertex 33.3353 0.586359 6.4
      vertex 32.79 0.694815 2.4
      vertex 33.3353 0.586359 2.4
    endloop
  endfacet
  facet normal -0.442285 0.896874 0
    outer loop
      vertex 32.2636 8.72649 2.4
      vertex 31.765 8.48061 6.4
      vertex 32.2636 8.72649 6.4
    endloop
  endfacet
  facet normal -0.442285 0.896874 0
    outer loop
      vertex 31.765 8.48061 6.4
      vertex 32.2636 8.72649 2.4
      vertex 31.765 8.48061 2.4
    endloop
  endfacet
  facet normal 0.0654086 0.997859 -0
    outer loop
      vertex 34.4447 9.01364 2.4
      vertex 33.89 9.05 6.4
      vertex 34.4447 9.01364 6.4
    endloop
  endfacet
  facet normal 0.0654086 0.997859 0
    outer loop
      vertex 33.89 9.05 6.4
      vertex 34.4447 9.01364 2.4
      vertex 33.89 9.05 2.4
    endloop
  endfacet
  facet normal 0.442284 -0.896875 0
    outer loop
      vertex 35.5164 0.873511 2.4
      vertex 36.015 1.11939 6.4
      vertex 35.5164 0.873511 6.4
    endloop
  endfacet
  facet normal 0.442284 -0.896875 0
    outer loop
      vertex 36.015 1.11939 6.4
      vertex 35.5164 0.873511 2.4
      vertex 36.015 1.11939 2.4
    endloop
  endfacet
  facet normal 0.555605 -0.831446 0
    outer loop
      vertex 36.015 1.11939 2.4
      vertex 36.4772 1.42825 6.4
      vertex 36.015 1.11939 6.4
    endloop
  endfacet
  facet normal 0.555605 -0.831446 0
    outer loop
      vertex 36.4772 1.42825 6.4
      vertex 36.015 1.11939 2.4
      vertex 36.4772 1.42825 2.4
    endloop
  endfacet
  facet normal -0.555605 -0.831446 0
    outer loop
      vertex 31.3028 1.42825 2.4
      vertex 31.765 1.11939 6.4
      vertex 31.3028 1.42825 6.4
    endloop
  endfacet
  facet normal -0.555605 -0.831446 -0
    outer loop
      vertex 31.765 1.11939 6.4
      vertex 31.3028 1.42825 2.4
      vertex 31.765 1.11939 2.4
    endloop
  endfacet
  facet normal 0.980808 0.194975 0
    outer loop
      vertex 38.1036 37.7547 6.4
      vertex 37.9952 38.3 2.4
      vertex 37.9952 38.3 6.4
    endloop
  endfacet
  facet normal 0.980808 0.194975 0
    outer loop
      vertex 37.9952 38.3 2.4
      vertex 38.1036 37.7547 6.4
      vertex 38.1036 37.7547 2.4
    endloop
  endfacet
  facet normal 0.997854 0.0654802 0
    outer loop
      vertex 38.14 37.2 6.4
      vertex 38.1036 37.7547 2.4
      vertex 38.1036 37.7547 6.4
    endloop
  endfacet
  facet normal 0.997854 0.0654802 0
    outer loop
      vertex 38.1036 37.7547 2.4
      vertex 38.14 37.2 6.4
      vertex 38.14 37.2 2.4
    endloop
  endfacet
  facet normal 0.946956 0.321362 0
    outer loop
      vertex 37.8165 38.8264 6.4
      vertex 37.9103 38.55 4.4
      vertex 37.8165 38.8264 4.4
    endloop
  endfacet
  facet normal 0.946888 0.321563 -0
    outer loop
      vertex 37.9952 38.3 2.4
      vertex 37.9103 38.55 4.4
      vertex 37.9952 38.3 6.4
    endloop
  endfacet
  facet normal 0.946924 0.321458 -1.47147e-05
    outer loop
      vertex 37.9952 38.3 6.4
      vertex 37.9103 38.55 4.4
      vertex 37.8165 38.8264 6.4
    endloop
  endfacet
  facet normal -0 -0 1
    outer loop
      vertex 37.9103 38.55 2.4
      vertex 37.9952 38.3 2.4
      vertex 37.8165 38.8264 2.4
    endloop
  endfacet
  facet normal 0.946888 0.321563 0
    outer loop
      vertex 37.9103 38.55 4.4
      vertex 37.9952 38.3 2.4
      vertex 37.9103 38.55 2.4
    endloop
  endfacet
  facet normal 0 0 1
    outer loop
      vertex 35.59 37.2 6.4
      vertex 38.14 37.2 6.4
      vertex 38.1036 37.7547 6.4
    endloop
  endfacet
  facet normal 0 0 1
    outer loop
      vertex 35.5755 37.4219 6.4
      vertex 38.1036 37.7547 6.4
      vertex 37.9952 38.3 6.4
    endloop
  endfacet
  facet normal 0 0 1
    outer loop
      vertex 38.14 37.2 6.4
      vertex 35.59 37.2 6.4
      vertex 38.1036 36.6453 6.4
    endloop
  endfacet
  facet normal 0 0 1
    outer loop
      vertex 35.5321 37.64 6.4
      vertex 37.9952 38.3 6.4
      vertex 37.8165 38.8264 6.4
    endloop
  endfacet
  facet normal -0 0 1
    outer loop
      vertex 35.5755 36.9781 6.4
      vertex 38.1036 36.6453 6.4
      vertex 35.59 37.2 6.4
    endloop
  endfacet
  facet normal 0 0 1
    outer loop
      vertex 35.4606 37.8506 6.4
      vertex 37.8165 38.8264 6.4
      vertex 37.5706 39.325 6.4
    endloop
  endfacet
  facet normal 0 0 1
    outer loop
      vertex 38.1036 36.6453 6.4
      vertex 35.5755 36.9781 6.4
      vertex 37.9952 36.1 6.4
    endloop
  endfacet
  facet normal 0 0 1
    outer loop
      vertex 35.3622 38.05 6.4
      vertex 37.5706 39.325 6.4
      vertex 37.2617 39.7872 6.4
    endloop
  endfacet
  facet normal -0 0 1
    outer loop
      vertex 35.5321 36.76 6.4
      vertex 37.9952 36.1 6.4
      vertex 35.5755 36.9781 6.4
    endloop
  endfacet
  facet normal 0 0 1
    outer loop
      vertex 35.2387 38.2349 6.4
      vertex 37.2617 39.7872 6.4
      vertex 36.8952 40.2052 6.4
    endloop
  endfacet
  facet normal 0 0 1
    outer loop
      vertex 37.9952 36.1 6.4
      vertex 35.5321 36.76 6.4
      vertex 37.8165 35.5736 6.4
    endloop
  endfacet
  facet normal 0 0 1
    outer loop
      vertex 35.0921 38.4021 6.4
      vertex 36.8952 40.2052 6.4
      vertex 36.4772 40.5718 6.4
    endloop
  endfacet
  facet normal -0 0 1
    outer loop
      vertex 35.4606 36.5494 6.4
      vertex 37.8165 35.5736 6.4
      vertex 35.5321 36.76 6.4
    endloop
  endfacet
  facet normal 0 0 1
    outer loop
      vertex 34.9249 38.5487 6.4
      vertex 36.4772 40.5718 6.4
      vertex 36.015 40.8806 6.4
    endloop
  endfacet
  facet normal 0 0 1
    outer loop
      vertex 37.8165 35.5736 6.4
      vertex 35.4606 36.5494 6.4
      vertex 37.5706 35.075 6.4
    endloop
  endfacet
  facet normal -0 0 1
    outer loop
      vertex 35.3622 36.35 6.4
      vertex 37.5706 35.075 6.4
      vertex 35.4606 36.5494 6.4
    endloop
  endfacet
  facet normal 0 0 1
    outer loop
      vertex 38.1036 37.7547 6.4
      vertex 35.5755 37.4219 6.4
      vertex 35.59 37.2 6.4
    endloop
  endfacet
  facet normal 0 0 1
    outer loop
      vertex 37.9952 38.3 6.4
      vertex 35.5321 37.64 6.4
      vertex 35.5755 37.4219 6.4
    endloop
  endfacet
  facet normal 0 0 1
    outer loop
      vertex 34.74 38.6722 6.4
      vertex 36.015 40.8806 6.4
      vertex 35.5164 41.1265 6.4
    endloop
  endfacet
  facet normal 0 0 1
    outer loop
      vertex 37.8165 38.8264 6.4
      vertex 35.4606 37.8506 6.4
      vertex 35.5321 37.64 6.4
    endloop
  endfacet
  facet normal 0 0 1
    outer loop
      vertex 37.5706 39.325 6.4
      vertex 35.3622 38.05 6.4
      vertex 35.4606 37.8506 6.4
    endloop
  endfacet
  facet normal 0 0 1
    outer loop
      vertex 37.2617 39.7872 6.4
      vertex 35.2387 38.2349 6.4
      vertex 35.3622 38.05 6.4
    endloop
  endfacet
  facet normal 0 0 1
    outer loop
      vertex 36.8952 40.2052 6.4
      vertex 35.0921 38.4021 6.4
      vertex 35.2387 38.2349 6.4
    endloop
  endfacet
  facet normal 0 0 1
    outer loop
      vertex 34.5406 38.7706 6.4
      vertex 35.5164 41.1265 6.4
      vertex 34.99 41.3052 6.4
    endloop
  endfacet
  facet normal 0 0 1
    outer loop
      vertex 36.4772 40.5718 6.4
      vertex 34.9249 38.5487 6.4
      vertex 35.0921 38.4021 6.4
    endloop
  endfacet
  facet normal 0 0 1
    outer loop
      vertex 36.015 40.8806 6.4
      vertex 34.74 38.6722 6.4
      vertex 34.9249 38.5487 6.4
    endloop
  endfacet
  facet normal 0 0 1
    outer loop
      vertex 35.5164 41.1265 6.4
      vertex 34.5406 38.7706 6.4
      vertex 34.74 38.6722 6.4
    endloop
  endfacet
  facet normal 0 0 1
    outer loop
      vertex 34.33 38.8421 6.4
      vertex 34.99 41.3052 6.4
      vertex 34.4447 41.4136 6.4
    endloop
  endfacet
  facet normal 0 0 1
    outer loop
      vertex 34.99 41.3052 6.4
      vertex 34.33 38.8421 6.4
      vertex 34.5406 38.7706 6.4
    endloop
  endfacet
  facet normal 0 0 1
    outer loop
      vertex 34.4447 41.4136 6.4
      vertex 34.1119 38.8855 6.4
      vertex 34.33 38.8421 6.4
    endloop
  endfacet
  facet normal 0 0 1
    outer loop
      vertex 33.89 41.45 6.4
      vertex 34.1119 38.8855 6.4
      vertex 34.4447 41.4136 6.4
    endloop
  endfacet
  facet normal 0 0 1
    outer loop
      vertex 33.89 41.45 6.4
      vertex 33.89 38.9 6.4
      vertex 34.1119 38.8855 6.4
    endloop
  endfacet
  facet normal 0 0 1
    outer loop
      vertex 33.89 41.45 6.4
      vertex 33.6681 38.8855 6.4
      vertex 33.89 38.9 6.4
    endloop
  endfacet
  facet normal -0 0 1
    outer loop
      vertex 33.3353 41.4136 6.4
      vertex 33.6681 38.8855 6.4
      vertex 33.89 41.45 6.4
    endloop
  endfacet
  facet normal 0 0 1
    outer loop
      vertex 33.6681 38.8855 6.4
      vertex 33.3353 41.4136 6.4
      vertex 33.45 38.8421 6.4
    endloop
  endfacet
  facet normal -0 0 1
    outer loop
      vertex 32.79 41.3052 6.4
      vertex 33.45 38.8421 6.4
      vertex 33.3353 41.4136 6.4
    endloop
  endfacet
  facet normal 0 0 1
    outer loop
      vertex 33.45 38.8421 6.4
      vertex 32.79 41.3052 6.4
      vertex 33.2394 38.7706 6.4
    endloop
  endfacet
  facet normal -0 0 1
    outer loop
      vertex 32.2636 41.1265 6.4
      vertex 33.2394 38.7706 6.4
      vertex 32.79 41.3052 6.4
    endloop
  endfacet
  facet normal 0 0 1
    outer loop
      vertex 33.2394 38.7706 6.4
      vertex 32.2636 41.1265 6.4
      vertex 33.04 38.6722 6.4
    endloop
  endfacet
  facet normal -0 0 1
    outer loop
      vertex 31.765 40.8806 6.4
      vertex 33.04 38.6722 6.4
      vertex 32.2636 41.1265 6.4
    endloop
  endfacet
  facet normal 0 0 1
    outer loop
      vertex 33.04 38.6722 6.4
      vertex 31.765 40.8806 6.4
      vertex 32.8551 38.5487 6.4
    endloop
  endfacet
  facet normal -0 0 1
    outer loop
      vertex 31.3028 40.5718 6.4
      vertex 32.8551 38.5487 6.4
      vertex 31.765 40.8806 6.4
    endloop
  endfacet
  facet normal 0 0 1
    outer loop
      vertex 32.8551 38.5487 6.4
      vertex 31.3028 40.5718 6.4
      vertex 32.6879 38.4021 6.4
    endloop
  endfacet
  facet normal -0 0 1
    outer loop
      vertex 30.8848 40.2052 6.4
      vertex 32.6879 38.4021 6.4
      vertex 31.3028 40.5718 6.4
    endloop
  endfacet
  facet normal 0 0 1
    outer loop
      vertex 32.6879 38.4021 6.4
      vertex 30.8848 40.2052 6.4
      vertex 32.5413 38.2349 6.4
    endloop
  endfacet
  facet normal -0 0 1
    outer loop
      vertex 30.5182 39.7872 6.4
      vertex 32.5413 38.2349 6.4
      vertex 30.8848 40.2052 6.4
    endloop
  endfacet
  facet normal 0 0 1
    outer loop
      vertex 32.5413 38.2349 6.4
      vertex 30.5182 39.7872 6.4
      vertex 32.4178 38.05 6.4
    endloop
  endfacet
  facet normal -0 0 1
    outer loop
      vertex 30.2094 39.325 6.4
      vertex 32.4178 38.05 6.4
      vertex 30.5182 39.7872 6.4
    endloop
  endfacet
  facet normal 0 0 1
    outer loop
      vertex 37.5706 35.075 6.4
      vertex 35.3622 36.35 6.4
      vertex 37.2617 34.6128 6.4
    endloop
  endfacet
  facet normal -0 0 1
    outer loop
      vertex 35.2387 36.1651 6.4
      vertex 37.2617 34.6128 6.4
      vertex 35.3622 36.35 6.4
    endloop
  endfacet
  facet normal 0 0 1
    outer loop
      vertex 37.2617 34.6128 6.4
      vertex 35.2387 36.1651 6.4
      vertex 36.8952 34.1948 6.4
    endloop
  endfacet
  facet normal -0 0 1
    outer loop
      vertex 35.0921 35.9979 6.4
      vertex 36.8952 34.1948 6.4
      vertex 35.2387 36.1651 6.4
    endloop
  endfacet
  facet normal 0 0 1
    outer loop
      vertex 36.8952 34.1948 6.4
      vertex 35.0921 35.9979 6.4
      vertex 36.4772 33.8282 6.4
    endloop
  endfacet
  facet normal -0 0 1
    outer loop
      vertex 34.9249 35.8513 6.4
      vertex 36.4772 33.8282 6.4
      vertex 35.0921 35.9979 6.4
    endloop
  endfacet
  facet normal 0 0 1
    outer loop
      vertex 36.4772 33.8282 6.4
      vertex 34.9249 35.8513 6.4
      vertex 36.015 33.5194 6.4
    endloop
  endfacet
  facet normal -0 0 1
    outer loop
      vertex 34.74 35.7278 6.4
      vertex 36.015 33.5194 6.4
      vertex 34.9249 35.8513 6.4
    endloop
  endfacet
  facet normal 0 0 1
    outer loop
      vertex 36.015 33.5194 6.4
      vertex 34.74 35.7278 6.4
      vertex 35.5164 33.2735 6.4
    endloop
  endfacet
  facet normal -0 0 1
    outer loop
      vertex 34.5406 35.6294 6.4
      vertex 35.5164 33.2735 6.4
      vertex 34.74 35.7278 6.4
    endloop
  endfacet
  facet normal 0 0 1
    outer loop
      vertex 35.5164 33.2735 6.4
      vertex 34.5406 35.6294 6.4
      vertex 34.99 33.0948 6.4
    endloop
  endfacet
  facet normal -0 0 1
    outer loop
      vertex 34.33 35.5579 6.4
      vertex 34.99 33.0948 6.4
      vertex 34.5406 35.6294 6.4
    endloop
  endfacet
  facet normal 0 0 1
    outer loop
      vertex 34.99 33.0948 6.4
      vertex 34.33 35.5579 6.4
      vertex 34.4447 32.9864 6.4
    endloop
  endfacet
  facet normal -0 0 1
    outer loop
      vertex 34.1119 35.5145 6.4
      vertex 34.4447 32.9864 6.4
      vertex 34.33 35.5579 6.4
    endloop
  endfacet
  facet normal -0 0 1
    outer loop
      vertex 33.89 35.5 6.4
      vertex 34.4447 32.9864 6.4
      vertex 34.1119 35.5145 6.4
    endloop
  endfacet
  facet normal 0 0 1
    outer loop
      vertex 33.89 35.5 6.4
      vertex 33.89 32.95 6.4
      vertex 34.4447 32.9864 6.4
    endloop
  endfacet
  facet normal 0 0 1
    outer loop
      vertex 33.6681 35.5145 6.4
      vertex 33.89 32.95 6.4
      vertex 33.89 35.5 6.4
    endloop
  endfacet
  facet normal 0 0 1
    outer loop
      vertex 33.3353 32.9864 6.4
      vertex 33.6681 35.5145 6.4
      vertex 33.45 35.5579 6.4
    endloop
  endfacet
  facet normal 0 0 1
    outer loop
      vertex 33.6681 35.5145 6.4
      vertex 33.3353 32.9864 6.4
      vertex 33.89 32.95 6.4
    endloop
  endfacet
  facet normal 0 0 1
    outer loop
      vertex 32.79 33.0948 6.4
      vertex 33.45 35.5579 6.4
      vertex 33.2394 35.6294 6.4
    endloop
  endfacet
  facet normal 0 0 1
    outer loop
      vertex 32.2636 33.2735 6.4
      vertex 33.2394 35.6294 6.4
      vertex 33.04 35.7278 6.4
    endloop
  endfacet
  facet normal 0 0 1
    outer loop
      vertex 31.765 33.5194 6.4
      vertex 33.04 35.7278 6.4
      vertex 32.8551 35.8513 6.4
    endloop
  endfacet
  facet normal 0 0 1
    outer loop
      vertex 33.45 35.5579 6.4
      vertex 32.79 33.0948 6.4
      vertex 33.3353 32.9864 6.4
    endloop
  endfacet
  facet normal 0 0 1
    outer loop
      vertex 31.3028 33.8282 6.4
      vertex 32.8551 35.8513 6.4
      vertex 32.6879 35.9979 6.4
    endloop
  endfacet
  facet normal 0 0 1
    outer loop
      vertex 30.8848 34.1948 6.4
      vertex 32.6879 35.9979 6.4
      vertex 32.5413 36.1651 6.4
    endloop
  endfacet
  facet normal 0 0 1
    outer loop
      vertex 30.5182 34.6128 6.4
      vertex 32.5413 36.1651 6.4
      vertex 32.4178 36.35 6.4
    endloop
  endfacet
  facet normal 0 0 1
    outer loop
      vertex 30.2094 35.075 6.4
      vertex 32.4178 36.35 6.4
      vertex 32.3194 36.5494 6.4
    endloop
  endfacet
  facet normal 0 0 1
    outer loop
      vertex 33.2394 35.6294 6.4
      vertex 32.2636 33.2735 6.4
      vertex 32.79 33.0948 6.4
    endloop
  endfacet
  facet normal 0 0 1
    outer loop
      vertex 29.9635 35.5736 6.4
      vertex 32.3194 36.5494 6.4
      vertex 32.2479 36.76 6.4
    endloop
  endfacet
  facet normal 0 0 1
    outer loop
      vertex 29.7848 36.1 6.4
      vertex 32.2479 36.76 6.4
      vertex 32.2045 36.9781 6.4
    endloop
  endfacet
  facet normal 0 0 1
    outer loop
      vertex 29.6764 36.6453 6.4
      vertex 32.2045 36.9781 6.4
      vertex 32.19 37.2 6.4
    endloop
  endfacet
  facet normal 0 0 1
    outer loop
      vertex 32.4178 38.05 6.4
      vertex 30.2094 39.325 6.4
      vertex 32.3194 37.8506 6.4
    endloop
  endfacet
  facet normal 0 0 1
    outer loop
      vertex 33.04 35.7278 6.4
      vertex 31.765 33.5194 6.4
      vertex 32.2636 33.2735 6.4
    endloop
  endfacet
  facet normal -0 0 1
    outer loop
      vertex 29.9635 38.8264 6.4
      vertex 32.3194 37.8506 6.4
      vertex 30.2094 39.325 6.4
    endloop
  endfacet
  facet normal 0 0 1
    outer loop
      vertex 32.8551 35.8513 6.4
      vertex 31.3028 33.8282 6.4
      vertex 31.765 33.5194 6.4
    endloop
  endfacet
  facet normal 0 0 1
    outer loop
      vertex 32.3194 37.8506 6.4
      vertex 29.9635 38.8264 6.4
      vertex 32.2479 37.64 6.4
    endloop
  endfacet
  facet normal 0 0 1
    outer loop
      vertex 32.6879 35.9979 6.4
      vertex 30.8848 34.1948 6.4
      vertex 31.3028 33.8282 6.4
    endloop
  endfacet
  facet normal -0 0 1
    outer loop
      vertex 29.7848 38.3 6.4
      vertex 32.2479 37.64 6.4
      vertex 29.9635 38.8264 6.4
    endloop
  endfacet
  facet normal 0 0 1
    outer loop
      vertex 32.5413 36.1651 6.4
      vertex 30.5182 34.6128 6.4
      vertex 30.8848 34.1948 6.4
    endloop
  endfacet
  facet normal 0 0 1
    outer loop
      vertex 32.2479 37.64 6.4
      vertex 29.7848 38.3 6.4
      vertex 32.2045 37.4219 6.4
    endloop
  endfacet
  facet normal 0 0 1
    outer loop
      vertex 32.4178 36.35 6.4
      vertex 30.2094 35.075 6.4
      vertex 30.5182 34.6128 6.4
    endloop
  endfacet
  facet normal -0 0 1
    outer loop
      vertex 29.6764 37.7547 6.4
      vertex 32.2045 37.4219 6.4
      vertex 29.7848 38.3 6.4
    endloop
  endfacet
  facet normal 0 0 1
    outer loop
      vertex 32.3194 36.5494 6.4
      vertex 29.9635 35.5736 6.4
      vertex 30.2094 35.075 6.4
    endloop
  endfacet
  facet normal 0 0 1
    outer loop
      vertex 32.2045 37.4219 6.4
      vertex 29.6764 37.7547 6.4
      vertex 32.19 37.2 6.4
    endloop
  endfacet
  facet normal 0 0 1
    outer loop
      vertex 32.2479 36.76 6.4
      vertex 29.7848 36.1 6.4
      vertex 29.9635 35.5736 6.4
    endloop
  endfacet
  facet normal 0 0 1
    outer loop
      vertex 29.64 37.2 6.4
      vertex 32.19 37.2 6.4
      vertex 29.6764 37.7547 6.4
    endloop
  endfacet
  facet normal 0 0 1
    outer loop
      vertex 32.2045 36.9781 6.4
      vertex 29.6764 36.6453 6.4
      vertex 29.7848 36.1 6.4
    endloop
  endfacet
  facet normal 0 0 1
    outer loop
      vertex 32.19 37.2 6.4
      vertex 29.64 37.2 6.4
      vertex 29.6764 36.6453 6.4
    endloop
  endfacet
  facet normal 0.194975 -0.980808 0
    outer loop
      vertex 34.4447 32.9864 2.4
      vertex 34.99 33.0948 6.4
      vertex 34.4447 32.9864 6.4
    endloop
  endfacet
  facet normal 0.194975 -0.980808 0
    outer loop
      vertex 34.99 33.0948 6.4
      vertex 34.4447 32.9864 2.4
      vertex 34.99 33.0948 2.4
    endloop
  endfacet
  facet normal 0.442314 0.89686 -0
    outer loop
      vertex 36.015 40.8806 2.4
      vertex 35.5164 41.1265 6.4
      vertex 36.015 40.8806 6.4
    endloop
  endfacet
  facet normal 0.442314 0.89686 0
    outer loop
      vertex 35.5164 41.1265 6.4
      vertex 36.015 40.8806 2.4
      vertex 35.5164 41.1265 2.4
    endloop
  endfacet
  facet normal -0.83205 0.5547 0
    outer loop
      vertex 30.4934 39.75 4.4
      vertex 30.5182 39.7872 2.4
      vertex 30.4934 39.75 2.4
    endloop
  endfacet
  facet normal 0 0 1
    outer loop
      vertex 30.2094 39.325 2.4
      vertex 30.4934 39.75 2.4
      vertex 30.5182 39.7872 2.4
    endloop
  endfacet
  facet normal -0.83205 0.5547 0
    outer loop
      vertex 30.5182 39.7872 2.4
      vertex 30.4934 39.75 4.4
      vertex 30.5182 39.7872 6.4
    endloop
  endfacet
  facet normal -0.831448 0.555603 0
    outer loop
      vertex 30.2094 39.325 6.4
      vertex 30.4934 39.75 4.4
      vertex 30.2094 39.325 4.4
    endloop
  endfacet
  facet normal -0.831496 0.55553 -2.23076e-05
    outer loop
      vertex 30.4934 39.75 4.4
      vertex 30.2094 39.325 6.4
      vertex 30.5182 39.7872 6.4
    endloop
  endfacet
  facet normal 0.442314 -0.89686 0
    outer loop
      vertex 35.5164 33.2735 2.4
      vertex 36.015 33.5194 6.4
      vertex 35.5164 33.2735 6.4
    endloop
  endfacet
  facet normal 0.442314 -0.89686 0
    outer loop
      vertex 36.015 33.5194 6.4
      vertex 35.5164 33.2735 2.4
      vertex 36.015 33.5194 2.4
    endloop
  endfacet
  facet normal -0.946924 -0.321458 0
    outer loop
      vertex 29.9635 35.5736 2.4
      vertex 29.7848 36.1 6.4
      vertex 29.7848 36.1 2.4
    endloop
  endfacet
  facet normal -0.946924 -0.321458 0
    outer loop
      vertex 29.7848 36.1 6.4
      vertex 29.9635 35.5736 2.4
      vertex 29.9635 35.5736 6.4
    endloop
  endfacet
  facet normal 0.321458 -0.946924 0
    outer loop
      vertex 34.99 33.0948 2.4
      vertex 35.5164 33.2735 6.4
      vertex 34.99 33.0948 6.4
    endloop
  endfacet
  facet normal 0.321458 -0.946924 0
    outer loop
      vertex 35.5164 33.2735 6.4
      vertex 34.99 33.0948 2.4
      vertex 35.5164 33.2735 2.4
    endloop
  endfacet
  facet normal 0.89686 0.442314 0
    outer loop
      vertex 37.8165 38.8264 6.4
      vertex 37.5706 39.325 4.4
      vertex 37.5706 39.325 6.4
    endloop
  endfacet
  facet normal 0.89686 0.442314 0
    outer loop
      vertex 37.5706 39.325 4.4
      vertex 37.8165 38.8264 6.4
      vertex 37.8165 38.8264 4.4
    endloop
  endfacet
  facet normal 0.997854 -0.0654802 0
    outer loop
      vertex 38.1036 36.6453 6.4
      vertex 38.14 37.2 2.4
      vertex 38.14 37.2 6.4
    endloop
  endfacet
  facet normal 0.997854 -0.0654802 0
    outer loop
      vertex 38.14 37.2 2.4
      vertex 38.1036 36.6453 6.4
      vertex 38.1036 36.6453 2.4
    endloop
  endfacet
  facet normal -0.55553 -0.831496 0
    outer loop
      vertex 31.3028 33.8282 2.4
      vertex 31.765 33.5194 6.4
      vertex 31.3028 33.8282 6.4
    endloop
  endfacet
  facet normal -0.55553 -0.831496 -0
    outer loop
      vertex 31.765 33.5194 6.4
      vertex 31.3028 33.8282 2.4
      vertex 31.765 33.5194 2.4
    endloop
  endfacet
  facet normal 0.946924 -0.321458 0
    outer loop
      vertex 37.8165 35.5736 6.4
      vertex 37.9952 36.1 2.4
      vertex 37.9952 36.1 6.4
    endloop
  endfacet
  facet normal 0.946924 -0.321458 0
    outer loop
      vertex 37.9952 36.1 2.4
      vertex 37.8165 35.5736 6.4
      vertex 37.8165 35.5736 2.4
    endloop
  endfacet
  facet normal -0.751819 -0.65937 0
    outer loop
      vertex 30.8848 34.1948 2.4
      vertex 30.5182 34.6128 6.4
      vertex 30.5182 34.6128 2.4
    endloop
  endfacet
  facet normal -0.751819 -0.65937 0
    outer loop
      vertex 30.5182 34.6128 6.4
      vertex 30.8848 34.1948 2.4
      vertex 30.8848 34.1948 6.4
    endloop
  endfacet
  facet normal 0.751908 -0.659268 0
    outer loop
      vertex 36.8952 34.1948 6.4
      vertex 37.2617 34.6128 2.4
      vertex 37.2617 34.6128 6.4
    endloop
  endfacet
  facet normal 0.751908 -0.659268 0
    outer loop
      vertex 37.2617 34.6128 2.4
      vertex 36.8952 34.1948 6.4
      vertex 36.8952 34.1948 2.4
    endloop
  endfacet
  facet normal 0.831413 -0.555655 0
    outer loop
      vertex 37.2617 34.6128 6.4
      vertex 37.5706 35.075 2.4
      vertex 37.5706 35.075 6.4
    endloop
  endfacet
  facet normal 0.831413 -0.555655 0
    outer loop
      vertex 37.5706 35.075 2.4
      vertex 37.2617 34.6128 6.4
      vertex 37.2617 34.6128 2.4
    endloop
  endfacet
  facet normal -0.65937 0.751819 0
    outer loop
      vertex 31.3028 40.5718 2.4
      vertex 30.8848 40.2052 6.4
      vertex 31.3028 40.5718 6.4
    endloop
  endfacet
  facet normal -0.65937 0.751819 0
    outer loop
      vertex 30.8848 40.2052 6.4
      vertex 31.3028 40.5718 2.4
      vertex 30.8848 40.2052 2.4
    endloop
  endfacet
  facet normal 0.0654802 -0.997854 0
    outer loop
      vertex 33.89 32.95 2.4
      vertex 34.4447 32.9864 6.4
      vertex 33.89 32.95 6.4
    endloop
  endfacet
  facet normal 0.0654802 -0.997854 0
    outer loop
      vertex 34.4447 32.9864 6.4
      vertex 33.89 32.95 2.4
      vertex 34.4447 32.9864 2.4
    endloop
  endfacet
  facet normal -0.321458 0.946924 0
    outer loop
      vertex 32.79 41.3052 2.4
      vertex 32.2636 41.1265 6.4
      vertex 32.79 41.3052 6.4
    endloop
  endfacet
  facet normal -0.321458 0.946924 0
    outer loop
      vertex 32.2636 41.1265 6.4
      vertex 32.79 41.3052 2.4
      vertex 32.2636 41.1265 2.4
    endloop
  endfacet
  facet normal -0.194975 -0.980808 0
    outer loop
      vertex 32.79 33.0948 2.4
      vertex 33.3353 32.9864 6.4
      vertex 32.79 33.0948 6.4
    endloop
  endfacet
  facet normal -0.194975 -0.980808 -0
    outer loop
      vertex 33.3353 32.9864 6.4
      vertex 32.79 33.0948 2.4
      vertex 33.3353 32.9864 2.4
    endloop
  endfacet
  facet normal 0.831018 0.556246 0
    outer loop
      vertex 37.2617 39.7872 6.4
      vertex 37.2866 39.75 4.4
      vertex 37.2617 39.7872 2.4
    endloop
  endfacet
  facet normal 0.831413 0.555655 1.59195e-05
    outer loop
      vertex 37.5706 39.325 6.4
      vertex 37.2866 39.75 4.4
      vertex 37.2617 39.7872 6.4
    endloop
  endfacet
  facet normal 0.831448 0.555603 0
    outer loop
      vertex 37.2866 39.75 4.4
      vertex 37.5706 39.325 6.4
      vertex 37.5706 39.325 4.4
    endloop
  endfacet
  facet normal 0.831018 0.556246 -0
    outer loop
      vertex 37.2866 39.75 2.4
      vertex 37.2617 39.7872 2.4
      vertex 37.2866 39.75 4.4
    endloop
  endfacet
  facet normal -0 -0 -1
    outer loop
      vertex 37.2866 39.75 2.4
      vertex 37.5706 39.325 2.4
      vertex 37.2617 39.7872 2.4
    endloop
  endfacet
  facet normal 0.55553 0.831496 -0
    outer loop
      vertex 36.4772 40.5718 2.4
      vertex 36.015 40.8806 6.4
      vertex 36.4772 40.5718 6.4
    endloop
  endfacet
  facet normal 0.55553 0.831496 0
    outer loop
      vertex 36.015 40.8806 6.4
      vertex 36.4772 40.5718 2.4
      vertex 36.015 40.8806 2.4
    endloop
  endfacet
  facet normal 0.65937 0.751819 -0
    outer loop
      vertex 36.8952 40.2052 2.4
      vertex 36.4772 40.5718 6.4
      vertex 36.8952 40.2052 6.4
    endloop
  endfacet
  facet normal 0.65937 0.751819 0
    outer loop
      vertex 36.4772 40.5718 6.4
      vertex 36.8952 40.2052 2.4
      vertex 36.4772 40.5718 2.4
    endloop
  endfacet
  facet normal -0.89686 -0.442314 0
    outer loop
      vertex 30.2094 35.075 2.4
      vertex 29.9635 35.5736 6.4
      vertex 29.9635 35.5736 2.4
    endloop
  endfacet
  facet normal -0.89686 -0.442314 0
    outer loop
      vertex 29.9635 35.5736 6.4
      vertex 30.2094 35.075 2.4
      vertex 30.2094 35.075 6.4
    endloop
  endfacet
  facet normal -0.831496 -0.55553 0
    outer loop
      vertex 30.5182 34.6128 2.4
      vertex 30.2094 35.075 6.4
      vertex 30.2094 35.075 2.4
    endloop
  endfacet
  facet normal -0.831496 -0.55553 0
    outer loop
      vertex 30.2094 35.075 6.4
      vertex 30.5182 34.6128 2.4
      vertex 30.5182 34.6128 6.4
    endloop
  endfacet
  facet normal -0.980808 -0.194975 0
    outer loop
      vertex 29.7848 36.1 2.4
      vertex 29.6764 36.6453 6.4
      vertex 29.6764 36.6453 2.4
    endloop
  endfacet
  facet normal -0.980808 -0.194975 0
    outer loop
      vertex 29.6764 36.6453 6.4
      vertex 29.7848 36.1 2.4
      vertex 29.7848 36.1 6.4
    endloop
  endfacet
  facet normal 0.55553 -0.831496 0
    outer loop
      vertex 36.015 33.5194 2.4
      vertex 36.4772 33.8282 6.4
      vertex 36.015 33.5194 6.4
    endloop
  endfacet
  facet normal 0.55553 -0.831496 0
    outer loop
      vertex 36.4772 33.8282 6.4
      vertex 36.015 33.5194 2.4
      vertex 36.4772 33.8282 2.4
    endloop
  endfacet
  facet normal -0.997854 -0.0654802 0
    outer loop
      vertex 29.6764 36.6453 2.4
      vertex 29.64 37.2 6.4
      vertex 29.64 37.2 2.4
    endloop
  endfacet
  facet normal -0.997854 -0.0654802 0
    outer loop
      vertex 29.64 37.2 6.4
      vertex 29.6764 36.6453 2.4
      vertex 29.6764 36.6453 6.4
    endloop
  endfacet
  facet normal 0.194975 0.980808 -0
    outer loop
      vertex 34.99 41.3052 2.4
      vertex 34.4447 41.4136 6.4
      vertex 34.99 41.3052 6.4
    endloop
  endfacet
  facet normal 0.194975 0.980808 0
    outer loop
      vertex 34.4447 41.4136 6.4
      vertex 34.99 41.3052 2.4
      vertex 34.4447 41.4136 2.4
    endloop
  endfacet
  facet normal 0.980808 -0.194975 0
    outer loop
      vertex 37.9952 36.1 6.4
      vertex 38.1036 36.6453 2.4
      vertex 38.1036 36.6453 6.4
    endloop
  endfacet
  facet normal 0.980808 -0.194975 0
    outer loop
      vertex 38.1036 36.6453 2.4
      vertex 37.9952 36.1 6.4
      vertex 37.9952 36.1 2.4
    endloop
  endfacet
  facet normal 0.89686 -0.442314 0
    outer loop
      vertex 37.5706 35.075 6.4
      vertex 37.8165 35.5736 2.4
      vertex 37.8165 35.5736 6.4
    endloop
  endfacet
  facet normal 0.89686 -0.442314 0
    outer loop
      vertex 37.8165 35.5736 2.4
      vertex 37.5706 35.075 6.4
      vertex 37.5706 35.075 2.4
    endloop
  endfacet
  facet normal -0.65937 -0.751819 0
    outer loop
      vertex 30.8848 34.1948 2.4
      vertex 31.3028 33.8282 6.4
      vertex 30.8848 34.1948 6.4
    endloop
  endfacet
  facet normal -0.65937 -0.751819 -0
    outer loop
      vertex 31.3028 33.8282 6.4
      vertex 30.8848 34.1948 2.4
      vertex 31.3028 33.8282 2.4
    endloop
  endfacet
  facet normal -0.946888 0.321563 0
    outer loop
      vertex 29.8697 38.55 2.4
      vertex 29.7848 38.3 2.4
      vertex 29.8697 38.55 4.4
    endloop
  endfacet
  facet normal 0 0 1
    outer loop
      vertex 29.7848 38.3 2.4
      vertex 29.8697 38.55 2.4
      vertex 29.9635 38.8264 2.4
    endloop
  endfacet
  facet normal -0.946956 0.321362 0
    outer loop
      vertex 29.8697 38.55 4.4
      vertex 29.9635 38.8264 6.4
      vertex 29.9635 38.8264 4.4
    endloop
  endfacet
  facet normal -0.946924 0.321458 -1.47147e-05
    outer loop
      vertex 29.8697 38.55 4.4
      vertex 29.7848 38.3 6.4
      vertex 29.9635 38.8264 6.4
    endloop
  endfacet
  facet normal -0.946888 0.321563 0
    outer loop
      vertex 29.7848 38.3 6.4
      vertex 29.8697 38.55 4.4
      vertex 29.7848 38.3 2.4
    endloop
  endfacet
  facet normal -0.321458 -0.946924 0
    outer loop
      vertex 32.2636 33.2735 2.4
      vertex 32.79 33.0948 6.4
      vertex 32.2636 33.2735 6.4
    endloop
  endfacet
  facet normal -0.321458 -0.946924 -0
    outer loop
      vertex 32.79 33.0948 6.4
      vertex 32.2636 33.2735 2.4
      vertex 32.79 33.0948 2.4
    endloop
  endfacet
  facet normal 0.321458 0.946924 -0
    outer loop
      vertex 35.5164 41.1265 2.4
      vertex 34.99 41.3052 6.4
      vertex 35.5164 41.1265 6.4
    endloop
  endfacet
  facet normal 0.321458 0.946924 0
    outer loop
      vertex 34.99 41.3052 6.4
      vertex 35.5164 41.1265 2.4
      vertex 34.99 41.3052 2.4
    endloop
  endfacet
  facet normal -0.980808 0.194975 0
    outer loop
      vertex 29.6764 37.7547 2.4
      vertex 29.7848 38.3 6.4
      vertex 29.7848 38.3 2.4
    endloop
  endfacet
  facet normal -0.980808 0.194975 0
    outer loop
      vertex 29.7848 38.3 6.4
      vertex 29.6764 37.7547 2.4
      vertex 29.6764 37.7547 6.4
    endloop
  endfacet
  facet normal -0.442314 -0.89686 0
    outer loop
      vertex 31.765 33.5194 2.4
      vertex 32.2636 33.2735 6.4
      vertex 31.765 33.5194 6.4
    endloop
  endfacet
  facet normal -0.442314 -0.89686 -0
    outer loop
      vertex 32.2636 33.2735 6.4
      vertex 31.765 33.5194 2.4
      vertex 32.2636 33.2735 2.4
    endloop
  endfacet
  facet normal 0.751908 0.659268 0
    outer loop
      vertex 37.2617 39.7872 6.4
      vertex 36.8952 40.2052 2.4
      vertex 36.8952 40.2052 6.4
    endloop
  endfacet
  facet normal 0.751908 0.659268 0
    outer loop
      vertex 36.8952 40.2052 2.4
      vertex 37.2617 39.7872 6.4
      vertex 37.2617 39.7872 2.4
    endloop
  endfacet
  facet normal -0.89686 0.442314 0
    outer loop
      vertex 29.9635 38.8264 4.4
      vertex 30.2094 39.325 6.4
      vertex 30.2094 39.325 4.4
    endloop
  endfacet
  facet normal -0.89686 0.442314 0
    outer loop
      vertex 30.2094 39.325 6.4
      vertex 29.9635 38.8264 4.4
      vertex 29.9635 38.8264 6.4
    endloop
  endfacet
  facet normal -0.997854 0.0654802 0
    outer loop
      vertex 29.64 37.2 2.4
      vertex 29.6764 37.7547 6.4
      vertex 29.6764 37.7547 2.4
    endloop
  endfacet
  facet normal -0.997854 0.0654802 0
    outer loop
      vertex 29.6764 37.7547 6.4
      vertex 29.64 37.2 2.4
      vertex 29.64 37.2 6.4
    endloop
  endfacet
  facet normal -0.0654802 -0.997854 0
    outer loop
      vertex 33.3353 32.9864 2.4
      vertex 33.89 32.95 6.4
      vertex 33.3353 32.9864 6.4
    endloop
  endfacet
  facet normal -0.0654802 -0.997854 -0
    outer loop
      vertex 33.89 32.95 6.4
      vertex 33.3353 32.9864 2.4
      vertex 33.89 32.95 2.4
    endloop
  endfacet
  facet normal 0.65937 -0.751819 0
    outer loop
      vertex 36.4772 33.8282 2.4
      vertex 36.8952 34.1948 6.4
      vertex 36.4772 33.8282 6.4
    endloop
  endfacet
  facet normal 0.65937 -0.751819 0
    outer loop
      vertex 36.8952 34.1948 6.4
      vertex 36.4772 33.8282 2.4
      vertex 36.8952 34.1948 2.4
    endloop
  endfacet
  facet normal -0.0654802 0.997854 0
    outer loop
      vertex 33.89 41.45 2.4
      vertex 33.3353 41.4136 6.4
      vertex 33.89 41.45 6.4
    endloop
  endfacet
  facet normal -0.0654802 0.997854 0
    outer loop
      vertex 33.3353 41.4136 6.4
      vertex 33.89 41.45 2.4
      vertex 33.3353 41.4136 2.4
    endloop
  endfacet
  facet normal -0.194975 0.980808 0
    outer loop
      vertex 33.3353 41.4136 2.4
      vertex 32.79 41.3052 6.4
      vertex 33.3353 41.4136 6.4
    endloop
  endfacet
  facet normal -0.194975 0.980808 0
    outer loop
      vertex 32.79 41.3052 6.4
      vertex 33.3353 41.4136 2.4
      vertex 32.79 41.3052 2.4
    endloop
  endfacet
  facet normal 0.0654802 0.997854 -0
    outer loop
      vertex 34.4447 41.4136 2.4
      vertex 33.89 41.45 6.4
      vertex 34.4447 41.4136 6.4
    endloop
  endfacet
  facet normal 0.0654802 0.997854 0
    outer loop
      vertex 33.89 41.45 6.4
      vertex 34.4447 41.4136 2.4
      vertex 33.89 41.45 2.4
    endloop
  endfacet
  facet normal -0.55553 0.831496 0
    outer loop
      vertex 31.765 40.8806 2.4
      vertex 31.3028 40.5718 6.4
      vertex 31.765 40.8806 6.4
    endloop
  endfacet
  facet normal -0.55553 0.831496 0
    outer loop
      vertex 31.3028 40.5718 6.4
      vertex 31.765 40.8806 2.4
      vertex 31.3028 40.5718 2.4
    endloop
  endfacet
  facet normal -0.442314 0.89686 0
    outer loop
      vertex 32.2636 41.1265 2.4
      vertex 31.765 40.8806 6.4
      vertex 32.2636 41.1265 6.4
    endloop
  endfacet
  facet normal -0.442314 0.89686 0
    outer loop
      vertex 31.765 40.8806 6.4
      vertex 32.2636 41.1265 2.4
      vertex 31.765 40.8806 2.4
    endloop
  endfacet
  facet normal -0.751819 0.65937 0
    outer loop
      vertex 30.5182 39.7872 2.4
      vertex 30.8848 40.2052 6.4
      vertex 30.8848 40.2052 2.4
    endloop
  endfacet
  facet normal -0.751819 0.65937 0
    outer loop
      vertex 30.8848 40.2052 6.4
      vertex 30.5182 39.7872 2.4
      vertex 30.5182 39.7872 6.4
    endloop
  endfacet
  facet normal 0.195071 -0.980789 0
    outer loop
      vertex 62.6647 0.586359 2.4
      vertex 63.21 0.694815 6.4
      vertex 62.6647 0.586359 6.4
    endloop
  endfacet
  facet normal 0.195071 -0.980789 0
    outer loop
      vertex 63.21 0.694815 6.4
      vertex 62.6647 0.586359 2.4
      vertex 63.21 0.694815 2.4
    endloop
  endfacet
  facet normal 0.831448 -0.555603 0
    outer loop
      vertex 65.7906 2.675 6.4
      vertex 65.5066 2.25 4.4
      vertex 65.7906 2.675 4.4
    endloop
  endfacet
  facet normal 0.832325 -0.554288 0
    outer loop
      vertex 65.4818 2.21276 2.4
      vertex 65.5066 2.25 4.4
      vertex 65.4818 2.21276 6.4
    endloop
  endfacet
  facet normal 0.831519 -0.555497 -3.25239e-05
    outer loop
      vertex 65.4818 2.21276 6.4
      vertex 65.5066 2.25 4.4
      vertex 65.7906 2.675 6.4
    endloop
  endfacet
  facet normal -0 0 1
    outer loop
      vertex 65.5066 2.25 2.4
      vertex 65.4818 2.21276 2.4
      vertex 65.7906 2.675 2.4
    endloop
  endfacet
  facet normal 0.832325 -0.554288 0
    outer loop
      vertex 65.5066 2.25 4.4
      vertex 65.4818 2.21276 2.4
      vertex 65.5066 2.25 2.4
    endloop
  endfacet
  facet normal -0.321451 -0.946926 0
    outer loop
      vertex 60.4836 0.873511 2.4
      vertex 61.01 0.694815 6.4
      vertex 60.4836 0.873511 6.4
    endloop
  endfacet
  facet normal -0.321451 -0.946926 -0
    outer loop
      vertex 61.01 0.694815 6.4
      vertex 60.4836 0.873511 2.4
      vertex 61.01 0.694815 2.4
    endloop
  endfacet
  facet normal -0.89686 0.442314 0
    outer loop
      vertex 58.1835 6.4264 2.4
      vertex 58.4294 6.925 6.4
      vertex 58.4294 6.925 2.4
    endloop
  endfacet
  facet normal -0.89686 0.442314 0
    outer loop
      vertex 58.4294 6.925 6.4
      vertex 58.1835 6.4264 2.4
      vertex 58.1835 6.4264 6.4
    endloop
  endfacet
  facet normal -0.195078 0.980788 0
    outer loop
      vertex 61.5553 9.01364 2.4
      vertex 61.01 8.90518 6.4
      vertex 61.5553 9.01364 6.4
    endloop
  endfacet
  facet normal -0.195078 0.980788 0
    outer loop
      vertex 61.01 8.90518 6.4
      vertex 61.5553 9.01364 2.4
      vertex 61.01 8.90518 2.4
    endloop
  endfacet
  facet normal 0.442284 -0.896875 0
    outer loop
      vertex 63.7364 0.873511 2.4
      vertex 64.235 1.11939 6.4
      vertex 63.7364 0.873511 6.4
    endloop
  endfacet
  facet normal 0.442284 -0.896875 0
    outer loop
      vertex 64.235 1.11939 6.4
      vertex 63.7364 0.873511 2.4
      vertex 64.235 1.11939 2.4
    endloop
  endfacet
  facet normal 0.997854 -0.0654755 0
    outer loop
      vertex 66.3236 4.24526 6.4
      vertex 66.36 4.8 2.4
      vertex 66.36 4.8 6.4
    endloop
  endfacet
  facet normal 0.997854 -0.0654755 0
    outer loop
      vertex 66.36 4.8 2.4
      vertex 66.3236 4.24526 6.4
      vertex 66.3236 4.24526 2.4
    endloop
  endfacet
  facet normal 0.997854 0.0654755 0
    outer loop
      vertex 66.36 4.8 6.4
      vertex 66.3236 5.35474 2.4
      vertex 66.3236 5.35474 6.4
    endloop
  endfacet
  facet normal 0.997854 0.0654755 0
    outer loop
      vertex 66.3236 5.35474 2.4
      vertex 66.36 4.8 6.4
      vertex 66.36 4.8 2.4
    endloop
  endfacet
  facet normal -0.751787 0.659406 0
    outer loop
      vertex 58.7382 7.38724 2.4
      vertex 59.1048 7.8052 6.4
      vertex 59.1048 7.8052 2.4
    endloop
  endfacet
  facet normal -0.751787 0.659406 0
    outer loop
      vertex 59.1048 7.8052 6.4
      vertex 58.7382 7.38724 2.4
      vertex 58.7382 7.38724 6.4
    endloop
  endfacet
  facet normal 0.946928 0.321447 0
    outer loop
      vertex 66.2152 5.89998 6.4
      vertex 66.0365 6.4264 2.4
      vertex 66.0365 6.4264 6.4
    endloop
  endfacet
  facet normal 0.946928 0.321447 0
    outer loop
      vertex 66.0365 6.4264 2.4
      vertex 66.2152 5.89998 6.4
      vertex 66.2152 5.89998 2.4
    endloop
  endfacet
  facet normal 0.442285 0.896874 -0
    outer loop
      vertex 64.235 8.48061 2.4
      vertex 63.7364 8.72649 6.4
      vertex 64.235 8.48061 6.4
    endloop
  endfacet
  facet normal 0.442285 0.896874 0
    outer loop
      vertex 63.7364 8.72649 6.4
      vertex 64.235 8.48061 2.4
      vertex 63.7364 8.72649 2.4
    endloop
  endfacet
  facet normal -0.0654086 0.997859 0
    outer loop
      vertex 62.11 9.05 2.4
      vertex 61.5553 9.01364 6.4
      vertex 62.11 9.05 6.4
    endloop
  endfacet
  facet normal -0.0654086 0.997859 0
    outer loop
      vertex 61.5553 9.01364 6.4
      vertex 62.11 9.05 2.4
      vertex 61.5553 9.01364 2.4
    endloop
  endfacet
  facet normal 0.980804 0.194995 0
    outer loop
      vertex 66.3236 5.35474 6.4
      vertex 66.2152 5.89998 2.4
      vertex 66.2152 5.89998 6.4
    endloop
  endfacet
  facet normal 0.980804 0.194995 0
    outer loop
      vertex 66.2152 5.89998 2.4
      vertex 66.3236 5.35474 6.4
      vertex 66.3236 5.35474 2.4
    endloop
  endfacet
  facet normal -0.0654086 -0.997859 0
    outer loop
      vertex 61.5553 0.586359 2.4
      vertex 62.11 0.549999 6.4
      vertex 61.5553 0.586359 6.4
    endloop
  endfacet
  facet normal -0.0654086 -0.997859 -0
    outer loop
      vertex 62.11 0.549999 6.4
      vertex 61.5553 0.586359 2.4
      vertex 62.11 0.549999 2.4
    endloop
  endfacet
  facet normal -0.659319 -0.751863 0
    outer loop
      vertex 59.1048 1.7948 2.4
      vertex 59.5228 1.42825 6.4
      vertex 59.1048 1.7948 6.4
    endloop
  endfacet
  facet normal -0.659319 -0.751863 -0
    outer loop
      vertex 59.5228 1.42825 6.4
      vertex 59.1048 1.7948 2.4
      vertex 59.5228 1.42825 2.4
    endloop
  endfacet
  facet normal -0.195071 -0.980789 0
    outer loop
      vertex 61.01 0.694815 2.4
      vertex 61.5553 0.586359 6.4
      vertex 61.01 0.694815 6.4
    endloop
  endfacet
  facet normal -0.195071 -0.980789 -0
    outer loop
      vertex 61.5553 0.586359 6.4
      vertex 61.01 0.694815 2.4
      vertex 61.5553 0.586359 2.4
    endloop
  endfacet
  facet normal 0.751787 -0.659406 0
    outer loop
      vertex 65.1152 1.7948 6.4
      vertex 65.4818 2.21276 2.4
      vertex 65.4818 2.21276 6.4
    endloop
  endfacet
  facet normal 0.751787 -0.659406 0
    outer loop
      vertex 65.4818 2.21276 2.4
      vertex 65.1152 1.7948 6.4
      vertex 65.1152 1.7948 2.4
    endloop
  endfacet
  facet normal -0.555605 -0.831446 0
    outer loop
      vertex 59.5228 1.42825 2.4
      vertex 59.985 1.11939 6.4
      vertex 59.5228 1.42825 6.4
    endloop
  endfacet
  facet normal -0.555605 -0.831446 -0
    outer loop
      vertex 59.985 1.11939 6.4
      vertex 59.5228 1.42825 2.4
      vertex 59.985 1.11939 2.4
    endloop
  endfacet
  facet normal 0.659319 0.751863 -0
    outer loop
      vertex 65.1152 7.8052 2.4
      vertex 64.6972 8.17175 6.4
      vertex 65.1152 7.8052 6.4
    endloop
  endfacet
  facet normal 0.659319 0.751863 0
    outer loop
      vertex 64.6972 8.17175 6.4
      vertex 65.1152 7.8052 2.4
      vertex 64.6972 8.17175 2.4
    endloop
  endfacet
  facet normal 0.751787 0.659406 0
    outer loop
      vertex 65.4818 7.38724 6.4
      vertex 65.1152 7.8052 2.4
      vertex 65.1152 7.8052 6.4
    endloop
  endfacet
  facet normal 0.751787 0.659406 0
    outer loop
      vertex 65.1152 7.8052 2.4
      vertex 65.4818 7.38724 6.4
      vertex 65.4818 7.38724 2.4
    endloop
  endfacet
  facet normal -0.980804 0.194995 0
    outer loop
      vertex 57.8964 5.35474 2.4
      vertex 58.0048 5.89998 6.4
      vertex 58.0048 5.89998 2.4
    endloop
  endfacet
  facet normal -0.980804 0.194995 0
    outer loop
      vertex 58.0048 5.89998 6.4
      vertex 57.8964 5.35474 2.4
      vertex 57.8964 5.35474 6.4
    endloop
  endfacet
  facet normal 0.946896 -0.32154 0
    outer loop
      vertex 66.2152 3.70002 6.4
      vertex 66.1303 3.45 4.4
      vertex 66.2152 3.70002 2.4
    endloop
  endfacet
  facet normal 0.94693 -0.321441 -1.37903e-05
    outer loop
      vertex 66.0365 3.17359 6.4
      vertex 66.1303 3.45 4.4
      vertex 66.2152 3.70002 6.4
    endloop
  endfacet
  facet normal 0.94696 -0.321352 0
    outer loop
      vertex 66.1303 3.45 4.4
      vertex 66.0365 3.17359 6.4
      vertex 66.0365 3.17359 4.4
    endloop
  endfacet
  facet normal 0.946896 -0.32154 0
    outer loop
      vertex 66.1303 3.45 2.4
      vertex 66.2152 3.70002 2.4
      vertex 66.1303 3.45 4.4
    endloop
  endfacet
  facet normal -0 0 1
    outer loop
      vertex 66.1303 3.45 2.4
      vertex 66.0365 3.17359 2.4
      vertex 66.2152 3.70002 2.4
    endloop
  endfacet
  facet normal 0.0654086 0.997859 -0
    outer loop
      vertex 62.6647 9.01364 2.4
      vertex 62.11 9.05 6.4
      vertex 62.6647 9.01364 6.4
    endloop
  endfacet
  facet normal 0.0654086 0.997859 0
    outer loop
      vertex 62.11 9.05 6.4
      vertex 62.6647 9.01364 2.4
      vertex 62.11 9.05 2.4
    endloop
  endfacet
  facet normal -0.832325 -0.554288 0
    outer loop
      vertex 58.7134 2.25 2.4
      vertex 58.7382 2.21276 2.4
      vertex 58.7134 2.25 4.4
    endloop
  endfacet
  facet normal 0 0 1
    outer loop
      vertex 58.7382 2.21276 2.4
      vertex 58.7134 2.25 2.4
      vertex 58.4294 2.675 2.4
    endloop
  endfacet
  facet normal -0.831448 -0.555603 0
    outer loop
      vertex 58.7134 2.25 4.4
      vertex 58.4294 2.675 6.4
      vertex 58.4294 2.675 4.4
    endloop
  endfacet
  facet normal -0.831519 -0.555497 -3.25239e-05
    outer loop
      vertex 58.7134 2.25 4.4
      vertex 58.7382 2.21276 6.4
      vertex 58.4294 2.675 6.4
    endloop
  endfacet
  facet normal -0.832325 -0.554288 -0
    outer loop
      vertex 58.7382 2.21276 6.4
      vertex 58.7134 2.25 4.4
      vertex 58.7382 2.21276 2.4
    endloop
  endfacet
  facet normal -0.442284 -0.896875 0
    outer loop
      vertex 59.985 1.11939 2.4
      vertex 60.4836 0.873511 6.4
      vertex 59.985 1.11939 6.4
    endloop
  endfacet
  facet normal -0.442284 -0.896875 -0
    outer loop
      vertex 60.4836 0.873511 6.4
      vertex 59.985 1.11939 2.4
      vertex 60.4836 0.873511 2.4
    endloop
  endfacet
  facet normal 0.831519 0.555497 0
    outer loop
      vertex 65.7906 6.925 6.4
      vertex 65.4818 7.38724 2.4
      vertex 65.4818 7.38724 6.4
    endloop
  endfacet
  facet normal 0.831519 0.555497 0
    outer loop
      vertex 65.4818 7.38724 2.4
      vertex 65.7906 6.925 6.4
      vertex 65.7906 6.925 2.4
    endloop
  endfacet
  facet normal 0.0654086 -0.997859 0
    outer loop
      vertex 62.11 0.549999 2.4
      vertex 62.6647 0.586359 6.4
      vertex 62.11 0.549999 6.4
    endloop
  endfacet
  facet normal 0.0654086 -0.997859 0
    outer loop
      vertex 62.6647 0.586359 6.4
      vertex 62.11 0.549999 2.4
      vertex 62.6647 0.586359 2.4
    endloop
  endfacet
  facet normal 0.321442 0.946929 -0
    outer loop
      vertex 63.7364 8.72649 2.4
      vertex 63.21 8.90518 6.4
      vertex 63.7364 8.72649 6.4
    endloop
  endfacet
  facet normal 0.321442 0.946929 0
    outer loop
      vertex 63.21 8.90518 6.4
      vertex 63.7364 8.72649 2.4
      vertex 63.21 8.90518 2.4
    endloop
  endfacet
  facet normal -0.946928 0.321447 0
    outer loop
      vertex 58.0048 5.89998 2.4
      vertex 58.1835 6.4264 6.4
      vertex 58.1835 6.4264 2.4
    endloop
  endfacet
  facet normal -0.946928 0.321447 0
    outer loop
      vertex 58.1835 6.4264 6.4
      vertex 58.0048 5.89998 2.4
      vertex 58.0048 5.89998 6.4
    endloop
  endfacet
  facet normal -0.442285 0.896874 0
    outer loop
      vertex 60.4836 8.72649 2.4
      vertex 59.985 8.48061 6.4
      vertex 60.4836 8.72649 6.4
    endloop
  endfacet
  facet normal -0.442285 0.896874 0
    outer loop
      vertex 59.985 8.48061 6.4
      vertex 60.4836 8.72649 2.4
      vertex 59.985 8.48061 2.4
    endloop
  endfacet
  facet normal -0.946896 -0.32154 -0
    outer loop
      vertex 58.0897 3.45 4.4
      vertex 58.0048 3.70002 2.4
      vertex 58.0897 3.45 2.4
    endloop
  endfacet
  facet normal 0 0 1
    outer loop
      vertex 58.1835 3.17359 2.4
      vertex 58.0897 3.45 2.4
      vertex 58.0048 3.70002 2.4
    endloop
  endfacet
  facet normal -0.946896 -0.32154 0
    outer loop
      vertex 58.0048 3.70002 2.4
      vertex 58.0897 3.45 4.4
      vertex 58.0048 3.70002 6.4
    endloop
  endfacet
  facet normal -0.94696 -0.321352 -0
    outer loop
      vertex 58.1835 3.17359 6.4
      vertex 58.0897 3.45 4.4
      vertex 58.1835 3.17359 4.4
    endloop
  endfacet
  facet normal -0.94693 -0.321441 -1.37903e-05
    outer loop
      vertex 58.0897 3.45 4.4
      vertex 58.1835 3.17359 6.4
      vertex 58.0048 3.70002 6.4
    endloop
  endfacet
  facet normal 0.321451 -0.946926 0
    outer loop
      vertex 63.21 0.694815 2.4
      vertex 63.7364 0.873511 6.4
      vertex 63.21 0.694815 6.4
    endloop
  endfacet
  facet normal 0.321451 -0.946926 0
    outer loop
      vertex 63.7364 0.873511 6.4
      vertex 63.21 0.694815 2.4
      vertex 63.7364 0.873511 2.4
    endloop
  endfacet
  facet normal -0.659319 0.751863 0
    outer loop
      vertex 59.5228 8.17175 2.4
      vertex 59.1048 7.8052 6.4
      vertex 59.5228 8.17175 6.4
    endloop
  endfacet
  facet normal -0.659319 0.751863 0
    outer loop
      vertex 59.1048 7.8052 6.4
      vertex 59.5228 8.17175 2.4
      vertex 59.1048 7.8052 2.4
    endloop
  endfacet
  facet normal 0.980804 -0.194995 0
    outer loop
      vertex 66.2152 3.70002 6.4
      vertex 66.3236 4.24526 2.4
      vertex 66.3236 4.24526 6.4
    endloop
  endfacet
  facet normal 0.980804 -0.194995 0
    outer loop
      vertex 66.3236 4.24526 2.4
      vertex 66.2152 3.70002 6.4
      vertex 66.2152 3.70002 2.4
    endloop
  endfacet
  facet normal 0.896857 -0.442321 0
    outer loop
      vertex 65.7906 2.675 6.4
      vertex 66.0365 3.17359 4.4
      vertex 66.0365 3.17359 6.4
    endloop
  endfacet
  facet normal 0.896857 -0.442321 0
    outer loop
      vertex 66.0365 3.17359 4.4
      vertex 65.7906 2.675 6.4
      vertex 65.7906 2.675 4.4
    endloop
  endfacet
  facet normal 0.555605 0.831446 -0
    outer loop
      vertex 64.6972 8.17175 2.4
      vertex 64.235 8.48061 6.4
      vertex 64.6972 8.17175 6.4
    endloop
  endfacet
  facet normal 0.555605 0.831446 0
    outer loop
      vertex 64.235 8.48061 6.4
      vertex 64.6972 8.17175 2.4
      vertex 64.235 8.48061 2.4
    endloop
  endfacet
  facet normal -0.896857 -0.442321 0
    outer loop
      vertex 58.4294 2.675 4.4
      vertex 58.1835 3.17359 6.4
      vertex 58.1835 3.17359 4.4
    endloop
  endfacet
  facet normal -0.896857 -0.442321 0
    outer loop
      vertex 58.1835 3.17359 6.4
      vertex 58.4294 2.675 4.4
      vertex 58.4294 2.675 6.4
    endloop
  endfacet
  facet normal 0.195078 0.980788 -0
    outer loop
      vertex 63.21 8.90518 2.4
      vertex 62.6647 9.01364 6.4
      vertex 63.21 8.90518 6.4
    endloop
  endfacet
  facet normal 0.195078 0.980788 0
    outer loop
      vertex 62.6647 9.01364 6.4
      vertex 63.21 8.90518 2.4
      vertex 62.6647 9.01364 2.4
    endloop
  endfacet
  facet normal -0.321442 0.946929 0
    outer loop
      vertex 61.01 8.90518 2.4
      vertex 60.4836 8.72649 6.4
      vertex 61.01 8.90518 6.4
    endloop
  endfacet
  facet normal -0.321442 0.946929 0
    outer loop
      vertex 60.4836 8.72649 6.4
      vertex 61.01 8.90518 2.4
      vertex 60.4836 8.72649 2.4
    endloop
  endfacet
  facet normal 0.659319 -0.751863 0
    outer loop
      vertex 64.6972 1.42825 2.4
      vertex 65.1152 1.7948 6.4
      vertex 64.6972 1.42825 6.4
    endloop
  endfacet
  facet normal 0.659319 -0.751863 0
    outer loop
      vertex 65.1152 1.7948 6.4
      vertex 64.6972 1.42825 2.4
      vertex 65.1152 1.7948 2.4
    endloop
  endfacet
  facet normal 0.89686 0.442314 0
    outer loop
      vertex 66.0365 6.4264 6.4
      vertex 65.7906 6.925 2.4
      vertex 65.7906 6.925 6.4
    endloop
  endfacet
  facet normal 0.89686 0.442314 0
    outer loop
      vertex 65.7906 6.925 2.4
      vertex 66.0365 6.4264 6.4
      vertex 66.0365 6.4264 2.4
    endloop
  endfacet
  facet normal -0.980804 -0.194995 0
    outer loop
      vertex 58.0048 3.70002 2.4
      vertex 57.8964 4.24526 6.4
      vertex 57.8964 4.24526 2.4
    endloop
  endfacet
  facet normal -0.980804 -0.194995 0
    outer loop
      vertex 57.8964 4.24526 6.4
      vertex 58.0048 3.70002 2.4
      vertex 58.0048 3.70002 6.4
    endloop
  endfacet
  facet normal 0.555605 -0.831446 0
    outer loop
      vertex 64.235 1.11939 2.4
      vertex 64.6972 1.42825 6.4
      vertex 64.235 1.11939 6.4
    endloop
  endfacet
  facet normal 0.555605 -0.831446 0
    outer loop
      vertex 64.6972 1.42825 6.4
      vertex 64.235 1.11939 2.4
      vertex 64.6972 1.42825 2.4
    endloop
  endfacet
  facet normal -0.751787 -0.659406 0
    outer loop
      vertex 59.1048 1.7948 2.4
      vertex 58.7382 2.21276 6.4
      vertex 58.7382 2.21276 2.4
    endloop
  endfacet
  facet normal -0.751787 -0.659406 0
    outer loop
      vertex 58.7382 2.21276 6.4
      vertex 59.1048 1.7948 2.4
      vertex 59.1048 1.7948 6.4
    endloop
  endfacet
  facet normal -0.997854 0.0654755 0
    outer loop
      vertex 57.86 4.8 2.4
      vertex 57.8964 5.35474 6.4
      vertex 57.8964 5.35474 2.4
    endloop
  endfacet
  facet normal -0.997854 0.0654755 0
    outer loop
      vertex 57.8964 5.35474 6.4
      vertex 57.86 4.8 2.4
      vertex 57.86 4.8 6.4
    endloop
  endfacet
  facet normal -0.997854 -0.0654755 0
    outer loop
      vertex 57.8964 4.24526 2.4
      vertex 57.86 4.8 6.4
      vertex 57.86 4.8 2.4
    endloop
  endfacet
  facet normal -0.997854 -0.0654755 0
    outer loop
      vertex 57.86 4.8 6.4
      vertex 57.8964 4.24526 2.4
      vertex 57.8964 4.24526 6.4
    endloop
  endfacet
  facet normal 0 0 1
    outer loop
      vertex 63.81 4.8 6.4
      vertex 66.36 4.8 6.4
      vertex 66.3236 5.35474 6.4
    endloop
  endfacet
  facet normal 0 0 1
    outer loop
      vertex 63.7955 5.02189 6.4
      vertex 66.3236 5.35474 6.4
      vertex 66.2152 5.89998 6.4
    endloop
  endfacet
  facet normal 0 0 1
    outer loop
      vertex 66.36 4.8 6.4
      vertex 63.81 4.8 6.4
      vertex 66.3236 4.24526 6.4
    endloop
  endfacet
  facet normal 0 0 1
    outer loop
      vertex 63.7521 5.23999 6.4
      vertex 66.2152 5.89998 6.4
      vertex 66.0365 6.4264 6.4
    endloop
  endfacet
  facet normal -0 0 1
    outer loop
      vertex 63.7955 4.5781 6.4
      vertex 66.3236 4.24526 6.4
      vertex 63.81 4.8 6.4
    endloop
  endfacet
  facet normal 0 0 1
    outer loop
      vertex 63.6806 5.45056 6.4
      vertex 66.0365 6.4264 6.4
      vertex 65.7906 6.925 6.4
    endloop
  endfacet
  facet normal 0 0 1
    outer loop
      vertex 66.3236 4.24526 6.4
      vertex 63.7955 4.5781 6.4
      vertex 66.2152 3.70002 6.4
    endloop
  endfacet
  facet normal 0 0 1
    outer loop
      vertex 63.5822 5.65 6.4
      vertex 65.7906 6.925 6.4
      vertex 65.4818 7.38724 6.4
    endloop
  endfacet
  facet normal -0 0 1
    outer loop
      vertex 63.7521 4.36001 6.4
      vertex 66.2152 3.70002 6.4
      vertex 63.7955 4.5781 6.4
    endloop
  endfacet
  facet normal 0 0 1
    outer loop
      vertex 63.4587 5.83489 6.4
      vertex 65.4818 7.38724 6.4
      vertex 65.1152 7.8052 6.4
    endloop
  endfacet
  facet normal 0 0 1
    outer loop
      vertex 66.2152 3.70002 6.4
      vertex 63.7521 4.36001 6.4
      vertex 66.0365 3.17359 6.4
    endloop
  endfacet
  facet normal 0 0 1
    outer loop
      vertex 63.3121 6.00208 6.4
      vertex 65.1152 7.8052 6.4
      vertex 64.6972 8.17175 6.4
    endloop
  endfacet
  facet normal -0 0 1
    outer loop
      vertex 63.6806 4.14944 6.4
      vertex 66.0365 3.17359 6.4
      vertex 63.7521 4.36001 6.4
    endloop
  endfacet
  facet normal 0 0 1
    outer loop
      vertex 63.1449 6.1487 6.4
      vertex 64.6972 8.17175 6.4
      vertex 64.235 8.48061 6.4
    endloop
  endfacet
  facet normal 0 0 1
    outer loop
      vertex 66.0365 3.17359 6.4
      vertex 63.6806 4.14944 6.4
      vertex 65.7906 2.675 6.4
    endloop
  endfacet
  facet normal -0 0 1
    outer loop
      vertex 63.5822 3.95 6.4
      vertex 65.7906 2.675 6.4
      vertex 63.6806 4.14944 6.4
    endloop
  endfacet
  facet normal 0 0 1
    outer loop
      vertex 66.3236 5.35474 6.4
      vertex 63.7955 5.02189 6.4
      vertex 63.81 4.8 6.4
    endloop
  endfacet
  facet normal 0 0 1
    outer loop
      vertex 66.2152 5.89998 6.4
      vertex 63.7521 5.23999 6.4
      vertex 63.7955 5.02189 6.4
    endloop
  endfacet
  facet normal 0 0 1
    outer loop
      vertex 62.96 6.27224 6.4
      vertex 64.235 8.48061 6.4
      vertex 63.7364 8.72649 6.4
    endloop
  endfacet
  facet normal 0 0 1
    outer loop
      vertex 66.0365 6.4264 6.4
      vertex 63.6806 5.45056 6.4
      vertex 63.7521 5.23999 6.4
    endloop
  endfacet
  facet normal 0 0 1
    outer loop
      vertex 65.7906 6.925 6.4
      vertex 63.5822 5.65 6.4
      vertex 63.6806 5.45056 6.4
    endloop
  endfacet
  facet normal 0 0 1
    outer loop
      vertex 65.4818 7.38724 6.4
      vertex 63.4587 5.83489 6.4
      vertex 63.5822 5.65 6.4
    endloop
  endfacet
  facet normal 0 0 1
    outer loop
      vertex 65.1152 7.8052 6.4
      vertex 63.3121 6.00208 6.4
      vertex 63.4587 5.83489 6.4
    endloop
  endfacet
  facet normal 0 0 1
    outer loop
      vertex 62.7606 6.37059 6.4
      vertex 63.7364 8.72649 6.4
      vertex 63.21 8.90518 6.4
    endloop
  endfacet
  facet normal 0 0 1
    outer loop
      vertex 64.6972 8.17175 6.4
      vertex 63.1449 6.1487 6.4
      vertex 63.3121 6.00208 6.4
    endloop
  endfacet
  facet normal 0 0 1
    outer loop
      vertex 64.235 8.48061 6.4
      vertex 62.96 6.27224 6.4
      vertex 63.1449 6.1487 6.4
    endloop
  endfacet
  facet normal 0 0 1
    outer loop
      vertex 63.7364 8.72649 6.4
      vertex 62.7606 6.37059 6.4
      vertex 62.96 6.27224 6.4
    endloop
  endfacet
  facet normal 0 0 1
    outer loop
      vertex 62.55 6.44207 6.4
      vertex 63.21 8.90518 6.4
      vertex 62.6647 9.01364 6.4
    endloop
  endfacet
  facet normal 0 0 1
    outer loop
      vertex 63.21 8.90518 6.4
      vertex 62.55 6.44207 6.4
      vertex 62.7606 6.37059 6.4
    endloop
  endfacet
  facet normal 0 0 1
    outer loop
      vertex 62.6647 9.01364 6.4
      vertex 62.3319 6.48546 6.4
      vertex 62.55 6.44207 6.4
    endloop
  endfacet
  facet normal 0 0 1
    outer loop
      vertex 62.11 9.05 6.4
      vertex 62.3319 6.48546 6.4
      vertex 62.6647 9.01364 6.4
    endloop
  endfacet
  facet normal 0 0 1
    outer loop
      vertex 62.11 9.05 6.4
      vertex 62.11 6.5 6.4
      vertex 62.3319 6.48546 6.4
    endloop
  endfacet
  facet normal 0 0 1
    outer loop
      vertex 62.11 9.05 6.4
      vertex 61.8881 6.48546 6.4
      vertex 62.11 6.5 6.4
    endloop
  endfacet
  facet normal -0 0 1
    outer loop
      vertex 61.5553 9.01364 6.4
      vertex 61.8881 6.48546 6.4
      vertex 62.11 9.05 6.4
    endloop
  endfacet
  facet normal 0 0 1
    outer loop
      vertex 61.8881 6.48546 6.4
      vertex 61.5553 9.01364 6.4
      vertex 61.67 6.44207 6.4
    endloop
  endfacet
  facet normal -0 0 1
    outer loop
      vertex 61.01 8.90518 6.4
      vertex 61.67 6.44207 6.4
      vertex 61.5553 9.01364 6.4
    endloop
  endfacet
  facet normal 0 0 1
    outer loop
      vertex 61.67 6.44207 6.4
      vertex 61.01 8.90518 6.4
      vertex 61.4594 6.37059 6.4
    endloop
  endfacet
  facet normal -0 0 1
    outer loop
      vertex 60.4836 8.72649 6.4
      vertex 61.4594 6.37059 6.4
      vertex 61.01 8.90518 6.4
    endloop
  endfacet
  facet normal 0 0 1
    outer loop
      vertex 61.4594 6.37059 6.4
      vertex 60.4836 8.72649 6.4
      vertex 61.26 6.27224 6.4
    endloop
  endfacet
  facet normal -0 0 1
    outer loop
      vertex 59.985 8.48061 6.4
      vertex 61.26 6.27224 6.4
      vertex 60.4836 8.72649 6.4
    endloop
  endfacet
  facet normal 0 0 1
    outer loop
      vertex 61.26 6.27224 6.4
      vertex 59.985 8.48061 6.4
      vertex 61.0751 6.1487 6.4
    endloop
  endfacet
  facet normal -0 0 1
    outer loop
      vertex 59.5228 8.17175 6.4
      vertex 61.0751 6.1487 6.4
      vertex 59.985 8.48061 6.4
    endloop
  endfacet
  facet normal 0 0 1
    outer loop
      vertex 61.0751 6.1487 6.4
      vertex 59.5228 8.17175 6.4
      vertex 60.9079 6.00208 6.4
    endloop
  endfacet
  facet normal -0 0 1
    outer loop
      vertex 59.1048 7.8052 6.4
      vertex 60.9079 6.00208 6.4
      vertex 59.5228 8.17175 6.4
    endloop
  endfacet
  facet normal 0 0 1
    outer loop
      vertex 60.9079 6.00208 6.4
      vertex 59.1048 7.8052 6.4
      vertex 60.7613 5.83489 6.4
    endloop
  endfacet
  facet normal -0 0 1
    outer loop
      vertex 58.7382 7.38724 6.4
      vertex 60.7613 5.83489 6.4
      vertex 59.1048 7.8052 6.4
    endloop
  endfacet
  facet normal 0 0 1
    outer loop
      vertex 60.7613 5.83489 6.4
      vertex 58.7382 7.38724 6.4
      vertex 60.6378 5.65 6.4
    endloop
  endfacet
  facet normal -0 0 1
    outer loop
      vertex 58.4294 6.925 6.4
      vertex 60.6378 5.65 6.4
      vertex 58.7382 7.38724 6.4
    endloop
  endfacet
  facet normal 0 0 1
    outer loop
      vertex 65.7906 2.675 6.4
      vertex 63.5822 3.95 6.4
      vertex 65.4818 2.21276 6.4
    endloop
  endfacet
  facet normal -0 0 1
    outer loop
      vertex 63.4587 3.76511 6.4
      vertex 65.4818 2.21276 6.4
      vertex 63.5822 3.95 6.4
    endloop
  endfacet
  facet normal 0 0 1
    outer loop
      vertex 65.4818 2.21276 6.4
      vertex 63.4587 3.76511 6.4
      vertex 65.1152 1.7948 6.4
    endloop
  endfacet
  facet normal -0 0 1
    outer loop
      vertex 63.3121 3.59792 6.4
      vertex 65.1152 1.7948 6.4
      vertex 63.4587 3.76511 6.4
    endloop
  endfacet
  facet normal 0 0 1
    outer loop
      vertex 65.1152 1.7948 6.4
      vertex 63.3121 3.59792 6.4
      vertex 64.6972 1.42825 6.4
    endloop
  endfacet
  facet normal -0 0 1
    outer loop
      vertex 63.1449 3.4513 6.4
      vertex 64.6972 1.42825 6.4
      vertex 63.3121 3.59792 6.4
    endloop
  endfacet
  facet normal 0 0 1
    outer loop
      vertex 64.6972 1.42825 6.4
      vertex 63.1449 3.4513 6.4
      vertex 64.235 1.11939 6.4
    endloop
  endfacet
  facet normal -0 0 1
    outer loop
      vertex 62.96 3.32776 6.4
      vertex 64.235 1.11939 6.4
      vertex 63.1449 3.4513 6.4
    endloop
  endfacet
  facet normal 0 0 1
    outer loop
      vertex 64.235 1.11939 6.4
      vertex 62.96 3.32776 6.4
      vertex 63.7364 0.873511 6.4
    endloop
  endfacet
  facet normal -0 0 1
    outer loop
      vertex 62.7606 3.2294 6.4
      vertex 63.7364 0.873511 6.4
      vertex 62.96 3.32776 6.4
    endloop
  endfacet
  facet normal 0 0 1
    outer loop
      vertex 63.7364 0.873511 6.4
      vertex 62.7606 3.2294 6.4
      vertex 63.21 0.694815 6.4
    endloop
  endfacet
  facet normal -0 0 1
    outer loop
      vertex 62.55 3.15793 6.4
      vertex 63.21 0.694815 6.4
      vertex 62.7606 3.2294 6.4
    endloop
  endfacet
  facet normal 0 0 1
    outer loop
      vertex 63.21 0.694815 6.4
      vertex 62.55 3.15793 6.4
      vertex 62.6647 0.586359 6.4
    endloop
  endfacet
  facet normal -0 0 1
    outer loop
      vertex 62.3319 3.11454 6.4
      vertex 62.6647 0.586359 6.4
      vertex 62.55 3.15793 6.4
    endloop
  endfacet
  facet normal -0 0 1
    outer loop
      vertex 62.11 3.1 6.4
      vertex 62.6647 0.586359 6.4
      vertex 62.3319 3.11454 6.4
    endloop
  endfacet
  facet normal 0 0 1
    outer loop
      vertex 62.11 3.1 6.4
      vertex 62.11 0.549999 6.4
      vertex 62.6647 0.586359 6.4
    endloop
  endfacet
  facet normal 0 0 1
    outer loop
      vertex 61.8881 3.11454 6.4
      vertex 62.11 0.549999 6.4
      vertex 62.11 3.1 6.4
    endloop
  endfacet
  facet normal 0 0 1
    outer loop
      vertex 61.5553 0.586359 6.4
      vertex 61.8881 3.11454 6.4
      vertex 61.67 3.15793 6.4
    endloop
  endfacet
  facet normal 0 0 1
    outer loop
      vertex 61.8881 3.11454 6.4
      vertex 61.5553 0.586359 6.4
      vertex 62.11 0.549999 6.4
    endloop
  endfacet
  facet normal 0 0 1
    outer loop
      vertex 61.01 0.694815 6.4
      vertex 61.67 3.15793 6.4
      vertex 61.4594 3.2294 6.4
    endloop
  endfacet
  facet normal 0 0 1
    outer loop
      vertex 60.4836 0.873511 6.4
      vertex 61.4594 3.2294 6.4
      vertex 61.26 3.32776 6.4
    endloop
  endfacet
  facet normal 0 0 1
    outer loop
      vertex 59.985 1.11939 6.4
      vertex 61.26 3.32776 6.4
      vertex 61.0751 3.4513 6.4
    endloop
  endfacet
  facet normal 0 0 1
    outer loop
      vertex 61.67 3.15793 6.4
      vertex 61.01 0.694815 6.4
      vertex 61.5553 0.586359 6.4
    endloop
  endfacet
  facet normal 0 0 1
    outer loop
      vertex 59.5228 1.42825 6.4
      vertex 61.0751 3.4513 6.4
      vertex 60.9079 3.59792 6.4
    endloop
  endfacet
  facet normal 0 0 1
    outer loop
      vertex 59.1048 1.7948 6.4
      vertex 60.9079 3.59792 6.4
      vertex 60.7613 3.76511 6.4
    endloop
  endfacet
  facet normal 0 0 1
    outer loop
      vertex 58.7382 2.21276 6.4
      vertex 60.7613 3.76511 6.4
      vertex 60.6378 3.95 6.4
    endloop
  endfacet
  facet normal 0 0 1
    outer loop
      vertex 58.4294 2.675 6.4
      vertex 60.6378 3.95 6.4
      vertex 60.5394 4.14944 6.4
    endloop
  endfacet
  facet normal 0 0 1
    outer loop
      vertex 61.4594 3.2294 6.4
      vertex 60.4836 0.873511 6.4
      vertex 61.01 0.694815 6.4
    endloop
  endfacet
  facet normal 0 0 1
    outer loop
      vertex 58.1835 3.17359 6.4
      vertex 60.5394 4.14944 6.4
      vertex 60.4679 4.36001 6.4
    endloop
  endfacet
  facet normal 0 0 1
    outer loop
      vertex 58.0048 3.70002 6.4
      vertex 60.4679 4.36001 6.4
      vertex 60.4245 4.5781 6.4
    endloop
  endfacet
  facet normal 0 0 1
    outer loop
      vertex 57.8964 4.24526 6.4
      vertex 60.4245 4.5781 6.4
      vertex 60.41 4.8 6.4
    endloop
  endfacet
  facet normal 0 0 1
    outer loop
      vertex 60.6378 5.65 6.4
      vertex 58.4294 6.925 6.4
      vertex 60.5394 5.45056 6.4
    endloop
  endfacet
  facet normal 0 0 1
    outer loop
      vertex 61.26 3.32776 6.4
      vertex 59.985 1.11939 6.4
      vertex 60.4836 0.873511 6.4
    endloop
  endfacet
  facet normal -0 0 1
    outer loop
      vertex 58.1835 6.4264 6.4
      vertex 60.5394 5.45056 6.4
      vertex 58.4294 6.925 6.4
    endloop
  endfacet
  facet normal 0 0 1
    outer loop
      vertex 61.0751 3.4513 6.4
      vertex 59.5228 1.42825 6.4
      vertex 59.985 1.11939 6.4
    endloop
  endfacet
  facet normal 0 0 1
    outer loop
      vertex 60.5394 5.45056 6.4
      vertex 58.1835 6.4264 6.4
      vertex 60.4679 5.23999 6.4
    endloop
  endfacet
  facet normal 0 0 1
    outer loop
      vertex 60.9079 3.59792 6.4
      vertex 59.1048 1.7948 6.4
      vertex 59.5228 1.42825 6.4
    endloop
  endfacet
  facet normal -0 0 1
    outer loop
      vertex 58.0048 5.89998 6.4
      vertex 60.4679 5.23999 6.4
      vertex 58.1835 6.4264 6.4
    endloop
  endfacet
  facet normal 0 0 1
    outer loop
      vertex 60.7613 3.76511 6.4
      vertex 58.7382 2.21276 6.4
      vertex 59.1048 1.7948 6.4
    endloop
  endfacet
  facet normal 0 0 1
    outer loop
      vertex 60.4679 5.23999 6.4
      vertex 58.0048 5.89998 6.4
      vertex 60.4245 5.02189 6.4
    endloop
  endfacet
  facet normal 0 0 1
    outer loop
      vertex 60.6378 3.95 6.4
      vertex 58.4294 2.675 6.4
      vertex 58.7382 2.21276 6.4
    endloop
  endfacet
  facet normal -0 0 1
    outer loop
      vertex 57.8964 5.35474 6.4
      vertex 60.4245 5.02189 6.4
      vertex 58.0048 5.89998 6.4
    endloop
  endfacet
  facet normal 0 0 1
    outer loop
      vertex 60.5394 4.14944 6.4
      vertex 58.1835 3.17359 6.4
      vertex 58.4294 2.675 6.4
    endloop
  endfacet
  facet normal 0 0 1
    outer loop
      vertex 60.4245 5.02189 6.4
      vertex 57.8964 5.35474 6.4
      vertex 60.41 4.8 6.4
    endloop
  endfacet
  facet normal 0 0 1
    outer loop
      vertex 60.4679 4.36001 6.4
      vertex 58.0048 3.70002 6.4
      vertex 58.1835 3.17359 6.4
    endloop
  endfacet
  facet normal 0 0 1
    outer loop
      vertex 57.86 4.8 6.4
      vertex 60.41 4.8 6.4
      vertex 57.8964 5.35474 6.4
    endloop
  endfacet
  facet normal 0 0 1
    outer loop
      vertex 60.4245 4.5781 6.4
      vertex 57.8964 4.24526 6.4
      vertex 58.0048 3.70002 6.4
    endloop
  endfacet
  facet normal 0 0 1
    outer loop
      vertex 60.41 4.8 6.4
      vertex 57.86 4.8 6.4
      vertex 57.8964 4.24526 6.4
    endloop
  endfacet
  facet normal -0.555605 0.831446 0
    outer loop
      vertex 59.985 8.48061 2.4
      vertex 59.5228 8.17175 6.4
      vertex 59.985 8.48061 6.4
    endloop
  endfacet
  facet normal -0.555605 0.831446 0
    outer loop
      vertex 59.5228 8.17175 6.4
      vertex 59.985 8.48061 2.4
      vertex 59.5228 8.17175 2.4
    endloop
  endfacet
  facet normal -0.831519 0.555497 0
    outer loop
      vertex 58.4294 6.925 2.4
      vertex 58.7382 7.38724 6.4
      vertex 58.7382 7.38724 2.4
    endloop
  endfacet
  facet normal -0.831519 0.555497 0
    outer loop
      vertex 58.7382 7.38724 6.4
      vertex 58.4294 6.925 2.4
      vertex 58.4294 6.925 6.4
    endloop
  endfacet
  facet normal -0.89686 -0.442314 0
    outer loop
      vertex 58.4294 35.075 2.4
      vertex 58.1835 35.5736 6.4
      vertex 58.1835 35.5736 2.4
    endloop
  endfacet
  facet normal -0.89686 -0.442314 0
    outer loop
      vertex 58.1835 35.5736 6.4
      vertex 58.4294 35.075 2.4
      vertex 58.4294 35.075 6.4
    endloop
  endfacet
  facet normal -0.980808 0.194975 0
    outer loop
      vertex 57.8964 37.7547 2.4
      vertex 58.0048 38.3 6.4
      vertex 58.0048 38.3 2.4
    endloop
  endfacet
  facet normal -0.980808 0.194975 0
    outer loop
      vertex 58.0048 38.3 6.4
      vertex 57.8964 37.7547 2.4
      vertex 57.8964 37.7547 6.4
    endloop
  endfacet
  facet normal 0.831496 -0.55553 0
    outer loop
      vertex 65.4818 34.6128 6.4
      vertex 65.7906 35.075 2.4
      vertex 65.7906 35.075 6.4
    endloop
  endfacet
  facet normal 0.831496 -0.55553 0
    outer loop
      vertex 65.7906 35.075 2.4
      vertex 65.4818 34.6128 6.4
      vertex 65.4818 34.6128 2.4
    endloop
  endfacet
  facet normal 0.980808 -0.194975 0
    outer loop
      vertex 66.2152 36.1 6.4
      vertex 66.3236 36.6453 2.4
      vertex 66.3236 36.6453 6.4
    endloop
  endfacet
  facet normal 0.980808 -0.194975 0
    outer loop
      vertex 66.3236 36.6453 2.4
      vertex 66.2152 36.1 6.4
      vertex 66.2152 36.1 2.4
    endloop
  endfacet
  facet normal 0 0 1
    outer loop
      vertex 63.81 37.2 6.4
      vertex 66.36 37.2 6.4
      vertex 66.3236 37.7547 6.4
    endloop
  endfacet
  facet normal 0 0 1
    outer loop
      vertex 63.7955 37.4219 6.4
      vertex 66.3236 37.7547 6.4
      vertex 66.2152 38.3 6.4
    endloop
  endfacet
  facet normal 0 0 1
    outer loop
      vertex 66.36 37.2 6.4
      vertex 63.81 37.2 6.4
      vertex 66.3236 36.6453 6.4
    endloop
  endfacet
  facet normal 0 0 1
    outer loop
      vertex 63.7521 37.64 6.4
      vertex 66.2152 38.3 6.4
      vertex 66.0365 38.8264 6.4
    endloop
  endfacet
  facet normal -0 0 1
    outer loop
      vertex 63.7955 36.9781 6.4
      vertex 66.3236 36.6453 6.4
      vertex 63.81 37.2 6.4
    endloop
  endfacet
  facet normal 0 0 1
    outer loop
      vertex 63.6806 37.8506 6.4
      vertex 66.0365 38.8264 6.4
      vertex 65.7906 39.325 6.4
    endloop
  endfacet
  facet normal 0 0 1
    outer loop
      vertex 66.3236 36.6453 6.4
      vertex 63.7955 36.9781 6.4
      vertex 66.2152 36.1 6.4
    endloop
  endfacet
  facet normal 0 0 1
    outer loop
      vertex 63.5822 38.05 6.4
      vertex 65.7906 39.325 6.4
      vertex 65.4818 39.7872 6.4
    endloop
  endfacet
  facet normal -0 0 1
    outer loop
      vertex 63.7521 36.76 6.4
      vertex 66.2152 36.1 6.4
      vertex 63.7955 36.9781 6.4
    endloop
  endfacet
  facet normal 0 0 1
    outer loop
      vertex 63.4587 38.2349 6.4
      vertex 65.4818 39.7872 6.4
      vertex 65.1152 40.2052 6.4
    endloop
  endfacet
  facet normal 0 0 1
    outer loop
      vertex 66.2152 36.1 6.4
      vertex 63.7521 36.76 6.4
      vertex 66.0365 35.5736 6.4
    endloop
  endfacet
  facet normal 0 0 1
    outer loop
      vertex 63.3121 38.4021 6.4
      vertex 65.1152 40.2052 6.4
      vertex 64.6972 40.5718 6.4
    endloop
  endfacet
  facet normal -0 0 1
    outer loop
      vertex 63.6806 36.5494 6.4
      vertex 66.0365 35.5736 6.4
      vertex 63.7521 36.76 6.4
    endloop
  endfacet
  facet normal 0 0 1
    outer loop
      vertex 63.1449 38.5487 6.4
      vertex 64.6972 40.5718 6.4
      vertex 64.235 40.8806 6.4
    endloop
  endfacet
  facet normal 0 0 1
    outer loop
      vertex 66.0365 35.5736 6.4
      vertex 63.6806 36.5494 6.4
      vertex 65.7906 35.075 6.4
    endloop
  endfacet
  facet normal -0 0 1
    outer loop
      vertex 63.5822 36.35 6.4
      vertex 65.7906 35.075 6.4
      vertex 63.6806 36.5494 6.4
    endloop
  endfacet
  facet normal 0 0 1
    outer loop
      vertex 66.3236 37.7547 6.4
      vertex 63.7955 37.4219 6.4
      vertex 63.81 37.2 6.4
    endloop
  endfacet
  facet normal 0 0 1
    outer loop
      vertex 66.2152 38.3 6.4
      vertex 63.7521 37.64 6.4
      vertex 63.7955 37.4219 6.4
    endloop
  endfacet
  facet normal 0 0 1
    outer loop
      vertex 62.96 38.6722 6.4
      vertex 64.235 40.8806 6.4
      vertex 63.7364 41.1265 6.4
    endloop
  endfacet
  facet normal 0 0 1
    outer loop
      vertex 66.0365 38.8264 6.4
      vertex 63.6806 37.8506 6.4
      vertex 63.7521 37.64 6.4
    endloop
  endfacet
  facet normal 0 0 1
    outer loop
      vertex 65.7906 39.325 6.4
      vertex 63.5822 38.05 6.4
      vertex 63.6806 37.8506 6.4
    endloop
  endfacet
  facet normal 0 0 1
    outer loop
      vertex 65.4818 39.7872 6.4
      vertex 63.4587 38.2349 6.4
      vertex 63.5822 38.05 6.4
    endloop
  endfacet
  facet normal 0 0 1
    outer loop
      vertex 65.1152 40.2052 6.4
      vertex 63.3121 38.4021 6.4
      vertex 63.4587 38.2349 6.4
    endloop
  endfacet
  facet normal 0 0 1
    outer loop
      vertex 62.7606 38.7706 6.4
      vertex 63.7364 41.1265 6.4
      vertex 63.21 41.3052 6.4
    endloop
  endfacet
  facet normal 0 0 1
    outer loop
      vertex 64.6972 40.5718 6.4
      vertex 63.1449 38.5487 6.4
      vertex 63.3121 38.4021 6.4
    endloop
  endfacet
  facet normal 0 0 1
    outer loop
      vertex 64.235 40.8806 6.4
      vertex 62.96 38.6722 6.4
      vertex 63.1449 38.5487 6.4
    endloop
  endfacet
  facet normal 0 0 1
    outer loop
      vertex 63.7364 41.1265 6.4
      vertex 62.7606 38.7706 6.4
      vertex 62.96 38.6722 6.4
    endloop
  endfacet
  facet normal 0 0 1
    outer loop
      vertex 62.55 38.8421 6.4
      vertex 63.21 41.3052 6.4
      vertex 62.6647 41.4136 6.4
    endloop
  endfacet
  facet normal 0 0 1
    outer loop
      vertex 63.21 41.3052 6.4
      vertex 62.55 38.8421 6.4
      vertex 62.7606 38.7706 6.4
    endloop
  endfacet
  facet normal 0 0 1
    outer loop
      vertex 62.6647 41.4136 6.4
      vertex 62.3319 38.8855 6.4
      vertex 62.55 38.8421 6.4
    endloop
  endfacet
  facet normal 0 0 1
    outer loop
      vertex 62.11 41.45 6.4
      vertex 62.3319 38.8855 6.4
      vertex 62.6647 41.4136 6.4
    endloop
  endfacet
  facet normal 0 0 1
    outer loop
      vertex 62.11 41.45 6.4
      vertex 62.11 38.9 6.4
      vertex 62.3319 38.8855 6.4
    endloop
  endfacet
  facet normal 0 0 1
    outer loop
      vertex 62.11 41.45 6.4
      vertex 61.8881 38.8855 6.4
      vertex 62.11 38.9 6.4
    endloop
  endfacet
  facet normal -0 0 1
    outer loop
      vertex 61.5553 41.4136 6.4
      vertex 61.8881 38.8855 6.4
      vertex 62.11 41.45 6.4
    endloop
  endfacet
  facet normal 0 0 1
    outer loop
      vertex 61.8881 38.8855 6.4
      vertex 61.5553 41.4136 6.4
      vertex 61.67 38.8421 6.4
    endloop
  endfacet
  facet normal -0 0 1
    outer loop
      vertex 61.01 41.3052 6.4
      vertex 61.67 38.8421 6.4
      vertex 61.5553 41.4136 6.4
    endloop
  endfacet
  facet normal 0 0 1
    outer loop
      vertex 61.67 38.8421 6.4
      vertex 61.01 41.3052 6.4
      vertex 61.4594 38.7706 6.4
    endloop
  endfacet
  facet normal -0 0 1
    outer loop
      vertex 60.4836 41.1265 6.4
      vertex 61.4594 38.7706 6.4
      vertex 61.01 41.3052 6.4
    endloop
  endfacet
  facet normal 0 0 1
    outer loop
      vertex 61.4594 38.7706 6.4
      vertex 60.4836 41.1265 6.4
      vertex 61.26 38.6722 6.4
    endloop
  endfacet
  facet normal -0 0 1
    outer loop
      vertex 59.985 40.8806 6.4
      vertex 61.26 38.6722 6.4
      vertex 60.4836 41.1265 6.4
    endloop
  endfacet
  facet normal 0 0 1
    outer loop
      vertex 61.26 38.6722 6.4
      vertex 59.985 40.8806 6.4
      vertex 61.0751 38.5487 6.4
    endloop
  endfacet
  facet normal -0 0 1
    outer loop
      vertex 59.5228 40.5718 6.4
      vertex 61.0751 38.5487 6.4
      vertex 59.985 40.8806 6.4
    endloop
  endfacet
  facet normal 0 0 1
    outer loop
      vertex 61.0751 38.5487 6.4
      vertex 59.5228 40.5718 6.4
      vertex 60.9079 38.4021 6.4
    endloop
  endfacet
  facet normal -0 0 1
    outer loop
      vertex 59.1048 40.2052 6.4
      vertex 60.9079 38.4021 6.4
      vertex 59.5228 40.5718 6.4
    endloop
  endfacet
  facet normal 0 0 1
    outer loop
      vertex 60.9079 38.4021 6.4
      vertex 59.1048 40.2052 6.4
      vertex 60.7613 38.2349 6.4
    endloop
  endfacet
  facet normal -0 0 1
    outer loop
      vertex 58.7382 39.7872 6.4
      vertex 60.7613 38.2349 6.4
      vertex 59.1048 40.2052 6.4
    endloop
  endfacet
  facet normal 0 0 1
    outer loop
      vertex 60.7613 38.2349 6.4
      vertex 58.7382 39.7872 6.4
      vertex 60.6378 38.05 6.4
    endloop
  endfacet
  facet normal -0 0 1
    outer loop
      vertex 58.4294 39.325 6.4
      vertex 60.6378 38.05 6.4
      vertex 58.7382 39.7872 6.4
    endloop
  endfacet
  facet normal 0 0 1
    outer loop
      vertex 65.7906 35.075 6.4
      vertex 63.5822 36.35 6.4
      vertex 65.4818 34.6128 6.4
    endloop
  endfacet
  facet normal -0 0 1
    outer loop
      vertex 63.4587 36.1651 6.4
      vertex 65.4818 34.6128 6.4
      vertex 63.5822 36.35 6.4
    endloop
  endfacet
  facet normal 0 0 1
    outer loop
      vertex 65.4818 34.6128 6.4
      vertex 63.4587 36.1651 6.4
      vertex 65.1152 34.1948 6.4
    endloop
  endfacet
  facet normal -0 0 1
    outer loop
      vertex 63.3121 35.9979 6.4
      vertex 65.1152 34.1948 6.4
      vertex 63.4587 36.1651 6.4
    endloop
  endfacet
  facet normal 0 0 1
    outer loop
      vertex 65.1152 34.1948 6.4
      vertex 63.3121 35.9979 6.4
      vertex 64.6972 33.8282 6.4
    endloop
  endfacet
  facet normal -0 0 1
    outer loop
      vertex 63.1449 35.8513 6.4
      vertex 64.6972 33.8282 6.4
      vertex 63.3121 35.9979 6.4
    endloop
  endfacet
  facet normal 0 0 1
    outer loop
      vertex 64.6972 33.8282 6.4
      vertex 63.1449 35.8513 6.4
      vertex 64.235 33.5194 6.4
    endloop
  endfacet
  facet normal -0 0 1
    outer loop
      vertex 62.96 35.7278 6.4
      vertex 64.235 33.5194 6.4
      vertex 63.1449 35.8513 6.4
    endloop
  endfacet
  facet normal 0 0 1
    outer loop
      vertex 64.235 33.5194 6.4
      vertex 62.96 35.7278 6.4
      vertex 63.7364 33.2735 6.4
    endloop
  endfacet
  facet normal -0 0 1
    outer loop
      vertex 62.7606 35.6294 6.4
      vertex 63.7364 33.2735 6.4
      vertex 62.96 35.7278 6.4
    endloop
  endfacet
  facet normal 0 0 1
    outer loop
      vertex 63.7364 33.2735 6.4
      vertex 62.7606 35.6294 6.4
      vertex 63.21 33.0948 6.4
    endloop
  endfacet
  facet normal -0 0 1
    outer loop
      vertex 62.55 35.5579 6.4
      vertex 63.21 33.0948 6.4
      vertex 62.7606 35.6294 6.4
    endloop
  endfacet
  facet normal 0 0 1
    outer loop
      vertex 63.21 33.0948 6.4
      vertex 62.55 35.5579 6.4
      vertex 62.6647 32.9864 6.4
    endloop
  endfacet
  facet normal -0 0 1
    outer loop
      vertex 62.3319 35.5145 6.4
      vertex 62.6647 32.9864 6.4
      vertex 62.55 35.5579 6.4
    endloop
  endfacet
  facet normal -0 0 1
    outer loop
      vertex 62.11 35.5 6.4
      vertex 62.6647 32.9864 6.4
      vertex 62.3319 35.5145 6.4
    endloop
  endfacet
  facet normal 0 0 1
    outer loop
      vertex 62.11 35.5 6.4
      vertex 62.11 32.95 6.4
      vertex 62.6647 32.9864 6.4
    endloop
  endfacet
  facet normal 0 0 1
    outer loop
      vertex 61.8881 35.5145 6.4
      vertex 62.11 32.95 6.4
      vertex 62.11 35.5 6.4
    endloop
  endfacet
  facet normal 0 0 1
    outer loop
      vertex 61.5553 32.9864 6.4
      vertex 61.8881 35.5145 6.4
      vertex 61.67 35.5579 6.4
    endloop
  endfacet
  facet normal 0 0 1
    outer loop
      vertex 61.8881 35.5145 6.4
      vertex 61.5553 32.9864 6.4
      vertex 62.11 32.95 6.4
    endloop
  endfacet
  facet normal 0 0 1
    outer loop
      vertex 61.01 33.0948 6.4
      vertex 61.67 35.5579 6.4
      vertex 61.4594 35.6294 6.4
    endloop
  endfacet
  facet normal 0 0 1
    outer loop
      vertex 60.4836 33.2735 6.4
      vertex 61.4594 35.6294 6.4
      vertex 61.26 35.7278 6.4
    endloop
  endfacet
  facet normal 0 0 1
    outer loop
      vertex 59.985 33.5194 6.4
      vertex 61.26 35.7278 6.4
      vertex 61.0751 35.8513 6.4
    endloop
  endfacet
  facet normal 0 0 1
    outer loop
      vertex 61.67 35.5579 6.4
      vertex 61.01 33.0948 6.4
      vertex 61.5553 32.9864 6.4
    endloop
  endfacet
  facet normal 0 0 1
    outer loop
      vertex 59.5228 33.8282 6.4
      vertex 61.0751 35.8513 6.4
      vertex 60.9079 35.9979 6.4
    endloop
  endfacet
  facet normal 0 0 1
    outer loop
      vertex 59.1048 34.1948 6.4
      vertex 60.9079 35.9979 6.4
      vertex 60.7613 36.1651 6.4
    endloop
  endfacet
  facet normal 0 0 1
    outer loop
      vertex 58.7382 34.6128 6.4
      vertex 60.7613 36.1651 6.4
      vertex 60.6378 36.35 6.4
    endloop
  endfacet
  facet normal 0 0 1
    outer loop
      vertex 58.4294 35.075 6.4
      vertex 60.6378 36.35 6.4
      vertex 60.5394 36.5494 6.4
    endloop
  endfacet
  facet normal 0 0 1
    outer loop
      vertex 61.4594 35.6294 6.4
      vertex 60.4836 33.2735 6.4
      vertex 61.01 33.0948 6.4
    endloop
  endfacet
  facet normal 0 0 1
    outer loop
      vertex 58.1835 35.5736 6.4
      vertex 60.5394 36.5494 6.4
      vertex 60.4679 36.76 6.4
    endloop
  endfacet
  facet normal 0 0 1
    outer loop
      vertex 58.0048 36.1 6.4
      vertex 60.4679 36.76 6.4
      vertex 60.4245 36.9781 6.4
    endloop
  endfacet
  facet normal 0 0 1
    outer loop
      vertex 57.8964 36.6453 6.4
      vertex 60.4245 36.9781 6.4
      vertex 60.41 37.2 6.4
    endloop
  endfacet
  facet normal 0 0 1
    outer loop
      vertex 60.6378 38.05 6.4
      vertex 58.4294 39.325 6.4
      vertex 60.5394 37.8506 6.4
    endloop
  endfacet
  facet normal 0 0 1
    outer loop
      vertex 61.26 35.7278 6.4
      vertex 59.985 33.5194 6.4
      vertex 60.4836 33.2735 6.4
    endloop
  endfacet
  facet normal -0 0 1
    outer loop
      vertex 58.1835 38.8264 6.4
      vertex 60.5394 37.8506 6.4
      vertex 58.4294 39.325 6.4
    endloop
  endfacet
  facet normal 0 0 1
    outer loop
      vertex 61.0751 35.8513 6.4
      vertex 59.5228 33.8282 6.4
      vertex 59.985 33.5194 6.4
    endloop
  endfacet
  facet normal 0 0 1
    outer loop
      vertex 60.5394 37.8506 6.4
      vertex 58.1835 38.8264 6.4
      vertex 60.4679 37.64 6.4
    endloop
  endfacet
  facet normal 0 0 1
    outer loop
      vertex 60.9079 35.9979 6.4
      vertex 59.1048 34.1948 6.4
      vertex 59.5228 33.8282 6.4
    endloop
  endfacet
  facet normal -0 0 1
    outer loop
      vertex 58.0048 38.3 6.4
      vertex 60.4679 37.64 6.4
      vertex 58.1835 38.8264 6.4
    endloop
  endfacet
  facet normal 0 0 1
    outer loop
      vertex 60.7613 36.1651 6.4
      vertex 58.7382 34.6128 6.4
      vertex 59.1048 34.1948 6.4
    endloop
  endfacet
  facet normal 0 0 1
    outer loop
      vertex 60.4679 37.64 6.4
      vertex 58.0048 38.3 6.4
      vertex 60.4245 37.4219 6.4
    endloop
  endfacet
  facet normal 0 0 1
    outer loop
      vertex 60.6378 36.35 6.4
      vertex 58.4294 35.075 6.4
      vertex 58.7382 34.6128 6.4
    endloop
  endfacet
  facet normal -0 0 1
    outer loop
      vertex 57.8964 37.7547 6.4
      vertex 60.4245 37.4219 6.4
      vertex 58.0048 38.3 6.4
    endloop
  endfacet
  facet normal 0 0 1
    outer loop
      vertex 60.5394 36.5494 6.4
      vertex 58.1835 35.5736 6.4
      vertex 58.4294 35.075 6.4
    endloop
  endfacet
  facet normal 0 0 1
    outer loop
      vertex 60.4245 37.4219 6.4
      vertex 57.8964 37.7547 6.4
      vertex 60.41 37.2 6.4
    endloop
  endfacet
  facet normal 0 0 1
    outer loop
      vertex 60.4679 36.76 6.4
      vertex 58.0048 36.1 6.4
      vertex 58.1835 35.5736 6.4
    endloop
  endfacet
  facet normal 0 0 1
    outer loop
      vertex 57.86 37.2 6.4
      vertex 60.41 37.2 6.4
      vertex 57.8964 37.7547 6.4
    endloop
  endfacet
  facet normal 0 0 1
    outer loop
      vertex 60.4245 36.9781 6.4
      vertex 57.8964 36.6453 6.4
      vertex 58.0048 36.1 6.4
    endloop
  endfacet
  facet normal 0 0 1
    outer loop
      vertex 60.41 37.2 6.4
      vertex 57.86 37.2 6.4
      vertex 57.8964 36.6453 6.4
    endloop
  endfacet
  facet normal 0.55553 0.831496 -0
    outer loop
      vertex 64.6972 40.5718 2.4
      vertex 64.235 40.8806 6.4
      vertex 64.6972 40.5718 6.4
    endloop
  endfacet
  facet normal 0.55553 0.831496 0
    outer loop
      vertex 64.235 40.8806 6.4
      vertex 64.6972 40.5718 2.4
      vertex 64.235 40.8806 2.4
    endloop
  endfacet
  facet normal 0.997854 0.0654802 0
    outer loop
      vertex 66.36 37.2 6.4
      vertex 66.3236 37.7547 2.4
      vertex 66.3236 37.7547 6.4
    endloop
  endfacet
  facet normal 0.997854 0.0654802 0
    outer loop
      vertex 66.3236 37.7547 2.4
      vertex 66.36 37.2 6.4
      vertex 66.36 37.2 2.4
    endloop
  endfacet
  facet normal 0.321458 -0.946924 0
    outer loop
      vertex 63.21 33.0948 2.4
      vertex 63.7364 33.2735 6.4
      vertex 63.21 33.0948 6.4
    endloop
  endfacet
  facet normal 0.321458 -0.946924 0
    outer loop
      vertex 63.7364 33.2735 6.4
      vertex 63.21 33.0948 2.4
      vertex 63.7364 33.2735 2.4
    endloop
  endfacet
  facet normal 0.89686 0.442314 0
    outer loop
      vertex 66.0365 38.8264 6.4
      vertex 65.7906 39.325 4.4
      vertex 65.7906 39.325 6.4
    endloop
  endfacet
  facet normal 0.89686 0.442314 0
    outer loop
      vertex 65.7906 39.325 4.4
      vertex 66.0365 38.8264 6.4
      vertex 66.0365 38.8264 4.4
    endloop
  endfacet
  facet normal 0.997854 -0.0654802 0
    outer loop
      vertex 66.3236 36.6453 6.4
      vertex 66.36 37.2 2.4
      vertex 66.36 37.2 6.4
    endloop
  endfacet
  facet normal 0.997854 -0.0654802 0
    outer loop
      vertex 66.36 37.2 2.4
      vertex 66.3236 36.6453 6.4
      vertex 66.3236 36.6453 2.4
    endloop
  endfacet
  facet normal -0.751819 -0.65937 0
    outer loop
      vertex 59.1048 34.1948 2.4
      vertex 58.7382 34.6128 6.4
      vertex 58.7382 34.6128 2.4
    endloop
  endfacet
  facet normal -0.751819 -0.65937 0
    outer loop
      vertex 58.7382 34.6128 6.4
      vertex 59.1048 34.1948 2.4
      vertex 59.1048 34.1948 6.4
    endloop
  endfacet
  facet normal 0.321458 0.946924 -0
    outer loop
      vertex 63.7364 41.1265 2.4
      vertex 63.21 41.3052 6.4
      vertex 63.7364 41.1265 6.4
    endloop
  endfacet
  facet normal 0.321458 0.946924 0
    outer loop
      vertex 63.21 41.3052 6.4
      vertex 63.7364 41.1265 2.4
      vertex 63.21 41.3052 2.4
    endloop
  endfacet
  facet normal 0.194975 -0.980808 0
    outer loop
      vertex 62.6647 32.9864 2.4
      vertex 63.21 33.0948 6.4
      vertex 62.6647 32.9864 6.4
    endloop
  endfacet
  facet normal 0.194975 -0.980808 0
    outer loop
      vertex 63.21 33.0948 6.4
      vertex 62.6647 32.9864 2.4
      vertex 63.21 33.0948 2.4
    endloop
  endfacet
  facet normal -0.55553 0.831496 0
    outer loop
      vertex 59.985 40.8806 2.4
      vertex 59.5228 40.5718 6.4
      vertex 59.985 40.8806 6.4
    endloop
  endfacet
  facet normal -0.55553 0.831496 0
    outer loop
      vertex 59.5228 40.5718 6.4
      vertex 59.985 40.8806 2.4
      vertex 59.5228 40.5718 2.4
    endloop
  endfacet
  facet normal 0.65937 0.751819 -0
    outer loop
      vertex 65.1152 40.2052 2.4
      vertex 64.6972 40.5718 6.4
      vertex 65.1152 40.2052 6.4
    endloop
  endfacet
  facet normal 0.65937 0.751819 0
    outer loop
      vertex 64.6972 40.5718 6.4
      vertex 65.1152 40.2052 2.4
      vertex 64.6972 40.5718 2.4
    endloop
  endfacet
  facet normal 0.442314 -0.89686 0
    outer loop
      vertex 63.7364 33.2735 2.4
      vertex 64.235 33.5194 6.4
      vertex 63.7364 33.2735 6.4
    endloop
  endfacet
  facet normal 0.442314 -0.89686 0
    outer loop
      vertex 64.235 33.5194 6.4
      vertex 63.7364 33.2735 2.4
      vertex 64.235 33.5194 2.4
    endloop
  endfacet
  facet normal -0.83205 0.5547 0
    outer loop
      vertex 58.7134 39.75 4.4
      vertex 58.7382 39.7872 2.4
      vertex 58.7134 39.75 2.4
    endloop
  endfacet
  facet normal 0 0 1
    outer loop
      vertex 58.4294 39.325 2.4
      vertex 58.7134 39.75 2.4
      vertex 58.7382 39.7872 2.4
    endloop
  endfacet
  facet normal -0.83205 0.5547 0
    outer loop
      vertex 58.7382 39.7872 2.4
      vertex 58.7134 39.75 4.4
      vertex 58.7382 39.7872 6.4
    endloop
  endfacet
  facet normal -0.831448 0.555603 0
    outer loop
      vertex 58.4294 39.325 6.4
      vertex 58.7134 39.75 4.4
      vertex 58.4294 39.325 4.4
    endloop
  endfacet
  facet normal -0.831496 0.55553 -2.23076e-05
    outer loop
      vertex 58.7134 39.75 4.4
      vertex 58.4294 39.325 6.4
      vertex 58.7382 39.7872 6.4
    endloop
  endfacet
  facet normal 0.442314 0.89686 -0
    outer loop
      vertex 64.235 40.8806 2.4
      vertex 63.7364 41.1265 6.4
      vertex 64.235 40.8806 6.4
    endloop
  endfacet
  facet normal 0.442314 0.89686 0
    outer loop
      vertex 63.7364 41.1265 6.4
      vertex 64.235 40.8806 2.4
      vertex 63.7364 41.1265 2.4
    endloop
  endfacet
  facet normal -0.321458 -0.946924 0
    outer loop
      vertex 60.4836 33.2735 2.4
      vertex 61.01 33.0948 6.4
      vertex 60.4836 33.2735 6.4
    endloop
  endfacet
  facet normal -0.321458 -0.946924 -0
    outer loop
      vertex 61.01 33.0948 6.4
      vertex 60.4836 33.2735 2.4
      vertex 61.01 33.0948 2.4
    endloop
  endfacet
  facet normal 0.83205 0.5547 0
    outer loop
      vertex 65.4818 39.7872 6.4
      vertex 65.5066 39.75 4.4
      vertex 65.4818 39.7872 2.4
    endloop
  endfacet
  facet normal 0.831496 0.55553 -2.23076e-05
    outer loop
      vertex 65.7906 39.325 6.4
      vertex 65.5066 39.75 4.4
      vertex 65.4818 39.7872 6.4
    endloop
  endfacet
  facet normal 0.831448 0.555603 0
    outer loop
      vertex 65.5066 39.75 4.4
      vertex 65.7906 39.325 6.4
      vertex 65.7906 39.325 4.4
    endloop
  endfacet
  facet normal 0.83205 0.5547 -0
    outer loop
      vertex 65.5066 39.75 2.4
      vertex 65.4818 39.7872 2.4
      vertex 65.5066 39.75 4.4
    endloop
  endfacet
  facet normal -0 -0 1
    outer loop
      vertex 65.5066 39.75 2.4
      vertex 65.7906 39.325 2.4
      vertex 65.4818 39.7872 2.4
    endloop
  endfacet
  facet normal 0.55553 -0.831496 0
    outer loop
      vertex 64.235 33.5194 2.4
      vertex 64.6972 33.8282 6.4
      vertex 64.235 33.5194 6.4
    endloop
  endfacet
  facet normal 0.55553 -0.831496 0
    outer loop
      vertex 64.6972 33.8282 6.4
      vertex 64.235 33.5194 2.4
      vertex 64.6972 33.8282 2.4
    endloop
  endfacet
  facet normal 0.946956 0.321362 0
    outer loop
      vertex 66.0365 38.8264 6.4
      vertex 66.1303 38.55 4.4
      vertex 66.0365 38.8264 4.4
    endloop
  endfacet
  facet normal 0.946888 0.321563 -0
    outer loop
      vertex 66.2152 38.3 2.4
      vertex 66.1303 38.55 4.4
      vertex 66.2152 38.3 6.4
    endloop
  endfacet
  facet normal 0.946924 0.321458 -1.47147e-05
    outer loop
      vertex 66.2152 38.3 6.4
      vertex 66.1303 38.55 4.4
      vertex 66.0365 38.8264 6.4
    endloop
  endfacet
  facet normal -0 -0 1
    outer loop
      vertex 66.1303 38.55 2.4
      vertex 66.2152 38.3 2.4
      vertex 66.0365 38.8264 2.4
    endloop
  endfacet
  facet normal 0.946888 0.321563 0
    outer loop
      vertex 66.1303 38.55 4.4
      vertex 66.2152 38.3 2.4
      vertex 66.1303 38.55 2.4
    endloop
  endfacet
  facet normal -0.831496 -0.55553 0
    outer loop
      vertex 58.7382 34.6128 2.4
      vertex 58.4294 35.075 6.4
      vertex 58.4294 35.075 2.4
    endloop
  endfacet
  facet normal -0.831496 -0.55553 0
    outer loop
      vertex 58.4294 35.075 6.4
      vertex 58.7382 34.6128 2.4
      vertex 58.7382 34.6128 6.4
    endloop
  endfacet
  facet normal -0.997854 -0.0654802 0
    outer loop
      vertex 57.8964 36.6453 2.4
      vertex 57.86 37.2 6.4
      vertex 57.86 37.2 2.4
    endloop
  endfacet
  facet normal -0.997854 -0.0654802 0
    outer loop
      vertex 57.86 37.2 6.4
      vertex 57.8964 36.6453 2.4
      vertex 57.8964 36.6453 6.4
    endloop
  endfacet
  facet normal 0.946924 -0.321458 0
    outer loop
      vertex 66.0365 35.5736 6.4
      vertex 66.2152 36.1 2.4
      vertex 66.2152 36.1 6.4
    endloop
  endfacet
  facet normal 0.946924 -0.321458 0
    outer loop
      vertex 66.2152 36.1 2.4
      vertex 66.0365 35.5736 6.4
      vertex 66.0365 35.5736 2.4
    endloop
  endfacet
  facet normal 0.980808 0.194975 0
    outer loop
      vertex 66.3236 37.7547 6.4
      vertex 66.2152 38.3 2.4
      vertex 66.2152 38.3 6.4
    endloop
  endfacet
  facet normal 0.980808 0.194975 0
    outer loop
      vertex 66.2152 38.3 2.4
      vertex 66.3236 37.7547 6.4
      vertex 66.3236 37.7547 2.4
    endloop
  endfacet
  facet normal -0.321458 0.946924 0
    outer loop
      vertex 61.01 41.3052 2.4
      vertex 60.4836 41.1265 6.4
      vertex 61.01 41.3052 6.4
    endloop
  endfacet
  facet normal -0.321458 0.946924 0
    outer loop
      vertex 60.4836 41.1265 6.4
      vertex 61.01 41.3052 2.4
      vertex 60.4836 41.1265 2.4
    endloop
  endfacet
  facet normal 0.0654802 0.997854 -0
    outer loop
      vertex 62.6647 41.4136 2.4
      vertex 62.11 41.45 6.4
      vertex 62.6647 41.4136 6.4
    endloop
  endfacet
  facet normal 0.0654802 0.997854 0
    outer loop
      vertex 62.11 41.45 6.4
      vertex 62.6647 41.4136 2.4
      vertex 62.11 41.45 2.4
    endloop
  endfacet
  facet normal -0.946888 0.321563 0
    outer loop
      vertex 58.0897 38.55 2.4
      vertex 58.0048 38.3 2.4
      vertex 58.0897 38.55 4.4
    endloop
  endfacet
  facet normal 0 0 1
    outer loop
      vertex 58.0048 38.3 2.4
      vertex 58.0897 38.55 2.4
      vertex 58.1835 38.8264 2.4
    endloop
  endfacet
  facet normal -0.946956 0.321362 0
    outer loop
      vertex 58.0897 38.55 4.4
      vertex 58.1835 38.8264 6.4
      vertex 58.1835 38.8264 4.4
    endloop
  endfacet
  facet normal -0.946924 0.321458 -1.47147e-05
    outer loop
      vertex 58.0897 38.55 4.4
      vertex 58.0048 38.3 6.4
      vertex 58.1835 38.8264 6.4
    endloop
  endfacet
  facet normal -0.946888 0.321563 0
    outer loop
      vertex 58.0048 38.3 6.4
      vertex 58.0897 38.55 4.4
      vertex 58.0048 38.3 2.4
    endloop
  endfacet
  facet normal -0.946924 -0.321458 0
    outer loop
      vertex 58.1835 35.5736 2.4
      vertex 58.0048 36.1 6.4
      vertex 58.0048 36.1 2.4
    endloop
  endfacet
  facet normal -0.946924 -0.321458 0
    outer loop
      vertex 58.0048 36.1 6.4
      vertex 58.1835 35.5736 2.4
      vertex 58.1835 35.5736 6.4
    endloop
  endfacet
  facet normal -0.194975 -0.980808 0
    outer loop
      vertex 61.01 33.0948 2.4
      vertex 61.5553 32.9864 6.4
      vertex 61.01 33.0948 6.4
    endloop
  endfacet
  facet normal -0.194975 -0.980808 -0
    outer loop
      vertex 61.5553 32.9864 6.4
      vertex 61.01 33.0948 2.4
      vertex 61.5553 32.9864 2.4
    endloop
  endfacet
  facet normal -0.194975 0.980808 0
    outer loop
      vertex 61.5553 41.4136 2.4
      vertex 61.01 41.3052 6.4
      vertex 61.5553 41.4136 6.4
    endloop
  endfacet
  facet normal -0.194975 0.980808 0
    outer loop
      vertex 61.01 41.3052 6.4
      vertex 61.5553 41.4136 2.4
      vertex 61.01 41.3052 2.4
    endloop
  endfacet
  facet normal 0.65937 -0.751819 0
    outer loop
      vertex 64.6972 33.8282 2.4
      vertex 65.1152 34.1948 6.4
      vertex 64.6972 33.8282 6.4
    endloop
  endfacet
  facet normal 0.65937 -0.751819 0
    outer loop
      vertex 65.1152 34.1948 6.4
      vertex 64.6972 33.8282 2.4
      vertex 65.1152 34.1948 2.4
    endloop
  endfacet
  facet normal -0.65937 -0.751819 0
    outer loop
      vertex 59.1048 34.1948 2.4
      vertex 59.5228 33.8282 6.4
      vertex 59.1048 34.1948 6.4
    endloop
  endfacet
  facet normal -0.65937 -0.751819 -0
    outer loop
      vertex 59.5228 33.8282 6.4
      vertex 59.1048 34.1948 2.4
      vertex 59.5228 33.8282 2.4
    endloop
  endfacet
  facet normal -0.980808 -0.194975 0
    outer loop
      vertex 58.0048 36.1 2.4
      vertex 57.8964 36.6453 6.4
      vertex 57.8964 36.6453 2.4
    endloop
  endfacet
  facet normal -0.980808 -0.194975 0
    outer loop
      vertex 57.8964 36.6453 6.4
      vertex 58.0048 36.1 2.4
      vertex 58.0048 36.1 6.4
    endloop
  endfacet
  facet normal -0.751819 0.65937 0
    outer loop
      vertex 58.7382 39.7872 2.4
      vertex 59.1048 40.2052 6.4
      vertex 59.1048 40.2052 2.4
    endloop
  endfacet
  facet normal -0.751819 0.65937 0
    outer loop
      vertex 59.1048 40.2052 6.4
      vertex 58.7382 39.7872 2.4
      vertex 58.7382 39.7872 6.4
    endloop
  endfacet
  facet normal -0.65937 0.751819 0
    outer loop
      vertex 59.5228 40.5718 2.4
      vertex 59.1048 40.2052 6.4
      vertex 59.5228 40.5718 6.4
    endloop
  endfacet
  facet normal -0.65937 0.751819 0
    outer loop
      vertex 59.1048 40.2052 6.4
      vertex 59.5228 40.5718 2.4
      vertex 59.1048 40.2052 2.4
    endloop
  endfacet
  facet normal -0.0654802 0.997854 0
    outer loop
      vertex 62.11 41.45 2.4
      vertex 61.5553 41.4136 6.4
      vertex 62.11 41.45 6.4
    endloop
  endfacet
  facet normal -0.0654802 0.997854 0
    outer loop
      vertex 61.5553 41.4136 6.4
      vertex 62.11 41.45 2.4
      vertex 61.5553 41.4136 2.4
    endloop
  endfacet
  facet normal 0.89686 -0.442314 0
    outer loop
      vertex 65.7906 35.075 6.4
      vertex 66.0365 35.5736 2.4
      vertex 66.0365 35.5736 6.4
    endloop
  endfacet
  facet normal 0.89686 -0.442314 0
    outer loop
      vertex 66.0365 35.5736 2.4
      vertex 65.7906 35.075 6.4
      vertex 65.7906 35.075 2.4
    endloop
  endfacet
  facet normal 0.751819 0.65937 0
    outer loop
      vertex 65.4818 39.7872 6.4
      vertex 65.1152 40.2052 2.4
      vertex 65.1152 40.2052 6.4
    endloop
  endfacet
  facet normal 0.751819 0.65937 0
    outer loop
      vertex 65.1152 40.2052 2.4
      vertex 65.4818 39.7872 6.4
      vertex 65.4818 39.7872 2.4
    endloop
  endfacet
  facet normal -0.55553 -0.831496 0
    outer loop
      vertex 59.5228 33.8282 2.4
      vertex 59.985 33.5194 6.4
      vertex 59.5228 33.8282 6.4
    endloop
  endfacet
  facet normal -0.55553 -0.831496 -0
    outer loop
      vertex 59.985 33.5194 6.4
      vertex 59.5228 33.8282 2.4
      vertex 59.985 33.5194 2.4
    endloop
  endfacet
  facet normal 0.0654802 -0.997854 0
    outer loop
      vertex 62.11 32.95 2.4
      vertex 62.6647 32.9864 6.4
      vertex 62.11 32.95 6.4
    endloop
  endfacet
  facet normal 0.0654802 -0.997854 0
    outer loop
      vertex 62.6647 32.9864 6.4
      vertex 62.11 32.95 2.4
      vertex 62.6647 32.9864 2.4
    endloop
  endfacet
  facet normal 0.194975 0.980808 -0
    outer loop
      vertex 63.21 41.3052 2.4
      vertex 62.6647 41.4136 6.4
      vertex 63.21 41.3052 6.4
    endloop
  endfacet
  facet normal 0.194975 0.980808 0
    outer loop
      vertex 62.6647 41.4136 6.4
      vertex 63.21 41.3052 2.4
      vertex 62.6647 41.4136 2.4
    endloop
  endfacet
  facet normal -0.997854 0.0654802 0
    outer loop
      vertex 57.86 37.2 2.4
      vertex 57.8964 37.7547 6.4
      vertex 57.8964 37.7547 2.4
    endloop
  endfacet
  facet normal -0.997854 0.0654802 0
    outer loop
      vertex 57.8964 37.7547 6.4
      vertex 57.86 37.2 2.4
      vertex 57.86 37.2 6.4
    endloop
  endfacet
  facet normal -0.89686 0.442314 0
    outer loop
      vertex 58.1835 38.8264 4.4
      vertex 58.4294 39.325 6.4
      vertex 58.4294 39.325 4.4
    endloop
  endfacet
  facet normal -0.89686 0.442314 0
    outer loop
      vertex 58.4294 39.325 6.4
      vertex 58.1835 38.8264 4.4
      vertex 58.1835 38.8264 6.4
    endloop
  endfacet
  facet normal -0.442314 0.89686 0
    outer loop
      vertex 60.4836 41.1265 2.4
      vertex 59.985 40.8806 6.4
      vertex 60.4836 41.1265 6.4
    endloop
  endfacet
  facet normal -0.442314 0.89686 0
    outer loop
      vertex 59.985 40.8806 6.4
      vertex 60.4836 41.1265 2.4
      vertex 59.985 40.8806 2.4
    endloop
  endfacet
  facet normal -0.442314 -0.89686 0
    outer loop
      vertex 59.985 33.5194 2.4
      vertex 60.4836 33.2735 6.4
      vertex 59.985 33.5194 6.4
    endloop
  endfacet
  facet normal -0.442314 -0.89686 -0
    outer loop
      vertex 60.4836 33.2735 6.4
      vertex 59.985 33.5194 2.4
      vertex 60.4836 33.2735 2.4
    endloop
  endfacet
  facet normal 0.751819 -0.65937 0
    outer loop
      vertex 65.1152 34.1948 6.4
      vertex 65.4818 34.6128 2.4
      vertex 65.4818 34.6128 6.4
    endloop
  endfacet
  facet normal 0.751819 -0.65937 0
    outer loop
      vertex 65.4818 34.6128 2.4
      vertex 65.1152 34.1948 6.4
      vertex 65.1152 34.1948 2.4
    endloop
  endfacet
  facet normal -0.0654802 -0.997854 0
    outer loop
      vertex 61.5553 32.9864 2.4
      vertex 62.11 32.95 6.4
      vertex 61.5553 32.9864 6.4
    endloop
  endfacet
  facet normal -0.0654802 -0.997854 -0
    outer loop
      vertex 62.11 32.95 6.4
      vertex 61.5553 32.9864 2.4
      vertex 62.11 32.95 2.4
    endloop
  endfacet
  facet normal -0.0654043 -0.997859 0
    outer loop
      vertex 2.60843 0.0256653 0
      vertex 3 0 2.4
      vertex 2.60843 0.0256653 2.4
    endloop
  endfacet
  facet normal -0.0654043 -0.997859 -0
    outer loop
      vertex 3 0 2.4
      vertex 2.60843 0.0256653 0
      vertex 3 0 0
    endloop
  endfacet
  facet normal 0.321136 -0.947033 0
    outer loop
      vertex 102.776 0.102219 0
      vertex 103.148 0.228363 2.4
      vertex 102.776 0.102219 2.4
    endloop
  endfacet
  facet normal 0.321136 -0.947033 0
    outer loop
      vertex 103.148 0.228363 2.4
      vertex 102.776 0.102219 0
      vertex 103.148 0.228363 0
    endloop
  endfacet
  facet normal 0 -1 0
    outer loop
      vertex 3 0 0
      vertex 102 0 2.4
      vertex 3 0 2.4
    endloop
  endfacet
  facet normal 0 -1 -0
    outer loop
      vertex 102 0 2.4
      vertex 3 0 0
      vertex 102 0 0
    endloop
  endfacet
  facet normal 0.195511 -0.980701 0
    outer loop
      vertex 102.392 0.0256653 0
      vertex 102.776 0.102219 2.4
      vertex 102.392 0.0256653 2.4
    endloop
  endfacet
  facet normal 0.195511 -0.980701 0
    outer loop
      vertex 102.776 0.102219 2.4
      vertex 102.392 0.0256653 0
      vertex 102.776 0.102219 0
    endloop
  endfacet
  facet normal -0.195076 -0.980788 0
    outer loop
      vertex 2.22354 0.102219 0
      vertex 2.60843 0.0256653 2.4
      vertex 2.22354 0.102219 2.4
    endloop
  endfacet
  facet normal -0.195076 -0.980788 -0
    outer loop
      vertex 2.60843 0.0256653 2.4
      vertex 2.22354 0.102219 0
      vertex 2.60843 0.0256653 0
    endloop
  endfacet
  facet normal -0.659424 0.751771 0
    outer loop
      vertex 1.17372 41.3801 0
      vertex 0.878677 41.1213 2.4
      vertex 1.17372 41.3801 2.4
    endloop
  endfacet
  facet normal -0.659424 0.751771 0
    outer loop
      vertex 0.878677 41.1213 2.4
      vertex 1.17372 41.3801 0
      vertex 0.878677 41.1213 0
    endloop
  endfacet
  facet normal 0.0653328 -0.997864 0
    outer loop
      vertex 102 0 0
      vertex 102.392 0.0256653 2.4
      vertex 102 0 2.4
    endloop
  endfacet
  facet normal 0.0653328 -0.997864 0
    outer loop
      vertex 102.392 0.0256653 2.4
      vertex 102 0 0
      vertex 102.392 0.0256653 0
    endloop
  endfacet
  facet normal 0.321264 0.94699 -0
    outer loop
      vertex 103.148 41.7716 0
      vertex 102.776 41.8978 2.4
      vertex 103.148 41.7716 2.4
    endloop
  endfacet
  facet normal 0.321264 0.94699 0
    outer loop
      vertex 102.776 41.8978 2.4
      vertex 103.148 41.7716 0
      vertex 102.776 41.8978 0
    endloop
  endfacet
  facet normal 0.94704 0.321117 0
    outer loop
      vertex 104.898 39.7765 2.4
      vertex 104.772 40.1481 0
      vertex 104.772 40.1481 2.4
    endloop
  endfacet
  facet normal 0.94704 0.321117 0
    outer loop
      vertex 104.772 40.1481 0
      vertex 104.898 39.7765 2.4
      vertex 104.898 39.7765 0
    endloop
  endfacet
  facet normal -0.0654923 0.997853 0
    outer loop
      vertex 3 42 0
      vertex 2.60843 41.9743 2.4
      vertex 3 42 2.4
    endloop
  endfacet
  facet normal -0.0654923 0.997853 0
    outer loop
      vertex 2.60843 41.9743 2.4
      vertex 3 42 0
      vertex 2.60843 41.9743 0
    endloop
  endfacet
  facet normal -1 0 0
    outer loop
      vertex 0 3 0
      vertex 0 39 2.4
      vertex 0 39 0
    endloop
  endfacet
  facet normal -1 -0 0
    outer loop
      vertex 0 39 2.4
      vertex 0 3 0
      vertex 0 3 2.4
    endloop
  endfacet
  facet normal -0.321574 0.946885 0
    outer loop
      vertex 2.22354 41.8978 0
      vertex 1.85194 41.7716 2.4
      vertex 2.22354 41.8978 2.4
    endloop
  endfacet
  facet normal -0.321574 0.946885 0
    outer loop
      vertex 1.85194 41.7716 2.4
      vertex 2.22354 41.8978 0
      vertex 1.85194 41.7716 0
    endloop
  endfacet
  facet normal 0.555877 0.831265 -0
    outer loop
      vertex 103.826 41.3801 0
      vertex 103.5 41.5981 2.4
      vertex 103.826 41.3801 2.4
    endloop
  endfacet
  facet normal 0.555877 0.831265 0
    outer loop
      vertex 103.5 41.5981 2.4
      vertex 103.826 41.3801 0
      vertex 103.5 41.5981 0
    endloop
  endfacet
  facet normal -0 0 1
    outer loop
      vertex 7.78504 34.6303 2.4
      vertex 30.5182 34.6128 2.4
      vertex 7.94856 34.875 2.4
    endloop
  endfacet
  facet normal 0 0 1
    outer loop
      vertex 35 16.75 2.4
      vertex 8.23075 6.29368 2.4
      vertex 8.25 6 2.4
    endloop
  endfacet
  facet normal 0 0 1
    outer loop
      vertex 30.5182 34.6128 2.4
      vertex 7.78504 34.6303 2.4
      vertex 30.8848 34.1948 2.4
    endloop
  endfacet
  facet normal 0 0 1
    outer loop
      vertex 35 16.75 2.4
      vertex 8.17333 6.58234 2.4
      vertex 8.23075 6.29368 2.4
    endloop
  endfacet
  facet normal -0 0 1
    outer loop
      vertex 7.59099 34.409 2.4
      vertex 30.8848 34.1948 2.4
      vertex 7.78504 34.6303 2.4
    endloop
  endfacet
  facet normal 0 0 1
    outer loop
      vertex 35 16.75 2.4
      vertex 8.07873 6.86104 2.4
      vertex 8.17333 6.58234 2.4
    endloop
  endfacet
  facet normal 0 0 1
    outer loop
      vertex 30.8848 34.1948 2.4
      vertex 7.59099 34.409 2.4
      vertex 35 25.25 2.4
    endloop
  endfacet
  facet normal 0 0 1
    outer loop
      vertex 35 16.75 2.4
      vertex 7.94856 7.125 2.4
      vertex 8.07873 6.86104 2.4
    endloop
  endfacet
  facet normal -0 0 1
    outer loop
      vertex 7.36971 34.215 2.4
      vertex 35 25.25 2.4
      vertex 7.59099 34.409 2.4
    endloop
  endfacet
  facet normal 0 0 1
    outer loop
      vertex 35 16.75 2.4
      vertex 7.78504 7.36971 2.4
      vertex 7.94856 7.125 2.4
    endloop
  endfacet
  facet normal 0 0 1
    outer loop
      vertex 35 25.25 2.4
      vertex 7.36971 34.215 2.4
      vertex 35 16.75 2.4
    endloop
  endfacet
  facet normal 0 0 1
    outer loop
      vertex 35 16.75 2.4
      vertex 7.59099 7.59099 2.4
      vertex 7.78504 7.36971 2.4
    endloop
  endfacet
  facet normal 0 0 1
    outer loop
      vertex 7.36971 7.78504 2.4
      vertex 35 16.75 2.4
      vertex 7.36971 34.215 2.4
    endloop
  endfacet
  facet normal 0 0 1
    outer loop
      vertex 35 16.75 2.4
      vertex 7.36971 7.78504 2.4
      vertex 7.59099 7.59099 2.4
    endloop
  endfacet
  facet normal -0 0 1
    outer loop
      vertex 7.125 34.0514 2.4
      vertex 7.36971 7.78504 2.4
      vertex 7.36971 34.215 2.4
    endloop
  endfacet
  facet normal 0 0 1
    outer loop
      vertex 7.125 34.0514 2.4
      vertex 7.125 7.94856 2.4
      vertex 7.36971 7.78504 2.4
    endloop
  endfacet
  facet normal -0 0 1
    outer loop
      vertex 6.86104 33.9213 2.4
      vertex 7.125 7.94856 2.4
      vertex 7.125 34.0514 2.4
    endloop
  endfacet
  facet normal 0 0 1
    outer loop
      vertex 6.86104 33.9213 2.4
      vertex 6.86104 8.07873 2.4
      vertex 7.125 7.94856 2.4
    endloop
  endfacet
  facet normal -0 0 1
    outer loop
      vertex 6.58234 33.8267 2.4
      vertex 6.86104 8.07873 2.4
      vertex 6.86104 33.9213 2.4
    endloop
  endfacet
  facet normal 0 0 1
    outer loop
      vertex 6.58234 33.8267 2.4
      vertex 6.58234 8.17333 2.4
      vertex 6.86104 8.07873 2.4
    endloop
  endfacet
  facet normal -0 0 1
    outer loop
      vertex 6.29368 33.7692 2.4
      vertex 6.58234 8.17333 2.4
      vertex 6.58234 33.8267 2.4
    endloop
  endfacet
  facet normal 0 0 1
    outer loop
      vertex 6.29368 33.7692 2.4
      vertex 6.29368 8.23075 2.4
      vertex 6.58234 8.17333 2.4
    endloop
  endfacet
  facet normal -0 0 1
    outer loop
      vertex 6 33.75 2.4
      vertex 6.29368 8.23075 2.4
      vertex 6.29368 33.7692 2.4
    endloop
  endfacet
  facet normal 0 0 1
    outer loop
      vertex 6 33.75 2.4
      vertex 6 8.25 2.4
      vertex 6.29368 8.23075 2.4
    endloop
  endfacet
  facet normal 0 0 1
    outer loop
      vertex 5.70632 33.7692 2.4
      vertex 6 8.25 2.4
      vertex 6 33.75 2.4
    endloop
  endfacet
  facet normal 0 0 1
    outer loop
      vertex 5.70632 33.7692 2.4
      vertex 5.70632 8.23075 2.4
      vertex 6 8.25 2.4
    endloop
  endfacet
  facet normal 0 0 1
    outer loop
      vertex 5.41766 33.8267 2.4
      vertex 5.70632 8.23075 2.4
      vertex 5.70632 33.7692 2.4
    endloop
  endfacet
  facet normal 0 0 1
    outer loop
      vertex 5.41766 33.8267 2.4
      vertex 5.41766 8.17333 2.4
      vertex 5.70632 8.23075 2.4
    endloop
  endfacet
  facet normal 0 0 1
    outer loop
      vertex 5.13896 33.9213 2.4
      vertex 5.41766 8.17333 2.4
      vertex 5.41766 33.8267 2.4
    endloop
  endfacet
  facet normal 0 0 1
    outer loop
      vertex 5.13896 33.9213 2.4
      vertex 5.13896 8.07873 2.4
      vertex 5.41766 8.17333 2.4
    endloop
  endfacet
  facet normal 0 0 1
    outer loop
      vertex 4.875 34.0514 2.4
      vertex 5.13896 8.07873 2.4
      vertex 5.13896 33.9213 2.4
    endloop
  endfacet
  facet normal 0 0 1
    outer loop
      vertex 4.875 34.0514 2.4
      vertex 4.875 7.94856 2.4
      vertex 5.13896 8.07873 2.4
    endloop
  endfacet
  facet normal 0 0 1
    outer loop
      vertex 4.63029 34.215 2.4
      vertex 4.875 7.94856 2.4
      vertex 4.875 34.0514 2.4
    endloop
  endfacet
  facet normal 0 0 1
    outer loop
      vertex 4.63029 34.215 2.4
      vertex 4.63029 7.78504 2.4
      vertex 4.875 7.94856 2.4
    endloop
  endfacet
  facet normal 0 0 1
    outer loop
      vertex 4.40901 34.409 2.4
      vertex 4.63029 7.78504 2.4
      vertex 4.63029 34.215 2.4
    endloop
  endfacet
  facet normal 0 0 1
    outer loop
      vertex 4.40901 34.409 2.4
      vertex 4.40901 7.59099 2.4
      vertex 4.63029 7.78504 2.4
    endloop
  endfacet
  facet normal 0 0 1
    outer loop
      vertex 4.21495 34.6303 2.4
      vertex 4.40901 7.59099 2.4
      vertex 4.40901 34.409 2.4
    endloop
  endfacet
  facet normal 0 0 1
    outer loop
      vertex 4.21495 34.6303 2.4
      vertex 4.21495 7.36971 2.4
      vertex 4.40901 7.59099 2.4
    endloop
  endfacet
  facet normal 0 0 1
    outer loop
      vertex 0 39 2.4
      vertex 4.21495 34.6303 2.4
      vertex 4.05144 34.875 2.4
    endloop
  endfacet
  facet normal 0 0 1
    outer loop
      vertex 4.21495 34.6303 2.4
      vertex 0 39 2.4
      vertex 4.21495 7.36971 2.4
    endloop
  endfacet
  facet normal 0 0 1
    outer loop
      vertex 0 39 2.4
      vertex 4.05144 34.875 2.4
      vertex 3.92127 35.139 2.4
    endloop
  endfacet
  facet normal 0 0 1
    outer loop
      vertex 0 3 2.4
      vertex 4.21495 7.36971 2.4
      vertex 0 39 2.4
    endloop
  endfacet
  facet normal 0 0 1
    outer loop
      vertex 0 39 2.4
      vertex 3.92127 35.139 2.4
      vertex 3.82667 35.4177 2.4
    endloop
  endfacet
  facet normal 0 0 1
    outer loop
      vertex 4.21495 7.36971 2.4
      vertex 0 3 2.4
      vertex 4.05144 7.125 2.4
    endloop
  endfacet
  facet normal 0 0 1
    outer loop
      vertex 0 39 2.4
      vertex 3.82667 35.4177 2.4
      vertex 3.76925 35.7063 2.4
    endloop
  endfacet
  facet normal 0 0 1
    outer loop
      vertex 4.05144 7.125 2.4
      vertex 0 3 2.4
      vertex 3.92127 6.86104 2.4
    endloop
  endfacet
  facet normal 0 0 1
    outer loop
      vertex 0 39 2.4
      vertex 3.76925 35.7063 2.4
      vertex 3.75 36 2.4
    endloop
  endfacet
  facet normal 0 0 1
    outer loop
      vertex 3.92127 6.86104 2.4
      vertex 0 3 2.4
      vertex 3.82667 6.58234 2.4
    endloop
  endfacet
  facet normal -0 0 1
    outer loop
      vertex 66.2152 36.1 2.4
      vertex 74.25 27.15 2.4
      vertex 66.3236 36.6453 2.4
    endloop
  endfacet
  facet normal 0 0 1
    outer loop
      vertex 74.25 27.15 2.4
      vertex 66.3236 5.35474 2.4
      vertex 66.36 4.8 2.4
    endloop
  endfacet
  facet normal -0 0 1
    outer loop
      vertex 66.0365 35.5736 2.4
      vertex 74.25 27.15 2.4
      vertex 66.2152 36.1 2.4
    endloop
  endfacet
  facet normal 0 0 1
    outer loop
      vertex 74.25 27.15 2.4
      vertex 66.2152 5.89998 2.4
      vertex 66.3236 5.35474 2.4
    endloop
  endfacet
  facet normal -0 0 1
    outer loop
      vertex 65.7906 35.075 2.4
      vertex 74.25 27.15 2.4
      vertex 66.0365 35.5736 2.4
    endloop
  endfacet
  facet normal 0 0 1
    outer loop
      vertex 74.25 27.15 2.4
      vertex 66.0365 6.4264 2.4
      vertex 66.2152 5.89998 2.4
    endloop
  endfacet
  facet normal -0 0 1
    outer loop
      vertex 65.4818 34.6128 2.4
      vertex 74.25 27.15 2.4
      vertex 65.7906 35.075 2.4
    endloop
  endfacet
  facet normal 0 0 1
    outer loop
      vertex 74.25 27.15 2.4
      vertex 65.7906 6.925 2.4
      vertex 66.0365 6.4264 2.4
    endloop
  endfacet
  facet normal -0 0 1
    outer loop
      vertex 65.1152 34.1948 2.4
      vertex 74.25 27.15 2.4
      vertex 65.4818 34.6128 2.4
    endloop
  endfacet
  facet normal 0 0 1
    outer loop
      vertex 74.25 27.15 2.4
      vertex 65.4818 7.38724 2.4
      vertex 65.7906 6.925 2.4
    endloop
  endfacet
  facet normal -0 0 1
    outer loop
      vertex 64.6972 33.8282 2.4
      vertex 74.25 27.15 2.4
      vertex 65.1152 34.1948 2.4
    endloop
  endfacet
  facet normal 0 0 1
    outer loop
      vertex 61 16.75 2.4
      vertex 74.25 27.15 2.4
      vertex 61 25.25 2.4
    endloop
  endfacet
  facet normal -0 0 1
    outer loop
      vertex 64.235 33.5194 2.4
      vertex 74.25 27.15 2.4
      vertex 64.6972 33.8282 2.4
    endloop
  endfacet
  facet normal 0 -0 1
    outer loop
      vertex 64.6972 8.17175 2.4
      vertex 74.25 27.15 2.4
      vertex 61 16.75 2.4
    endloop
  endfacet
  facet normal 0 0 1
    outer loop
      vertex 74.25 27.15 2.4
      vertex 64.235 33.5194 2.4
      vertex 61 25.25 2.4
    endloop
  endfacet
  facet normal 0 0 1
    outer loop
      vertex 74.25 27.15 2.4
      vertex 65.1152 7.8052 2.4
      vertex 65.4818 7.38724 2.4
    endloop
  endfacet
  facet normal 0 0 1
    outer loop
      vertex 61 25.25 2.4
      vertex 64.235 33.5194 2.4
      vertex 63.7364 33.2735 2.4
    endloop
  endfacet
  facet normal 0 0 1
    outer loop
      vertex 74.25 27.15 2.4
      vertex 64.6972 8.17175 2.4
      vertex 65.1152 7.8052 2.4
    endloop
  endfacet
  facet normal 0 0 1
    outer loop
      vertex 61 25.25 2.4
      vertex 63.7364 33.2735 2.4
      vertex 63.21 33.0948 2.4
    endloop
  endfacet
  facet normal 0 0 1
    outer loop
      vertex 64.6972 8.17175 2.4
      vertex 61 16.75 2.4
      vertex 64.235 8.48061 2.4
    endloop
  endfacet
  facet normal 0 0 1
    outer loop
      vertex 61 25.25 2.4
      vertex 63.21 33.0948 2.4
      vertex 62.6647 32.9864 2.4
    endloop
  endfacet
  facet normal 0 0 1
    outer loop
      vertex 64.235 8.48061 2.4
      vertex 61 16.75 2.4
      vertex 63.7364 8.72649 2.4
    endloop
  endfacet
  facet normal 0 0 1
    outer loop
      vertex 61 25.25 2.4
      vertex 62.6647 32.9864 2.4
      vertex 62.11 32.95 2.4
    endloop
  endfacet
  facet normal 0 0 1
    outer loop
      vertex 63.7364 8.72649 2.4
      vertex 61 16.75 2.4
      vertex 63.21 8.90518 2.4
    endloop
  endfacet
  facet normal 0 0 1
    outer loop
      vertex 61 25.25 2.4
      vertex 62.11 32.95 2.4
      vertex 61.5553 32.9864 2.4
    endloop
  endfacet
  facet normal 0 0 1
    outer loop
      vertex 63.21 8.90518 2.4
      vertex 61 16.75 2.4
      vertex 62.6647 9.01364 2.4
    endloop
  endfacet
  facet normal 0 0 1
    outer loop
      vertex 61 25.25 2.4
      vertex 61.5553 32.9864 2.4
      vertex 61.01 33.0948 2.4
    endloop
  endfacet
  facet normal 0 0 1
    outer loop
      vertex 62.6647 9.01364 2.4
      vertex 61 16.75 2.4
      vertex 62.11 9.05 2.4
    endloop
  endfacet
  facet normal 0 0 1
    outer loop
      vertex 62.11 9.05 2.4
      vertex 61 16.75 2.4
      vertex 61.5553 9.01364 2.4
    endloop
  endfacet
  facet normal 0 0 1
    outer loop
      vertex 60.4836 33.2735 2.4
      vertex 61 25.25 2.4
      vertex 61.01 33.0948 2.4
    endloop
  endfacet
  facet normal 0 0 1
    outer loop
      vertex 59.985 33.5194 2.4
      vertex 61 25.25 2.4
      vertex 60.4836 33.2735 2.4
    endloop
  endfacet
  facet normal 0 0 1
    outer loop
      vertex 59.5228 33.8282 2.4
      vertex 61 25.25 2.4
      vertex 59.985 33.5194 2.4
    endloop
  endfacet
  facet normal 0 0 1
    outer loop
      vertex 59.1048 34.1948 2.4
      vertex 61 25.25 2.4
      vertex 59.5228 33.8282 2.4
    endloop
  endfacet
  facet normal 0 0 1
    outer loop
      vertex 58.7382 34.6128 2.4
      vertex 61 25.25 2.4
      vertex 59.1048 34.1948 2.4
    endloop
  endfacet
  facet normal 0 0 1
    outer loop
      vertex 37.2617 34.6128 2.4
      vertex 58.7382 34.6128 2.4
      vertex 58.4294 35.075 2.4
    endloop
  endfacet
  facet normal 0 0 1
    outer loop
      vertex 37.5706 35.075 2.4
      vertex 58.4294 35.075 2.4
      vertex 58.1835 35.5736 2.4
    endloop
  endfacet
  facet normal 0 0 1
    outer loop
      vertex 37.8165 35.5736 2.4
      vertex 58.1835 35.5736 2.4
      vertex 58.0048 36.1 2.4
    endloop
  endfacet
  facet normal -0 0 1
    outer loop
      vertex 38.14 37.2 2.4
      vertex 57.8964 36.6453 2.4
      vertex 57.86 37.2 2.4
    endloop
  endfacet
  facet normal 0 0 1
    outer loop
      vertex 38.1036 36.6453 2.4
      vertex 57.8964 36.6453 2.4
      vertex 38.14 37.2 2.4
    endloop
  endfacet
  facet normal 0 0 1
    outer loop
      vertex 57.8964 36.6453 2.4
      vertex 38.1036 36.6453 2.4
      vertex 58.0048 36.1 2.4
    endloop
  endfacet
  facet normal 0 0 1
    outer loop
      vertex 37.9952 36.1 2.4
      vertex 58.0048 36.1 2.4
      vertex 38.1036 36.6453 2.4
    endloop
  endfacet
  facet normal 0 0 1
    outer loop
      vertex 37.8165 35.5736 2.4
      vertex 58.0048 36.1 2.4
      vertex 37.9952 36.1 2.4
    endloop
  endfacet
  facet normal 0 0 1
    outer loop
      vertex 58.1835 35.5736 2.4
      vertex 37.8165 35.5736 2.4
      vertex 37.5706 35.075 2.4
    endloop
  endfacet
  facet normal 0 0 1
    outer loop
      vertex 58.4294 35.075 2.4
      vertex 37.5706 35.075 2.4
      vertex 37.2617 34.6128 2.4
    endloop
  endfacet
  facet normal 0 0 1
    outer loop
      vertex 58.7382 34.6128 2.4
      vertex 37.2617 34.6128 2.4
      vertex 61 25.25 2.4
    endloop
  endfacet
  facet normal 0 0 1
    outer loop
      vertex 35 25.25 2.4
      vertex 37.2617 34.6128 2.4
      vertex 36.8952 34.1948 2.4
    endloop
  endfacet
  facet normal 0 0 1
    outer loop
      vertex 35 25.25 2.4
      vertex 36.8952 34.1948 2.4
      vertex 36.4772 33.8282 2.4
    endloop
  endfacet
  facet normal 0 0 1
    outer loop
      vertex 35 25.25 2.4
      vertex 36.4772 33.8282 2.4
      vertex 36.015 33.5194 2.4
    endloop
  endfacet
  facet normal 0 0 1
    outer loop
      vertex 35 25.25 2.4
      vertex 36.015 33.5194 2.4
      vertex 35.5164 33.2735 2.4
    endloop
  endfacet
  facet normal 0 0 1
    outer loop
      vertex 37.2617 34.6128 2.4
      vertex 35 25.25 2.4
      vertex 61 25.25 2.4
    endloop
  endfacet
  facet normal -0 0 1
    outer loop
      vertex 34.4447 32.9864 2.4
      vertex 35 25.25 2.4
      vertex 34.99 33.0948 2.4
    endloop
  endfacet
  facet normal -0 0 1
    outer loop
      vertex 34.99 33.0948 2.4
      vertex 35 25.25 2.4
      vertex 35.5164 33.2735 2.4
    endloop
  endfacet
  facet normal 0 0 1
    outer loop
      vertex 79.3837 18.3837 2.4
      vertex 79.5 14.85 2.4
      vertex 79.7476 18.0646 2.4
    endloop
  endfacet
  facet normal 0 0 1
    outer loop
      vertex 75.85 14.85 2.4
      vertex 79.3837 18.3837 2.4
      vertex 79.0646 18.7476 2.4
    endloop
  endfacet
  facet normal 0 0 1
    outer loop
      vertex 75.85 14.85 2.4
      vertex 79.0646 18.7476 2.4
      vertex 78.7957 19.15 2.4
    endloop
  endfacet
  facet normal 0 0 1
    outer loop
      vertex 75.85 14.85 2.4
      vertex 78.7957 19.15 2.4
      vertex 78.5816 19.5841 2.4
    endloop
  endfacet
  facet normal 0 0 1
    outer loop
      vertex 75.85 14.85 2.4
      vertex 78.5816 19.5841 2.4
      vertex 78.4261 20.0424 2.4
    endloop
  endfacet
  facet normal 0 0 1
    outer loop
      vertex 75.85 14.85 2.4
      vertex 78.3 21 2.4
      vertex 75.85 27.15 2.4
    endloop
  endfacet
  facet normal 0 0 1
    outer loop
      vertex 78.3 21 2.4
      vertex 75.85 14.85 2.4
      vertex 78.3316 20.5171 2.4
    endloop
  endfacet
  facet normal 0 0 1
    outer loop
      vertex 78.3316 20.5171 2.4
      vertex 75.85 14.85 2.4
      vertex 78.4261 20.0424 2.4
    endloop
  endfacet
  facet normal 0 0 1
    outer loop
      vertex 79.3837 18.3837 2.4
      vertex 75.85 14.85 2.4
      vertex 79.5 14.85 2.4
    endloop
  endfacet
  facet normal 0 0 1
    outer loop
      vertex 61.5553 9.01364 2.4
      vertex 61 16.75 2.4
      vertex 61.01 8.90518 2.4
    endloop
  endfacet
  facet normal 0 0 1
    outer loop
      vertex 61 16.75 2.4
      vertex 60.4836 8.72649 2.4
      vertex 61.01 8.90518 2.4
    endloop
  endfacet
  facet normal 0 0 1
    outer loop
      vertex 61 16.75 2.4
      vertex 59.985 8.48061 2.4
      vertex 60.4836 8.72649 2.4
    endloop
  endfacet
  facet normal 0 0 1
    outer loop
      vertex 61 16.75 2.4
      vertex 59.5228 8.17175 2.4
      vertex 59.985 8.48061 2.4
    endloop
  endfacet
  facet normal 0 0 1
    outer loop
      vertex 61 16.75 2.4
      vertex 59.1048 7.8052 2.4
      vertex 59.5228 8.17175 2.4
    endloop
  endfacet
  facet normal 0 0 1
    outer loop
      vertex 61 16.75 2.4
      vertex 58.7382 7.38724 2.4
      vertex 59.1048 7.8052 2.4
    endloop
  endfacet
  facet normal 0 0 1
    outer loop
      vertex 37.2617 7.38724 2.4
      vertex 58.7382 7.38724 2.4
      vertex 61 16.75 2.4
    endloop
  endfacet
  facet normal 0 0 1
    outer loop
      vertex 58.7382 7.38724 2.4
      vertex 37.2617 7.38724 2.4
      vertex 58.4294 6.925 2.4
    endloop
  endfacet
  facet normal 0 -0 1
    outer loop
      vertex 37.5706 6.925 2.4
      vertex 58.4294 6.925 2.4
      vertex 37.2617 7.38724 2.4
    endloop
  endfacet
  facet normal 0 0 1
    outer loop
      vertex 57.8964 5.35474 2.4
      vertex 38.14 4.8 2.4
      vertex 57.86 4.8 2.4
    endloop
  endfacet
  facet normal 0 0 1
    outer loop
      vertex 38.1036 5.35474 2.4
      vertex 57.8964 5.35474 2.4
      vertex 58.0048 5.89998 2.4
    endloop
  endfacet
  facet normal 0 -0 1
    outer loop
      vertex 37.8165 6.4264 2.4
      vertex 58.1835 6.4264 2.4
      vertex 37.5706 6.925 2.4
    endloop
  endfacet
  facet normal 0 0 1
    outer loop
      vertex 57.8964 5.35474 2.4
      vertex 38.1036 5.35474 2.4
      vertex 38.14 4.8 2.4
    endloop
  endfacet
  facet normal 0 0 1
    outer loop
      vertex 58.0048 5.89998 2.4
      vertex 37.9952 5.89998 2.4
      vertex 38.1036 5.35474 2.4
    endloop
  endfacet
  facet normal 0 0 1
    outer loop
      vertex 58.0048 5.89998 2.4
      vertex 37.8165 6.4264 2.4
      vertex 37.9952 5.89998 2.4
    endloop
  endfacet
  facet normal 0 0 1
    outer loop
      vertex 58.1835 6.4264 2.4
      vertex 37.8165 6.4264 2.4
      vertex 58.0048 5.89998 2.4
    endloop
  endfacet
  facet normal 0 0 1
    outer loop
      vertex 58.4294 6.925 2.4
      vertex 37.5706 6.925 2.4
      vertex 58.1835 6.4264 2.4
    endloop
  endfacet
  facet normal -0 0 1
    outer loop
      vertex 35 16.75 2.4
      vertex 37.2617 7.38724 2.4
      vertex 61 16.75 2.4
    endloop
  endfacet
  facet normal 0 0 1
    outer loop
      vertex 37.2617 7.38724 2.4
      vertex 35 16.75 2.4
      vertex 36.8952 7.8052 2.4
    endloop
  endfacet
  facet normal 0 0 1
    outer loop
      vertex 36.8952 7.8052 2.4
      vertex 35 16.75 2.4
      vertex 36.4772 8.17175 2.4
    endloop
  endfacet
  facet normal 0 0 1
    outer loop
      vertex 36.4772 8.17175 2.4
      vertex 35 16.75 2.4
      vertex 36.015 8.48061 2.4
    endloop
  endfacet
  facet normal 0 0 1
    outer loop
      vertex 36.015 8.48061 2.4
      vertex 35 16.75 2.4
      vertex 35.5164 8.72649 2.4
    endloop
  endfacet
  facet normal 0 0 1
    outer loop
      vertex 35 16.75 2.4
      vertex 34.99 8.90518 2.4
      vertex 35.5164 8.72649 2.4
    endloop
  endfacet
  facet normal -0 0 1
    outer loop
      vertex 33.89 32.95 2.4
      vertex 35 25.25 2.4
      vertex 34.4447 32.9864 2.4
    endloop
  endfacet
  facet normal 0 0 1
    outer loop
      vertex 33.3353 32.9864 2.4
      vertex 35 25.25 2.4
      vertex 33.89 32.95 2.4
    endloop
  endfacet
  facet normal 0 0 1
    outer loop
      vertex 35 16.75 2.4
      vertex 34.4447 9.01364 2.4
      vertex 34.99 8.90518 2.4
    endloop
  endfacet
  facet normal 0 0 1
    outer loop
      vertex 32.79 33.0948 2.4
      vertex 35 25.25 2.4
      vertex 33.3353 32.9864 2.4
    endloop
  endfacet
  facet normal 0 0 1
    outer loop
      vertex 35 16.75 2.4
      vertex 33.89 9.05 2.4
      vertex 34.4447 9.01364 2.4
    endloop
  endfacet
  facet normal 0 0 1
    outer loop
      vertex 32.2636 33.2735 2.4
      vertex 35 25.25 2.4
      vertex 32.79 33.0948 2.4
    endloop
  endfacet
  facet normal 0 0 1
    outer loop
      vertex 35 16.75 2.4
      vertex 33.3353 9.01364 2.4
      vertex 33.89 9.05 2.4
    endloop
  endfacet
  facet normal 0 0 1
    outer loop
      vertex 31.765 33.5194 2.4
      vertex 35 25.25 2.4
      vertex 32.2636 33.2735 2.4
    endloop
  endfacet
  facet normal 0 0 1
    outer loop
      vertex 35 16.75 2.4
      vertex 32.79 8.90518 2.4
      vertex 33.3353 9.01364 2.4
    endloop
  endfacet
  facet normal 0 0 1
    outer loop
      vertex 31.3028 33.8282 2.4
      vertex 35 25.25 2.4
      vertex 31.765 33.5194 2.4
    endloop
  endfacet
  facet normal 0 0 1
    outer loop
      vertex 35 16.75 2.4
      vertex 32.2636 8.72649 2.4
      vertex 32.79 8.90518 2.4
    endloop
  endfacet
  facet normal 0 0 1
    outer loop
      vertex 30.8848 34.1948 2.4
      vertex 35 25.25 2.4
      vertex 31.3028 33.8282 2.4
    endloop
  endfacet
  facet normal 0 0 1
    outer loop
      vertex 35 16.75 2.4
      vertex 31.765 8.48061 2.4
      vertex 32.2636 8.72649 2.4
    endloop
  endfacet
  facet normal 0 0 1
    outer loop
      vertex 29.9635 35.5736 2.4
      vertex 8.07873 35.139 2.4
      vertex 30.2094 35.075 2.4
    endloop
  endfacet
  facet normal 0 0 1
    outer loop
      vertex 35 16.75 2.4
      vertex 31.3028 8.17175 2.4
      vertex 31.765 8.48061 2.4
    endloop
  endfacet
  facet normal 0 0 1
    outer loop
      vertex 7.94856 34.875 2.4
      vertex 30.2094 35.075 2.4
      vertex 8.07873 35.139 2.4
    endloop
  endfacet
  facet normal 0 0 1
    outer loop
      vertex 35 16.75 2.4
      vertex 30.8848 7.8052 2.4
      vertex 31.3028 8.17175 2.4
    endloop
  endfacet
  facet normal 0 0 1
    outer loop
      vertex 8.07873 35.139 2.4
      vertex 29.9635 35.5736 2.4
      vertex 8.17333 35.4177 2.4
    endloop
  endfacet
  facet normal 0 0 1
    outer loop
      vertex 30.2094 35.075 2.4
      vertex 7.94856 34.875 2.4
      vertex 30.5182 34.6128 2.4
    endloop
  endfacet
  facet normal 0 0 1
    outer loop
      vertex 29.7848 36.1 2.4
      vertex 8.17333 35.4177 2.4
      vertex 29.9635 35.5736 2.4
    endloop
  endfacet
  facet normal 0 0 1
    outer loop
      vertex 35 16.75 2.4
      vertex 8.25 6 2.4
      vertex 30.8848 7.8052 2.4
    endloop
  endfacet
  facet normal 0 0 1
    outer loop
      vertex 8.17333 35.4177 2.4
      vertex 29.7848 36.1 2.4
      vertex 8.23075 35.7063 2.4
    endloop
  endfacet
  facet normal 0 0 1
    outer loop
      vertex 30.8848 7.8052 2.4
      vertex 8.25 6 2.4
      vertex 30.5182 7.38724 2.4
    endloop
  endfacet
  facet normal 0 0 1
    outer loop
      vertex 29.6764 36.6453 2.4
      vertex 8.23075 35.7063 2.4
      vertex 29.7848 36.1 2.4
    endloop
  endfacet
  facet normal 0 0 1
    outer loop
      vertex 30.5182 7.38724 2.4
      vertex 8.25 6 2.4
      vertex 30.2094 6.925 2.4
    endloop
  endfacet
  facet normal 0 0 1
    outer loop
      vertex 8.23075 35.7063 2.4
      vertex 29.6764 36.6453 2.4
      vertex 8.25 36 2.4
    endloop
  endfacet
  facet normal 0 0 1
    outer loop
      vertex 30.2094 6.925 2.4
      vertex 8.25 6 2.4
      vertex 29.9635 6.4264 2.4
    endloop
  endfacet
  facet normal 0 0 1
    outer loop
      vertex 8.25 36 2.4
      vertex 29.6764 36.6453 2.4
      vertex 29.64 37.2 2.4
    endloop
  endfacet
  facet normal 0 0 1
    outer loop
      vertex 29.9635 6.4264 2.4
      vertex 8.25 6 2.4
      vertex 29.7848 5.89998 2.4
    endloop
  endfacet
  facet normal 0 0 1
    outer loop
      vertex 101.079 35.139 2.4
      vertex 105 39 2.4
      vertex 101.173 35.4177 2.4
    endloop
  endfacet
  facet normal 0 0 1
    outer loop
      vertex 105 3 2.4
      vertex 101.231 6.29368 2.4
      vertex 101.25 6 2.4
    endloop
  endfacet
  facet normal 0 0 1
    outer loop
      vertex 100.949 34.875 2.4
      vertex 105 39 2.4
      vertex 101.079 35.139 2.4
    endloop
  endfacet
  facet normal 0 0 1
    outer loop
      vertex 105 3 2.4
      vertex 101.173 6.58234 2.4
      vertex 101.231 6.29368 2.4
    endloop
  endfacet
  facet normal 0 0 1
    outer loop
      vertex 100.785 34.6303 2.4
      vertex 105 39 2.4
      vertex 100.949 34.875 2.4
    endloop
  endfacet
  facet normal 0 0 1
    outer loop
      vertex 105 3 2.4
      vertex 101.079 6.86104 2.4
      vertex 101.173 6.58234 2.4
    endloop
  endfacet
  facet normal 0 0 1
    outer loop
      vertex 105 39 2.4
      vertex 100.785 34.6303 2.4
      vertex 105 3 2.4
    endloop
  endfacet
  facet normal 0 0 1
    outer loop
      vertex 105 3 2.4
      vertex 100.949 7.125 2.4
      vertex 101.079 6.86104 2.4
    endloop
  endfacet
  facet normal -0 0 1
    outer loop
      vertex 100.785 7.36971 2.4
      vertex 105 3 2.4
      vertex 100.785 34.6303 2.4
    endloop
  endfacet
  facet normal 0 0 1
    outer loop
      vertex 105 3 2.4
      vertex 100.785 7.36971 2.4
      vertex 100.949 7.125 2.4
    endloop
  endfacet
  facet normal -0 0 1
    outer loop
      vertex 100.591 34.409 2.4
      vertex 100.785 7.36971 2.4
      vertex 100.785 34.6303 2.4
    endloop
  endfacet
  facet normal 0 0 1
    outer loop
      vertex 100.591 34.409 2.4
      vertex 100.591 7.59099 2.4
      vertex 100.785 7.36971 2.4
    endloop
  endfacet
  facet normal -0 0 1
    outer loop
      vertex 100.37 34.215 2.4
      vertex 100.591 7.59099 2.4
      vertex 100.591 34.409 2.4
    endloop
  endfacet
  facet normal 0 0 1
    outer loop
      vertex 100.37 34.215 2.4
      vertex 100.37 7.78504 2.4
      vertex 100.591 7.59099 2.4
    endloop
  endfacet
  facet normal -0 0 1
    outer loop
      vertex 100.125 34.0514 2.4
      vertex 100.37 7.78504 2.4
      vertex 100.37 34.215 2.4
    endloop
  endfacet
  facet normal 0 0 1
    outer loop
      vertex 100.125 34.0514 2.4
      vertex 100.125 7.94856 2.4
      vertex 100.37 7.78504 2.4
    endloop
  endfacet
  facet normal -0 0 1
    outer loop
      vertex 99.861 33.9213 2.4
      vertex 100.125 7.94856 2.4
      vertex 100.125 34.0514 2.4
    endloop
  endfacet
  facet normal 0 0 1
    outer loop
      vertex 99.861 33.9213 2.4
      vertex 99.861 8.07873 2.4
      vertex 100.125 7.94856 2.4
    endloop
  endfacet
  facet normal -0 0 1
    outer loop
      vertex 99.5823 33.8267 2.4
      vertex 99.861 8.07873 2.4
      vertex 99.861 33.9213 2.4
    endloop
  endfacet
  facet normal 0 0 1
    outer loop
      vertex 99.5823 33.8267 2.4
      vertex 99.5823 8.17333 2.4
      vertex 99.861 8.07873 2.4
    endloop
  endfacet
  facet normal -0 0 1
    outer loop
      vertex 99.2937 33.7692 2.4
      vertex 99.5823 8.17333 2.4
      vertex 99.5823 33.8267 2.4
    endloop
  endfacet
  facet normal 0 0 1
    outer loop
      vertex 99.2937 33.7692 2.4
      vertex 99.2937 8.23075 2.4
      vertex 99.5823 8.17333 2.4
    endloop
  endfacet
  facet normal 0 0 1
    outer loop
      vertex 89.75 27.15 2.4
      vertex 99.2937 33.7692 2.4
      vertex 99 33.75 2.4
    endloop
  endfacet
  facet normal 0 0 1
    outer loop
      vertex 99.2937 33.7692 2.4
      vertex 89.75 27.15 2.4
      vertex 99.2937 8.23075 2.4
    endloop
  endfacet
  facet normal 0 0 1
    outer loop
      vertex 89.75 27.15 2.4
      vertex 99 33.75 2.4
      vertex 98.7063 33.7692 2.4
    endloop
  endfacet
  facet normal 0 0 1
    outer loop
      vertex 99.2937 8.23075 2.4
      vertex 89.75 27.15 2.4
      vertex 99 8.25 2.4
    endloop
  endfacet
  facet normal 0 0 1
    outer loop
      vertex 89.75 27.15 2.4
      vertex 98.7063 33.7692 2.4
      vertex 98.4177 33.8267 2.4
    endloop
  endfacet
  facet normal -0 0 1
    outer loop
      vertex 89.75 13.25 2.4
      vertex 99 8.25 2.4
      vertex 89.75 27.15 2.4
    endloop
  endfacet
  facet normal 0 0 1
    outer loop
      vertex 89.75 27.15 2.4
      vertex 98.4177 33.8267 2.4
      vertex 98.139 33.9213 2.4
    endloop
  endfacet
  facet normal 0 0 1
    outer loop
      vertex 99 8.25 2.4
      vertex 89.75 13.25 2.4
      vertex 98.7063 8.23075 2.4
    endloop
  endfacet
  facet normal 0 0 1
    outer loop
      vertex 89.75 27.15 2.4
      vertex 98.139 33.9213 2.4
      vertex 97.875 34.0514 2.4
    endloop
  endfacet
  facet normal 0 0 1
    outer loop
      vertex 98.7063 8.23075 2.4
      vertex 89.75 13.25 2.4
      vertex 98.4177 8.17333 2.4
    endloop
  endfacet
  facet normal 0 0 1
    outer loop
      vertex 89.75 27.15 2.4
      vertex 97.875 34.0514 2.4
      vertex 97.6303 34.215 2.4
    endloop
  endfacet
  facet normal 0 0 1
    outer loop
      vertex 98.4177 8.17333 2.4
      vertex 89.75 13.25 2.4
      vertex 98.139 8.07873 2.4
    endloop
  endfacet
  facet normal 0 0 1
    outer loop
      vertex 89.75 27.15 2.4
      vertex 97.6303 34.215 2.4
      vertex 97.409 34.409 2.4
    endloop
  endfacet
  facet normal 0 0 1
    outer loop
      vertex 98.139 8.07873 2.4
      vertex 89.75 13.25 2.4
      vertex 97.875 7.94856 2.4
    endloop
  endfacet
  facet normal 0 0 1
    outer loop
      vertex 89.75 27.15 2.4
      vertex 97.409 34.409 2.4
      vertex 97.215 34.6303 2.4
    endloop
  endfacet
  facet normal 0 0 1
    outer loop
      vertex 97.875 7.94856 2.4
      vertex 89.75 13.25 2.4
      vertex 97.6303 7.78504 2.4
    endloop
  endfacet
  facet normal 0 0 1
    outer loop
      vertex 89.75 27.15 2.4
      vertex 97.215 34.6303 2.4
      vertex 97.0514 34.875 2.4
    endloop
  endfacet
  facet normal 0 0 1
    outer loop
      vertex 97.6303 7.78504 2.4
      vertex 89.75 13.25 2.4
      vertex 97.409 7.59099 2.4
    endloop
  endfacet
  facet normal 0 0 1
    outer loop
      vertex 89.75 27.15 2.4
      vertex 97.0514 34.875 2.4
      vertex 96.9213 35.139 2.4
    endloop
  endfacet
  facet normal 0 0 1
    outer loop
      vertex 97.409 7.59099 2.4
      vertex 89.75 13.25 2.4
      vertex 97.215 7.36971 2.4
    endloop
  endfacet
  facet normal 0 0 1
    outer loop
      vertex 89.75 27.15 2.4
      vertex 96.9213 35.139 2.4
      vertex 96.8267 35.4177 2.4
    endloop
  endfacet
  facet normal 0 0 1
    outer loop
      vertex 97.215 7.36971 2.4
      vertex 89.75 13.25 2.4
      vertex 97.0514 7.125 2.4
    endloop
  endfacet
  facet normal 0 0 1
    outer loop
      vertex 89.75 27.15 2.4
      vertex 96.8267 35.4177 2.4
      vertex 96.7692 35.7063 2.4
    endloop
  endfacet
  facet normal 0 0 1
    outer loop
      vertex 97.0514 7.125 2.4
      vertex 89.75 13.25 2.4
      vertex 96.9213 6.86104 2.4
    endloop
  endfacet
  facet normal 0 0 1
    outer loop
      vertex 88.15 27.15 2.4
      vertex 96.7692 35.7063 2.4
      vertex 96.75 36 2.4
    endloop
  endfacet
  facet normal 0 0 1
    outer loop
      vertex 96.9213 6.86104 2.4
      vertex 89.75 13.25 2.4
      vertex 96.8267 6.58234 2.4
    endloop
  endfacet
  facet normal 0 0 1
    outer loop
      vertex 100.785 37.3697 2.4
      vertex 105 39 2.4
      vertex 104.974 39.3916 2.4
    endloop
  endfacet
  facet normal 0 0 1
    outer loop
      vertex 101.231 35.7063 2.4
      vertex 105 39 2.4
      vertex 101.25 36 2.4
    endloop
  endfacet
  facet normal 0 0 1
    outer loop
      vertex 100.785 37.3697 2.4
      vertex 104.974 39.3916 2.4
      vertex 104.898 39.7765 2.4
    endloop
  endfacet
  facet normal 0 0 1
    outer loop
      vertex 101.173 35.4177 2.4
      vertex 105 39 2.4
      vertex 101.231 35.7063 2.4
    endloop
  endfacet
  facet normal 0 0 1
    outer loop
      vertex 100.591 37.591 2.4
      vertex 104.898 39.7765 2.4
      vertex 104.772 40.1481 2.4
    endloop
  endfacet
  facet normal -0 0 1
    outer loop
      vertex 101.231 5.70632 2.4
      vertex 105 3 2.4
      vertex 101.25 6 2.4
    endloop
  endfacet
  facet normal 0 0 1
    outer loop
      vertex 100.591 37.591 2.4
      vertex 104.772 40.1481 2.4
      vertex 104.598 40.5 2.4
    endloop
  endfacet
  facet normal -0 0 1
    outer loop
      vertex 101.173 5.41766 2.4
      vertex 105 3 2.4
      vertex 101.231 5.70632 2.4
    endloop
  endfacet
  facet normal 0 0 1
    outer loop
      vertex 100.591 37.591 2.4
      vertex 104.598 40.5 2.4
      vertex 104.38 40.8263 2.4
    endloop
  endfacet
  facet normal -0 0 1
    outer loop
      vertex 101.079 5.13896 2.4
      vertex 105 3 2.4
      vertex 101.173 5.41766 2.4
    endloop
  endfacet
  facet normal 0 0 1
    outer loop
      vertex 100.591 37.591 2.4
      vertex 104.38 40.8263 2.4
      vertex 104.121 41.1213 2.4
    endloop
  endfacet
  facet normal -0 0 1
    outer loop
      vertex 100.949 4.875 2.4
      vertex 105 3 2.4
      vertex 101.079 5.13896 2.4
    endloop
  endfacet
  facet normal 0 0 1
    outer loop
      vertex 100.591 37.591 2.4
      vertex 104.121 41.1213 2.4
      vertex 103.826 41.3801 2.4
    endloop
  endfacet
  facet normal -0 0 1
    outer loop
      vertex 100.785 4.63029 2.4
      vertex 105 3 2.4
      vertex 100.949 4.875 2.4
    endloop
  endfacet
  facet normal 0 0 1
    outer loop
      vertex 100.591 37.591 2.4
      vertex 103.826 41.3801 2.4
      vertex 103.5 41.5981 2.4
    endloop
  endfacet
  facet normal 0 0 1
    outer loop
      vertex 105 3 2.4
      vertex 100.785 4.63029 2.4
      vertex 104.974 2.60843 2.4
    endloop
  endfacet
  facet normal 0 0 1
    outer loop
      vertex 100.591 37.591 2.4
      vertex 103.5 41.5981 2.4
      vertex 103.148 41.7716 2.4
    endloop
  endfacet
  facet normal 0 0 1
    outer loop
      vertex 104.974 2.60843 2.4
      vertex 100.785 4.63029 2.4
      vertex 104.898 2.22354 2.4
    endloop
  endfacet
  facet normal 0 0 1
    outer loop
      vertex 100.591 37.591 2.4
      vertex 103.148 41.7716 2.4
      vertex 102.776 41.8978 2.4
    endloop
  endfacet
  facet normal -0 0 1
    outer loop
      vertex 100.591 4.40901 2.4
      vertex 104.898 2.22354 2.4
      vertex 100.785 4.63029 2.4
    endloop
  endfacet
  facet normal 0 0 1
    outer loop
      vertex 100.591 37.591 2.4
      vertex 102.776 41.8978 2.4
      vertex 102.392 41.9743 2.4
    endloop
  endfacet
  facet normal 0 0 1
    outer loop
      vertex 104.898 2.22354 2.4
      vertex 100.591 4.40901 2.4
      vertex 104.772 1.85194 2.4
    endloop
  endfacet
  facet normal 0 0 1
    outer loop
      vertex 100.37 37.785 2.4
      vertex 102.392 41.9743 2.4
      vertex 102 42 2.4
    endloop
  endfacet
  facet normal 0 0 1
    outer loop
      vertex 104.772 1.85194 2.4
      vertex 100.591 4.40901 2.4
      vertex 104.598 1.5 2.4
    endloop
  endfacet
  facet normal 0 0 1
    outer loop
      vertex 104.598 1.5 2.4
      vertex 100.591 4.40901 2.4
      vertex 104.38 1.17372 2.4
    endloop
  endfacet
  facet normal 0 0 1
    outer loop
      vertex 105 39 2.4
      vertex 101.231 36.2937 2.4
      vertex 101.25 36 2.4
    endloop
  endfacet
  facet normal 0 0 1
    outer loop
      vertex 105 39 2.4
      vertex 101.173 36.5823 2.4
      vertex 101.231 36.2937 2.4
    endloop
  endfacet
  facet normal 0 0 1
    outer loop
      vertex 105 39 2.4
      vertex 101.079 36.861 2.4
      vertex 101.173 36.5823 2.4
    endloop
  endfacet
  facet normal 0 0 1
    outer loop
      vertex 105 39 2.4
      vertex 100.949 37.125 2.4
      vertex 101.079 36.861 2.4
    endloop
  endfacet
  facet normal 0 0 1
    outer loop
      vertex 105 39 2.4
      vertex 100.785 37.3697 2.4
      vertex 100.949 37.125 2.4
    endloop
  endfacet
  facet normal 0 0 1
    outer loop
      vertex 104.898 39.7765 2.4
      vertex 100.591 37.591 2.4
      vertex 100.785 37.3697 2.4
    endloop
  endfacet
  facet normal 0 0 1
    outer loop
      vertex 102.392 41.9743 2.4
      vertex 100.37 37.785 2.4
      vertex 100.591 37.591 2.4
    endloop
  endfacet
  facet normal 0 0 1
    outer loop
      vertex 102 42 2.4
      vertex 100.125 37.9486 2.4
      vertex 100.37 37.785 2.4
    endloop
  endfacet
  facet normal 0 0 1
    outer loop
      vertex 102 42 2.4
      vertex 99.861 38.0787 2.4
      vertex 100.125 37.9486 2.4
    endloop
  endfacet
  facet normal 0 0 1
    outer loop
      vertex 102 42 2.4
      vertex 99.5823 38.1733 2.4
      vertex 99.861 38.0787 2.4
    endloop
  endfacet
  facet normal 0 0 1
    outer loop
      vertex 102 42 2.4
      vertex 99.2937 38.2308 2.4
      vertex 99.5823 38.1733 2.4
    endloop
  endfacet
  facet normal 0 0 1
    outer loop
      vertex 102 42 2.4
      vertex 99 38.25 2.4
      vertex 99.2937 38.2308 2.4
    endloop
  endfacet
  facet normal 0 0 1
    outer loop
      vertex 102 42 2.4
      vertex 98.7063 38.2308 2.4
      vertex 99 38.25 2.4
    endloop
  endfacet
  facet normal 0 0 1
    outer loop
      vertex 102 42 2.4
      vertex 98.4177 38.1733 2.4
      vertex 98.7063 38.2308 2.4
    endloop
  endfacet
  facet normal 0 0 1
    outer loop
      vertex 102 42 2.4
      vertex 98.139 38.0787 2.4
      vertex 98.4177 38.1733 2.4
    endloop
  endfacet
  facet normal 0 0 1
    outer loop
      vertex 102 42 2.4
      vertex 97.875 37.9486 2.4
      vertex 98.139 38.0787 2.4
    endloop
  endfacet
  facet normal 0 0 1
    outer loop
      vertex 102 42 2.4
      vertex 97.6303 37.785 2.4
      vertex 97.875 37.9486 2.4
    endloop
  endfacet
  facet normal -0 0 1
    outer loop
      vertex 65.1152 40.2052 2.4
      vertex 97.6303 37.785 2.4
      vertex 102 42 2.4
    endloop
  endfacet
  facet normal 0 0 1
    outer loop
      vertex 96.8267 6.58234 2.4
      vertex 89.75 13.25 2.4
      vertex 96.7692 6.29368 2.4
    endloop
  endfacet
  facet normal 0 0 1
    outer loop
      vertex 88.15 27.15 2.4
      vertex 96.75 36 2.4
      vertex 96.7692 36.2937 2.4
    endloop
  endfacet
  facet normal 0 0 1
    outer loop
      vertex 88.15 27.15 2.4
      vertex 96.7692 36.2937 2.4
      vertex 96.8267 36.5823 2.4
    endloop
  endfacet
  facet normal 0 0 1
    outer loop
      vertex 75.85 27.15 2.4
      vertex 96.8267 36.5823 2.4
      vertex 96.9213 36.861 2.4
    endloop
  endfacet
  facet normal 0 0 1
    outer loop
      vertex 66.0365 38.8264 2.4
      vertex 96.9213 36.861 2.4
      vertex 97.0514 37.125 2.4
    endloop
  endfacet
  facet normal 0 0 1
    outer loop
      vertex 65.7906 39.325 2.4
      vertex 97.0514 37.125 2.4
      vertex 97.215 37.3697 2.4
    endloop
  endfacet
  facet normal 0 0 1
    outer loop
      vertex 96.7692 35.7063 2.4
      vertex 88.15 27.15 2.4
      vertex 89.75 27.15 2.4
    endloop
  endfacet
  facet normal 0 0 1
    outer loop
      vertex 65.7906 39.325 2.4
      vertex 97.215 37.3697 2.4
      vertex 97.409 37.591 2.4
    endloop
  endfacet
  facet normal 0 0 1
    outer loop
      vertex 88.15 27.15 2.4
      vertex 85.7 21 2.4
      vertex 88.15 14.85 2.4
    endloop
  endfacet
  facet normal 0 0 1
    outer loop
      vertex 88.15 27.15 2.4
      vertex 85.6683 21.4829 2.4
      vertex 85.7 21 2.4
    endloop
  endfacet
  facet normal 0 0 1
    outer loop
      vertex 88.15 27.15 2.4
      vertex 85.5739 21.9576 2.4
      vertex 85.6683 21.4829 2.4
    endloop
  endfacet
  facet normal 0 0 1
    outer loop
      vertex 88.15 27.15 2.4
      vertex 85.4184 22.4159 2.4
      vertex 85.5739 21.9576 2.4
    endloop
  endfacet
  facet normal 0 0 1
    outer loop
      vertex 88.15 27.15 2.4
      vertex 85.2043 22.85 2.4
      vertex 85.4184 22.4159 2.4
    endloop
  endfacet
  facet normal 0 0 1
    outer loop
      vertex 88.15 27.15 2.4
      vertex 84.9354 23.2524 2.4
      vertex 85.2043 22.85 2.4
    endloop
  endfacet
  facet normal 0 0 1
    outer loop
      vertex 88.15 27.15 2.4
      vertex 84.6163 23.6163 2.4
      vertex 84.9354 23.2524 2.4
    endloop
  endfacet
  facet normal 0 0 1
    outer loop
      vertex 96.8267 36.5823 2.4
      vertex 75.85 27.15 2.4
      vertex 88.15 27.15 2.4
    endloop
  endfacet
  facet normal 0 0 1
    outer loop
      vertex 88.15 27.15 2.4
      vertex 84.2524 23.9354 2.4
      vertex 84.6163 23.6163 2.4
    endloop
  endfacet
  facet normal 0 0 1
    outer loop
      vertex 88.15 27.15 2.4
      vertex 83.85 24.2043 2.4
      vertex 84.2524 23.9354 2.4
    endloop
  endfacet
  facet normal 0 0 1
    outer loop
      vertex 88.15 27.15 2.4
      vertex 83.4159 24.4184 2.4
      vertex 83.85 24.2043 2.4
    endloop
  endfacet
  facet normal -0 -0 1
    outer loop
      vertex 65.4818 39.7872 2.4
      vertex 97.6303 37.785 2.4
      vertex 65.1152 40.2052 2.4
    endloop
  endfacet
  facet normal 0 0 1
    outer loop
      vertex 88.15 27.15 2.4
      vertex 82.9576 24.5739 2.4
      vertex 83.4159 24.4184 2.4
    endloop
  endfacet
  facet normal 0 0 1
    outer loop
      vertex 88.15 27.15 2.4
      vertex 82.4829 24.6683 2.4
      vertex 82.9576 24.5739 2.4
    endloop
  endfacet
  facet normal 0 -0 1
    outer loop
      vertex 82 24.7 2.4
      vertex 88.15 27.15 2.4
      vertex 75.85 27.15 2.4
    endloop
  endfacet
  facet normal 0 0 1
    outer loop
      vertex 88.15 27.15 2.4
      vertex 82 24.7 2.4
      vertex 82.4829 24.6683 2.4
    endloop
  endfacet
  facet normal 0 0 1
    outer loop
      vertex 82 24.7 2.4
      vertex 75.85 27.15 2.4
      vertex 81.5171 24.6683 2.4
    endloop
  endfacet
  facet normal 0 0 1
    outer loop
      vertex 81.5171 24.6683 2.4
      vertex 75.85 27.15 2.4
      vertex 81.0424 24.5739 2.4
    endloop
  endfacet
  facet normal 0 0 1
    outer loop
      vertex 81.0424 24.5739 2.4
      vertex 75.85 27.15 2.4
      vertex 80.5841 24.4184 2.4
    endloop
  endfacet
  facet normal 0 0 1
    outer loop
      vertex 80.5841 24.4184 2.4
      vertex 75.85 27.15 2.4
      vertex 80.15 24.2043 2.4
    endloop
  endfacet
  facet normal 0 0 1
    outer loop
      vertex 78.3316 21.4829 2.4
      vertex 75.85 27.15 2.4
      vertex 78.3 21 2.4
    endloop
  endfacet
  facet normal 0 0 1
    outer loop
      vertex 78.4261 21.9576 2.4
      vertex 75.85 27.15 2.4
      vertex 78.3316 21.4829 2.4
    endloop
  endfacet
  facet normal 0 0 1
    outer loop
      vertex 78.5816 22.4159 2.4
      vertex 75.85 27.15 2.4
      vertex 78.4261 21.9576 2.4
    endloop
  endfacet
  facet normal 0 0 1
    outer loop
      vertex 78.7957 22.85 2.4
      vertex 75.85 27.15 2.4
      vertex 78.5816 22.4159 2.4
    endloop
  endfacet
  facet normal 0 0 1
    outer loop
      vertex 79.0646 23.2524 2.4
      vertex 75.85 27.15 2.4
      vertex 78.7957 22.85 2.4
    endloop
  endfacet
  facet normal 0 0 1
    outer loop
      vertex 79.3837 23.6163 2.4
      vertex 75.85 27.15 2.4
      vertex 79.0646 23.2524 2.4
    endloop
  endfacet
  facet normal 0 0 1
    outer loop
      vertex 79.7476 23.9354 2.4
      vertex 75.85 27.15 2.4
      vertex 79.3837 23.6163 2.4
    endloop
  endfacet
  facet normal 0 0 1
    outer loop
      vertex 80.15 24.2043 2.4
      vertex 75.85 27.15 2.4
      vertex 79.7476 23.9354 2.4
    endloop
  endfacet
  facet normal 0 0 1
    outer loop
      vertex 96.9213 36.861 2.4
      vertex 66.2152 38.3 2.4
      vertex 75.85 27.15 2.4
    endloop
  endfacet
  facet normal 0 0 1
    outer loop
      vertex 75.85 27.15 2.4
      vertex 66.3236 36.6453 2.4
      vertex 74.25 27.15 2.4
    endloop
  endfacet
  facet normal -0 -0 1
    outer loop
      vertex 66.3236 37.7547 2.4
      vertex 75.85 27.15 2.4
      vertex 66.2152 38.3 2.4
    endloop
  endfacet
  facet normal -0 0 1
    outer loop
      vertex 66.3236 36.6453 2.4
      vertex 75.85 27.15 2.4
      vertex 66.36 37.2 2.4
    endloop
  endfacet
  facet normal -0 -0 1
    outer loop
      vertex 66.36 37.2 2.4
      vertex 75.85 27.15 2.4
      vertex 66.3236 37.7547 2.4
    endloop
  endfacet
  facet normal 0 0 1
    outer loop
      vertex 96.9213 36.861 2.4
      vertex 66.0365 38.8264 2.4
      vertex 66.2152 38.3 2.4
    endloop
  endfacet
  facet normal 0 0 1
    outer loop
      vertex 97.0514 37.125 2.4
      vertex 65.7906 39.325 2.4
      vertex 66.0365 38.8264 2.4
    endloop
  endfacet
  facet normal 0 0 1
    outer loop
      vertex 97.409 37.591 2.4
      vertex 65.4818 39.7872 2.4
      vertex 65.7906 39.325 2.4
    endloop
  endfacet
  facet normal 0 0 1
    outer loop
      vertex 97.6303 37.785 2.4
      vertex 65.4818 39.7872 2.4
      vertex 97.409 37.591 2.4
    endloop
  endfacet
  facet normal 0 0 1
    outer loop
      vertex 102 42 2.4
      vertex 64.6972 40.5718 2.4
      vertex 65.1152 40.2052 2.4
    endloop
  endfacet
  facet normal 0 0 1
    outer loop
      vertex 102 42 2.4
      vertex 64.235 40.8806 2.4
      vertex 64.6972 40.5718 2.4
    endloop
  endfacet
  facet normal 0 0 1
    outer loop
      vertex 102 42 2.4
      vertex 63.7364 41.1265 2.4
      vertex 64.235 40.8806 2.4
    endloop
  endfacet
  facet normal 0 0 1
    outer loop
      vertex 102 42 2.4
      vertex 63.21 41.3052 2.4
      vertex 63.7364 41.1265 2.4
    endloop
  endfacet
  facet normal 0 0 1
    outer loop
      vertex 102 42 2.4
      vertex 62.6647 41.4136 2.4
      vertex 63.21 41.3052 2.4
    endloop
  endfacet
  facet normal 0 0 1
    outer loop
      vertex 102 42 2.4
      vertex 62.11 41.45 2.4
      vertex 62.6647 41.4136 2.4
    endloop
  endfacet
  facet normal 0 0 1
    outer loop
      vertex 57.8964 37.7547 2.4
      vertex 38.14 37.2 2.4
      vertex 57.86 37.2 2.4
    endloop
  endfacet
  facet normal 0 0 1
    outer loop
      vertex 38.1036 37.7547 2.4
      vertex 57.8964 37.7547 2.4
      vertex 58.0048 38.3 2.4
    endloop
  endfacet
  facet normal 0 0 1
    outer loop
      vertex 37.9952 38.3 2.4
      vertex 58.0048 38.3 2.4
      vertex 58.1835 38.8264 2.4
    endloop
  endfacet
  facet normal 0 0 1
    outer loop
      vertex 37.8165 38.8264 2.4
      vertex 58.1835 38.8264 2.4
      vertex 58.4294 39.325 2.4
    endloop
  endfacet
  facet normal 0 0 1
    outer loop
      vertex 37.5706 39.325 2.4
      vertex 58.4294 39.325 2.4
      vertex 58.7382 39.7872 2.4
    endloop
  endfacet
  facet normal 0 0 1
    outer loop
      vertex 37.2617 39.7872 2.4
      vertex 58.7382 39.7872 2.4
      vertex 59.1048 40.2052 2.4
    endloop
  endfacet
  facet normal 0 0 1
    outer loop
      vertex 36.8952 40.2052 2.4
      vertex 59.1048 40.2052 2.4
      vertex 59.5228 40.5718 2.4
    endloop
  endfacet
  facet normal 0 0 1
    outer loop
      vertex 36.4772 40.5718 2.4
      vertex 59.5228 40.5718 2.4
      vertex 59.985 40.8806 2.4
    endloop
  endfacet
  facet normal 0 0 1
    outer loop
      vertex 36.015 40.8806 2.4
      vertex 59.985 40.8806 2.4
      vertex 60.4836 41.1265 2.4
    endloop
  endfacet
  facet normal 0 0 1
    outer loop
      vertex 35.5164 41.1265 2.4
      vertex 60.4836 41.1265 2.4
      vertex 61.01 41.3052 2.4
    endloop
  endfacet
  facet normal 0 0 1
    outer loop
      vertex 34.99 41.3052 2.4
      vertex 61.01 41.3052 2.4
      vertex 61.5553 41.4136 2.4
    endloop
  endfacet
  facet normal 0 0 1
    outer loop
      vertex 57.8964 37.7547 2.4
      vertex 38.1036 37.7547 2.4
      vertex 38.14 37.2 2.4
    endloop
  endfacet
  facet normal 0 0 1
    outer loop
      vertex 58.0048 38.3 2.4
      vertex 37.9952 38.3 2.4
      vertex 38.1036 37.7547 2.4
    endloop
  endfacet
  facet normal 0 0 1
    outer loop
      vertex 58.1835 38.8264 2.4
      vertex 37.8165 38.8264 2.4
      vertex 37.9952 38.3 2.4
    endloop
  endfacet
  facet normal 0 0 1
    outer loop
      vertex 58.4294 39.325 2.4
      vertex 37.5706 39.325 2.4
      vertex 37.8165 38.8264 2.4
    endloop
  endfacet
  facet normal 0 0 1
    outer loop
      vertex 58.7382 39.7872 2.4
      vertex 37.2617 39.7872 2.4
      vertex 37.5706 39.325 2.4
    endloop
  endfacet
  facet normal 0 0 1
    outer loop
      vertex 59.1048 40.2052 2.4
      vertex 36.8952 40.2052 2.4
      vertex 37.2617 39.7872 2.4
    endloop
  endfacet
  facet normal 0 0 1
    outer loop
      vertex 34.4447 41.4136 2.4
      vertex 61.5553 41.4136 2.4
      vertex 62.11 41.45 2.4
    endloop
  endfacet
  facet normal 0 0 1
    outer loop
      vertex 59.5228 40.5718 2.4
      vertex 36.4772 40.5718 2.4
      vertex 36.8952 40.2052 2.4
    endloop
  endfacet
  facet normal 0 0 1
    outer loop
      vertex 59.985 40.8806 2.4
      vertex 36.015 40.8806 2.4
      vertex 36.4772 40.5718 2.4
    endloop
  endfacet
  facet normal 0 0 1
    outer loop
      vertex 60.4836 41.1265 2.4
      vertex 35.5164 41.1265 2.4
      vertex 36.015 40.8806 2.4
    endloop
  endfacet
  facet normal 0 0 1
    outer loop
      vertex 33.89 41.45 2.4
      vertex 62.11 41.45 2.4
      vertex 102 42 2.4
    endloop
  endfacet
  facet normal 0 0 1
    outer loop
      vertex 61.01 41.3052 2.4
      vertex 34.99 41.3052 2.4
      vertex 35.5164 41.1265 2.4
    endloop
  endfacet
  facet normal 0 0 1
    outer loop
      vertex 61.5553 41.4136 2.4
      vertex 34.4447 41.4136 2.4
      vertex 34.99 41.3052 2.4
    endloop
  endfacet
  facet normal 0 0 1
    outer loop
      vertex 62.11 41.45 2.4
      vertex 33.89 41.45 2.4
      vertex 34.4447 41.4136 2.4
    endloop
  endfacet
  facet normal 0 0 1
    outer loop
      vertex 29.7848 5.89998 2.4
      vertex 8.25 6 2.4
      vertex 29.6764 5.35474 2.4
    endloop
  endfacet
  facet normal 0 0 1
    outer loop
      vertex 8.23075 36.2937 2.4
      vertex 29.64 37.2 2.4
      vertex 29.6764 37.7547 2.4
    endloop
  endfacet
  facet normal 0 0 1
    outer loop
      vertex 8.17333 36.5823 2.4
      vertex 29.6764 37.7547 2.4
      vertex 29.7848 38.3 2.4
    endloop
  endfacet
  facet normal 0 0 1
    outer loop
      vertex 7.94856 37.125 2.4
      vertex 29.7848 38.3 2.4
      vertex 29.9635 38.8264 2.4
    endloop
  endfacet
  facet normal 0 0 1
    outer loop
      vertex 7.78504 37.3697 2.4
      vertex 29.9635 38.8264 2.4
      vertex 30.2094 39.325 2.4
    endloop
  endfacet
  facet normal 0 0 1
    outer loop
      vertex 7.59099 37.591 2.4
      vertex 30.2094 39.325 2.4
      vertex 30.5182 39.7872 2.4
    endloop
  endfacet
  facet normal 0 0 1
    outer loop
      vertex 7.36971 37.785 2.4
      vertex 30.5182 39.7872 2.4
      vertex 30.8848 40.2052 2.4
    endloop
  endfacet
  facet normal 0 0 1
    outer loop
      vertex 3 42 2.4
      vertex 30.8848 40.2052 2.4
      vertex 31.3028 40.5718 2.4
    endloop
  endfacet
  facet normal 0 0 1
    outer loop
      vertex 3 42 2.4
      vertex 31.3028 40.5718 2.4
      vertex 31.765 40.8806 2.4
    endloop
  endfacet
  facet normal 0 0 1
    outer loop
      vertex 3 42 2.4
      vertex 31.765 40.8806 2.4
      vertex 32.2636 41.1265 2.4
    endloop
  endfacet
  facet normal 0 0 1
    outer loop
      vertex 3 42 2.4
      vertex 32.2636 41.1265 2.4
      vertex 32.79 41.3052 2.4
    endloop
  endfacet
  facet normal 0 0 1
    outer loop
      vertex 29.64 37.2 2.4
      vertex 8.23075 36.2937 2.4
      vertex 8.25 36 2.4
    endloop
  endfacet
  facet normal 0 0 1
    outer loop
      vertex 29.6764 37.7547 2.4
      vertex 8.17333 36.5823 2.4
      vertex 8.23075 36.2937 2.4
    endloop
  endfacet
  facet normal 0 0 1
    outer loop
      vertex 3 42 2.4
      vertex 32.79 41.3052 2.4
      vertex 33.3353 41.4136 2.4
    endloop
  endfacet
  facet normal 0 0 1
    outer loop
      vertex 29.7848 38.3 2.4
      vertex 8.07873 36.861 2.4
      vertex 8.17333 36.5823 2.4
    endloop
  endfacet
  facet normal 0 0 1
    outer loop
      vertex 29.7848 38.3 2.4
      vertex 7.94856 37.125 2.4
      vertex 8.07873 36.861 2.4
    endloop
  endfacet
  facet normal 0 0 1
    outer loop
      vertex 29.9635 38.8264 2.4
      vertex 7.78504 37.3697 2.4
      vertex 7.94856 37.125 2.4
    endloop
  endfacet
  facet normal 0 0 1
    outer loop
      vertex 30.2094 39.325 2.4
      vertex 7.59099 37.591 2.4
      vertex 7.78504 37.3697 2.4
    endloop
  endfacet
  facet normal 0 0 1
    outer loop
      vertex 30.5182 39.7872 2.4
      vertex 7.36971 37.785 2.4
      vertex 7.59099 37.591 2.4
    endloop
  endfacet
  facet normal 0 0 1
    outer loop
      vertex 30.8848 40.2052 2.4
      vertex 3 42 2.4
      vertex 7.36971 37.785 2.4
    endloop
  endfacet
  facet normal 0 0 1
    outer loop
      vertex 7.36971 37.785 2.4
      vertex 3 42 2.4
      vertex 7.125 37.9486 2.4
    endloop
  endfacet
  facet normal 0 0 1
    outer loop
      vertex 7.125 37.9486 2.4
      vertex 3 42 2.4
      vertex 6.86104 38.0787 2.4
    endloop
  endfacet
  facet normal 0 0 1
    outer loop
      vertex 6.86104 38.0787 2.4
      vertex 3 42 2.4
      vertex 6.58234 38.1733 2.4
    endloop
  endfacet
  facet normal 0 0 1
    outer loop
      vertex 6.58234 38.1733 2.4
      vertex 3 42 2.4
      vertex 6.29368 38.2308 2.4
    endloop
  endfacet
  facet normal 0 0 1
    outer loop
      vertex 6.29368 38.2308 2.4
      vertex 3 42 2.4
      vertex 6 38.25 2.4
    endloop
  endfacet
  facet normal 0 0 1
    outer loop
      vertex 3.76925 36.2937 2.4
      vertex 0 39 2.4
      vertex 3.75 36 2.4
    endloop
  endfacet
  facet normal 0 0 1
    outer loop
      vertex 3.82667 36.5823 2.4
      vertex 0 39 2.4
      vertex 3.76925 36.2937 2.4
    endloop
  endfacet
  facet normal 0 0 1
    outer loop
      vertex 3.92127 36.861 2.4
      vertex 0 39 2.4
      vertex 3.82667 36.5823 2.4
    endloop
  endfacet
  facet normal 0 0 1
    outer loop
      vertex 4.05144 37.125 2.4
      vertex 0 39 2.4
      vertex 3.92127 36.861 2.4
    endloop
  endfacet
  facet normal 0 0 1
    outer loop
      vertex 4.21495 37.3697 2.4
      vertex 0 39 2.4
      vertex 4.05144 37.125 2.4
    endloop
  endfacet
  facet normal 0 0 1
    outer loop
      vertex 4.40901 37.591 2.4
      vertex 0 39 2.4
      vertex 4.21495 37.3697 2.4
    endloop
  endfacet
  facet normal -0 0 1
    outer loop
      vertex 0 39 2.4
      vertex 4.40901 37.591 2.4
      vertex 3 42 2.4
    endloop
  endfacet
  facet normal 0 0 1
    outer loop
      vertex 4.63029 37.785 2.4
      vertex 3 42 2.4
      vertex 4.40901 37.591 2.4
    endloop
  endfacet
  facet normal 0 0 1
    outer loop
      vertex 4.875 37.9486 2.4
      vertex 3 42 2.4
      vertex 4.63029 37.785 2.4
    endloop
  endfacet
  facet normal 0 0 1
    outer loop
      vertex 5.13896 38.0787 2.4
      vertex 3 42 2.4
      vertex 4.875 37.9486 2.4
    endloop
  endfacet
  facet normal 0 0 1
    outer loop
      vertex 5.41766 38.1733 2.4
      vertex 3 42 2.4
      vertex 5.13896 38.0787 2.4
    endloop
  endfacet
  facet normal 0 0 1
    outer loop
      vertex 5.70632 38.2308 2.4
      vertex 3 42 2.4
      vertex 5.41766 38.1733 2.4
    endloop
  endfacet
  facet normal 0 0 1
    outer loop
      vertex 6 38.25 2.4
      vertex 3 42 2.4
      vertex 5.70632 38.2308 2.4
    endloop
  endfacet
  facet normal 0 0 1
    outer loop
      vertex 33.89 41.45 2.4
      vertex 3 42 2.4
      vertex 33.3353 41.4136 2.4
    endloop
  endfacet
  facet normal -0 0 1
    outer loop
      vertex 3 42 2.4
      vertex 33.89 41.45 2.4
      vertex 102 42 2.4
    endloop
  endfacet
  facet normal 0 0 1
    outer loop
      vertex 104.38 1.17372 2.4
      vertex 100.591 4.40901 2.4
      vertex 104.121 0.878677 2.4
    endloop
  endfacet
  facet normal 0 0 1
    outer loop
      vertex 104.121 0.878677 2.4
      vertex 100.591 4.40901 2.4
      vertex 103.826 0.619934 2.4
    endloop
  endfacet
  facet normal 0 0 1
    outer loop
      vertex 103.826 0.619934 2.4
      vertex 100.591 4.40901 2.4
      vertex 103.5 0.401917 2.4
    endloop
  endfacet
  facet normal 0 0 1
    outer loop
      vertex 103.5 0.401917 2.4
      vertex 100.591 4.40901 2.4
      vertex 103.148 0.228363 2.4
    endloop
  endfacet
  facet normal 0 0 1
    outer loop
      vertex 103.148 0.228363 2.4
      vertex 100.591 4.40901 2.4
      vertex 102.776 0.102219 2.4
    endloop
  endfacet
  facet normal 0 0 1
    outer loop
      vertex 102.776 0.102219 2.4
      vertex 100.591 4.40901 2.4
      vertex 102.392 0.0256653 2.4
    endloop
  endfacet
  facet normal -0 0 1
    outer loop
      vertex 100.37 4.21495 2.4
      vertex 102.392 0.0256653 2.4
      vertex 100.591 4.40901 2.4
    endloop
  endfacet
  facet normal 0 0 1
    outer loop
      vertex 102.392 0.0256653 2.4
      vertex 100.37 4.21495 2.4
      vertex 102 0 2.4
    endloop
  endfacet
  facet normal -0 0 1
    outer loop
      vertex 100.125 4.05144 2.4
      vertex 102 0 2.4
      vertex 100.37 4.21495 2.4
    endloop
  endfacet
  facet normal -0 0 1
    outer loop
      vertex 99.861 3.92127 2.4
      vertex 102 0 2.4
      vertex 100.125 4.05144 2.4
    endloop
  endfacet
  facet normal -0 0 1
    outer loop
      vertex 99.5823 3.82667 2.4
      vertex 102 0 2.4
      vertex 99.861 3.92127 2.4
    endloop
  endfacet
  facet normal -0 0 1
    outer loop
      vertex 99.2937 3.76925 2.4
      vertex 102 0 2.4
      vertex 99.5823 3.82667 2.4
    endloop
  endfacet
  facet normal -0 0 1
    outer loop
      vertex 99 3.75 2.4
      vertex 102 0 2.4
      vertex 99.2937 3.76925 2.4
    endloop
  endfacet
  facet normal 0 0 1
    outer loop
      vertex 98.7063 3.76925 2.4
      vertex 102 0 2.4
      vertex 99 3.75 2.4
    endloop
  endfacet
  facet normal 0 0 1
    outer loop
      vertex 98.4177 3.82667 2.4
      vertex 102 0 2.4
      vertex 98.7063 3.76925 2.4
    endloop
  endfacet
  facet normal 0 0 1
    outer loop
      vertex 98.139 3.92127 2.4
      vertex 102 0 2.4
      vertex 98.4177 3.82667 2.4
    endloop
  endfacet
  facet normal 0 0 1
    outer loop
      vertex 97.875 4.05144 2.4
      vertex 102 0 2.4
      vertex 98.139 3.92127 2.4
    endloop
  endfacet
  facet normal 0 0 1
    outer loop
      vertex 97.6303 4.21495 2.4
      vertex 102 0 2.4
      vertex 97.875 4.05144 2.4
    endloop
  endfacet
  facet normal 0 0 1
    outer loop
      vertex 65.4818 2.21276 2.4
      vertex 97.6303 4.21495 2.4
      vertex 97.409 4.40901 2.4
    endloop
  endfacet
  facet normal 0 0 1
    outer loop
      vertex 96.7692 6.29368 2.4
      vertex 89.75 13.25 2.4
      vertex 96.75 6 2.4
    endloop
  endfacet
  facet normal 0 0 1
    outer loop
      vertex 96.75 6 2.4
      vertex 89.75 13.25 2.4
      vertex 96.7692 5.70632 2.4
    endloop
  endfacet
  facet normal -0 0 1
    outer loop
      vertex 84.5 13.25 2.4
      vertex 96.7692 5.70632 2.4
      vertex 89.75 13.25 2.4
    endloop
  endfacet
  facet normal 0 0 1
    outer loop
      vertex 96.7692 5.70632 2.4
      vertex 84.5 13.25 2.4
      vertex 96.8267 5.41766 2.4
    endloop
  endfacet
  facet normal 0 0 1
    outer loop
      vertex 96.8267 5.41766 2.4
      vertex 84.5 13.25 2.4
      vertex 96.9213 5.13896 2.4
    endloop
  endfacet
  facet normal 0 0 1
    outer loop
      vertex 96.9213 5.13896 2.4
      vertex 84.5 13.25 2.4
      vertex 97.0514 4.875 2.4
    endloop
  endfacet
  facet normal 0 0 1
    outer loop
      vertex 66.0365 3.17359 2.4
      vertex 97.0514 4.875 2.4
      vertex 84.5 13.25 2.4
    endloop
  endfacet
  facet normal 0 0 1
    outer loop
      vertex 65.7906 2.675 2.4
      vertex 97.0514 4.875 2.4
      vertex 66.0365 3.17359 2.4
    endloop
  endfacet
  facet normal 0 0 1
    outer loop
      vertex 97.0514 4.875 2.4
      vertex 65.7906 2.675 2.4
      vertex 97.215 4.63029 2.4
    endloop
  endfacet
  facet normal -0 0 1
    outer loop
      vertex 83.4159 17.5816 2.4
      vertex 84.5 14.85 2.4
      vertex 83.85 17.7957 2.4
    endloop
  endfacet
  facet normal -0 0 1
    outer loop
      vertex 82.9576 17.4261 2.4
      vertex 84.5 14.85 2.4
      vertex 83.4159 17.5816 2.4
    endloop
  endfacet
  facet normal -0 0 1
    outer loop
      vertex 82.4829 17.3317 2.4
      vertex 84.5 14.85 2.4
      vertex 82.9576 17.4261 2.4
    endloop
  endfacet
  facet normal -0 0 1
    outer loop
      vertex 82 17.3 2.4
      vertex 84.5 14.85 2.4
      vertex 82.4829 17.3317 2.4
    endloop
  endfacet
  facet normal 0 0 1
    outer loop
      vertex 79.5 14.85 2.4
      vertex 84.5 14.85 2.4
      vertex 82 17.3 2.4
    endloop
  endfacet
  facet normal 0 0 1
    outer loop
      vertex 79.5 14.85 2.4
      vertex 82 17.3 2.4
      vertex 81.5171 17.3317 2.4
    endloop
  endfacet
  facet normal 0 0 1
    outer loop
      vertex 79.5 14.85 2.4
      vertex 81.5171 17.3317 2.4
      vertex 81.0424 17.4261 2.4
    endloop
  endfacet
  facet normal 0 0 1
    outer loop
      vertex 79.5 14.85 2.4
      vertex 81.0424 17.4261 2.4
      vertex 80.5841 17.5816 2.4
    endloop
  endfacet
  facet normal 0 0 1
    outer loop
      vertex 79.5 14.85 2.4
      vertex 80.5841 17.5816 2.4
      vertex 80.15 17.7957 2.4
    endloop
  endfacet
  facet normal 0 0 1
    outer loop
      vertex 79.5 14.85 2.4
      vertex 80.15 17.7957 2.4
      vertex 79.7476 18.0646 2.4
    endloop
  endfacet
  facet normal 0 0 1
    outer loop
      vertex 84.5 14.85 2.4
      vertex 79.5 14.85 2.4
      vertex 84.5 13.25 2.4
    endloop
  endfacet
  facet normal 0 0 1
    outer loop
      vertex 79.5 13.25 2.4
      vertex 84.5 13.25 2.4
      vertex 79.5 14.85 2.4
    endloop
  endfacet
  facet normal 0 0 1
    outer loop
      vertex 66.0365 3.17359 2.4
      vertex 84.5 13.25 2.4
      vertex 79.5 13.25 2.4
    endloop
  endfacet
  facet normal 0 0 1
    outer loop
      vertex 66.3236 4.24526 2.4
      vertex 79.5 13.25 2.4
      vertex 74.25 13.25 2.4
    endloop
  endfacet
  facet normal 0 0 1
    outer loop
      vertex 74.25 27.15 2.4
      vertex 66.36 4.8 2.4
      vertex 74.25 13.25 2.4
    endloop
  endfacet
  facet normal 0 0 1
    outer loop
      vertex 66.3236 4.24526 2.4
      vertex 74.25 13.25 2.4
      vertex 66.36 4.8 2.4
    endloop
  endfacet
  facet normal 0 0 1
    outer loop
      vertex 79.5 13.25 2.4
      vertex 66.3236 4.24526 2.4
      vertex 66.2152 3.70002 2.4
    endloop
  endfacet
  facet normal 0 0 1
    outer loop
      vertex 79.5 13.25 2.4
      vertex 66.2152 3.70002 2.4
      vertex 66.0365 3.17359 2.4
    endloop
  endfacet
  facet normal 0 0 1
    outer loop
      vertex 97.215 4.63029 2.4
      vertex 65.7906 2.675 2.4
      vertex 97.409 4.40901 2.4
    endloop
  endfacet
  facet normal 0 0 1
    outer loop
      vertex 65.4818 2.21276 2.4
      vertex 97.409 4.40901 2.4
      vertex 65.7906 2.675 2.4
    endloop
  endfacet
  facet normal 0 0 1
    outer loop
      vertex 97.6303 4.21495 2.4
      vertex 65.4818 2.21276 2.4
      vertex 65.1152 1.7948 2.4
    endloop
  endfacet
  facet normal 0 0 1
    outer loop
      vertex 97.6303 4.21495 2.4
      vertex 65.1152 1.7948 2.4
      vertex 102 0 2.4
    endloop
  endfacet
  facet normal -0 0 1
    outer loop
      vertex 64.6972 1.42825 2.4
      vertex 102 0 2.4
      vertex 65.1152 1.7948 2.4
    endloop
  endfacet
  facet normal -0 0 1
    outer loop
      vertex 64.235 1.11939 2.4
      vertex 102 0 2.4
      vertex 64.6972 1.42825 2.4
    endloop
  endfacet
  facet normal -0 0 1
    outer loop
      vertex 63.7364 0.873511 2.4
      vertex 102 0 2.4
      vertex 64.235 1.11939 2.4
    endloop
  endfacet
  facet normal -0 0 1
    outer loop
      vertex 63.21 0.694815 2.4
      vertex 102 0 2.4
      vertex 63.7364 0.873511 2.4
    endloop
  endfacet
  facet normal -0 0 1
    outer loop
      vertex 62.6647 0.586359 2.4
      vertex 102 0 2.4
      vertex 63.21 0.694815 2.4
    endloop
  endfacet
  facet normal -0 0 1
    outer loop
      vertex 62.11 0.549999 2.4
      vertex 102 0 2.4
      vertex 62.6647 0.586359 2.4
    endloop
  endfacet
  facet normal -0 0 1
    outer loop
      vertex 38.14 4.8 2.4
      vertex 57.8964 4.24526 2.4
      vertex 57.86 4.8 2.4
    endloop
  endfacet
  facet normal 0 0 1
    outer loop
      vertex 38.1036 4.24526 2.4
      vertex 57.8964 4.24526 2.4
      vertex 38.14 4.8 2.4
    endloop
  endfacet
  facet normal 0 0 1
    outer loop
      vertex 57.8964 4.24526 2.4
      vertex 38.1036 4.24526 2.4
      vertex 58.0048 3.70002 2.4
    endloop
  endfacet
  facet normal 0 0 1
    outer loop
      vertex 37.9952 3.70002 2.4
      vertex 58.0048 3.70002 2.4
      vertex 38.1036 4.24526 2.4
    endloop
  endfacet
  facet normal 0 0 1
    outer loop
      vertex 58.0048 3.70002 2.4
      vertex 37.9952 3.70002 2.4
      vertex 58.1835 3.17359 2.4
    endloop
  endfacet
  facet normal 0 0 1
    outer loop
      vertex 37.8165 3.17359 2.4
      vertex 58.1835 3.17359 2.4
      vertex 37.9952 3.70002 2.4
    endloop
  endfacet
  facet normal 0 0 1
    outer loop
      vertex 58.1835 3.17359 2.4
      vertex 37.8165 3.17359 2.4
      vertex 58.4294 2.675 2.4
    endloop
  endfacet
  facet normal 0 0 1
    outer loop
      vertex 37.5706 2.675 2.4
      vertex 58.4294 2.675 2.4
      vertex 37.8165 3.17359 2.4
    endloop
  endfacet
  facet normal 0 0 1
    outer loop
      vertex 58.4294 2.675 2.4
      vertex 37.5706 2.675 2.4
      vertex 58.7382 2.21276 2.4
    endloop
  endfacet
  facet normal 0 0 1
    outer loop
      vertex 37.2617 2.21276 2.4
      vertex 58.7382 2.21276 2.4
      vertex 37.5706 2.675 2.4
    endloop
  endfacet
  facet normal 0 0 1
    outer loop
      vertex 58.7382 2.21276 2.4
      vertex 37.2617 2.21276 2.4
      vertex 59.1048 1.7948 2.4
    endloop
  endfacet
  facet normal 0 0 1
    outer loop
      vertex 36.8952 1.7948 2.4
      vertex 59.1048 1.7948 2.4
      vertex 37.2617 2.21276 2.4
    endloop
  endfacet
  facet normal 0 0 1
    outer loop
      vertex 59.1048 1.7948 2.4
      vertex 36.8952 1.7948 2.4
      vertex 59.5228 1.42825 2.4
    endloop
  endfacet
  facet normal 0 0 1
    outer loop
      vertex 36.4772 1.42825 2.4
      vertex 59.5228 1.42825 2.4
      vertex 36.8952 1.7948 2.4
    endloop
  endfacet
  facet normal 0 0 1
    outer loop
      vertex 59.5228 1.42825 2.4
      vertex 36.4772 1.42825 2.4
      vertex 59.985 1.11939 2.4
    endloop
  endfacet
  facet normal 0 0 1
    outer loop
      vertex 36.015 1.11939 2.4
      vertex 59.985 1.11939 2.4
      vertex 36.4772 1.42825 2.4
    endloop
  endfacet
  facet normal 0 0 1
    outer loop
      vertex 59.985 1.11939 2.4
      vertex 36.015 1.11939 2.4
      vertex 60.4836 0.873511 2.4
    endloop
  endfacet
  facet normal 0 0 1
    outer loop
      vertex 35.5164 0.873511 2.4
      vertex 60.4836 0.873511 2.4
      vertex 36.015 1.11939 2.4
    endloop
  endfacet
  facet normal 0 0 1
    outer loop
      vertex 60.4836 0.873511 2.4
      vertex 35.5164 0.873511 2.4
      vertex 61.01 0.694815 2.4
    endloop
  endfacet
  facet normal 0 0 1
    outer loop
      vertex 34.99 0.694815 2.4
      vertex 61.01 0.694815 2.4
      vertex 35.5164 0.873511 2.4
    endloop
  endfacet
  facet normal 0 0 1
    outer loop
      vertex 61.01 0.694815 2.4
      vertex 34.99 0.694815 2.4
      vertex 61.5553 0.586359 2.4
    endloop
  endfacet
  facet normal 0 0 1
    outer loop
      vertex 34.4447 0.586359 2.4
      vertex 61.5553 0.586359 2.4
      vertex 34.99 0.694815 2.4
    endloop
  endfacet
  facet normal 0 0 1
    outer loop
      vertex 61.5553 0.586359 2.4
      vertex 34.4447 0.586359 2.4
      vertex 62.11 0.549999 2.4
    endloop
  endfacet
  facet normal 0 0 1
    outer loop
      vertex 33.89 0.549999 2.4
      vertex 62.11 0.549999 2.4
      vertex 34.4447 0.586359 2.4
    endloop
  endfacet
  facet normal 0 0 1
    outer loop
      vertex 62.11 0.549999 2.4
      vertex 33.89 0.549999 2.4
      vertex 102 0 2.4
    endloop
  endfacet
  facet normal 0 0 1
    outer loop
      vertex 29.6764 5.35474 2.4
      vertex 8.25 6 2.4
      vertex 29.64 4.8 2.4
    endloop
  endfacet
  facet normal -0 0 1
    outer loop
      vertex 8.23075 5.70632 2.4
      vertex 29.64 4.8 2.4
      vertex 8.25 6 2.4
    endloop
  endfacet
  facet normal 0 0 1
    outer loop
      vertex 29.64 4.8 2.4
      vertex 8.23075 5.70632 2.4
      vertex 29.6764 4.24526 2.4
    endloop
  endfacet
  facet normal -0 0 1
    outer loop
      vertex 8.17333 5.41766 2.4
      vertex 29.6764 4.24526 2.4
      vertex 8.23075 5.70632 2.4
    endloop
  endfacet
  facet normal 0 0 1
    outer loop
      vertex 29.6764 4.24526 2.4
      vertex 8.17333 5.41766 2.4
      vertex 29.7848 3.70002 2.4
    endloop
  endfacet
  facet normal -0 0 1
    outer loop
      vertex 8.07873 5.13896 2.4
      vertex 29.7848 3.70002 2.4
      vertex 8.17333 5.41766 2.4
    endloop
  endfacet
  facet normal -0 0 1
    outer loop
      vertex 7.94856 4.875 2.4
      vertex 29.7848 3.70002 2.4
      vertex 8.07873 5.13896 2.4
    endloop
  endfacet
  facet normal 0 0 1
    outer loop
      vertex 29.7848 3.70002 2.4
      vertex 7.94856 4.875 2.4
      vertex 29.9635 3.17359 2.4
    endloop
  endfacet
  facet normal -0 0 1
    outer loop
      vertex 7.78504 4.63029 2.4
      vertex 29.9635 3.17359 2.4
      vertex 7.94856 4.875 2.4
    endloop
  endfacet
  facet normal 0 0 1
    outer loop
      vertex 29.9635 3.17359 2.4
      vertex 7.78504 4.63029 2.4
      vertex 30.2094 2.675 2.4
    endloop
  endfacet
  facet normal -0 0 1
    outer loop
      vertex 7.59099 4.40901 2.4
      vertex 30.2094 2.675 2.4
      vertex 7.78504 4.63029 2.4
    endloop
  endfacet
  facet normal 0 0 1
    outer loop
      vertex 30.2094 2.675 2.4
      vertex 7.59099 4.40901 2.4
      vertex 30.5182 2.21276 2.4
    endloop
  endfacet
  facet normal -0 0 1
    outer loop
      vertex 7.36971 4.21495 2.4
      vertex 30.5182 2.21276 2.4
      vertex 7.59099 4.40901 2.4
    endloop
  endfacet
  facet normal 0 0 1
    outer loop
      vertex 30.5182 2.21276 2.4
      vertex 7.36971 4.21495 2.4
      vertex 30.8848 1.7948 2.4
    endloop
  endfacet
  facet normal 0 0 1
    outer loop
      vertex 3 0 2.4
      vertex 30.8848 1.7948 2.4
      vertex 7.36971 4.21495 2.4
    endloop
  endfacet
  facet normal 0 0 1
    outer loop
      vertex 30.8848 1.7948 2.4
      vertex 3 0 2.4
      vertex 31.3028 1.42825 2.4
    endloop
  endfacet
  facet normal 0 0 1
    outer loop
      vertex 31.3028 1.42825 2.4
      vertex 3 0 2.4
      vertex 31.765 1.11939 2.4
    endloop
  endfacet
  facet normal 0 0 1
    outer loop
      vertex 31.765 1.11939 2.4
      vertex 3 0 2.4
      vertex 32.2636 0.873511 2.4
    endloop
  endfacet
  facet normal 0 0 1
    outer loop
      vertex 32.2636 0.873511 2.4
      vertex 3 0 2.4
      vertex 32.79 0.694815 2.4
    endloop
  endfacet
  facet normal 0 0 1
    outer loop
      vertex 3 0 2.4
      vertex 7.36971 4.21495 2.4
      vertex 7.125 4.05144 2.4
    endloop
  endfacet
  facet normal 0 0 1
    outer loop
      vertex 3 0 2.4
      vertex 7.125 4.05144 2.4
      vertex 6.86104 3.92127 2.4
    endloop
  endfacet
  facet normal 0 0 1
    outer loop
      vertex 3 0 2.4
      vertex 6.86104 3.92127 2.4
      vertex 6.58234 3.82667 2.4
    endloop
  endfacet
  facet normal 0 0 1
    outer loop
      vertex 3 0 2.4
      vertex 6.58234 3.82667 2.4
      vertex 6.29368 3.76925 2.4
    endloop
  endfacet
  facet normal 0 0 1
    outer loop
      vertex 3 0 2.4
      vertex 6.29368 3.76925 2.4
      vertex 6 3.75 2.4
    endloop
  endfacet
  facet normal 0 0 1
    outer loop
      vertex 3 0 2.4
      vertex 6 3.75 2.4
      vertex 5.70632 3.76925 2.4
    endloop
  endfacet
  facet normal 0 0 1
    outer loop
      vertex 33.89 0.549999 2.4
      vertex 3 0 2.4
      vertex 102 0 2.4
    endloop
  endfacet
  facet normal 0 0 1
    outer loop
      vertex 33.3353 0.586359 2.4
      vertex 3 0 2.4
      vertex 33.89 0.549999 2.4
    endloop
  endfacet
  facet normal 0 0 1
    outer loop
      vertex 32.79 0.694815 2.4
      vertex 3 0 2.4
      vertex 33.3353 0.586359 2.4
    endloop
  endfacet
  facet normal 0 0 1
    outer loop
      vertex 5.41766 3.82667 2.4
      vertex 3 0 2.4
      vertex 5.70632 3.76925 2.4
    endloop
  endfacet
  facet normal 0 0 1
    outer loop
      vertex 5.13896 3.92127 2.4
      vertex 3 0 2.4
      vertex 5.41766 3.82667 2.4
    endloop
  endfacet
  facet normal 0 0 1
    outer loop
      vertex 4.875 4.05144 2.4
      vertex 3 0 2.4
      vertex 5.13896 3.92127 2.4
    endloop
  endfacet
  facet normal 0 0 1
    outer loop
      vertex 4.63029 4.21495 2.4
      vertex 3 0 2.4
      vertex 4.875 4.05144 2.4
    endloop
  endfacet
  facet normal 0 0 1
    outer loop
      vertex 2.60843 0.0256653 2.4
      vertex 4.63029 4.21495 2.4
      vertex 4.40901 4.40901 2.4
    endloop
  endfacet
  facet normal 0 0 1
    outer loop
      vertex 0.102219 2.22354 2.4
      vertex 4.40901 4.40901 2.4
      vertex 4.21495 4.63029 2.4
    endloop
  endfacet
  facet normal 0 0 1
    outer loop
      vertex 0 3 2.4
      vertex 4.21495 4.63029 2.4
      vertex 4.05144 4.875 2.4
    endloop
  endfacet
  facet normal 0 0 1
    outer loop
      vertex 0 3 2.4
      vertex 4.05144 4.875 2.4
      vertex 3.92127 5.13896 2.4
    endloop
  endfacet
  facet normal 0 0 1
    outer loop
      vertex 0 3 2.4
      vertex 3.92127 5.13896 2.4
      vertex 3.82667 5.41766 2.4
    endloop
  endfacet
  facet normal 0 0 1
    outer loop
      vertex 0 3 2.4
      vertex 3.82667 5.41766 2.4
      vertex 3.76925 5.70632 2.4
    endloop
  endfacet
  facet normal 0 0 1
    outer loop
      vertex 0 3 2.4
      vertex 3.76925 5.70632 2.4
      vertex 3.75 6 2.4
    endloop
  endfacet
  facet normal 0 0 1
    outer loop
      vertex 3.82667 6.58234 2.4
      vertex 0 3 2.4
      vertex 3.76925 6.29368 2.4
    endloop
  endfacet
  facet normal 0 0 1
    outer loop
      vertex 0 39 2.4
      vertex 3 42 2.4
      vertex 2.60843 41.9743 2.4
    endloop
  endfacet
  facet normal 0 0 1
    outer loop
      vertex 3.76925 6.29368 2.4
      vertex 0 3 2.4
      vertex 3.75 6 2.4
    endloop
  endfacet
  facet normal 0 0 1
    outer loop
      vertex 0 39 2.4
      vertex 2.60843 41.9743 2.4
      vertex 2.22354 41.8978 2.4
    endloop
  endfacet
  facet normal 0 0 1
    outer loop
      vertex 4.21495 4.63029 2.4
      vertex 0 3 2.4
      vertex 0.0256653 2.60843 2.4
    endloop
  endfacet
  facet normal 0 0 1
    outer loop
      vertex 0 39 2.4
      vertex 2.22354 41.8978 2.4
      vertex 1.85194 41.7716 2.4
    endloop
  endfacet
  facet normal 0 0 1
    outer loop
      vertex 4.63029 4.21495 2.4
      vertex 2.60843 0.0256653 2.4
      vertex 3 0 2.4
    endloop
  endfacet
  facet normal 0 0 1
    outer loop
      vertex 0 39 2.4
      vertex 1.85194 41.7716 2.4
      vertex 1.5 41.5981 2.4
    endloop
  endfacet
  facet normal 0 0 1
    outer loop
      vertex 4.40901 4.40901 2.4
      vertex 2.22354 0.102219 2.4
      vertex 2.60843 0.0256653 2.4
    endloop
  endfacet
  facet normal 0 0 1
    outer loop
      vertex 0 39 2.4
      vertex 1.5 41.5981 2.4
      vertex 1.17372 41.3801 2.4
    endloop
  endfacet
  facet normal 0 0 1
    outer loop
      vertex 4.40901 4.40901 2.4
      vertex 1.85194 0.228363 2.4
      vertex 2.22354 0.102219 2.4
    endloop
  endfacet
  facet normal 0 0 1
    outer loop
      vertex 0 39 2.4
      vertex 1.17372 41.3801 2.4
      vertex 0.878677 41.1213 2.4
    endloop
  endfacet
  facet normal 0 0 1
    outer loop
      vertex 4.40901 4.40901 2.4
      vertex 1.5 0.401917 2.4
      vertex 1.85194 0.228363 2.4
    endloop
  endfacet
  facet normal 0 0 1
    outer loop
      vertex 0 39 2.4
      vertex 0.878677 41.1213 2.4
      vertex 0.619934 40.8263 2.4
    endloop
  endfacet
  facet normal 0 0 1
    outer loop
      vertex 4.40901 4.40901 2.4
      vertex 1.17372 0.619934 2.4
      vertex 1.5 0.401917 2.4
    endloop
  endfacet
  facet normal 0 0 1
    outer loop
      vertex 0 39 2.4
      vertex 0.619934 40.8263 2.4
      vertex 0.401917 40.5 2.4
    endloop
  endfacet
  facet normal 0 0 1
    outer loop
      vertex 4.40901 4.40901 2.4
      vertex 0.878677 0.878677 2.4
      vertex 1.17372 0.619934 2.4
    endloop
  endfacet
  facet normal 0 0 1
    outer loop
      vertex 0 39 2.4
      vertex 0.401917 40.5 2.4
      vertex 0.228363 40.1481 2.4
    endloop
  endfacet
  facet normal 0 0 1
    outer loop
      vertex 4.40901 4.40901 2.4
      vertex 0.619934 1.17372 2.4
      vertex 0.878677 0.878677 2.4
    endloop
  endfacet
  facet normal 0 0 1
    outer loop
      vertex 0 39 2.4
      vertex 0.228363 40.1481 2.4
      vertex 0.102219 39.7765 2.4
    endloop
  endfacet
  facet normal 0 0 1
    outer loop
      vertex 4.40901 4.40901 2.4
      vertex 0.401917 1.5 2.4
      vertex 0.619934 1.17372 2.4
    endloop
  endfacet
  facet normal 0 0 1
    outer loop
      vertex 0 39 2.4
      vertex 0.102219 39.7765 2.4
      vertex 0.0256653 39.3916 2.4
    endloop
  endfacet
  facet normal 0 0 1
    outer loop
      vertex 4.40901 4.40901 2.4
      vertex 0.228363 1.85194 2.4
      vertex 0.401917 1.5 2.4
    endloop
  endfacet
  facet normal 0 0 1
    outer loop
      vertex 4.40901 4.40901 2.4
      vertex 0.102219 2.22354 2.4
      vertex 0.228363 1.85194 2.4
    endloop
  endfacet
  facet normal 0 0 1
    outer loop
      vertex 4.21495 4.63029 2.4
      vertex 0.0256653 2.60843 2.4
      vertex 0.102219 2.22354 2.4
    endloop
  endfacet
  facet normal -0 0 1
    outer loop
      vertex 85.6683 20.5171 2.4
      vertex 88.15 14.85 2.4
      vertex 85.7 21 2.4
    endloop
  endfacet
  facet normal -0 0 1
    outer loop
      vertex 85.5739 20.0424 2.4
      vertex 88.15 14.85 2.4
      vertex 85.6683 20.5171 2.4
    endloop
  endfacet
  facet normal -0 0 1
    outer loop
      vertex 85.4184 19.5841 2.4
      vertex 88.15 14.85 2.4
      vertex 85.5739 20.0424 2.4
    endloop
  endfacet
  facet normal -0 0 1
    outer loop
      vertex 85.2043 19.15 2.4
      vertex 88.15 14.85 2.4
      vertex 85.4184 19.5841 2.4
    endloop
  endfacet
  facet normal -0 0 1
    outer loop
      vertex 84.9354 18.7476 2.4
      vertex 88.15 14.85 2.4
      vertex 85.2043 19.15 2.4
    endloop
  endfacet
  facet normal -0 0 1
    outer loop
      vertex 84.6163 18.3837 2.4
      vertex 88.15 14.85 2.4
      vertex 84.9354 18.7476 2.4
    endloop
  endfacet
  facet normal 0 0 1
    outer loop
      vertex 84.6163 18.3837 2.4
      vertex 84.5 14.85 2.4
      vertex 88.15 14.85 2.4
    endloop
  endfacet
  facet normal -0 0 1
    outer loop
      vertex 83.85 17.7957 2.4
      vertex 84.5 14.85 2.4
      vertex 84.2524 18.0646 2.4
    endloop
  endfacet
  facet normal -0 0 1
    outer loop
      vertex 84.2524 18.0646 2.4
      vertex 84.5 14.85 2.4
      vertex 84.6163 18.3837 2.4
    endloop
  endfacet
  facet normal 0 1 -0
    outer loop
      vertex 102 42 0
      vertex 3 42 2.4
      vertex 102 42 2.4
    endloop
  endfacet
  facet normal 0 1 0
    outer loop
      vertex 3 42 2.4
      vertex 102 42 0
      vertex 3 42 0
    endloop
  endfacet
  facet normal 0.659396 -0.751796 0
    outer loop
      vertex 103.826 0.619934 0
      vertex 104.121 0.878677 2.4
      vertex 103.826 0.619934 2.4
    endloop
  endfacet
  facet normal 0.659396 -0.751796 0
    outer loop
      vertex 104.121 0.878677 2.4
      vertex 103.826 0.619934 0
      vertex 104.121 0.878677 0
    endloop
  endfacet
  facet normal -0.321446 -0.946928 0
    outer loop
      vertex 1.85194 0.228363 0
      vertex 2.22354 0.102219 2.4
      vertex 1.85194 0.228363 2.4
    endloop
  endfacet
  facet normal -0.321446 -0.946928 -0
    outer loop
      vertex 2.22354 0.102219 2.4
      vertex 1.85194 0.228363 0
      vertex 2.22354 0.102219 0
    endloop
  endfacet
  facet normal -0.946928 0.321446 0
    outer loop
      vertex 0.102219 39.7765 0
      vertex 0.228363 40.1481 2.4
      vertex 0.228363 40.1481 0
    endloop
  endfacet
  facet normal -0.946928 0.321446 0
    outer loop
      vertex 0.228363 40.1481 2.4
      vertex 0.102219 39.7765 0
      vertex 0.102219 39.7765 2.4
    endloop
  endfacet
  facet normal 0.44211 0.896961 -0
    outer loop
      vertex 103.5 41.5981 0
      vertex 103.148 41.7716 2.4
      vertex 103.5 41.5981 2.4
    endloop
  endfacet
  facet normal 0.44211 0.896961 0
    outer loop
      vertex 103.148 41.7716 2.4
      vertex 103.5 41.5981 0
      vertex 103.148 41.7716 0
    endloop
  endfacet
  facet normal -0.659342 -0.751843 0
    outer loop
      vertex 0.878677 0.878677 0
      vertex 1.17372 0.619934 2.4
      vertex 0.878677 0.878677 2.4
    endloop
  endfacet
  facet normal -0.659342 -0.751843 -0
    outer loop
      vertex 1.17372 0.619934 2.4
      vertex 0.878677 0.878677 0
      vertex 1.17372 0.619934 0
    endloop
  endfacet
  facet normal -0.896856 0.442322 0
    outer loop
      vertex 0.228363 40.1481 0
      vertex 0.401917 40.5 2.4
      vertex 0.401917 40.5 0
    endloop
  endfacet
  facet normal -0.896856 0.442322 0
    outer loop
      vertex 0.401917 40.5 2.4
      vertex 0.228363 40.1481 0
      vertex 0.228363 40.1481 2.4
    endloop
  endfacet
  facet normal 1 -0 0
    outer loop
      vertex 105 3 2.4
      vertex 105 39 0
      vertex 105 39 2.4
    endloop
  endfacet
  facet normal 1 0 0
    outer loop
      vertex 105 39 0
      vertex 105 3 2.4
      vertex 105 3 0
    endloop
  endfacet
  facet normal -0.442171 0.896931 0
    outer loop
      vertex 1.85194 41.7716 0
      vertex 1.5 41.5981 2.4
      vertex 1.85194 41.7716 2.4
    endloop
  endfacet
  facet normal -0.442171 0.896931 0
    outer loop
      vertex 1.5 41.5981 2.4
      vertex 1.85194 41.7716 0
      vertex 1.5 41.5981 0
    endloop
  endfacet
  facet normal 0.831485 -0.555547 0
    outer loop
      vertex 104.38 1.17372 2.4
      vertex 104.598 1.5 0
      vertex 104.598 1.5 2.4
    endloop
  endfacet
  facet normal 0.831485 -0.555547 0
    outer loop
      vertex 104.598 1.5 0
      vertex 104.38 1.17372 2.4
      vertex 104.38 1.17372 0
    endloop
  endfacet
  facet normal 0.195379 0.980728 -0
    outer loop
      vertex 102.776 41.8978 0
      vertex 102.392 41.9743 2.4
      vertex 102.776 41.8978 2.4
    endloop
  endfacet
  facet normal 0.195379 0.980728 0
    outer loop
      vertex 102.392 41.9743 2.4
      vertex 102.776 41.8978 0
      vertex 102.392 41.9743 0
    endloop
  endfacet
  facet normal 0.751519 -0.659712 0
    outer loop
      vertex 104.121 0.878677 2.4
      vertex 104.38 1.17372 0
      vertex 104.38 1.17372 2.4
    endloop
  endfacet
  facet normal 0.751519 -0.659712 0
    outer loop
      vertex 104.38 1.17372 0
      vertex 104.121 0.878677 2.4
      vertex 104.121 0.878677 0
    endloop
  endfacet
  facet normal -0.194945 0.980814 0
    outer loop
      vertex 2.60843 41.9743 0
      vertex 2.22354 41.8978 2.4
      vertex 2.60843 41.9743 2.4
    endloop
  endfacet
  facet normal -0.194945 0.980814 0
    outer loop
      vertex 2.22354 41.8978 2.4
      vertex 2.60843 41.9743 0
      vertex 2.22354 41.8978 0
    endloop
  endfacet
  facet normal 0.997803 -0.0662535 0
    outer loop
      vertex 104.974 2.60843 2.4
      vertex 105 3 0
      vertex 105 3 2.4
    endloop
  endfacet
  facet normal 0.997803 -0.0662535 0
    outer loop
      vertex 105 3 0
      vertex 104.974 2.60843 2.4
      vertex 104.974 2.60843 0
    endloop
  endfacet
  facet normal -0.980789 0.195072 0
    outer loop
      vertex 0.0256653 39.3916 0
      vertex 0.102219 39.7765 2.4
      vertex 0.102219 39.7765 0
    endloop
  endfacet
  facet normal -0.980789 0.195072 0
    outer loop
      vertex 0.102219 39.7765 2.4
      vertex 0.0256653 39.3916 0
      vertex 0.0256653 39.3916 2.4
    endloop
  endfacet
  facet normal -0.555547 0.831485 0
    outer loop
      vertex 1.5 41.5981 0
      vertex 1.17372 41.3801 2.4
      vertex 1.5 41.5981 2.4
    endloop
  endfacet
  facet normal -0.555547 0.831485 0
    outer loop
      vertex 1.17372 41.3801 2.4
      vertex 1.5 41.5981 0
      vertex 1.17372 41.3801 0
    endloop
  endfacet
  facet normal -0.997859 -0.0654043 0
    outer loop
      vertex 0.0256653 2.60843 0
      vertex 0 3 2.4
      vertex 0 3 0
    endloop
  endfacet
  facet normal -0.997859 -0.0654043 0
    outer loop
      vertex 0 3 2.4
      vertex 0.0256653 2.60843 0
      vertex 0.0256653 2.60843 2.4
    endloop
  endfacet
  facet normal 0.751471 0.659766 0
    outer loop
      vertex 104.38 40.8263 2.4
      vertex 104.121 41.1213 0
      vertex 104.121 41.1213 2.4
    endloop
  endfacet
  facet normal 0.751471 0.659766 0
    outer loop
      vertex 104.121 41.1213 0
      vertex 104.38 40.8263 2.4
      vertex 104.38 40.8263 0
    endloop
  endfacet
  facet normal 0.0654208 0.997858 -0
    outer loop
      vertex 102.392 41.9743 0
      vertex 102 42 2.4
      vertex 102.392 41.9743 2.4
    endloop
  endfacet
  facet normal 0.0654208 0.997858 0
    outer loop
      vertex 102 42 2.4
      vertex 102.392 41.9743 0
      vertex 102 42 0
    endloop
  endfacet
  facet normal -0.751796 0.659396 0
    outer loop
      vertex 0.619934 40.8263 0
      vertex 0.878677 41.1213 2.4
      vertex 0.878677 41.1213 0
    endloop
  endfacet
  facet normal -0.751796 0.659396 0
    outer loop
      vertex 0.878677 41.1213 2.4
      vertex 0.619934 40.8263 0
      vertex 0.619934 40.8263 2.4
    endloop
  endfacet
  facet normal 0.831501 0.555523 0
    outer loop
      vertex 104.598 40.5 2.4
      vertex 104.38 40.8263 0
      vertex 104.38 40.8263 2.4
    endloop
  endfacet
  facet normal 0.831501 0.555523 0
    outer loop
      vertex 104.38 40.8263 0
      vertex 104.598 40.5 2.4
      vertex 104.598 40.5 0
    endloop
  endfacet
  facet normal -0.831481 0.555553 0
    outer loop
      vertex 0.401917 40.5 0
      vertex 0.619934 40.8263 2.4
      vertex 0.619934 40.8263 0
    endloop
  endfacet
  facet normal -0.831481 0.555553 0
    outer loop
      vertex 0.619934 40.8263 2.4
      vertex 0.401917 40.5 0
      vertex 0.401917 40.5 2.4
    endloop
  endfacet
  facet normal -0.751843 -0.659342 0
    outer loop
      vertex 0.878677 0.878677 0
      vertex 0.619934 1.17372 2.4
      vertex 0.619934 1.17372 0
    endloop
  endfacet
  facet normal -0.751843 -0.659342 0
    outer loop
      vertex 0.619934 1.17372 2.4
      vertex 0.878677 0.878677 0
      vertex 0.878677 0.878677 2.4
    endloop
  endfacet
  facet normal 0.659478 0.751724 -0
    outer loop
      vertex 104.121 41.1213 0
      vertex 103.826 41.3801 2.4
      vertex 104.121 41.1213 2.4
    endloop
  endfacet
  facet normal 0.659478 0.751724 0
    outer loop
      vertex 103.826 41.3801 2.4
      vertex 104.121 41.1213 0
      vertex 103.826 41.3801 0
    endloop
  endfacet
  facet normal 0.896405 0.443235 0
    outer loop
      vertex 104.772 40.1481 2.4
      vertex 104.598 40.5 0
      vertex 104.598 40.5 2.4
    endloop
  endfacet
  facet normal 0.896405 0.443235 0
    outer loop
      vertex 104.598 40.5 0
      vertex 104.772 40.1481 2.4
      vertex 104.772 40.1481 0
    endloop
  endfacet
  facet normal 0.981058 0.193714 0
    outer loop
      vertex 104.974 39.3916 2.4
      vertex 104.898 39.7765 0
      vertex 104.898 39.7765 2.4
    endloop
  endfacet
  facet normal 0.981058 0.193714 0
    outer loop
      vertex 104.898 39.7765 0
      vertex 104.974 39.3916 2.4
      vertex 104.974 39.3916 0
    endloop
  endfacet
  facet normal 0.94704 -0.321117 0
    outer loop
      vertex 104.772 1.85194 2.4
      vertex 104.898 2.22354 0
      vertex 104.898 2.22354 2.4
    endloop
  endfacet
  facet normal 0.94704 -0.321117 0
    outer loop
      vertex 104.898 2.22354 0
      vertex 104.772 1.85194 2.4
      vertex 104.772 1.85194 0
    endloop
  endfacet
  facet normal 0.896425 -0.443195 0
    outer loop
      vertex 104.598 1.5 2.4
      vertex 104.772 1.85194 0
      vertex 104.772 1.85194 2.4
    endloop
  endfacet
  facet normal 0.896425 -0.443195 0
    outer loop
      vertex 104.772 1.85194 0
      vertex 104.598 1.5 2.4
      vertex 104.598 1.5 0
    endloop
  endfacet
  facet normal -0.997859 0.0653993 0
    outer loop
      vertex 0 39 0
      vertex 0.0256653 39.3916 2.4
      vertex 0.0256653 39.3916 0
    endloop
  endfacet
  facet normal -0.997859 0.0653993 0
    outer loop
      vertex 0.0256653 39.3916 2.4
      vertex 0 39 0
      vertex 0 39 2.4
    endloop
  endfacet
  facet normal 0.997803 0.0662484 0
    outer loop
      vertex 105 39 2.4
      vertex 104.974 39.3916 0
      vertex 104.974 39.3916 2.4
    endloop
  endfacet
  facet normal 0.997803 0.0662484 0
    outer loop
      vertex 104.974 39.3916 0
      vertex 105 39 2.4
      vertex 105 39 0
    endloop
  endfacet
  facet normal -0.442281 -0.896876 0
    outer loop
      vertex 1.5 0.401917 0
      vertex 1.85194 0.228363 2.4
      vertex 1.5 0.401917 2.4
    endloop
  endfacet
  facet normal -0.442281 -0.896876 -0
    outer loop
      vertex 1.85194 0.228363 2.4
      vertex 1.5 0.401917 0
      vertex 1.85194 0.228363 0
    endloop
  endfacet
  facet normal 0.555906 -0.831245 0
    outer loop
      vertex 103.5 0.401917 0
      vertex 103.826 0.619934 2.4
      vertex 103.5 0.401917 2.4
    endloop
  endfacet
  facet normal 0.555906 -0.831245 0
    outer loop
      vertex 103.826 0.619934 2.4
      vertex 103.5 0.401917 0
      vertex 103.826 0.619934 0
    endloop
  endfacet
  facet normal -0.555577 -0.831465 0
    outer loop
      vertex 1.17372 0.619934 0
      vertex 1.5 0.401917 2.4
      vertex 1.17372 0.619934 2.4
    endloop
  endfacet
  facet normal -0.555577 -0.831465 -0
    outer loop
      vertex 1.5 0.401917 2.4
      vertex 1.17372 0.619934 0
      vertex 1.5 0.401917 0
    endloop
  endfacet
  facet normal -0.896876 -0.442281 0
    outer loop
      vertex 0.401917 1.5 0
      vertex 0.228363 1.85194 2.4
      vertex 0.228363 1.85194 0
    endloop
  endfacet
  facet normal -0.896876 -0.442281 0
    outer loop
      vertex 0.228363 1.85194 2.4
      vertex 0.401917 1.5 0
      vertex 0.401917 1.5 2.4
    endloop
  endfacet
  facet normal -0.980788 -0.195076 0
    outer loop
      vertex 0.102219 2.22354 0
      vertex 0.0256653 2.60843 2.4
      vertex 0.0256653 2.60843 0
    endloop
  endfacet
  facet normal -0.980788 -0.195076 0
    outer loop
      vertex 0.0256653 2.60843 2.4
      vertex 0.102219 2.22354 0
      vertex 0.102219 2.22354 2.4
    endloop
  endfacet
  facet normal -0.831465 -0.555577 0
    outer loop
      vertex 0.619934 1.17372 0
      vertex 0.401917 1.5 2.4
      vertex 0.401917 1.5 0
    endloop
  endfacet
  facet normal -0.831465 -0.555577 0
    outer loop
      vertex 0.401917 1.5 2.4
      vertex 0.619934 1.17372 0
      vertex 0.619934 1.17372 2.4
    endloop
  endfacet
  facet normal 0.442221 -0.896906 0
    outer loop
      vertex 103.148 0.228363 0
      vertex 103.5 0.401917 2.4
      vertex 103.148 0.228363 2.4
    endloop
  endfacet
  facet normal 0.442221 -0.896906 0
    outer loop
      vertex 103.5 0.401917 2.4
      vertex 103.148 0.228363 0
      vertex 103.5 0.401917 0
    endloop
  endfacet
  facet normal -0.946928 -0.321446 0
    outer loop
      vertex 0.228363 1.85194 0
      vertex 0.102219 2.22354 2.4
      vertex 0.102219 2.22354 0
    endloop
  endfacet
  facet normal -0.946928 -0.321446 0
    outer loop
      vertex 0.102219 2.22354 2.4
      vertex 0.228363 1.85194 0
      vertex 0.228363 1.85194 2.4
    endloop
  endfacet
  facet normal 0 0 -1
    outer loop
      vertex 8.07873 6.86104 0
      vertex 35 16.75 0
      vertex 8.17333 6.58234 0
    endloop
  endfacet
  facet normal 0 0 -1
    outer loop
      vertex 35 25.25 0
      vertex 8.23075 35.7063 0
      vertex 8.25 36 0
    endloop
  endfacet
  facet normal 0 0 -1
    outer loop
      vertex 7.94856 7.125 0
      vertex 35 16.75 0
      vertex 8.07873 6.86104 0
    endloop
  endfacet
  facet normal 0 0 -1
    outer loop
      vertex 35 25.25 0
      vertex 8.17333 35.4177 0
      vertex 8.23075 35.7063 0
    endloop
  endfacet
  facet normal 0 0 -1
    outer loop
      vertex 7.78504 7.36971 0
      vertex 35 16.75 0
      vertex 7.94856 7.125 0
    endloop
  endfacet
  facet normal 0 0 -1
    outer loop
      vertex 35 25.25 0
      vertex 8.07873 35.139 0
      vertex 8.17333 35.4177 0
    endloop
  endfacet
  facet normal 0 0 -1
    outer loop
      vertex 7.59099 7.59099 0
      vertex 35 16.75 0
      vertex 7.78504 7.36971 0
    endloop
  endfacet
  facet normal 0 0 -1
    outer loop
      vertex 35 25.25 0
      vertex 7.94856 34.875 0
      vertex 8.07873 35.139 0
    endloop
  endfacet
  facet normal 0 0 -1
    outer loop
      vertex 7.36971 7.78504 0
      vertex 35 16.75 0
      vertex 7.59099 7.59099 0
    endloop
  endfacet
  facet normal 0 0 -1
    outer loop
      vertex 35 25.25 0
      vertex 7.78504 34.6303 0
      vertex 7.94856 34.875 0
    endloop
  endfacet
  facet normal -0 0 -1
    outer loop
      vertex 35 16.75 0
      vertex 7.36971 7.78504 0
      vertex 35 25.25 0
    endloop
  endfacet
  facet normal 0 0 -1
    outer loop
      vertex 35 25.25 0
      vertex 7.59099 34.409 0
      vertex 7.78504 34.6303 0
    endloop
  endfacet
  facet normal 0 0 -1
    outer loop
      vertex 7.36971 34.215 0
      vertex 35 25.25 0
      vertex 7.36971 7.78504 0
    endloop
  endfacet
  facet normal 0 0 -1
    outer loop
      vertex 35 25.25 0
      vertex 7.36971 34.215 0
      vertex 7.59099 34.409 0
    endloop
  endfacet
  facet normal 0 0 -1
    outer loop
      vertex 7.125 7.94856 0
      vertex 7.36971 34.215 0
      vertex 7.36971 7.78504 0
    endloop
  endfacet
  facet normal 0 0 -1
    outer loop
      vertex 7.125 7.94856 0
      vertex 7.125 34.0514 0
      vertex 7.36971 34.215 0
    endloop
  endfacet
  facet normal 0 0 -1
    outer loop
      vertex 6.86104 8.07873 0
      vertex 7.125 34.0514 0
      vertex 7.125 7.94856 0
    endloop
  endfacet
  facet normal 0 0 -1
    outer loop
      vertex 6.86104 8.07873 0
      vertex 6.86104 33.9213 0
      vertex 7.125 34.0514 0
    endloop
  endfacet
  facet normal 0 0 -1
    outer loop
      vertex 6.58234 8.17333 0
      vertex 6.86104 33.9213 0
      vertex 6.86104 8.07873 0
    endloop
  endfacet
  facet normal 0 0 -1
    outer loop
      vertex 6.58234 8.17333 0
      vertex 6.58234 33.8267 0
      vertex 6.86104 33.9213 0
    endloop
  endfacet
  facet normal 0 0 -1
    outer loop
      vertex 6.29368 8.23075 0
      vertex 6.58234 33.8267 0
      vertex 6.58234 8.17333 0
    endloop
  endfacet
  facet normal 0 0 -1
    outer loop
      vertex 6.29368 8.23075 0
      vertex 6.29368 33.7692 0
      vertex 6.58234 33.8267 0
    endloop
  endfacet
  facet normal 0 0 -1
    outer loop
      vertex 6 8.25 0
      vertex 6.29368 33.7692 0
      vertex 6.29368 8.23075 0
    endloop
  endfacet
  facet normal 0 0 -1
    outer loop
      vertex 6 8.25 0
      vertex 6 33.75 0
      vertex 6.29368 33.7692 0
    endloop
  endfacet
  facet normal 0 0 -1
    outer loop
      vertex 5.70632 8.23075 0
      vertex 6 33.75 0
      vertex 6 8.25 0
    endloop
  endfacet
  facet normal 0 0 -1
    outer loop
      vertex 5.70632 8.23075 0
      vertex 5.70632 33.7692 0
      vertex 6 33.75 0
    endloop
  endfacet
  facet normal 0 0 -1
    outer loop
      vertex 5.41766 8.17333 0
      vertex 5.70632 33.7692 0
      vertex 5.70632 8.23075 0
    endloop
  endfacet
  facet normal 0 0 -1
    outer loop
      vertex 5.41766 8.17333 0
      vertex 5.41766 33.8267 0
      vertex 5.70632 33.7692 0
    endloop
  endfacet
  facet normal 0 0 -1
    outer loop
      vertex 5.13896 8.07873 0
      vertex 5.41766 33.8267 0
      vertex 5.41766 8.17333 0
    endloop
  endfacet
  facet normal 0 0 -1
    outer loop
      vertex 5.13896 8.07873 0
      vertex 5.13896 33.9213 0
      vertex 5.41766 33.8267 0
    endloop
  endfacet
  facet normal 0 0 -1
    outer loop
      vertex 4.875 7.94856 0
      vertex 5.13896 33.9213 0
      vertex 5.13896 8.07873 0
    endloop
  endfacet
  facet normal 0 0 -1
    outer loop
      vertex 4.875 7.94856 0
      vertex 4.875 34.0514 0
      vertex 5.13896 33.9213 0
    endloop
  endfacet
  facet normal 0 0 -1
    outer loop
      vertex 4.63029 7.78504 0
      vertex 4.875 34.0514 0
      vertex 4.875 7.94856 0
    endloop
  endfacet
  facet normal 0 0 -1
    outer loop
      vertex 4.63029 7.78504 0
      vertex 4.63029 34.215 0
      vertex 4.875 34.0514 0
    endloop
  endfacet
  facet normal 0 0 -1
    outer loop
      vertex 4.40901 7.59099 0
      vertex 4.63029 34.215 0
      vertex 4.63029 7.78504 0
    endloop
  endfacet
  facet normal 0 0 -1
    outer loop
      vertex 4.40901 7.59099 0
      vertex 4.40901 34.409 0
      vertex 4.63029 34.215 0
    endloop
  endfacet
  facet normal 0 0 -1
    outer loop
      vertex 4.21495 7.36971 0
      vertex 4.40901 34.409 0
      vertex 4.40901 7.59099 0
    endloop
  endfacet
  facet normal 0 0 -1
    outer loop
      vertex 4.21495 7.36971 0
      vertex 4.21495 34.6303 0
      vertex 4.40901 34.409 0
    endloop
  endfacet
  facet normal 0 0 -1
    outer loop
      vertex 0 3 0
      vertex 4.21495 7.36971 0
      vertex 4.05144 7.125 0
    endloop
  endfacet
  facet normal -0 0 -1
    outer loop
      vertex 4.21495 7.36971 0
      vertex 0 3 0
      vertex 4.21495 34.6303 0
    endloop
  endfacet
  facet normal 0 0 -1
    outer loop
      vertex 0 3 0
      vertex 4.05144 7.125 0
      vertex 3.92127 6.86104 0
    endloop
  endfacet
  facet normal 0 0 -1
    outer loop
      vertex 0 39 0
      vertex 4.21495 34.6303 0
      vertex 0 3 0
    endloop
  endfacet
  facet normal 0 0 -1
    outer loop
      vertex 0 3 0
      vertex 3.92127 6.86104 0
      vertex 3.82667 6.58234 0
    endloop
  endfacet
  facet normal 0 0 -1
    outer loop
      vertex 4.21495 34.6303 0
      vertex 0 39 0
      vertex 4.05144 34.875 0
    endloop
  endfacet
  facet normal 0 0 -1
    outer loop
      vertex 0 3 0
      vertex 3.82667 6.58234 0
      vertex 3.76925 6.29368 0
    endloop
  endfacet
  facet normal 0 0 -1
    outer loop
      vertex 4.05144 34.875 0
      vertex 0 39 0
      vertex 3.92127 35.139 0
    endloop
  endfacet
  facet normal 0 0 -1
    outer loop
      vertex 0 3 0
      vertex 3.76925 6.29368 0
      vertex 3.75 6 0
    endloop
  endfacet
  facet normal 0 0 -1
    outer loop
      vertex 3.92127 35.139 0
      vertex 0 39 0
      vertex 3.82667 35.4177 0
    endloop
  endfacet
  facet normal 0 0 -1
    outer loop
      vertex 101.079 6.86104 0
      vertex 105 3 0
      vertex 101.173 6.58234 0
    endloop
  endfacet
  facet normal 0 0 -1
    outer loop
      vertex 105 39 0
      vertex 101.231 35.7063 0
      vertex 101.25 36 0
    endloop
  endfacet
  facet normal 0 0 -1
    outer loop
      vertex 100.949 7.125 0
      vertex 105 3 0
      vertex 101.079 6.86104 0
    endloop
  endfacet
  facet normal 0 0 -1
    outer loop
      vertex 105 39 0
      vertex 101.173 35.4177 0
      vertex 101.231 35.7063 0
    endloop
  endfacet
  facet normal 0 0 -1
    outer loop
      vertex 100.785 7.36971 0
      vertex 105 3 0
      vertex 100.949 7.125 0
    endloop
  endfacet
  facet normal 0 0 -1
    outer loop
      vertex 105 39 0
      vertex 101.079 35.139 0
      vertex 101.173 35.4177 0
    endloop
  endfacet
  facet normal 0 0 -1
    outer loop
      vertex 105 3 0
      vertex 100.785 7.36971 0
      vertex 105 39 0
    endloop
  endfacet
  facet normal 0 0 -1
    outer loop
      vertex 105 39 0
      vertex 100.949 34.875 0
      vertex 101.079 35.139 0
    endloop
  endfacet
  facet normal 0 0 -1
    outer loop
      vertex 100.785 34.6303 0
      vertex 105 39 0
      vertex 100.785 7.36971 0
    endloop
  endfacet
  facet normal 0 0 -1
    outer loop
      vertex 105 39 0
      vertex 100.785 34.6303 0
      vertex 100.949 34.875 0
    endloop
  endfacet
  facet normal 0 0 -1
    outer loop
      vertex 100.591 7.59099 0
      vertex 100.785 34.6303 0
      vertex 100.785 7.36971 0
    endloop
  endfacet
  facet normal 0 0 -1
    outer loop
      vertex 100.591 7.59099 0
      vertex 100.591 34.409 0
      vertex 100.785 34.6303 0
    endloop
  endfacet
  facet normal 0 0 -1
    outer loop
      vertex 100.37 7.78504 0
      vertex 100.591 34.409 0
      vertex 100.591 7.59099 0
    endloop
  endfacet
  facet normal 0 0 -1
    outer loop
      vertex 100.37 7.78504 0
      vertex 100.37 34.215 0
      vertex 100.591 34.409 0
    endloop
  endfacet
  facet normal 0 0 -1
    outer loop
      vertex 100.125 7.94856 0
      vertex 100.37 34.215 0
      vertex 100.37 7.78504 0
    endloop
  endfacet
  facet normal 0 0 -1
    outer loop
      vertex 100.125 7.94856 0
      vertex 100.125 34.0514 0
      vertex 100.37 34.215 0
    endloop
  endfacet
  facet normal 0 0 -1
    outer loop
      vertex 99.861 8.07873 0
      vertex 100.125 34.0514 0
      vertex 100.125 7.94856 0
    endloop
  endfacet
  facet normal 0 0 -1
    outer loop
      vertex 99.861 8.07873 0
      vertex 99.861 33.9213 0
      vertex 100.125 34.0514 0
    endloop
  endfacet
  facet normal 0 0 -1
    outer loop
      vertex 99.5823 8.17333 0
      vertex 99.861 33.9213 0
      vertex 99.861 8.07873 0
    endloop
  endfacet
  facet normal 0 0 -1
    outer loop
      vertex 99.5823 8.17333 0
      vertex 99.5823 33.8267 0
      vertex 99.861 33.9213 0
    endloop
  endfacet
  facet normal 0 0 -1
    outer loop
      vertex 99.2937 8.23075 0
      vertex 99.5823 33.8267 0
      vertex 99.5823 8.17333 0
    endloop
  endfacet
  facet normal 0 0 -1
    outer loop
      vertex 99.2937 8.23075 0
      vertex 99.2937 33.7692 0
      vertex 99.5823 33.8267 0
    endloop
  endfacet
  facet normal 0 0 -1
    outer loop
      vertex 99 8.25 0
      vertex 99.2937 33.7692 0
      vertex 99.2937 8.23075 0
    endloop
  endfacet
  facet normal 0 0 -1
    outer loop
      vertex 99 8.25 0
      vertex 99 33.75 0
      vertex 99.2937 33.7692 0
    endloop
  endfacet
  facet normal 0 0 -1
    outer loop
      vertex 85.7 21 0
      vertex 99 8.25 0
      vertex 98.7063 8.23075 0
    endloop
  endfacet
  facet normal 0 0 -1
    outer loop
      vertex 99 8.25 0
      vertex 85.7 21 0
      vertex 99 33.75 0
    endloop
  endfacet
  facet normal 0 0 -1
    outer loop
      vertex 85.6683 20.5171 0
      vertex 98.7063 8.23075 0
      vertex 98.4177 8.17333 0
    endloop
  endfacet
  facet normal -0 0 -1
    outer loop
      vertex 99 33.75 0
      vertex 85.7 21 0
      vertex 98.7063 33.7692 0
    endloop
  endfacet
  facet normal 0 0 -1
    outer loop
      vertex 85.5739 20.0424 0
      vertex 98.4177 8.17333 0
      vertex 98.139 8.07873 0
    endloop
  endfacet
  facet normal 0 0 -1
    outer loop
      vertex 85.6683 21.4829 0
      vertex 98.7063 33.7692 0
      vertex 85.7 21 0
    endloop
  endfacet
  facet normal 0 0 -1
    outer loop
      vertex 85.4184 19.5841 0
      vertex 98.139 8.07873 0
      vertex 97.875 7.94856 0
    endloop
  endfacet
  facet normal -0 0 -1
    outer loop
      vertex 98.7063 33.7692 0
      vertex 85.6683 21.4829 0
      vertex 98.4177 33.8267 0
    endloop
  endfacet
  facet normal 0 0 -1
    outer loop
      vertex 85.2043 19.15 0
      vertex 97.875 7.94856 0
      vertex 97.6303 7.78504 0
    endloop
  endfacet
  facet normal 0 0 -1
    outer loop
      vertex 85.5739 21.9576 0
      vertex 98.4177 33.8267 0
      vertex 85.6683 21.4829 0
    endloop
  endfacet
  facet normal 0 0 -1
    outer loop
      vertex 84.9354 18.7476 0
      vertex 97.6303 7.78504 0
      vertex 97.409 7.59099 0
    endloop
  endfacet
  facet normal -0 0 -1
    outer loop
      vertex 98.4177 33.8267 0
      vertex 85.5739 21.9576 0
      vertex 98.139 33.9213 0
    endloop
  endfacet
  facet normal 0 0 -1
    outer loop
      vertex 84.9354 18.7476 0
      vertex 97.409 7.59099 0
      vertex 97.215 7.36971 0
    endloop
  endfacet
  facet normal 0 0 -1
    outer loop
      vertex 85.4184 22.4159 0
      vertex 98.139 33.9213 0
      vertex 85.5739 21.9576 0
    endloop
  endfacet
  facet normal 0 0 -1
    outer loop
      vertex 84.6163 18.3837 0
      vertex 97.215 7.36971 0
      vertex 97.0514 7.125 0
    endloop
  endfacet
  facet normal -0 0 -1
    outer loop
      vertex 98.139 33.9213 0
      vertex 85.4184 22.4159 0
      vertex 97.875 34.0514 0
    endloop
  endfacet
  facet normal 0 0 -1
    outer loop
      vertex 84.2524 18.0646 0
      vertex 97.0514 7.125 0
      vertex 96.9213 6.86104 0
    endloop
  endfacet
  facet normal 0 0 -1
    outer loop
      vertex 85.2043 22.85 0
      vertex 97.875 34.0514 0
      vertex 85.4184 22.4159 0
    endloop
  endfacet
  facet normal 0 0 -1
    outer loop
      vertex 83.85 17.7957 0
      vertex 96.9213 6.86104 0
      vertex 96.8267 6.58234 0
    endloop
  endfacet
  facet normal -0 0 -1
    outer loop
      vertex 97.875 34.0514 0
      vertex 85.2043 22.85 0
      vertex 97.6303 34.215 0
    endloop
  endfacet
  facet normal 0 0 -1
    outer loop
      vertex 83.4159 17.5816 0
      vertex 96.8267 6.58234 0
      vertex 96.7692 6.29368 0
    endloop
  endfacet
  facet normal 0 0 -1
    outer loop
      vertex 84.9354 23.2524 0
      vertex 97.6303 34.215 0
      vertex 85.2043 22.85 0
    endloop
  endfacet
  facet normal 0 0 -1
    outer loop
      vertex 82.9576 17.4261 0
      vertex 96.7692 6.29368 0
      vertex 96.75 6 0
    endloop
  endfacet
  facet normal -0 0 -1
    outer loop
      vertex 97.6303 34.215 0
      vertex 84.9354 23.2524 0
      vertex 97.409 34.409 0
    endloop
  endfacet
  facet normal 0 0 -1
    outer loop
      vertex 100.785 4.63029 0
      vertex 105 3 0
      vertex 104.974 2.60843 0
    endloop
  endfacet
  facet normal 0 0 -1
    outer loop
      vertex 101.231 6.29368 0
      vertex 105 3 0
      vertex 101.25 6 0
    endloop
  endfacet
  facet normal 0 0 -1
    outer loop
      vertex 100.785 4.63029 0
      vertex 104.974 2.60843 0
      vertex 104.898 2.22354 0
    endloop
  endfacet
  facet normal 0 0 -1
    outer loop
      vertex 101.173 6.58234 0
      vertex 105 3 0
      vertex 101.231 6.29368 0
    endloop
  endfacet
  facet normal 0 0 -1
    outer loop
      vertex 100.591 4.40901 0
      vertex 104.898 2.22354 0
      vertex 104.772 1.85194 0
    endloop
  endfacet
  facet normal 0 0 -1
    outer loop
      vertex 101.231 36.2937 0
      vertex 105 39 0
      vertex 101.25 36 0
    endloop
  endfacet
  facet normal 0 0 -1
    outer loop
      vertex 100.591 4.40901 0
      vertex 104.772 1.85194 0
      vertex 104.598 1.5 0
    endloop
  endfacet
  facet normal 0 0 -1
    outer loop
      vertex 101.173 36.5823 0
      vertex 105 39 0
      vertex 101.231 36.2937 0
    endloop
  endfacet
  facet normal 0 0 -1
    outer loop
      vertex 100.591 4.40901 0
      vertex 104.598 1.5 0
      vertex 104.38 1.17372 0
    endloop
  endfacet
  facet normal 0 0 -1
    outer loop
      vertex 101.079 36.861 0
      vertex 105 39 0
      vertex 101.173 36.5823 0
    endloop
  endfacet
  facet normal 0 0 -1
    outer loop
      vertex 100.591 4.40901 0
      vertex 104.38 1.17372 0
      vertex 104.121 0.878677 0
    endloop
  endfacet
  facet normal 0 0 -1
    outer loop
      vertex 100.949 37.125 0
      vertex 105 39 0
      vertex 101.079 36.861 0
    endloop
  endfacet
  facet normal 0 0 -1
    outer loop
      vertex 100.591 4.40901 0
      vertex 104.121 0.878677 0
      vertex 103.826 0.619934 0
    endloop
  endfacet
  facet normal 0 0 -1
    outer loop
      vertex 100.785 37.3697 0
      vertex 105 39 0
      vertex 100.949 37.125 0
    endloop
  endfacet
  facet normal 0 0 -1
    outer loop
      vertex 100.591 4.40901 0
      vertex 103.826 0.619934 0
      vertex 103.5 0.401917 0
    endloop
  endfacet
  facet normal -0 0 -1
    outer loop
      vertex 105 39 0
      vertex 100.785 37.3697 0
      vertex 104.974 39.3916 0
    endloop
  endfacet
  facet normal 0 0 -1
    outer loop
      vertex 100.591 4.40901 0
      vertex 103.5 0.401917 0
      vertex 103.148 0.228363 0
    endloop
  endfacet
  facet normal -0 0 -1
    outer loop
      vertex 104.974 39.3916 0
      vertex 100.785 37.3697 0
      vertex 104.898 39.7765 0
    endloop
  endfacet
  facet normal 0 0 -1
    outer loop
      vertex 100.591 4.40901 0
      vertex 103.148 0.228363 0
      vertex 102.776 0.102219 0
    endloop
  endfacet
  facet normal 0 0 -1
    outer loop
      vertex 100.591 37.591 0
      vertex 104.898 39.7765 0
      vertex 100.785 37.3697 0
    endloop
  endfacet
  facet normal 0 0 -1
    outer loop
      vertex 100.591 4.40901 0
      vertex 102.776 0.102219 0
      vertex 102.392 0.0256653 0
    endloop
  endfacet
  facet normal -0 0 -1
    outer loop
      vertex 104.898 39.7765 0
      vertex 100.591 37.591 0
      vertex 104.772 40.1481 0
    endloop
  endfacet
  facet normal 0 0 -1
    outer loop
      vertex 100.37 4.21495 0
      vertex 102.392 0.0256653 0
      vertex 102 0 0
    endloop
  endfacet
  facet normal -0 0 -1
    outer loop
      vertex 104.772 40.1481 0
      vertex 100.591 37.591 0
      vertex 104.598 40.5 0
    endloop
  endfacet
  facet normal -0 0 -1
    outer loop
      vertex 104.598 40.5 0
      vertex 100.591 37.591 0
      vertex 104.38 40.8263 0
    endloop
  endfacet
  facet normal 0 0 -1
    outer loop
      vertex 105 3 0
      vertex 101.231 5.70632 0
      vertex 101.25 6 0
    endloop
  endfacet
  facet normal 0 0 -1
    outer loop
      vertex 105 3 0
      vertex 101.173 5.41766 0
      vertex 101.231 5.70632 0
    endloop
  endfacet
  facet normal 0 0 -1
    outer loop
      vertex 105 3 0
      vertex 101.079 5.13896 0
      vertex 101.173 5.41766 0
    endloop
  endfacet
  facet normal 0 0 -1
    outer loop
      vertex 105 3 0
      vertex 100.949 4.875 0
      vertex 101.079 5.13896 0
    endloop
  endfacet
  facet normal 0 0 -1
    outer loop
      vertex 105 3 0
      vertex 100.785 4.63029 0
      vertex 100.949 4.875 0
    endloop
  endfacet
  facet normal 0 0 -1
    outer loop
      vertex 104.898 2.22354 0
      vertex 100.591 4.40901 0
      vertex 100.785 4.63029 0
    endloop
  endfacet
  facet normal 0 0 -1
    outer loop
      vertex 102.392 0.0256653 0
      vertex 100.37 4.21495 0
      vertex 100.591 4.40901 0
    endloop
  endfacet
  facet normal 0 0 -1
    outer loop
      vertex 102 0 0
      vertex 100.125 4.05144 0
      vertex 100.37 4.21495 0
    endloop
  endfacet
  facet normal 0 0 -1
    outer loop
      vertex 102 0 0
      vertex 99.861 3.92127 0
      vertex 100.125 4.05144 0
    endloop
  endfacet
  facet normal 0 0 -1
    outer loop
      vertex 102 0 0
      vertex 99.5823 3.82667 0
      vertex 99.861 3.92127 0
    endloop
  endfacet
  facet normal 0 0 -1
    outer loop
      vertex 102 0 0
      vertex 99.2937 3.76925 0
      vertex 99.5823 3.82667 0
    endloop
  endfacet
  facet normal 0 0 -1
    outer loop
      vertex 102 0 0
      vertex 99 3.75 0
      vertex 99.2937 3.76925 0
    endloop
  endfacet
  facet normal 0 0 -1
    outer loop
      vertex 102 0 0
      vertex 98.7063 3.76925 0
      vertex 99 3.75 0
    endloop
  endfacet
  facet normal 0 0 -1
    outer loop
      vertex 102 0 0
      vertex 98.4177 3.82667 0
      vertex 98.7063 3.76925 0
    endloop
  endfacet
  facet normal 0 0 -1
    outer loop
      vertex 102 0 0
      vertex 98.139 3.92127 0
      vertex 98.4177 3.82667 0
    endloop
  endfacet
  facet normal 0 0 -1
    outer loop
      vertex 102 0 0
      vertex 97.875 4.05144 0
      vertex 98.139 3.92127 0
    endloop
  endfacet
  facet normal 0 0 -1
    outer loop
      vertex 102 0 0
      vertex 97.6303 4.21495 0
      vertex 97.875 4.05144 0
    endloop
  endfacet
  facet normal 0 0 -1
    outer loop
      vertex 61 16.75 0
      vertex 97.6303 4.21495 0
      vertex 102 0 0
    endloop
  endfacet
  facet normal -0 0 -1
    outer loop
      vertex 97.409 34.409 0
      vertex 84.9354 23.2524 0
      vertex 97.215 34.6303 0
    endloop
  endfacet
  facet normal 0 0 -1
    outer loop
      vertex 82.4829 17.3317 0
      vertex 96.75 6 0
      vertex 96.7692 5.70632 0
    endloop
  endfacet
  facet normal 0 0 -1
    outer loop
      vertex 82 17.3 0
      vertex 96.7692 5.70632 0
      vertex 96.8267 5.41766 0
    endloop
  endfacet
  facet normal 0 0 -1
    outer loop
      vertex 81.5171 17.3317 0
      vertex 96.8267 5.41766 0
      vertex 96.9213 5.13896 0
    endloop
  endfacet
  facet normal 0 0 -1
    outer loop
      vertex 81.0424 17.4261 0
      vertex 96.9213 5.13896 0
      vertex 97.0514 4.875 0
    endloop
  endfacet
  facet normal 0 0 -1
    outer loop
      vertex 61 16.75 0
      vertex 97.0514 4.875 0
      vertex 97.215 4.63029 0
    endloop
  endfacet
  facet normal 0 0 -1
    outer loop
      vertex 98.7063 8.23075 0
      vertex 85.6683 20.5171 0
      vertex 85.7 21 0
    endloop
  endfacet
  facet normal 0 0 -1
    outer loop
      vertex 98.4177 8.17333 0
      vertex 85.5739 20.0424 0
      vertex 85.6683 20.5171 0
    endloop
  endfacet
  facet normal 0 0 -1
    outer loop
      vertex 98.139 8.07873 0
      vertex 85.4184 19.5841 0
      vertex 85.5739 20.0424 0
    endloop
  endfacet
  facet normal 0 0 -1
    outer loop
      vertex 97.875 7.94856 0
      vertex 85.2043 19.15 0
      vertex 85.4184 19.5841 0
    endloop
  endfacet
  facet normal 0 0 -1
    outer loop
      vertex 97.6303 7.78504 0
      vertex 84.9354 18.7476 0
      vertex 85.2043 19.15 0
    endloop
  endfacet
  facet normal 0 0 -1
    outer loop
      vertex 97.215 7.36971 0
      vertex 84.6163 18.3837 0
      vertex 84.9354 18.7476 0
    endloop
  endfacet
  facet normal 0 0 -1
    outer loop
      vertex 61 16.75 0
      vertex 97.215 4.63029 0
      vertex 97.409 4.40901 0
    endloop
  endfacet
  facet normal 0 0 -1
    outer loop
      vertex 97.0514 7.125 0
      vertex 84.2524 18.0646 0
      vertex 84.6163 18.3837 0
    endloop
  endfacet
  facet normal 0 0 -1
    outer loop
      vertex 96.9213 6.86104 0
      vertex 83.85 17.7957 0
      vertex 84.2524 18.0646 0
    endloop
  endfacet
  facet normal 0 0 -1
    outer loop
      vertex 96.8267 6.58234 0
      vertex 83.4159 17.5816 0
      vertex 83.85 17.7957 0
    endloop
  endfacet
  facet normal 0 0 -1
    outer loop
      vertex 97.6303 4.21495 0
      vertex 61 16.75 0
      vertex 97.409 4.40901 0
    endloop
  endfacet
  facet normal 0 0 -1
    outer loop
      vertex 96.7692 6.29368 0
      vertex 82.9576 17.4261 0
      vertex 83.4159 17.5816 0
    endloop
  endfacet
  facet normal 0 0 -1
    outer loop
      vertex 96.75 6 0
      vertex 82.4829 17.3317 0
      vertex 82.9576 17.4261 0
    endloop
  endfacet
  facet normal 0 0 -1
    outer loop
      vertex 96.7692 5.70632 0
      vertex 82 17.3 0
      vertex 82.4829 17.3317 0
    endloop
  endfacet
  facet normal 0 0 -1
    outer loop
      vertex 96.8267 5.41766 0
      vertex 81.5171 17.3317 0
      vertex 82 17.3 0
    endloop
  endfacet
  facet normal 0 0 -1
    outer loop
      vertex 96.9213 5.13896 0
      vertex 81.0424 17.4261 0
      vertex 81.5171 17.3317 0
    endloop
  endfacet
  facet normal 0 0 -1
    outer loop
      vertex 97.0514 4.875 0
      vertex 61 16.75 0
      vertex 81.0424 17.4261 0
    endloop
  endfacet
  facet normal -0 0 -1
    outer loop
      vertex 81.0424 17.4261 0
      vertex 61 16.75 0
      vertex 80.5841 17.5816 0
    endloop
  endfacet
  facet normal -0 0 -1
    outer loop
      vertex 80.5841 17.5816 0
      vertex 61 16.75 0
      vertex 80.15 17.7957 0
    endloop
  endfacet
  facet normal -0 0 -1
    outer loop
      vertex 78.3316 20.5171 0
      vertex 61 16.75 0
      vertex 78.3 21 0
    endloop
  endfacet
  facet normal -0 0 -1
    outer loop
      vertex 78.4261 20.0424 0
      vertex 61 16.75 0
      vertex 78.3316 20.5171 0
    endloop
  endfacet
  facet normal -0 0 -1
    outer loop
      vertex 78.5816 19.5841 0
      vertex 61 16.75 0
      vertex 78.4261 20.0424 0
    endloop
  endfacet
  facet normal -0 0 -1
    outer loop
      vertex 78.7957 19.15 0
      vertex 61 16.75 0
      vertex 78.5816 19.5841 0
    endloop
  endfacet
  facet normal -0 0 -1
    outer loop
      vertex 79.0646 18.7476 0
      vertex 61 16.75 0
      vertex 78.7957 19.15 0
    endloop
  endfacet
  facet normal -0 0 -1
    outer loop
      vertex 79.3837 18.3837 0
      vertex 61 16.75 0
      vertex 79.0646 18.7476 0
    endloop
  endfacet
  facet normal -0 0 -1
    outer loop
      vertex 79.7476 18.0646 0
      vertex 61 16.75 0
      vertex 79.3837 18.3837 0
    endloop
  endfacet
  facet normal -0 0 -1
    outer loop
      vertex 80.15 17.7957 0
      vertex 61 16.75 0
      vertex 79.7476 18.0646 0
    endloop
  endfacet
  facet normal 0 0 -1
    outer loop
      vertex 3 0 0
      vertex 61 16.75 0
      vertex 102 0 0
    endloop
  endfacet
  facet normal 0 0 -1
    outer loop
      vertex 8.23075 6.29368 0
      vertex 35 16.75 0
      vertex 8.25 6 0
    endloop
  endfacet
  facet normal -0 0 -1
    outer loop
      vertex 61 16.75 0
      vertex 3 0 0
      vertex 35 16.75 0
    endloop
  endfacet
  facet normal 0 0 -1
    outer loop
      vertex 35 16.75 0
      vertex 8.23075 5.70632 0
      vertex 8.25 6 0
    endloop
  endfacet
  facet normal 0 0 -1
    outer loop
      vertex 35 16.75 0
      vertex 8.17333 5.41766 0
      vertex 8.23075 5.70632 0
    endloop
  endfacet
  facet normal 0 0 -1
    outer loop
      vertex 35 16.75 0
      vertex 8.07873 5.13896 0
      vertex 8.17333 5.41766 0
    endloop
  endfacet
  facet normal 0 0 -1
    outer loop
      vertex 35 16.75 0
      vertex 7.94856 4.875 0
      vertex 8.07873 5.13896 0
    endloop
  endfacet
  facet normal 0 0 -1
    outer loop
      vertex 35 16.75 0
      vertex 7.78504 4.63029 0
      vertex 7.94856 4.875 0
    endloop
  endfacet
  facet normal 0 0 -1
    outer loop
      vertex 35 16.75 0
      vertex 7.59099 4.40901 0
      vertex 7.78504 4.63029 0
    endloop
  endfacet
  facet normal 0 0 -1
    outer loop
      vertex 35 16.75 0
      vertex 7.36971 4.21495 0
      vertex 7.59099 4.40901 0
    endloop
  endfacet
  facet normal 0 0 -1
    outer loop
      vertex 35 16.75 0
      vertex 3 0 0
      vertex 7.36971 4.21495 0
    endloop
  endfacet
  facet normal 0 0 -1
    outer loop
      vertex 7.36971 4.21495 0
      vertex 3 0 0
      vertex 7.125 4.05144 0
    endloop
  endfacet
  facet normal 0 0 -1
    outer loop
      vertex 7.125 4.05144 0
      vertex 3 0 0
      vertex 6.86104 3.92127 0
    endloop
  endfacet
  facet normal 0 0 -1
    outer loop
      vertex 6.86104 3.92127 0
      vertex 3 0 0
      vertex 6.58234 3.82667 0
    endloop
  endfacet
  facet normal 0 0 -1
    outer loop
      vertex 6.58234 3.82667 0
      vertex 3 0 0
      vertex 6.29368 3.76925 0
    endloop
  endfacet
  facet normal -0 0 -1
    outer loop
      vertex 3.76925 5.70632 0
      vertex 0 3 0
      vertex 3.75 6 0
    endloop
  endfacet
  facet normal -0 0 -1
    outer loop
      vertex 3.82667 5.41766 0
      vertex 0 3 0
      vertex 3.76925 5.70632 0
    endloop
  endfacet
  facet normal -0 0 -1
    outer loop
      vertex 3.92127 5.13896 0
      vertex 0 3 0
      vertex 3.82667 5.41766 0
    endloop
  endfacet
  facet normal -0 0 -1
    outer loop
      vertex 4.05144 4.875 0
      vertex 0 3 0
      vertex 3.92127 5.13896 0
    endloop
  endfacet
  facet normal -0 0 -1
    outer loop
      vertex 4.21495 4.63029 0
      vertex 0 3 0
      vertex 4.05144 4.875 0
    endloop
  endfacet
  facet normal -0 0 -1
    outer loop
      vertex 4.40901 4.40901 0
      vertex 0 3 0
      vertex 4.21495 4.63029 0
    endloop
  endfacet
  facet normal 0 0 -1
    outer loop
      vertex 0 3 0
      vertex 4.40901 4.40901 0
      vertex 3 0 0
    endloop
  endfacet
  facet normal -0 0 -1
    outer loop
      vertex 4.63029 4.21495 0
      vertex 3 0 0
      vertex 4.40901 4.40901 0
    endloop
  endfacet
  facet normal -0 0 -1
    outer loop
      vertex 4.875 4.05144 0
      vertex 3 0 0
      vertex 4.63029 4.21495 0
    endloop
  endfacet
  facet normal -0 0 -1
    outer loop
      vertex 5.13896 3.92127 0
      vertex 3 0 0
      vertex 4.875 4.05144 0
    endloop
  endfacet
  facet normal -0 0 -1
    outer loop
      vertex 5.41766 3.82667 0
      vertex 3 0 0
      vertex 5.13896 3.92127 0
    endloop
  endfacet
  facet normal -0 0 -1
    outer loop
      vertex 5.70632 3.76925 0
      vertex 3 0 0
      vertex 5.41766 3.82667 0
    endloop
  endfacet
  facet normal -0 0 -1
    outer loop
      vertex 6 3.75 0
      vertex 3 0 0
      vertex 5.70632 3.76925 0
    endloop
  endfacet
  facet normal 0 0 -1
    outer loop
      vertex 6.29368 3.76925 0
      vertex 3 0 0
      vertex 6 3.75 0
    endloop
  endfacet
  facet normal -0 0 -1
    outer loop
      vertex 104.38 40.8263 0
      vertex 100.591 37.591 0
      vertex 104.121 41.1213 0
    endloop
  endfacet
  facet normal -0 0 -1
    outer loop
      vertex 104.121 41.1213 0
      vertex 100.591 37.591 0
      vertex 103.826 41.3801 0
    endloop
  endfacet
  facet normal -0 0 -1
    outer loop
      vertex 103.826 41.3801 0
      vertex 100.591 37.591 0
      vertex 103.5 41.5981 0
    endloop
  endfacet
  facet normal -0 0 -1
    outer loop
      vertex 103.5 41.5981 0
      vertex 100.591 37.591 0
      vertex 103.148 41.7716 0
    endloop
  endfacet
  facet normal -0 0 -1
    outer loop
      vertex 103.148 41.7716 0
      vertex 100.591 37.591 0
      vertex 102.776 41.8978 0
    endloop
  endfacet
  facet normal -0 0 -1
    outer loop
      vertex 102.776 41.8978 0
      vertex 100.591 37.591 0
      vertex 102.392 41.9743 0
    endloop
  endfacet
  facet normal 0 0 -1
    outer loop
      vertex 100.37 37.785 0
      vertex 102.392 41.9743 0
      vertex 100.591 37.591 0
    endloop
  endfacet
  facet normal -0 0 -1
    outer loop
      vertex 102.392 41.9743 0
      vertex 100.37 37.785 0
      vertex 102 42 0
    endloop
  endfacet
  facet normal 0 0 -1
    outer loop
      vertex 100.125 37.9486 0
      vertex 102 42 0
      vertex 100.37 37.785 0
    endloop
  endfacet
  facet normal 0 0 -1
    outer loop
      vertex 99.861 38.0787 0
      vertex 102 42 0
      vertex 100.125 37.9486 0
    endloop
  endfacet
  facet normal 0 0 -1
    outer loop
      vertex 99.5823 38.1733 0
      vertex 102 42 0
      vertex 99.861 38.0787 0
    endloop
  endfacet
  facet normal 0 0 -1
    outer loop
      vertex 99.2937 38.2308 0
      vertex 102 42 0
      vertex 99.5823 38.1733 0
    endloop
  endfacet
  facet normal 0 0 -1
    outer loop
      vertex 99 38.25 0
      vertex 102 42 0
      vertex 99.2937 38.2308 0
    endloop
  endfacet
  facet normal 0 0 -1
    outer loop
      vertex 98.7063 38.2308 0
      vertex 102 42 0
      vertex 99 38.25 0
    endloop
  endfacet
  facet normal 0 0 -1
    outer loop
      vertex 98.4177 38.1733 0
      vertex 102 42 0
      vertex 98.7063 38.2308 0
    endloop
  endfacet
  facet normal 0 0 -1
    outer loop
      vertex 98.139 38.0787 0
      vertex 102 42 0
      vertex 98.4177 38.1733 0
    endloop
  endfacet
  facet normal 0 0 -1
    outer loop
      vertex 97.875 37.9486 0
      vertex 102 42 0
      vertex 98.139 38.0787 0
    endloop
  endfacet
  facet normal 0 0 -1
    outer loop
      vertex 97.6303 37.785 0
      vertex 102 42 0
      vertex 97.875 37.9486 0
    endloop
  endfacet
  facet normal 0 0 -1
    outer loop
      vertex 61 25.25 0
      vertex 97.6303 37.785 0
      vertex 97.409 37.591 0
    endloop
  endfacet
  facet normal 0 0 -1
    outer loop
      vertex 84.6163 23.6163 0
      vertex 97.215 34.6303 0
      vertex 84.9354 23.2524 0
    endloop
  endfacet
  facet normal -0 0 -1
    outer loop
      vertex 97.215 34.6303 0
      vertex 84.6163 23.6163 0
      vertex 97.0514 34.875 0
    endloop
  endfacet
  facet normal 0 0 -1
    outer loop
      vertex 84.2524 23.9354 0
      vertex 97.0514 34.875 0
      vertex 84.6163 23.6163 0
    endloop
  endfacet
  facet normal -0 0 -1
    outer loop
      vertex 97.0514 34.875 0
      vertex 84.2524 23.9354 0
      vertex 96.9213 35.139 0
    endloop
  endfacet
  facet normal 0 0 -1
    outer loop
      vertex 83.85 24.2043 0
      vertex 96.9213 35.139 0
      vertex 84.2524 23.9354 0
    endloop
  endfacet
  facet normal -0 0 -1
    outer loop
      vertex 96.9213 35.139 0
      vertex 83.85 24.2043 0
      vertex 96.8267 35.4177 0
    endloop
  endfacet
  facet normal 0 0 -1
    outer loop
      vertex 83.4159 24.4184 0
      vertex 96.8267 35.4177 0
      vertex 83.85 24.2043 0
    endloop
  endfacet
  facet normal -0 0 -1
    outer loop
      vertex 96.8267 35.4177 0
      vertex 83.4159 24.4184 0
      vertex 96.7692 35.7063 0
    endloop
  endfacet
  facet normal 0 0 -1
    outer loop
      vertex 82.9576 24.5739 0
      vertex 96.7692 35.7063 0
      vertex 83.4159 24.4184 0
    endloop
  endfacet
  facet normal -0 0 -1
    outer loop
      vertex 96.7692 35.7063 0
      vertex 82.9576 24.5739 0
      vertex 96.75 36 0
    endloop
  endfacet
  facet normal 0 0 -1
    outer loop
      vertex 82.4829 24.6683 0
      vertex 96.75 36 0
      vertex 82.9576 24.5739 0
    endloop
  endfacet
  facet normal -0 0 -1
    outer loop
      vertex 96.75 36 0
      vertex 82.4829 24.6683 0
      vertex 96.7692 36.2937 0
    endloop
  endfacet
  facet normal 0 0 -1
    outer loop
      vertex 82 24.7 0
      vertex 96.7692 36.2937 0
      vertex 82.4829 24.6683 0
    endloop
  endfacet
  facet normal -0 0 -1
    outer loop
      vertex 96.7692 36.2937 0
      vertex 82 24.7 0
      vertex 96.8267 36.5823 0
    endloop
  endfacet
  facet normal 0 0 -1
    outer loop
      vertex 81.5171 24.6683 0
      vertex 96.8267 36.5823 0
      vertex 82 24.7 0
    endloop
  endfacet
  facet normal -0 0 -1
    outer loop
      vertex 96.8267 36.5823 0
      vertex 81.5171 24.6683 0
      vertex 96.9213 36.861 0
    endloop
  endfacet
  facet normal 0 0 -1
    outer loop
      vertex 81.0424 24.5739 0
      vertex 96.9213 36.861 0
      vertex 81.5171 24.6683 0
    endloop
  endfacet
  facet normal -0 0 -1
    outer loop
      vertex 96.9213 36.861 0
      vertex 81.0424 24.5739 0
      vertex 97.0514 37.125 0
    endloop
  endfacet
  facet normal 0 0 -1
    outer loop
      vertex 61 25.25 0
      vertex 97.0514 37.125 0
      vertex 81.0424 24.5739 0
    endloop
  endfacet
  facet normal -0 0 -1
    outer loop
      vertex 97.0514 37.125 0
      vertex 61 25.25 0
      vertex 97.215 37.3697 0
    endloop
  endfacet
  facet normal -0 0 -1
    outer loop
      vertex 97.215 37.3697 0
      vertex 61 25.25 0
      vertex 97.409 37.591 0
    endloop
  endfacet
  facet normal 0 0 -1
    outer loop
      vertex 61 25.25 0
      vertex 81.0424 24.5739 0
      vertex 80.5841 24.4184 0
    endloop
  endfacet
  facet normal 0 0 -1
    outer loop
      vertex 61 25.25 0
      vertex 80.5841 24.4184 0
      vertex 80.15 24.2043 0
    endloop
  endfacet
  facet normal 0 0 -1
    outer loop
      vertex 61 25.25 0
      vertex 80.15 24.2043 0
      vertex 79.7476 23.9354 0
    endloop
  endfacet
  facet normal 0 0 -1
    outer loop
      vertex 61 25.25 0
      vertex 78.3 21 0
      vertex 61 16.75 0
    endloop
  endfacet
  facet normal 0 0 -1
    outer loop
      vertex 78.3 21 0
      vertex 61 25.25 0
      vertex 78.3316 21.4829 0
    endloop
  endfacet
  facet normal 0 0 -1
    outer loop
      vertex 78.3316 21.4829 0
      vertex 61 25.25 0
      vertex 78.4261 21.9576 0
    endloop
  endfacet
  facet normal 0 0 -1
    outer loop
      vertex 78.4261 21.9576 0
      vertex 61 25.25 0
      vertex 78.5816 22.4159 0
    endloop
  endfacet
  facet normal 0 0 -1
    outer loop
      vertex 78.5816 22.4159 0
      vertex 61 25.25 0
      vertex 78.7957 22.85 0
    endloop
  endfacet
  facet normal 0 0 -1
    outer loop
      vertex 78.7957 22.85 0
      vertex 61 25.25 0
      vertex 79.0646 23.2524 0
    endloop
  endfacet
  facet normal 0 0 -1
    outer loop
      vertex 79.0646 23.2524 0
      vertex 61 25.25 0
      vertex 79.3837 23.6163 0
    endloop
  endfacet
  facet normal 0 0 -1
    outer loop
      vertex 79.3837 23.6163 0
      vertex 61 25.25 0
      vertex 79.7476 23.9354 0
    endloop
  endfacet
  facet normal -0 0 -1
    outer loop
      vertex 97.6303 37.785 0
      vertex 61 25.25 0
      vertex 102 42 0
    endloop
  endfacet
  facet normal 0 0 -1
    outer loop
      vertex 3 42 0
      vertex 61 25.25 0
      vertex 35 25.25 0
    endloop
  endfacet
  facet normal 0 0 -1
    outer loop
      vertex 8.17333 6.58234 0
      vertex 35 16.75 0
      vertex 8.23075 6.29368 0
    endloop
  endfacet
  facet normal 0 0 -1
    outer loop
      vertex 8.23075 36.2937 0
      vertex 35 25.25 0
      vertex 8.25 36 0
    endloop
  endfacet
  facet normal 0 0 -1
    outer loop
      vertex 8.17333 36.5823 0
      vertex 35 25.25 0
      vertex 8.23075 36.2937 0
    endloop
  endfacet
  facet normal 0 0 -1
    outer loop
      vertex 8.07873 36.861 0
      vertex 35 25.25 0
      vertex 8.17333 36.5823 0
    endloop
  endfacet
  facet normal 0 0 -1
    outer loop
      vertex 7.94856 37.125 0
      vertex 35 25.25 0
      vertex 8.07873 36.861 0
    endloop
  endfacet
  facet normal 0 0 -1
    outer loop
      vertex 7.78504 37.3697 0
      vertex 35 25.25 0
      vertex 7.94856 37.125 0
    endloop
  endfacet
  facet normal 0 0 -1
    outer loop
      vertex 7.59099 37.591 0
      vertex 35 25.25 0
      vertex 7.78504 37.3697 0
    endloop
  endfacet
  facet normal 0 0 -1
    outer loop
      vertex 7.36971 37.785 0
      vertex 35 25.25 0
      vertex 7.59099 37.591 0
    endloop
  endfacet
  facet normal 0 0 -1
    outer loop
      vertex 3 42 0
      vertex 35 25.25 0
      vertex 7.36971 37.785 0
    endloop
  endfacet
  facet normal 0 0 -1
    outer loop
      vertex 3 42 0
      vertex 7.36971 37.785 0
      vertex 7.125 37.9486 0
    endloop
  endfacet
  facet normal 0 0 -1
    outer loop
      vertex 3 42 0
      vertex 7.125 37.9486 0
      vertex 6.86104 38.0787 0
    endloop
  endfacet
  facet normal 0 0 -1
    outer loop
      vertex 3 42 0
      vertex 6.86104 38.0787 0
      vertex 6.58234 38.1733 0
    endloop
  endfacet
  facet normal 0 0 -1
    outer loop
      vertex 3 42 0
      vertex 6.58234 38.1733 0
      vertex 6.29368 38.2308 0
    endloop
  endfacet
  facet normal 0 0 -1
    outer loop
      vertex 3 42 0
      vertex 6.29368 38.2308 0
      vertex 6 38.25 0
    endloop
  endfacet
  facet normal 0 0 -1
    outer loop
      vertex 61 25.25 0
      vertex 3 42 0
      vertex 102 42 0
    endloop
  endfacet
  facet normal 0 0 -1
    outer loop
      vertex 5.70632 38.2308 0
      vertex 3 42 0
      vertex 6 38.25 0
    endloop
  endfacet
  facet normal 0 0 -1
    outer loop
      vertex 5.41766 38.1733 0
      vertex 3 42 0
      vertex 5.70632 38.2308 0
    endloop
  endfacet
  facet normal 0 0 -1
    outer loop
      vertex 5.13896 38.0787 0
      vertex 3 42 0
      vertex 5.41766 38.1733 0
    endloop
  endfacet
  facet normal 0 0 -1
    outer loop
      vertex 4.875 37.9486 0
      vertex 3 42 0
      vertex 5.13896 38.0787 0
    endloop
  endfacet
  facet normal 0 0 -1
    outer loop
      vertex 4.63029 37.785 0
      vertex 3 42 0
      vertex 4.875 37.9486 0
    endloop
  endfacet
  facet normal 0 0 -1
    outer loop
      vertex 2.60843 41.9743 0
      vertex 4.63029 37.785 0
      vertex 4.40901 37.591 0
    endloop
  endfacet
  facet normal 0 0 -1
    outer loop
      vertex 0.102219 39.7765 0
      vertex 4.40901 37.591 0
      vertex 4.21495 37.3697 0
    endloop
  endfacet
  facet normal 0 0 -1
    outer loop
      vertex 0 39 0
      vertex 4.21495 37.3697 0
      vertex 4.05144 37.125 0
    endloop
  endfacet
  facet normal 0 0 -1
    outer loop
      vertex 0 39 0
      vertex 4.05144 37.125 0
      vertex 3.92127 36.861 0
    endloop
  endfacet
  facet normal 0 0 -1
    outer loop
      vertex 0 39 0
      vertex 3.92127 36.861 0
      vertex 3.82667 36.5823 0
    endloop
  endfacet
  facet normal 0 0 -1
    outer loop
      vertex 0 39 0
      vertex 3.82667 36.5823 0
      vertex 3.76925 36.2937 0
    endloop
  endfacet
  facet normal 0 0 -1
    outer loop
      vertex 0 39 0
      vertex 3.76925 36.2937 0
      vertex 3.75 36 0
    endloop
  endfacet
  facet normal 0 0 -1
    outer loop
      vertex 3.82667 35.4177 0
      vertex 0 39 0
      vertex 3.76925 35.7063 0
    endloop
  endfacet
  facet normal 0 0 -1
    outer loop
      vertex 0 3 0
      vertex 3 0 0
      vertex 2.60843 0.0256653 0
    endloop
  endfacet
  facet normal 0 0 -1
    outer loop
      vertex 3.76925 35.7063 0
      vertex 0 39 0
      vertex 3.75 36 0
    endloop
  endfacet
  facet normal 0 0 -1
    outer loop
      vertex 0 3 0
      vertex 2.60843 0.0256653 0
      vertex 2.22354 0.102219 0
    endloop
  endfacet
  facet normal 0 0 -1
    outer loop
      vertex 4.21495 37.3697 0
      vertex 0 39 0
      vertex 0.0256653 39.3916 0
    endloop
  endfacet
  facet normal 0 0 -1
    outer loop
      vertex 0 3 0
      vertex 2.22354 0.102219 0
      vertex 1.85194 0.228363 0
    endloop
  endfacet
  facet normal 0 0 -1
    outer loop
      vertex 4.63029 37.785 0
      vertex 2.60843 41.9743 0
      vertex 3 42 0
    endloop
  endfacet
  facet normal 0 0 -1
    outer loop
      vertex 0 3 0
      vertex 1.85194 0.228363 0
      vertex 1.5 0.401917 0
    endloop
  endfacet
  facet normal 0 0 -1
    outer loop
      vertex 4.40901 37.591 0
      vertex 2.22354 41.8978 0
      vertex 2.60843 41.9743 0
    endloop
  endfacet
  facet normal 0 0 -1
    outer loop
      vertex 0 3 0
      vertex 1.5 0.401917 0
      vertex 1.17372 0.619934 0
    endloop
  endfacet
  facet normal 0 0 -1
    outer loop
      vertex 4.40901 37.591 0
      vertex 1.85194 41.7716 0
      vertex 2.22354 41.8978 0
    endloop
  endfacet
  facet normal 0 0 -1
    outer loop
      vertex 0 3 0
      vertex 1.17372 0.619934 0
      vertex 0.878677 0.878677 0
    endloop
  endfacet
  facet normal 0 0 -1
    outer loop
      vertex 4.40901 37.591 0
      vertex 1.5 41.5981 0
      vertex 1.85194 41.7716 0
    endloop
  endfacet
  facet normal 0 0 -1
    outer loop
      vertex 0 3 0
      vertex 0.878677 0.878677 0
      vertex 0.619934 1.17372 0
    endloop
  endfacet
  facet normal 0 0 -1
    outer loop
      vertex 4.40901 37.591 0
      vertex 1.17372 41.3801 0
      vertex 1.5 41.5981 0
    endloop
  endfacet
  facet normal 0 0 -1
    outer loop
      vertex 0 3 0
      vertex 0.619934 1.17372 0
      vertex 0.401917 1.5 0
    endloop
  endfacet
  facet normal 0 0 -1
    outer loop
      vertex 4.40901 37.591 0
      vertex 0.878677 41.1213 0
      vertex 1.17372 41.3801 0
    endloop
  endfacet
  facet normal 0 0 -1
    outer loop
      vertex 0 3 0
      vertex 0.401917 1.5 0
      vertex 0.228363 1.85194 0
    endloop
  endfacet
  facet normal 0 0 -1
    outer loop
      vertex 4.40901 37.591 0
      vertex 0.619934 40.8263 0
      vertex 0.878677 41.1213 0
    endloop
  endfacet
  facet normal 0 0 -1
    outer loop
      vertex 0 3 0
      vertex 0.228363 1.85194 0
      vertex 0.102219 2.22354 0
    endloop
  endfacet
  facet normal 0 0 -1
    outer loop
      vertex 4.40901 37.591 0
      vertex 0.401917 40.5 0
      vertex 0.619934 40.8263 0
    endloop
  endfacet
  facet normal 0 0 -1
    outer loop
      vertex 0 3 0
      vertex 0.102219 2.22354 0
      vertex 0.0256653 2.60843 0
    endloop
  endfacet
  facet normal 0 0 -1
    outer loop
      vertex 4.40901 37.591 0
      vertex 0.228363 40.1481 0
      vertex 0.401917 40.5 0
    endloop
  endfacet
  facet normal 0 0 -1
    outer loop
      vertex 4.40901 37.591 0
      vertex 0.102219 39.7765 0
      vertex 0.228363 40.1481 0
    endloop
  endfacet
  facet normal 0 0 -1
    outer loop
      vertex 4.21495 37.3697 0
      vertex 0.0256653 39.3916 0
      vertex 0.102219 39.7765 0
    endloop
  endfacet
  facet normal 0.981057 -0.193719 0
    outer loop
      vertex 104.898 2.22354 2.4
      vertex 104.974 2.60843 0
      vertex 104.974 2.60843 2.4
    endloop
  endfacet
  facet normal 0.981057 -0.193719 0
    outer loop
      vertex 104.974 2.60843 0
      vertex 104.898 2.22354 2.4
      vertex 104.898 2.22354 0
    endloop
  endfacet
  facet normal -0.980784 -0.195097 0
    outer loop
      vertex 8.23075 6.29368 0
      vertex 8.17333 6.58234 2.4
      vertex 8.17333 6.58234 0
    endloop
  endfacet
  facet normal -0.980784 -0.195097 0
    outer loop
      vertex 8.17333 6.58234 2.4
      vertex 8.23075 6.29368 0
      vertex 8.23075 6.29368 2.4
    endloop
  endfacet
  facet normal -0.997859 -0.0654072 0
    outer loop
      vertex 8.25 6 0
      vertex 8.23075 6.29368 2.4
      vertex 8.23075 6.29368 0
    endloop
  endfacet
  facet normal -0.997859 -0.0654072 0
    outer loop
      vertex 8.23075 6.29368 2.4
      vertex 8.25 6 0
      vertex 8.25 6 2.4
    endloop
  endfacet
  facet normal -0.946936 -0.321421 0
    outer loop
      vertex 8.17333 6.58234 0
      vertex 8.07873 6.86104 2.4
      vertex 8.07873 6.86104 0
    endloop
  endfacet
  facet normal -0.946936 -0.321421 0
    outer loop
      vertex 8.07873 6.86104 2.4
      vertex 8.17333 6.58234 0
      vertex 8.17333 6.58234 2.4
    endloop
  endfacet
  facet normal 0.555594 -0.831454 0
    outer loop
      vertex 4.63029 7.78504 0
      vertex 4.875 7.94856 2.4
      vertex 4.63029 7.78504 2.4
    endloop
  endfacet
  facet normal 0.555594 -0.831454 0
    outer loop
      vertex 4.875 7.94856 2.4
      vertex 4.63029 7.78504 0
      vertex 4.875 7.94856 0
    endloop
  endfacet
  facet normal 0.321421 -0.946936 0
    outer loop
      vertex 5.13896 8.07873 0
      vertex 5.41766 8.17333 2.4
      vertex 5.13896 8.07873 2.4
    endloop
  endfacet
  facet normal 0.321421 -0.946936 0
    outer loop
      vertex 5.41766 8.17333 2.4
      vertex 5.13896 8.07873 0
      vertex 5.41766 8.17333 0
    endloop
  endfacet
  facet normal -0.659351 0.751835 0
    outer loop
      vertex 7.59099 4.40901 0
      vertex 7.36971 4.21495 2.4
      vertex 7.59099 4.40901 2.4
    endloop
  endfacet
  facet normal -0.659351 0.751835 0
    outer loop
      vertex 7.36971 4.21495 2.4
      vertex 7.59099 4.40901 0
      vertex 7.36971 4.21495 0
    endloop
  endfacet
  facet normal 0.321421 0.946936 -0
    outer loop
      vertex 5.41766 3.82667 0
      vertex 5.13896 3.92127 2.4
      vertex 5.41766 3.82667 2.4
    endloop
  endfacet
  facet normal 0.321421 0.946936 0
    outer loop
      vertex 5.13896 3.92127 2.4
      vertex 5.41766 3.82667 0
      vertex 5.13896 3.92127 0
    endloop
  endfacet
  facet normal -0.896874 -0.442287 0
    outer loop
      vertex 8.07873 6.86104 0
      vertex 7.94856 7.125 2.4
      vertex 7.94856 7.125 0
    endloop
  endfacet
  facet normal -0.896874 -0.442287 0
    outer loop
      vertex 7.94856 7.125 2.4
      vertex 8.07873 6.86104 0
      vertex 8.07873 6.86104 2.4
    endloop
  endfacet
  facet normal -0.442287 -0.896874 0
    outer loop
      vertex 6.86104 8.07873 0
      vertex 7.125 7.94856 2.4
      vertex 6.86104 8.07873 2.4
    endloop
  endfacet
  facet normal -0.442287 -0.896874 -0
    outer loop
      vertex 7.125 7.94856 2.4
      vertex 6.86104 8.07873 0
      vertex 7.125 7.94856 0
    endloop
  endfacet
  facet normal 0.980784 0.195097 0
    outer loop
      vertex 3.82667 5.41766 2.4
      vertex 3.76925 5.70632 0
      vertex 3.76925 5.70632 2.4
    endloop
  endfacet
  facet normal 0.980784 0.195097 0
    outer loop
      vertex 3.76925 5.70632 0
      vertex 3.82667 5.41766 2.4
      vertex 3.82667 5.41766 0
    endloop
  endfacet
  facet normal 0.751835 -0.659351 0
    outer loop
      vertex 4.21495 7.36971 2.4
      vertex 4.40901 7.59099 0
      vertex 4.40901 7.59099 2.4
    endloop
  endfacet
  facet normal 0.751835 -0.659351 0
    outer loop
      vertex 4.40901 7.59099 0
      vertex 4.21495 7.36971 2.4
      vertex 4.21495 7.36971 0
    endloop
  endfacet
  facet normal 0.442287 0.896874 -0
    outer loop
      vertex 5.13896 3.92127 0
      vertex 4.875 4.05144 2.4
      vertex 5.13896 3.92127 2.4
    endloop
  endfacet
  facet normal 0.442287 0.896874 0
    outer loop
      vertex 4.875 4.05144 2.4
      vertex 5.13896 3.92127 0
      vertex 4.875 4.05144 0
    endloop
  endfacet
  facet normal 0.751835 0.659351 0
    outer loop
      vertex 4.40901 4.40901 2.4
      vertex 4.21495 4.63029 0
      vertex 4.21495 4.63029 2.4
    endloop
  endfacet
  facet normal 0.751835 0.659351 0
    outer loop
      vertex 4.21495 4.63029 0
      vertex 4.40901 4.40901 2.4
      vertex 4.40901 4.40901 0
    endloop
  endfacet
  facet normal -0.321421 0.946936 0
    outer loop
      vertex 6.86104 3.92127 0
      vertex 6.58234 3.82667 2.4
      vertex 6.86104 3.92127 2.4
    endloop
  endfacet
  facet normal -0.321421 0.946936 0
    outer loop
      vertex 6.58234 3.82667 2.4
      vertex 6.86104 3.92127 0
      vertex 6.58234 3.82667 0
    endloop
  endfacet
  facet normal -0.980784 0.195097 0
    outer loop
      vertex 8.17333 5.41766 0
      vertex 8.23075 5.70632 2.4
      vertex 8.23075 5.70632 0
    endloop
  endfacet
  facet normal -0.980784 0.195097 0
    outer loop
      vertex 8.23075 5.70632 2.4
      vertex 8.17333 5.41766 0
      vertex 8.17333 5.41766 2.4
    endloop
  endfacet
  facet normal 0.83147 0.55557 0
    outer loop
      vertex 4.21495 4.63029 2.4
      vertex 4.05144 4.875 0
      vertex 4.05144 4.875 2.4
    endloop
  endfacet
  facet normal 0.83147 0.55557 0
    outer loop
      vertex 4.05144 4.875 0
      vertex 4.21495 4.63029 2.4
      vertex 4.21495 4.63029 0
    endloop
  endfacet
  facet normal 0.0654072 -0.997859 0
    outer loop
      vertex 5.70632 8.23075 0
      vertex 6 8.25 2.4
      vertex 5.70632 8.23075 2.4
    endloop
  endfacet
  facet normal 0.0654072 -0.997859 0
    outer loop
      vertex 6 8.25 2.4
      vertex 5.70632 8.23075 0
      vertex 6 8.25 0
    endloop
  endfacet
  facet normal 0.946936 0.321421 0
    outer loop
      vertex 3.92127 5.13896 2.4
      vertex 3.82667 5.41766 0
      vertex 3.82667 5.41766 2.4
    endloop
  endfacet
  facet normal 0.946936 0.321421 0
    outer loop
      vertex 3.82667 5.41766 0
      vertex 3.92127 5.13896 2.4
      vertex 3.92127 5.13896 0
    endloop
  endfacet
  facet normal 0.659351 0.751835 -0
    outer loop
      vertex 4.63029 4.21495 0
      vertex 4.40901 4.40901 2.4
      vertex 4.63029 4.21495 2.4
    endloop
  endfacet
  facet normal 0.659351 0.751835 0
    outer loop
      vertex 4.40901 4.40901 2.4
      vertex 4.63029 4.21495 0
      vertex 4.40901 4.40901 0
    endloop
  endfacet
  facet normal -0.555594 -0.831454 0
    outer loop
      vertex 7.125 7.94856 0
      vertex 7.36971 7.78504 2.4
      vertex 7.125 7.94856 2.4
    endloop
  endfacet
  facet normal -0.555594 -0.831454 -0
    outer loop
      vertex 7.36971 7.78504 2.4
      vertex 7.125 7.94856 0
      vertex 7.36971 7.78504 0
    endloop
  endfacet
  facet normal -0.946936 0.321421 0
    outer loop
      vertex 8.07873 5.13896 0
      vertex 8.17333 5.41766 2.4
      vertex 8.17333 5.41766 0
    endloop
  endfacet
  facet normal -0.946936 0.321421 0
    outer loop
      vertex 8.17333 5.41766 2.4
      vertex 8.07873 5.13896 0
      vertex 8.07873 5.13896 2.4
    endloop
  endfacet
  facet normal -0.442287 0.896874 0
    outer loop
      vertex 7.125 4.05144 0
      vertex 6.86104 3.92127 2.4
      vertex 7.125 4.05144 2.4
    endloop
  endfacet
  facet normal -0.442287 0.896874 0
    outer loop
      vertex 6.86104 3.92127 2.4
      vertex 7.125 4.05144 0
      vertex 6.86104 3.92127 0
    endloop
  endfacet
  facet normal 0.980784 -0.195097 0
    outer loop
      vertex 3.76925 6.29368 2.4
      vertex 3.82667 6.58234 0
      vertex 3.82667 6.58234 2.4
    endloop
  endfacet
  facet normal 0.980784 -0.195097 0
    outer loop
      vertex 3.82667 6.58234 0
      vertex 3.76925 6.29368 2.4
      vertex 3.76925 6.29368 0
    endloop
  endfacet
  facet normal -0.195097 0.980784 0
    outer loop
      vertex 6.58234 3.82667 0
      vertex 6.29368 3.76925 2.4
      vertex 6.58234 3.82667 2.4
    endloop
  endfacet
  facet normal -0.195097 0.980784 0
    outer loop
      vertex 6.29368 3.76925 2.4
      vertex 6.58234 3.82667 0
      vertex 6.29368 3.76925 0
    endloop
  endfacet
  facet normal 0.946936 -0.321421 0
    outer loop
      vertex 3.82667 6.58234 2.4
      vertex 3.92127 6.86104 0
      vertex 3.92127 6.86104 2.4
    endloop
  endfacet
  facet normal 0.946936 -0.321421 0
    outer loop
      vertex 3.92127 6.86104 0
      vertex 3.82667 6.58234 2.4
      vertex 3.82667 6.58234 0
    endloop
  endfacet
  facet normal 0.0654072 0.997859 -0
    outer loop
      vertex 6 3.75 0
      vertex 5.70632 3.76925 2.4
      vertex 6 3.75 2.4
    endloop
  endfacet
  facet normal 0.0654072 0.997859 0
    outer loop
      vertex 5.70632 3.76925 2.4
      vertex 6 3.75 0
      vertex 5.70632 3.76925 0
    endloop
  endfacet
  facet normal -0.831454 -0.555594 0
    outer loop
      vertex 7.94856 7.125 0
      vertex 7.78504 7.36971 2.4
      vertex 7.78504 7.36971 0
    endloop
  endfacet
  facet normal -0.831454 -0.555594 0
    outer loop
      vertex 7.78504 7.36971 2.4
      vertex 7.94856 7.125 0
      vertex 7.94856 7.125 2.4
    endloop
  endfacet
  facet normal -0.321421 -0.946936 0
    outer loop
      vertex 6.58234 8.17333 0
      vertex 6.86104 8.07873 2.4
      vertex 6.58234 8.17333 2.4
    endloop
  endfacet
  facet normal -0.321421 -0.946936 -0
    outer loop
      vertex 6.86104 8.07873 2.4
      vertex 6.58234 8.17333 0
      vertex 6.86104 8.07873 0
    endloop
  endfacet
  facet normal 0.195097 -0.980784 0
    outer loop
      vertex 5.41766 8.17333 0
      vertex 5.70632 8.23075 2.4
      vertex 5.41766 8.17333 2.4
    endloop
  endfacet
  facet normal 0.195097 -0.980784 0
    outer loop
      vertex 5.70632 8.23075 2.4
      vertex 5.41766 8.17333 0
      vertex 5.70632 8.23075 0
    endloop
  endfacet
  facet normal -0.751852 -0.659332 0
    outer loop
      vertex 7.78504 7.36971 0
      vertex 7.59099 7.59099 2.4
      vertex 7.59099 7.59099 0
    endloop
  endfacet
  facet normal -0.751852 -0.659332 0
    outer loop
      vertex 7.59099 7.59099 2.4
      vertex 7.78504 7.36971 0
      vertex 7.78504 7.36971 2.4
    endloop
  endfacet
  facet normal -0.997859 0.0654072 0
    outer loop
      vertex 8.23075 5.70632 0
      vertex 8.25 6 2.4
      vertex 8.25 6 0
    endloop
  endfacet
  facet normal -0.997859 0.0654072 0
    outer loop
      vertex 8.25 6 2.4
      vertex 8.23075 5.70632 0
      vertex 8.23075 5.70632 2.4
    endloop
  endfacet
  facet normal -0.659332 -0.751852 0
    outer loop
      vertex 7.36971 7.78504 0
      vertex 7.59099 7.59099 2.4
      vertex 7.36971 7.78504 2.4
    endloop
  endfacet
  facet normal -0.659332 -0.751852 -0
    outer loop
      vertex 7.59099 7.59099 2.4
      vertex 7.36971 7.78504 0
      vertex 7.59099 7.59099 0
    endloop
  endfacet
  facet normal -0.896874 0.442287 0
    outer loop
      vertex 7.94856 4.875 0
      vertex 8.07873 5.13896 2.4
      vertex 8.07873 5.13896 0
    endloop
  endfacet
  facet normal -0.896874 0.442287 0
    outer loop
      vertex 8.07873 5.13896 2.4
      vertex 7.94856 4.875 0
      vertex 7.94856 4.875 2.4
    endloop
  endfacet
  facet normal -0.55557 0.83147 0
    outer loop
      vertex 7.36971 4.21495 0
      vertex 7.125 4.05144 2.4
      vertex 7.36971 4.21495 2.4
    endloop
  endfacet
  facet normal -0.55557 0.83147 0
    outer loop
      vertex 7.125 4.05144 2.4
      vertex 7.36971 4.21495 0
      vertex 7.125 4.05144 0
    endloop
  endfacet
  facet normal 0.55557 0.83147 -0
    outer loop
      vertex 4.875 4.05144 0
      vertex 4.63029 4.21495 2.4
      vertex 4.875 4.05144 2.4
    endloop
  endfacet
  facet normal 0.55557 0.83147 0
    outer loop
      vertex 4.63029 4.21495 2.4
      vertex 4.875 4.05144 0
      vertex 4.63029 4.21495 0
    endloop
  endfacet
  facet normal 0.442287 -0.896874 0
    outer loop
      vertex 4.875 7.94856 0
      vertex 5.13896 8.07873 2.4
      vertex 4.875 7.94856 2.4
    endloop
  endfacet
  facet normal 0.442287 -0.896874 0
    outer loop
      vertex 5.13896 8.07873 2.4
      vertex 4.875 7.94856 0
      vertex 5.13896 8.07873 0
    endloop
  endfacet
  facet normal 0.83147 -0.55557 0
    outer loop
      vertex 4.05144 7.125 2.4
      vertex 4.21495 7.36971 0
      vertex 4.21495 7.36971 2.4
    endloop
  endfacet
  facet normal 0.83147 -0.55557 0
    outer loop
      vertex 4.21495 7.36971 0
      vertex 4.05144 7.125 2.4
      vertex 4.05144 7.125 0
    endloop
  endfacet
  facet normal 0.896874 -0.442287 0
    outer loop
      vertex 3.92127 6.86104 2.4
      vertex 4.05144 7.125 0
      vertex 4.05144 7.125 2.4
    endloop
  endfacet
  facet normal 0.896874 -0.442287 0
    outer loop
      vertex 4.05144 7.125 0
      vertex 3.92127 6.86104 2.4
      vertex 3.92127 6.86104 0
    endloop
  endfacet
  facet normal 0.896874 0.442287 0
    outer loop
      vertex 4.05144 4.875 2.4
      vertex 3.92127 5.13896 0
      vertex 3.92127 5.13896 2.4
    endloop
  endfacet
  facet normal 0.896874 0.442287 0
    outer loop
      vertex 3.92127 5.13896 0
      vertex 4.05144 4.875 2.4
      vertex 4.05144 4.875 0
    endloop
  endfacet
  facet normal -0.751852 0.659332 0
    outer loop
      vertex 7.59099 4.40901 0
      vertex 7.78504 4.63029 2.4
      vertex 7.78504 4.63029 0
    endloop
  endfacet
  facet normal -0.751852 0.659332 0
    outer loop
      vertex 7.78504 4.63029 2.4
      vertex 7.59099 4.40901 0
      vertex 7.59099 4.40901 2.4
    endloop
  endfacet
  facet normal -0.0654072 0.997859 0
    outer loop
      vertex 6.29368 3.76925 0
      vertex 6 3.75 2.4
      vertex 6.29368 3.76925 2.4
    endloop
  endfacet
  facet normal -0.0654072 0.997859 0
    outer loop
      vertex 6 3.75 2.4
      vertex 6.29368 3.76925 0
      vertex 6 3.75 0
    endloop
  endfacet
  facet normal 0.659332 -0.751852 0
    outer loop
      vertex 4.40901 7.59099 0
      vertex 4.63029 7.78504 2.4
      vertex 4.40901 7.59099 2.4
    endloop
  endfacet
  facet normal 0.659332 -0.751852 0
    outer loop
      vertex 4.63029 7.78504 2.4
      vertex 4.40901 7.59099 0
      vertex 4.63029 7.78504 0
    endloop
  endfacet
  facet normal 0.195097 0.980784 -0
    outer loop
      vertex 5.70632 3.76925 0
      vertex 5.41766 3.82667 2.4
      vertex 5.70632 3.76925 2.4
    endloop
  endfacet
  facet normal 0.195097 0.980784 0
    outer loop
      vertex 5.41766 3.82667 2.4
      vertex 5.70632 3.76925 0
      vertex 5.41766 3.82667 0
    endloop
  endfacet
  facet normal -0.831454 0.555594 0
    outer loop
      vertex 7.78504 4.63029 0
      vertex 7.94856 4.875 2.4
      vertex 7.94856 4.875 0
    endloop
  endfacet
  facet normal -0.831454 0.555594 0
    outer loop
      vertex 7.94856 4.875 2.4
      vertex 7.78504 4.63029 0
      vertex 7.78504 4.63029 2.4
    endloop
  endfacet
  facet normal -0.0654072 -0.997859 0
    outer loop
      vertex 6 8.25 0
      vertex 6.29368 8.23075 2.4
      vertex 6 8.25 2.4
    endloop
  endfacet
  facet normal -0.0654072 -0.997859 -0
    outer loop
      vertex 6.29368 8.23075 2.4
      vertex 6 8.25 0
      vertex 6.29368 8.23075 0
    endloop
  endfacet
  facet normal 0.997859 0.0654072 0
    outer loop
      vertex 3.76925 5.70632 2.4
      vertex 3.75 6 0
      vertex 3.75 6 2.4
    endloop
  endfacet
  facet normal 0.997859 0.0654072 0
    outer loop
      vertex 3.75 6 0
      vertex 3.76925 5.70632 2.4
      vertex 3.76925 5.70632 0
    endloop
  endfacet
  facet normal 0.997859 -0.0654072 0
    outer loop
      vertex 3.75 6 2.4
      vertex 3.76925 6.29368 0
      vertex 3.76925 6.29368 2.4
    endloop
  endfacet
  facet normal 0.997859 -0.0654072 0
    outer loop
      vertex 3.76925 6.29368 0
      vertex 3.75 6 2.4
      vertex 3.75 6 0
    endloop
  endfacet
  facet normal -0.195097 -0.980784 0
    outer loop
      vertex 6.29368 8.23075 0
      vertex 6.58234 8.17333 2.4
      vertex 6.29368 8.23075 2.4
    endloop
  endfacet
  facet normal -0.195097 -0.980784 -0
    outer loop
      vertex 6.58234 8.17333 2.4
      vertex 6.29368 8.23075 0
      vertex 6.58234 8.17333 0
    endloop
  endfacet
  facet normal -0.980776 -0.195136 0
    outer loop
      vertex 8.23075 36.2937 0
      vertex 8.17333 36.5823 2.4
      vertex 8.17333 36.5823 0
    endloop
  endfacet
  facet normal -0.980776 -0.195136 0
    outer loop
      vertex 8.17333 36.5823 2.4
      vertex 8.23075 36.2937 0
      vertex 8.23075 36.2937 2.4
    endloop
  endfacet
  facet normal -0.997859 -0.0654027 0
    outer loop
      vertex 8.25 36 0
      vertex 8.23075 36.2937 2.4
      vertex 8.23075 36.2937 0
    endloop
  endfacet
  facet normal -0.997859 -0.0654027 0
    outer loop
      vertex 8.23075 36.2937 2.4
      vertex 8.25 36 0
      vertex 8.25 36 2.4
    endloop
  endfacet
  facet normal -0.946936 -0.321421 0
    outer loop
      vertex 8.17333 36.5823 0
      vertex 8.07873 36.861 2.4
      vertex 8.07873 36.861 0
    endloop
  endfacet
  facet normal -0.946936 -0.321421 0
    outer loop
      vertex 8.07873 36.861 2.4
      vertex 8.17333 36.5823 0
      vertex 8.17333 36.5823 2.4
    endloop
  endfacet
  facet normal 0.555782 -0.831328 0
    outer loop
      vertex 4.63029 37.785 0
      vertex 4.875 37.9486 2.4
      vertex 4.63029 37.785 2.4
    endloop
  endfacet
  facet normal 0.555782 -0.831328 0
    outer loop
      vertex 4.875 37.9486 2.4
      vertex 4.63029 37.785 0
      vertex 4.875 37.9486 0
    endloop
  endfacet
  facet normal 0.321421 -0.946936 0
    outer loop
      vertex 5.13896 38.0787 0
      vertex 5.41766 38.1733 2.4
      vertex 5.13896 38.0787 2.4
    endloop
  endfacet
  facet normal 0.321421 -0.946936 0
    outer loop
      vertex 5.41766 38.1733 2.4
      vertex 5.13896 38.0787 0
      vertex 5.41766 38.1733 0
    endloop
  endfacet
  facet normal -0.659236 0.751936 0
    outer loop
      vertex 7.59099 34.409 0
      vertex 7.36971 34.215 2.4
      vertex 7.59099 34.409 2.4
    endloop
  endfacet
  facet normal -0.659236 0.751936 0
    outer loop
      vertex 7.36971 34.215 2.4
      vertex 7.59099 34.409 0
      vertex 7.36971 34.215 0
    endloop
  endfacet
  facet normal 0.321421 0.946936 -0
    outer loop
      vertex 5.41766 33.8267 0
      vertex 5.13896 33.9213 2.4
      vertex 5.41766 33.8267 2.4
    endloop
  endfacet
  facet normal 0.321421 0.946936 0
    outer loop
      vertex 5.13896 33.9213 2.4
      vertex 5.41766 33.8267 0
      vertex 5.13896 33.9213 0
    endloop
  endfacet
  facet normal -0.8969 -0.442233 0
    outer loop
      vertex 8.07873 36.861 0
      vertex 7.94856 37.125 2.4
      vertex 7.94856 37.125 0
    endloop
  endfacet
  facet normal -0.8969 -0.442233 0
    outer loop
      vertex 7.94856 37.125 2.4
      vertex 8.07873 36.861 0
      vertex 8.07873 36.861 2.4
    endloop
  endfacet
  facet normal -0.442096 -0.896968 0
    outer loop
      vertex 6.86104 38.0787 0
      vertex 7.125 37.9486 2.4
      vertex 6.86104 38.0787 2.4
    endloop
  endfacet
  facet normal -0.442096 -0.896968 -0
    outer loop
      vertex 7.125 37.9486 2.4
      vertex 6.86104 38.0787 0
      vertex 7.125 37.9486 0
    endloop
  endfacet
  facet normal 0.980776 0.195136 0
    outer loop
      vertex 3.82667 35.4177 2.4
      vertex 3.76925 35.7063 0
      vertex 3.76925 35.7063 2.4
    endloop
  endfacet
  facet normal 0.980776 0.195136 0
    outer loop
      vertex 3.76925 35.7063 0
      vertex 3.82667 35.4177 2.4
      vertex 3.82667 35.4177 0
    endloop
  endfacet
  facet normal 0.751865 -0.659317 0
    outer loop
      vertex 4.21495 37.3697 2.4
      vertex 4.40901 37.591 0
      vertex 4.40901 37.591 2.4
    endloop
  endfacet
  facet normal 0.751865 -0.659317 0
    outer loop
      vertex 4.40901 37.591 0
      vertex 4.21495 37.3697 2.4
      vertex 4.21495 37.3697 0
    endloop
  endfacet
  facet normal 0.442096 0.896968 -0
    outer loop
      vertex 5.13896 33.9213 0
      vertex 4.875 34.0514 2.4
      vertex 5.13896 33.9213 2.4
    endloop
  endfacet
  facet normal 0.442096 0.896968 0
    outer loop
      vertex 4.875 34.0514 2.4
      vertex 5.13896 33.9213 0
      vertex 4.875 34.0514 0
    endloop
  endfacet
  facet normal 0.751865 0.659317 0
    outer loop
      vertex 4.40901 34.409 2.4
      vertex 4.21495 34.6303 0
      vertex 4.21495 34.6303 2.4
    endloop
  endfacet
  facet normal 0.751865 0.659317 0
    outer loop
      vertex 4.21495 34.6303 0
      vertex 4.40901 34.409 2.4
      vertex 4.40901 34.409 0
    endloop
  endfacet
  facet normal -0.321421 0.946936 0
    outer loop
      vertex 6.86104 33.9213 0
      vertex 6.58234 33.8267 2.4
      vertex 6.86104 33.9213 2.4
    endloop
  endfacet
  facet normal -0.321421 0.946936 0
    outer loop
      vertex 6.58234 33.8267 2.4
      vertex 6.86104 33.9213 0
      vertex 6.58234 33.8267 0
    endloop
  endfacet
  facet normal -0.980776 0.195136 0
    outer loop
      vertex 8.17333 35.4177 0
      vertex 8.23075 35.7063 2.4
      vertex 8.23075 35.7063 0
    endloop
  endfacet
  facet normal -0.980776 0.195136 0
    outer loop
      vertex 8.23075 35.7063 2.4
      vertex 8.17333 35.4177 0
      vertex 8.17333 35.4177 2.4
    endloop
  endfacet
  facet normal 0.065238 -0.99787 0
    outer loop
      vertex 5.70632 38.2308 0
      vertex 6 38.25 2.4
      vertex 5.70632 38.2308 2.4
    endloop
  endfacet
  facet normal 0.065238 -0.99787 0
    outer loop
      vertex 6 38.25 2.4
      vertex 5.70632 38.2308 0
      vertex 6 38.25 0
    endloop
  endfacet
  facet normal 0.946936 0.321421 0
    outer loop
      vertex 3.92127 35.139 2.4
      vertex 3.82667 35.4177 0
      vertex 3.82667 35.4177 2.4
    endloop
  endfacet
  facet normal 0.946936 0.321421 0
    outer loop
      vertex 3.82667 35.4177 0
      vertex 3.92127 35.139 2.4
      vertex 3.92127 35.139 0
    endloop
  endfacet
  facet normal 0.659236 0.751936 -0
    outer loop
      vertex 4.63029 34.215 0
      vertex 4.40901 34.409 2.4
      vertex 4.63029 34.215 2.4
    endloop
  endfacet
  facet normal 0.659236 0.751936 0
    outer loop
      vertex 4.40901 34.409 2.4
      vertex 4.63029 34.215 0
      vertex 4.40901 34.409 0
    endloop
  endfacet
  facet normal -0.555782 -0.831328 0
    outer loop
      vertex 7.125 37.9486 0
      vertex 7.36971 37.785 2.4
      vertex 7.125 37.9486 2.4
    endloop
  endfacet
  facet normal -0.555782 -0.831328 -0
    outer loop
      vertex 7.36971 37.785 2.4
      vertex 7.125 37.9486 0
      vertex 7.36971 37.785 0
    endloop
  endfacet
  facet normal -0.946936 0.321421 0
    outer loop
      vertex 8.07873 35.139 0
      vertex 8.17333 35.4177 2.4
      vertex 8.17333 35.4177 0
    endloop
  endfacet
  facet normal -0.946936 0.321421 0
    outer loop
      vertex 8.17333 35.4177 2.4
      vertex 8.07873 35.139 0
      vertex 8.07873 35.139 2.4
    endloop
  endfacet
  facet normal -0.442096 0.896968 0
    outer loop
      vertex 7.125 34.0514 0
      vertex 6.86104 33.9213 2.4
      vertex 7.125 34.0514 2.4
    endloop
  endfacet
  facet normal -0.442096 0.896968 0
    outer loop
      vertex 6.86104 33.9213 2.4
      vertex 7.125 34.0514 0
      vertex 6.86104 33.9213 0
    endloop
  endfacet
  facet normal 0.980776 -0.195136 0
    outer loop
      vertex 3.76925 36.2937 2.4
      vertex 3.82667 36.5823 0
      vertex 3.82667 36.5823 2.4
    endloop
  endfacet
  facet normal 0.980776 -0.195136 0
    outer loop
      vertex 3.82667 36.5823 0
      vertex 3.76925 36.2937 2.4
      vertex 3.76925 36.2937 0
    endloop
  endfacet
  facet normal -0.195358 0.980732 0
    outer loop
      vertex 6.58234 33.8267 0
      vertex 6.29368 33.7692 2.4
      vertex 6.58234 33.8267 2.4
    endloop
  endfacet
  facet normal -0.195358 0.980732 0
    outer loop
      vertex 6.29368 33.7692 2.4
      vertex 6.58234 33.8267 0
      vertex 6.29368 33.7692 0
    endloop
  endfacet
  facet normal 0.831459 0.555586 0
    outer loop
      vertex 4.21495 34.6303 2.4
      vertex 4.05144 34.875 0
      vertex 4.05144 34.875 2.4
    endloop
  endfacet
  facet normal 0.831459 0.555586 0
    outer loop
      vertex 4.05144 34.875 0
      vertex 4.21495 34.6303 2.4
      vertex 4.21495 34.6303 0
    endloop
  endfacet
  facet normal 0.946936 -0.321421 0
    outer loop
      vertex 3.82667 36.5823 2.4
      vertex 3.92127 36.861 0
      vertex 3.92127 36.861 2.4
    endloop
  endfacet
  facet normal 0.946936 -0.321421 0
    outer loop
      vertex 3.92127 36.861 0
      vertex 3.82667 36.5823 2.4
      vertex 3.82667 36.5823 0
    endloop
  endfacet
  facet normal -0.831443 -0.555609 0
    outer loop
      vertex 7.94856 37.125 0
      vertex 7.78504 37.3697 2.4
      vertex 7.78504 37.3697 0
    endloop
  endfacet
  facet normal -0.831443 -0.555609 0
    outer loop
      vertex 7.78504 37.3697 2.4
      vertex 7.94856 37.125 0
      vertex 7.94856 37.125 2.4
    endloop
  endfacet
  facet normal -0.321421 -0.946936 0
    outer loop
      vertex 6.58234 38.1733 0
      vertex 6.86104 38.0787 2.4
      vertex 6.58234 38.1733 2.4
    endloop
  endfacet
  facet normal -0.321421 -0.946936 -0
    outer loop
      vertex 6.86104 38.0787 2.4
      vertex 6.58234 38.1733 0
      vertex 6.86104 38.0787 0
    endloop
  endfacet
  facet normal 0.195358 -0.980732 0
    outer loop
      vertex 5.41766 38.1733 0
      vertex 5.70632 38.2308 2.4
      vertex 5.41766 38.1733 2.4
    endloop
  endfacet
  facet normal 0.195358 -0.980732 0
    outer loop
      vertex 5.70632 38.2308 2.4
      vertex 5.41766 38.1733 0
      vertex 5.70632 38.2308 0
    endloop
  endfacet
  facet normal -0.751882 -0.659298 0
    outer loop
      vertex 7.78504 37.3697 0
      vertex 7.59099 37.591 2.4
      vertex 7.59099 37.591 0
    endloop
  endfacet
  facet normal -0.751882 -0.659298 0
    outer loop
      vertex 7.59099 37.591 2.4
      vertex 7.78504 37.3697 0
      vertex 7.78504 37.3697 2.4
    endloop
  endfacet
  facet normal -0.997859 0.0654027 0
    outer loop
      vertex 8.23075 35.7063 0
      vertex 8.25 36 2.4
      vertex 8.25 36 0
    endloop
  endfacet
  facet normal -0.997859 0.0654027 0
    outer loop
      vertex 8.25 36 2.4
      vertex 8.23075 35.7063 0
      vertex 8.23075 35.7063 2.4
    endloop
  endfacet
  facet normal -0.659236 -0.751936 0
    outer loop
      vertex 7.36971 37.785 0
      vertex 7.59099 37.591 2.4
      vertex 7.36971 37.785 2.4
    endloop
  endfacet
  facet normal -0.659236 -0.751936 -0
    outer loop
      vertex 7.59099 37.591 2.4
      vertex 7.36971 37.785 0
      vertex 7.59099 37.591 0
    endloop
  endfacet
  facet normal -0.8969 0.442233 0
    outer loop
      vertex 7.94856 34.875 0
      vertex 8.07873 35.139 2.4
      vertex 8.07873 35.139 0
    endloop
  endfacet
  facet normal -0.8969 0.442233 0
    outer loop
      vertex 8.07873 35.139 2.4
      vertex 7.94856 34.875 0
      vertex 7.94856 34.875 2.4
    endloop
  endfacet
  facet normal -0.555782 0.831328 0
    outer loop
      vertex 7.36971 34.215 0
      vertex 7.125 34.0514 2.4
      vertex 7.36971 34.215 2.4
    endloop
  endfacet
  facet normal -0.555782 0.831328 0
    outer loop
      vertex 7.125 34.0514 2.4
      vertex 7.36971 34.215 0
      vertex 7.125 34.0514 0
    endloop
  endfacet
  facet normal 0.555782 0.831328 -0
    outer loop
      vertex 4.875 34.0514 0
      vertex 4.63029 34.215 2.4
      vertex 4.875 34.0514 2.4
    endloop
  endfacet
  facet normal 0.555782 0.831328 0
    outer loop
      vertex 4.63029 34.215 2.4
      vertex 4.875 34.0514 0
      vertex 4.63029 34.215 0
    endloop
  endfacet
  facet normal 0.442096 -0.896968 0
    outer loop
      vertex 4.875 37.9486 0
      vertex 5.13896 38.0787 2.4
      vertex 4.875 37.9486 2.4
    endloop
  endfacet
  facet normal 0.442096 -0.896968 0
    outer loop
      vertex 5.13896 38.0787 2.4
      vertex 4.875 37.9486 0
      vertex 5.13896 38.0787 0
    endloop
  endfacet
  facet normal 0.8969 -0.442233 0
    outer loop
      vertex 3.92127 36.861 2.4
      vertex 4.05144 37.125 0
      vertex 4.05144 37.125 2.4
    endloop
  endfacet
  facet normal 0.8969 -0.442233 0
    outer loop
      vertex 4.05144 37.125 0
      vertex 3.92127 36.861 2.4
      vertex 3.92127 36.861 0
    endloop
  endfacet
  facet normal 0.8969 0.442233 0
    outer loop
      vertex 4.05144 34.875 2.4
      vertex 3.92127 35.139 0
      vertex 3.92127 35.139 2.4
    endloop
  endfacet
  facet normal 0.8969 0.442233 0
    outer loop
      vertex 3.92127 35.139 0
      vertex 4.05144 34.875 2.4
      vertex 4.05144 34.875 0
    endloop
  endfacet
  facet normal -0.751882 0.659298 0
    outer loop
      vertex 7.59099 34.409 0
      vertex 7.78504 34.6303 2.4
      vertex 7.78504 34.6303 0
    endloop
  endfacet
  facet normal -0.751882 0.659298 0
    outer loop
      vertex 7.78504 34.6303 2.4
      vertex 7.59099 34.409 0
      vertex 7.59099 34.409 2.4
    endloop
  endfacet
  facet normal -0.065238 0.99787 0
    outer loop
      vertex 6.29368 33.7692 0
      vertex 6 33.75 2.4
      vertex 6.29368 33.7692 2.4
    endloop
  endfacet
  facet normal -0.065238 0.99787 0
    outer loop
      vertex 6 33.75 2.4
      vertex 6.29368 33.7692 0
      vertex 6 33.75 0
    endloop
  endfacet
  facet normal 0.659236 -0.751936 0
    outer loop
      vertex 4.40901 37.591 0
      vertex 4.63029 37.785 2.4
      vertex 4.40901 37.591 2.4
    endloop
  endfacet
  facet normal 0.659236 -0.751936 0
    outer loop
      vertex 4.63029 37.785 2.4
      vertex 4.40901 37.591 0
      vertex 4.63029 37.785 0
    endloop
  endfacet
  facet normal 0.195358 0.980732 -0
    outer loop
      vertex 5.70632 33.7692 0
      vertex 5.41766 33.8267 2.4
      vertex 5.70632 33.7692 2.4
    endloop
  endfacet
  facet normal 0.195358 0.980732 0
    outer loop
      vertex 5.41766 33.8267 2.4
      vertex 5.70632 33.7692 0
      vertex 5.41766 33.8267 0
    endloop
  endfacet
  facet normal 0.831459 -0.555586 0
    outer loop
      vertex 4.05144 37.125 2.4
      vertex 4.21495 37.3697 0
      vertex 4.21495 37.3697 2.4
    endloop
  endfacet
  facet normal 0.831459 -0.555586 0
    outer loop
      vertex 4.21495 37.3697 0
      vertex 4.05144 37.125 2.4
      vertex 4.05144 37.125 0
    endloop
  endfacet
  facet normal -0.831443 0.555609 0
    outer loop
      vertex 7.78504 34.6303 0
      vertex 7.94856 34.875 2.4
      vertex 7.94856 34.875 0
    endloop
  endfacet
  facet normal -0.831443 0.555609 0
    outer loop
      vertex 7.94856 34.875 2.4
      vertex 7.78504 34.6303 0
      vertex 7.78504 34.6303 2.4
    endloop
  endfacet
  facet normal -0.065238 -0.99787 0
    outer loop
      vertex 6 38.25 0
      vertex 6.29368 38.2308 2.4
      vertex 6 38.25 2.4
    endloop
  endfacet
  facet normal -0.065238 -0.99787 -0
    outer loop
      vertex 6.29368 38.2308 2.4
      vertex 6 38.25 0
      vertex 6.29368 38.2308 0
    endloop
  endfacet
  facet normal -0.195358 -0.980732 0
    outer loop
      vertex 6.29368 38.2308 0
      vertex 6.58234 38.1733 2.4
      vertex 6.29368 38.2308 2.4
    endloop
  endfacet
  facet normal -0.195358 -0.980732 -0
    outer loop
      vertex 6.58234 38.1733 2.4
      vertex 6.29368 38.2308 0
      vertex 6.58234 38.1733 0
    endloop
  endfacet
  facet normal 0.997859 0.0654027 0
    outer loop
      vertex 3.76925 35.7063 2.4
      vertex 3.75 36 0
      vertex 3.75 36 2.4
    endloop
  endfacet
  facet normal 0.997859 0.0654027 0
    outer loop
      vertex 3.75 36 0
      vertex 3.76925 35.7063 2.4
      vertex 3.76925 35.7063 0
    endloop
  endfacet
  facet normal 0.997859 -0.0654027 0
    outer loop
      vertex 3.75 36 2.4
      vertex 3.76925 36.2937 0
      vertex 3.76925 36.2937 2.4
    endloop
  endfacet
  facet normal 0.997859 -0.0654027 0
    outer loop
      vertex 3.76925 36.2937 0
      vertex 3.75 36 2.4
      vertex 3.75 36 0
    endloop
  endfacet
  facet normal 0.065238 0.99787 -0
    outer loop
      vertex 6 33.75 0
      vertex 5.70632 33.7692 2.4
      vertex 6 33.75 2.4
    endloop
  endfacet
  facet normal 0.065238 0.99787 0
    outer loop
      vertex 5.70632 33.7692 2.4
      vertex 6 33.75 0
      vertex 5.70632 33.7692 0
    endloop
  endfacet
  facet normal -0.980405 -0.196991 0
    outer loop
      vertex 101.231 6.29368 0
      vertex 101.173 6.58234 2.4
      vertex 101.173 6.58234 0
    endloop
  endfacet
  facet normal -0.980405 -0.196991 0
    outer loop
      vertex 101.173 6.58234 2.4
      vertex 101.231 6.29368 0
      vertex 101.231 6.29368 2.4
    endloop
  endfacet
  facet normal -0.997914 -0.0645613 0
    outer loop
      vertex 101.25 6 0
      vertex 101.231 6.29368 2.4
      vertex 101.231 6.29368 0
    endloop
  endfacet
  facet normal -0.997914 -0.0645613 0
    outer loop
      vertex 101.231 6.29368 2.4
      vertex 101.25 6 0
      vertex 101.25 6 2.4
    endloop
  endfacet
  facet normal -0.947555 -0.319592 0
    outer loop
      vertex 101.173 6.58234 0
      vertex 101.079 6.86104 2.4
      vertex 101.079 6.86104 0
    endloop
  endfacet
  facet normal -0.947555 -0.319592 0
    outer loop
      vertex 101.079 6.86104 2.4
      vertex 101.173 6.58234 0
      vertex 101.173 6.58234 2.4
    endloop
  endfacet
  facet normal 0.555609 -0.831443 0
    outer loop
      vertex 97.6303 7.78504 0
      vertex 97.875 7.94856 2.4
      vertex 97.6303 7.78504 2.4
    endloop
  endfacet
  facet normal 0.555609 -0.831443 0
    outer loop
      vertex 97.875 7.94856 2.4
      vertex 97.6303 7.78504 0
      vertex 97.875 7.94856 0
    endloop
  endfacet
  facet normal 0.321421 -0.946936 0
    outer loop
      vertex 98.139 8.07873 0
      vertex 98.4177 8.17333 2.4
      vertex 98.139 8.07873 2.4
    endloop
  endfacet
  facet normal 0.321421 -0.946936 0
    outer loop
      vertex 98.4177 8.17333 2.4
      vertex 98.139 8.07873 0
      vertex 98.4177 8.17333 0
    endloop
  endfacet
  facet normal -0.659823 0.751421 0
    outer loop
      vertex 100.591 4.40901 0
      vertex 100.37 4.21495 2.4
      vertex 100.591 4.40901 2.4
    endloop
  endfacet
  facet normal -0.659823 0.751421 0
    outer loop
      vertex 100.37 4.21495 2.4
      vertex 100.591 4.40901 0
      vertex 100.37 4.21495 0
    endloop
  endfacet
  facet normal 0.321421 0.946936 -0
    outer loop
      vertex 98.4177 3.82667 0
      vertex 98.139 3.92127 2.4
      vertex 98.4177 3.82667 2.4
    endloop
  endfacet
  facet normal 0.321421 0.946936 0
    outer loop
      vertex 98.139 3.92127 2.4
      vertex 98.4177 3.82667 0
      vertex 98.139 3.92127 0
    endloop
  endfacet
  facet normal -0.897103 -0.441822 0
    outer loop
      vertex 101.079 6.86104 0
      vertex 100.949 7.125 2.4
      vertex 100.949 7.125 0
    endloop
  endfacet
  facet normal -0.897103 -0.441822 0
    outer loop
      vertex 100.949 7.125 2.4
      vertex 101.079 6.86104 0
      vertex 101.079 6.86104 2.4
    endloop
  endfacet
  facet normal -0.442233 -0.8969 0
    outer loop
      vertex 99.861 8.07873 0
      vertex 100.125 7.94856 2.4
      vertex 99.861 8.07873 2.4
    endloop
  endfacet
  facet normal -0.442233 -0.8969 -0
    outer loop
      vertex 100.125 7.94856 2.4
      vertex 99.861 8.07873 0
      vertex 100.125 7.94856 0
    endloop
  endfacet
  facet normal 0.980732 0.195358 0
    outer loop
      vertex 96.8267 5.41766 2.4
      vertex 96.7692 5.70632 0
      vertex 96.7692 5.70632 2.4
    endloop
  endfacet
  facet normal 0.980732 0.195358 0
    outer loop
      vertex 96.7692 5.70632 0
      vertex 96.8267 5.41766 2.4
      vertex 96.8267 5.41766 0
    endloop
  endfacet
  facet normal 0.751936 -0.659236 0
    outer loop
      vertex 97.215 7.36971 2.4
      vertex 97.409 7.59099 0
      vertex 97.409 7.59099 2.4
    endloop
  endfacet
  facet normal 0.751936 -0.659236 0
    outer loop
      vertex 97.409 7.59099 0
      vertex 97.215 7.36971 2.4
      vertex 97.215 7.36971 0
    endloop
  endfacet
  facet normal 0.442233 0.8969 -0
    outer loop
      vertex 98.139 3.92127 0
      vertex 97.875 4.05144 2.4
      vertex 98.139 3.92127 2.4
    endloop
  endfacet
  facet normal 0.442233 0.8969 0
    outer loop
      vertex 97.875 4.05144 2.4
      vertex 98.139 3.92127 0
      vertex 97.875 4.05144 0
    endloop
  endfacet
  facet normal 0.751936 0.659236 0
    outer loop
      vertex 97.409 4.40901 2.4
      vertex 97.215 4.63029 0
      vertex 97.215 4.63029 2.4
    endloop
  endfacet
  facet normal 0.751936 0.659236 0
    outer loop
      vertex 97.215 4.63029 0
      vertex 97.409 4.40901 2.4
      vertex 97.409 4.40901 0
    endloop
  endfacet
  facet normal -0.321421 0.946936 0
    outer loop
      vertex 99.861 3.92127 0
      vertex 99.5823 3.82667 2.4
      vertex 99.861 3.92127 2.4
    endloop
  endfacet
  facet normal -0.321421 0.946936 0
    outer loop
      vertex 99.5823 3.82667 2.4
      vertex 99.861 3.92127 0
      vertex 99.5823 3.82667 0
    endloop
  endfacet
  facet normal -0.980405 0.196991 0
    outer loop
      vertex 101.173 5.41766 0
      vertex 101.231 5.70632 2.4
      vertex 101.231 5.70632 0
    endloop
  endfacet
  facet normal -0.980405 0.196991 0
    outer loop
      vertex 101.231 5.70632 2.4
      vertex 101.173 5.41766 0
      vertex 101.173 5.41766 2.4
    endloop
  endfacet
  facet normal 0.0654027 -0.997859 0
    outer loop
      vertex 98.7063 8.23075 0
      vertex 99 8.25 2.4
      vertex 98.7063 8.23075 2.4
    endloop
  endfacet
  facet normal 0.0654027 -0.997859 0
    outer loop
      vertex 99 8.25 2.4
      vertex 98.7063 8.23075 0
      vertex 99 8.25 0
    endloop
  endfacet
  facet normal 0.946936 0.321421 0
    outer loop
      vertex 96.9213 5.13896 2.4
      vertex 96.8267 5.41766 0
      vertex 96.8267 5.41766 2.4
    endloop
  endfacet
  facet normal 0.946936 0.321421 0
    outer loop
      vertex 96.8267 5.41766 0
      vertex 96.9213 5.13896 2.4
      vertex 96.9213 5.13896 0
    endloop
  endfacet
  facet normal 0.659317 0.751865 -0
    outer loop
      vertex 97.6303 4.21495 0
      vertex 97.409 4.40901 2.4
      vertex 97.6303 4.21495 2.4
    endloop
  endfacet
  facet normal 0.659317 0.751865 0
    outer loop
      vertex 97.409 4.40901 2.4
      vertex 97.6303 4.21495 0
      vertex 97.409 4.40901 0
    endloop
  endfacet
  facet normal -0.555139 -0.831758 0
    outer loop
      vertex 100.125 7.94856 0
      vertex 100.37 7.78504 2.4
      vertex 100.125 7.94856 2.4
    endloop
  endfacet
  facet normal -0.555139 -0.831758 -0
    outer loop
      vertex 100.37 7.78504 2.4
      vertex 100.125 7.94856 0
      vertex 100.37 7.78504 0
    endloop
  endfacet
  facet normal -0.947555 0.319592 0
    outer loop
      vertex 101.079 5.13896 0
      vertex 101.173 5.41766 2.4
      vertex 101.173 5.41766 0
    endloop
  endfacet
  facet normal -0.947555 0.319592 0
    outer loop
      vertex 101.173 5.41766 2.4
      vertex 101.079 5.13896 0
      vertex 101.079 5.13896 2.4
    endloop
  endfacet
  facet normal -0.442233 0.8969 0
    outer loop
      vertex 100.125 4.05144 0
      vertex 99.861 3.92127 2.4
      vertex 100.125 4.05144 2.4
    endloop
  endfacet
  facet normal -0.442233 0.8969 0
    outer loop
      vertex 99.861 3.92127 2.4
      vertex 100.125 4.05144 0
      vertex 99.861 3.92127 0
    endloop
  endfacet
  facet normal 0.980732 -0.195358 0
    outer loop
      vertex 96.7692 6.29368 2.4
      vertex 96.8267 6.58234 0
      vertex 96.8267 6.58234 2.4
    endloop
  endfacet
  facet normal 0.980732 -0.195358 0
    outer loop
      vertex 96.8267 6.58234 0
      vertex 96.7692 6.29368 2.4
      vertex 96.7692 6.29368 0
    endloop
  endfacet
  facet normal -0.195136 0.980776 0
    outer loop
      vertex 99.5823 3.82667 0
      vertex 99.2937 3.76925 2.4
      vertex 99.5823 3.82667 2.4
    endloop
  endfacet
  facet normal -0.195136 0.980776 0
    outer loop
      vertex 99.2937 3.76925 2.4
      vertex 99.5823 3.82667 0
      vertex 99.2937 3.76925 0
    endloop
  endfacet
  facet normal 0.831328 0.555782 0
    outer loop
      vertex 97.215 4.63029 2.4
      vertex 97.0514 4.875 0
      vertex 97.0514 4.875 2.4
    endloop
  endfacet
  facet normal 0.831328 0.555782 0
    outer loop
      vertex 97.0514 4.875 0
      vertex 97.215 4.63029 2.4
      vertex 97.215 4.63029 0
    endloop
  endfacet
  facet normal 0.946936 -0.321421 0
    outer loop
      vertex 96.8267 6.58234 2.4
      vertex 96.9213 6.86104 0
      vertex 96.9213 6.86104 2.4
    endloop
  endfacet
  facet normal 0.946936 -0.321421 0
    outer loop
      vertex 96.9213 6.86104 0
      vertex 96.8267 6.58234 2.4
      vertex 96.8267 6.58234 0
    endloop
  endfacet
  facet normal 0.0654027 0.997859 -0
    outer loop
      vertex 99 3.75 0
      vertex 98.7063 3.76925 2.4
      vertex 99 3.75 2.4
    endloop
  endfacet
  facet normal 0.0654027 0.997859 0
    outer loop
      vertex 98.7063 3.76925 2.4
      vertex 99 3.75 0
      vertex 98.7063 3.76925 0
    endloop
  endfacet
  facet normal -0.8307 -0.55672 0
    outer loop
      vertex 100.949 7.125 0
      vertex 100.785 7.36971 2.4
      vertex 100.785 7.36971 0
    endloop
  endfacet
  facet normal -0.8307 -0.55672 0
    outer loop
      vertex 100.785 7.36971 2.4
      vertex 100.949 7.125 0
      vertex 100.949 7.125 2.4
    endloop
  endfacet
  facet normal -0.321421 -0.946936 0
    outer loop
      vertex 99.5823 8.17333 0
      vertex 99.861 8.07873 2.4
      vertex 99.5823 8.17333 2.4
    endloop
  endfacet
  facet normal -0.321421 -0.946936 -0
    outer loop
      vertex 99.861 8.07873 2.4
      vertex 99.5823 8.17333 0
      vertex 99.861 8.07873 0
    endloop
  endfacet
  facet normal 0.195136 -0.980776 0
    outer loop
      vertex 98.4177 8.17333 0
      vertex 98.7063 8.23075 2.4
      vertex 98.4177 8.17333 2.4
    endloop
  endfacet
  facet normal 0.195136 -0.980776 0
    outer loop
      vertex 98.7063 8.23075 2.4
      vertex 98.4177 8.17333 0
      vertex 98.7063 8.23075 0
    endloop
  endfacet
  facet normal -0.751936 -0.659236 0
    outer loop
      vertex 100.785 7.36971 0
      vertex 100.591 7.59099 2.4
      vertex 100.591 7.59099 0
    endloop
  endfacet
  facet normal -0.751936 -0.659236 0
    outer loop
      vertex 100.591 7.59099 2.4
      vertex 100.785 7.36971 0
      vertex 100.785 7.36971 2.4
    endloop
  endfacet
  facet normal -0.997914 0.0645613 0
    outer loop
      vertex 101.231 5.70632 0
      vertex 101.25 6 2.4
      vertex 101.25 6 0
    endloop
  endfacet
  facet normal -0.997914 0.0645613 0
    outer loop
      vertex 101.25 6 2.4
      vertex 101.231 5.70632 0
      vertex 101.231 5.70632 2.4
    endloop
  endfacet
  facet normal -0.659804 -0.751438 0
    outer loop
      vertex 100.37 7.78504 0
      vertex 100.591 7.59099 2.4
      vertex 100.37 7.78504 2.4
    endloop
  endfacet
  facet normal -0.659804 -0.751438 -0
    outer loop
      vertex 100.591 7.59099 2.4
      vertex 100.37 7.78504 0
      vertex 100.591 7.59099 0
    endloop
  endfacet
  facet normal -0.897103 0.441822 0
    outer loop
      vertex 100.949 4.875 0
      vertex 101.079 5.13896 2.4
      vertex 101.079 5.13896 0
    endloop
  endfacet
  facet normal -0.897103 0.441822 0
    outer loop
      vertex 101.079 5.13896 2.4
      vertex 100.949 4.875 0
      vertex 100.949 4.875 2.4
    endloop
  endfacet
  facet normal -0.555115 0.831773 0
    outer loop
      vertex 100.37 4.21495 0
      vertex 100.125 4.05144 2.4
      vertex 100.37 4.21495 2.4
    endloop
  endfacet
  facet normal -0.555115 0.831773 0
    outer loop
      vertex 100.125 4.05144 2.4
      vertex 100.37 4.21495 0
      vertex 100.125 4.05144 0
    endloop
  endfacet
  facet normal 0.555586 0.831459 -0
    outer loop
      vertex 97.875 4.05144 0
      vertex 97.6303 4.21495 2.4
      vertex 97.875 4.05144 2.4
    endloop
  endfacet
  facet normal 0.555586 0.831459 0
    outer loop
      vertex 97.6303 4.21495 2.4
      vertex 97.875 4.05144 0
      vertex 97.6303 4.21495 0
    endloop
  endfacet
  facet normal 0.442233 -0.8969 0
    outer loop
      vertex 97.875 7.94856 0
      vertex 98.139 8.07873 2.4
      vertex 97.875 7.94856 2.4
    endloop
  endfacet
  facet normal 0.442233 -0.8969 0
    outer loop
      vertex 98.139 8.07873 2.4
      vertex 97.875 7.94856 0
      vertex 98.139 8.07873 0
    endloop
  endfacet
  facet normal 0.831328 -0.555782 0
    outer loop
      vertex 97.0514 7.125 2.4
      vertex 97.215 7.36971 0
      vertex 97.215 7.36971 2.4
    endloop
  endfacet
  facet normal 0.831328 -0.555782 0
    outer loop
      vertex 97.215 7.36971 0
      vertex 97.0514 7.125 2.4
      vertex 97.0514 7.125 0
    endloop
  endfacet
  facet normal 0.896968 -0.442096 0
    outer loop
      vertex 96.9213 6.86104 2.4
      vertex 97.0514 7.125 0
      vertex 97.0514 7.125 2.4
    endloop
  endfacet
  facet normal 0.896968 -0.442096 0
    outer loop
      vertex 97.0514 7.125 0
      vertex 96.9213 6.86104 2.4
      vertex 96.9213 6.86104 0
    endloop
  endfacet
  facet normal 0.896968 0.442096 0
    outer loop
      vertex 97.0514 4.875 2.4
      vertex 96.9213 5.13896 0
      vertex 96.9213 5.13896 2.4
    endloop
  endfacet
  facet normal 0.896968 0.442096 0
    outer loop
      vertex 96.9213 5.13896 0
      vertex 97.0514 4.875 2.4
      vertex 97.0514 4.875 0
    endloop
  endfacet
  facet normal -0.751936 0.659236 0
    outer loop
      vertex 100.591 4.40901 0
      vertex 100.785 4.63029 2.4
      vertex 100.785 4.63029 0
    endloop
  endfacet
  facet normal -0.751936 0.659236 0
    outer loop
      vertex 100.785 4.63029 2.4
      vertex 100.591 4.40901 0
      vertex 100.591 4.40901 2.4
    endloop
  endfacet
  facet normal -0.0654027 0.997859 0
    outer loop
      vertex 99.2937 3.76925 0
      vertex 99 3.75 2.4
      vertex 99.2937 3.76925 2.4
    endloop
  endfacet
  facet normal -0.0654027 0.997859 0
    outer loop
      vertex 99 3.75 2.4
      vertex 99.2937 3.76925 0
      vertex 99 3.75 0
    endloop
  endfacet
  facet normal 0.195136 0.980776 -0
    outer loop
      vertex 98.7063 3.76925 0
      vertex 98.4177 3.82667 2.4
      vertex 98.7063 3.76925 2.4
    endloop
  endfacet
  facet normal 0.195136 0.980776 0
    outer loop
      vertex 98.4177 3.82667 2.4
      vertex 98.7063 3.76925 0
      vertex 98.4177 3.82667 0
    endloop
  endfacet
  facet normal -0.8307 0.55672 0
    outer loop
      vertex 100.785 4.63029 0
      vertex 100.949 4.875 2.4
      vertex 100.949 4.875 0
    endloop
  endfacet
  facet normal -0.8307 0.55672 0
    outer loop
      vertex 100.949 4.875 2.4
      vertex 100.785 4.63029 0
      vertex 100.785 4.63029 2.4
    endloop
  endfacet
  facet normal -0.0654027 -0.997859 0
    outer loop
      vertex 99 8.25 0
      vertex 99.2937 8.23075 2.4
      vertex 99 8.25 2.4
    endloop
  endfacet
  facet normal -0.0654027 -0.997859 -0
    outer loop
      vertex 99.2937 8.23075 2.4
      vertex 99 8.25 0
      vertex 99.2937 8.23075 0
    endloop
  endfacet
  facet normal -0.195136 -0.980776 0
    outer loop
      vertex 99.2937 8.23075 0
      vertex 99.5823 8.17333 2.4
      vertex 99.2937 8.23075 2.4
    endloop
  endfacet
  facet normal -0.195136 -0.980776 -0
    outer loop
      vertex 99.5823 8.17333 2.4
      vertex 99.2937 8.23075 0
      vertex 99.5823 8.17333 0
    endloop
  endfacet
  facet normal 0.99787 0.065238 0
    outer loop
      vertex 96.7692 5.70632 2.4
      vertex 96.75 6 0
      vertex 96.75 6 2.4
    endloop
  endfacet
  facet normal 0.99787 0.065238 0
    outer loop
      vertex 96.75 6 0
      vertex 96.7692 5.70632 2.4
      vertex 96.7692 5.70632 0
    endloop
  endfacet
  facet normal 0.99787 -0.065238 0
    outer loop
      vertex 96.75 6 2.4
      vertex 96.7692 6.29368 0
      vertex 96.7692 6.29368 2.4
    endloop
  endfacet
  facet normal 0.99787 -0.065238 0
    outer loop
      vertex 96.7692 6.29368 0
      vertex 96.75 6 2.4
      vertex 96.75 6 0
    endloop
  endfacet
  facet normal 0.659298 -0.751882 0
    outer loop
      vertex 97.409 7.59099 0
      vertex 97.6303 7.78504 2.4
      vertex 97.409 7.59099 2.4
    endloop
  endfacet
  facet normal 0.659298 -0.751882 0
    outer loop
      vertex 97.6303 7.78504 2.4
      vertex 97.409 7.59099 0
      vertex 97.6303 7.78504 0
    endloop
  endfacet
  facet normal -0.980397 -0.197031 0
    outer loop
      vertex 101.231 36.2937 0
      vertex 101.173 36.5823 2.4
      vertex 101.173 36.5823 0
    endloop
  endfacet
  facet normal -0.980397 -0.197031 0
    outer loop
      vertex 101.173 36.5823 2.4
      vertex 101.231 36.2937 0
      vertex 101.231 36.2937 2.4
    endloop
  endfacet
  facet normal -0.997914 -0.0645569 0
    outer loop
      vertex 101.25 36 0
      vertex 101.231 36.2937 2.4
      vertex 101.231 36.2937 0
    endloop
  endfacet
  facet normal -0.997914 -0.0645569 0
    outer loop
      vertex 101.231 36.2937 2.4
      vertex 101.25 36 0
      vertex 101.25 36 2.4
    endloop
  endfacet
  facet normal -0.947555 -0.319592 0
    outer loop
      vertex 101.173 36.5823 0
      vertex 101.079 36.861 2.4
      vertex 101.079 36.861 0
    endloop
  endfacet
  facet normal -0.947555 -0.319592 0
    outer loop
      vertex 101.079 36.861 2.4
      vertex 101.173 36.5823 0
      vertex 101.173 36.5823 2.4
    endloop
  endfacet
  facet normal 0.555797 -0.831318 0
    outer loop
      vertex 97.6303 37.785 0
      vertex 97.875 37.9486 2.4
      vertex 97.6303 37.785 2.4
    endloop
  endfacet
  facet normal 0.555797 -0.831318 0
    outer loop
      vertex 97.875 37.9486 2.4
      vertex 97.6303 37.785 0
      vertex 97.875 37.9486 0
    endloop
  endfacet
  facet normal 0.321421 -0.946936 0
    outer loop
      vertex 98.139 38.0787 0
      vertex 98.4177 38.1733 2.4
      vertex 98.139 38.0787 2.4
    endloop
  endfacet
  facet normal 0.321421 -0.946936 0
    outer loop
      vertex 98.4177 38.1733 2.4
      vertex 98.139 38.0787 0
      vertex 98.4177 38.1733 0
    endloop
  endfacet
  facet normal -0.659708 0.751522 0
    outer loop
      vertex 100.591 34.409 0
      vertex 100.37 34.215 2.4
      vertex 100.591 34.409 2.4
    endloop
  endfacet
  facet normal -0.659708 0.751522 0
    outer loop
      vertex 100.37 34.215 2.4
      vertex 100.591 34.409 0
      vertex 100.37 34.215 0
    endloop
  endfacet
  facet normal 0.321421 0.946936 -0
    outer loop
      vertex 98.4177 33.8267 0
      vertex 98.139 33.9213 2.4
      vertex 98.4177 33.8267 2.4
    endloop
  endfacet
  facet normal 0.321421 0.946936 0
    outer loop
      vertex 98.139 33.9213 2.4
      vertex 98.4177 33.8267 0
      vertex 98.139 33.9213 0
    endloop
  endfacet
  facet normal -0.897129 -0.441768 0
    outer loop
      vertex 101.079 36.861 0
      vertex 100.949 37.125 2.4
      vertex 100.949 37.125 0
    endloop
  endfacet
  facet normal -0.897129 -0.441768 0
    outer loop
      vertex 100.949 37.125 2.4
      vertex 101.079 36.861 0
      vertex 101.079 36.861 2.4
    endloop
  endfacet
  facet normal -0.442042 -0.896995 0
    outer loop
      vertex 99.861 38.0787 0
      vertex 100.125 37.9486 2.4
      vertex 99.861 38.0787 2.4
    endloop
  endfacet
  facet normal -0.442042 -0.896995 -0
    outer loop
      vertex 100.125 37.9486 2.4
      vertex 99.861 38.0787 0
      vertex 100.125 37.9486 0
    endloop
  endfacet
  facet normal 0.980724 0.195397 0
    outer loop
      vertex 96.8267 35.4177 2.4
      vertex 96.7692 35.7063 0
      vertex 96.7692 35.7063 2.4
    endloop
  endfacet
  facet normal 0.980724 0.195397 0
    outer loop
      vertex 96.7692 35.7063 0
      vertex 96.8267 35.4177 2.4
      vertex 96.8267 35.4177 0
    endloop
  endfacet
  facet normal 0.751966 -0.659202 0
    outer loop
      vertex 97.215 37.3697 2.4
      vertex 97.409 37.591 0
      vertex 97.409 37.591 2.4
    endloop
  endfacet
  facet normal 0.751966 -0.659202 0
    outer loop
      vertex 97.409 37.591 0
      vertex 97.215 37.3697 2.4
      vertex 97.215 37.3697 0
    endloop
  endfacet
  facet normal 0.442042 0.896995 -0
    outer loop
      vertex 98.139 33.9213 0
      vertex 97.875 34.0514 2.4
      vertex 98.139 33.9213 2.4
    endloop
  endfacet
  facet normal 0.442042 0.896995 0
    outer loop
      vertex 97.875 34.0514 2.4
      vertex 98.139 33.9213 0
      vertex 97.875 34.0514 0
    endloop
  endfacet
  facet normal 0.751966 0.659202 0
    outer loop
      vertex 97.409 34.409 2.4
      vertex 97.215 34.6303 0
      vertex 97.215 34.6303 2.4
    endloop
  endfacet
  facet normal 0.751966 0.659202 0
    outer loop
      vertex 97.215 34.6303 0
      vertex 97.409 34.409 2.4
      vertex 97.409 34.409 0
    endloop
  endfacet
  facet normal -0.321421 0.946936 0
    outer loop
      vertex 99.861 33.9213 0
      vertex 99.5823 33.8267 2.4
      vertex 99.861 33.9213 2.4
    endloop
  endfacet
  facet normal -0.321421 0.946936 0
    outer loop
      vertex 99.5823 33.8267 2.4
      vertex 99.861 33.9213 0
      vertex 99.5823 33.8267 0
    endloop
  endfacet
  facet normal -0.980397 0.197031 0
    outer loop
      vertex 101.173 35.4177 0
      vertex 101.231 35.7063 2.4
      vertex 101.231 35.7063 0
    endloop
  endfacet
  facet normal -0.980397 0.197031 0
    outer loop
      vertex 101.231 35.7063 2.4
      vertex 101.173 35.4177 0
      vertex 101.173 35.4177 2.4
    endloop
  endfacet
  facet normal 0.831318 0.555797 0
    outer loop
      vertex 97.215 34.6303 2.4
      vertex 97.0514 34.875 0
      vertex 97.0514 34.875 2.4
    endloop
  endfacet
  facet normal 0.831318 0.555797 0
    outer loop
      vertex 97.0514 34.875 0
      vertex 97.215 34.6303 2.4
      vertex 97.215 34.6303 0
    endloop
  endfacet
  facet normal 0.0652336 -0.99787 0
    outer loop
      vertex 98.7063 38.2308 0
      vertex 99 38.25 2.4
      vertex 98.7063 38.2308 2.4
    endloop
  endfacet
  facet normal 0.0652336 -0.99787 0
    outer loop
      vertex 99 38.25 2.4
      vertex 98.7063 38.2308 0
      vertex 99 38.25 0
    endloop
  endfacet
  facet normal 0.946936 0.321421 0
    outer loop
      vertex 96.9213 35.139 2.4
      vertex 96.8267 35.4177 0
      vertex 96.8267 35.4177 2.4
    endloop
  endfacet
  facet normal 0.946936 0.321421 0
    outer loop
      vertex 96.8267 35.4177 0
      vertex 96.9213 35.139 2.4
      vertex 96.9213 35.139 0
    endloop
  endfacet
  facet normal 0.659202 0.751966 -0
    outer loop
      vertex 97.6303 34.215 0
      vertex 97.409 34.409 2.4
      vertex 97.6303 34.215 2.4
    endloop
  endfacet
  facet normal 0.659202 0.751966 0
    outer loop
      vertex 97.409 34.409 2.4
      vertex 97.6303 34.215 0
      vertex 97.409 34.409 0
    endloop
  endfacet
  facet normal -0.555327 -0.831632 0
    outer loop
      vertex 100.125 37.9486 0
      vertex 100.37 37.785 2.4
      vertex 100.125 37.9486 2.4
    endloop
  endfacet
  facet normal -0.555327 -0.831632 -0
    outer loop
      vertex 100.37 37.785 2.4
      vertex 100.125 37.9486 0
      vertex 100.37 37.785 0
    endloop
  endfacet
  facet normal -0.947555 0.319592 0
    outer loop
      vertex 101.079 35.139 0
      vertex 101.173 35.4177 2.4
      vertex 101.173 35.4177 0
    endloop
  endfacet
  facet normal -0.947555 0.319592 0
    outer loop
      vertex 101.173 35.4177 2.4
      vertex 101.079 35.139 0
      vertex 101.079 35.139 2.4
    endloop
  endfacet
  facet normal -0.442042 0.896995 0
    outer loop
      vertex 100.125 34.0514 0
      vertex 99.861 33.9213 2.4
      vertex 100.125 34.0514 2.4
    endloop
  endfacet
  facet normal -0.442042 0.896995 0
    outer loop
      vertex 99.861 33.9213 2.4
      vertex 100.125 34.0514 0
      vertex 99.861 33.9213 0
    endloop
  endfacet
  facet normal 0.980724 -0.195397 0
    outer loop
      vertex 96.7692 36.2937 2.4
      vertex 96.8267 36.5823 0
      vertex 96.8267 36.5823 2.4
    endloop
  endfacet
  facet normal 0.980724 -0.195397 0
    outer loop
      vertex 96.8267 36.5823 0
      vertex 96.7692 36.2937 2.4
      vertex 96.7692 36.2937 0
    endloop
  endfacet
  facet normal -0.195397 0.980724 0
    outer loop
      vertex 99.5823 33.8267 0
      vertex 99.2937 33.7692 2.4
      vertex 99.5823 33.8267 2.4
    endloop
  endfacet
  facet normal -0.195397 0.980724 0
    outer loop
      vertex 99.2937 33.7692 2.4
      vertex 99.5823 33.8267 0
      vertex 99.2937 33.7692 0
    endloop
  endfacet
  facet normal 0.946936 -0.321421 0
    outer loop
      vertex 96.8267 36.5823 2.4
      vertex 96.9213 36.861 0
      vertex 96.9213 36.861 2.4
    endloop
  endfacet
  facet normal 0.946936 -0.321421 0
    outer loop
      vertex 96.9213 36.861 0
      vertex 96.8267 36.5823 2.4
      vertex 96.8267 36.5823 0
    endloop
  endfacet
  facet normal 0.0652336 0.99787 -0
    outer loop
      vertex 99 33.75 0
      vertex 98.7063 33.7692 2.4
      vertex 99 33.75 2.4
    endloop
  endfacet
  facet normal 0.0652336 0.99787 0
    outer loop
      vertex 98.7063 33.7692 2.4
      vertex 99 33.75 0
      vertex 98.7063 33.7692 0
    endloop
  endfacet
  facet normal -0.83069 -0.556735 0
    outer loop
      vertex 100.949 37.125 0
      vertex 100.785 37.3697 2.4
      vertex 100.785 37.3697 0
    endloop
  endfacet
  facet normal -0.83069 -0.556735 0
    outer loop
      vertex 100.785 37.3697 2.4
      vertex 100.949 37.125 0
      vertex 100.949 37.125 2.4
    endloop
  endfacet
  facet normal -0.321421 -0.946936 0
    outer loop
      vertex 99.5823 38.1733 0
      vertex 99.861 38.0787 2.4
      vertex 99.5823 38.1733 2.4
    endloop
  endfacet
  facet normal -0.321421 -0.946936 -0
    outer loop
      vertex 99.861 38.0787 2.4
      vertex 99.5823 38.1733 0
      vertex 99.861 38.0787 0
    endloop
  endfacet
  facet normal 0.195397 -0.980724 0
    outer loop
      vertex 98.4177 38.1733 0
      vertex 98.7063 38.2308 2.4
      vertex 98.4177 38.1733 2.4
    endloop
  endfacet
  facet normal 0.195397 -0.980724 0
    outer loop
      vertex 98.7063 38.2308 2.4
      vertex 98.4177 38.1733 0
      vertex 98.7063 38.2308 0
    endloop
  endfacet
  facet normal -0.751966 -0.659202 0
    outer loop
      vertex 100.785 37.3697 0
      vertex 100.591 37.591 2.4
      vertex 100.591 37.591 0
    endloop
  endfacet
  facet normal -0.751966 -0.659202 0
    outer loop
      vertex 100.591 37.591 2.4
      vertex 100.785 37.3697 0
      vertex 100.785 37.3697 2.4
    endloop
  endfacet
  facet normal -0.997914 0.0645569 0
    outer loop
      vertex 101.231 35.7063 0
      vertex 101.25 36 2.4
      vertex 101.25 36 0
    endloop
  endfacet
  facet normal -0.997914 0.0645569 0
    outer loop
      vertex 101.25 36 2.4
      vertex 101.231 35.7063 0
      vertex 101.231 35.7063 2.4
    endloop
  endfacet
  facet normal -0.659708 -0.751522 0
    outer loop
      vertex 100.37 37.785 0
      vertex 100.591 37.591 2.4
      vertex 100.37 37.785 2.4
    endloop
  endfacet
  facet normal -0.659708 -0.751522 -0
    outer loop
      vertex 100.591 37.591 2.4
      vertex 100.37 37.785 0
      vertex 100.591 37.591 0
    endloop
  endfacet
  facet normal -0.897129 0.441768 0
    outer loop
      vertex 100.949 34.875 0
      vertex 101.079 35.139 2.4
      vertex 101.079 35.139 0
    endloop
  endfacet
  facet normal -0.897129 0.441768 0
    outer loop
      vertex 101.079 35.139 2.4
      vertex 100.949 34.875 0
      vertex 100.949 34.875 2.4
    endloop
  endfacet
  facet normal -0.555327 0.831632 0
    outer loop
      vertex 100.37 34.215 0
      vertex 100.125 34.0514 2.4
      vertex 100.37 34.215 2.4
    endloop
  endfacet
  facet normal -0.555327 0.831632 0
    outer loop
      vertex 100.125 34.0514 2.4
      vertex 100.37 34.215 0
      vertex 100.125 34.0514 0
    endloop
  endfacet
  facet normal 0.555797 0.831318 -0
    outer loop
      vertex 97.875 34.0514 0
      vertex 97.6303 34.215 2.4
      vertex 97.875 34.0514 2.4
    endloop
  endfacet
  facet normal 0.555797 0.831318 0
    outer loop
      vertex 97.6303 34.215 2.4
      vertex 97.875 34.0514 0
      vertex 97.6303 34.215 0
    endloop
  endfacet
  facet normal 0.442042 -0.896995 0
    outer loop
      vertex 97.875 37.9486 0
      vertex 98.139 38.0787 2.4
      vertex 97.875 37.9486 2.4
    endloop
  endfacet
  facet normal 0.442042 -0.896995 0
    outer loop
      vertex 98.139 38.0787 2.4
      vertex 97.875 37.9486 0
      vertex 98.139 38.0787 0
    endloop
  endfacet
  facet normal 0.831318 -0.555797 0
    outer loop
      vertex 97.0514 37.125 2.4
      vertex 97.215 37.3697 0
      vertex 97.215 37.3697 2.4
    endloop
  endfacet
  facet normal 0.831318 -0.555797 0
    outer loop
      vertex 97.215 37.3697 0
      vertex 97.0514 37.125 2.4
      vertex 97.0514 37.125 0
    endloop
  endfacet
  facet normal 0.896995 -0.442042 0
    outer loop
      vertex 96.9213 36.861 2.4
      vertex 97.0514 37.125 0
      vertex 97.0514 37.125 2.4
    endloop
  endfacet
  facet normal 0.896995 -0.442042 0
    outer loop
      vertex 97.0514 37.125 0
      vertex 96.9213 36.861 2.4
      vertex 96.9213 36.861 0
    endloop
  endfacet
  facet normal 0.896995 0.442042 0
    outer loop
      vertex 97.0514 34.875 2.4
      vertex 96.9213 35.139 0
      vertex 96.9213 35.139 2.4
    endloop
  endfacet
  facet normal 0.896995 0.442042 0
    outer loop
      vertex 96.9213 35.139 0
      vertex 97.0514 34.875 2.4
      vertex 97.0514 34.875 0
    endloop
  endfacet
  facet normal -0.751966 0.659202 0
    outer loop
      vertex 100.591 34.409 0
      vertex 100.785 34.6303 2.4
      vertex 100.785 34.6303 0
    endloop
  endfacet
  facet normal -0.751966 0.659202 0
    outer loop
      vertex 100.785 34.6303 2.4
      vertex 100.591 34.409 0
      vertex 100.591 34.409 2.4
    endloop
  endfacet
  facet normal -0.0652336 0.99787 0
    outer loop
      vertex 99.2937 33.7692 0
      vertex 99 33.75 2.4
      vertex 99.2937 33.7692 2.4
    endloop
  endfacet
  facet normal -0.0652336 0.99787 0
    outer loop
      vertex 99 33.75 2.4
      vertex 99.2937 33.7692 0
      vertex 99 33.75 0
    endloop
  endfacet
  facet normal 0.195397 0.980724 -0
    outer loop
      vertex 98.7063 33.7692 0
      vertex 98.4177 33.8267 2.4
      vertex 98.7063 33.7692 2.4
    endloop
  endfacet
  facet normal 0.195397 0.980724 0
    outer loop
      vertex 98.4177 33.8267 2.4
      vertex 98.7063 33.7692 0
      vertex 98.4177 33.8267 0
    endloop
  endfacet
  facet normal -0.83069 0.556735 0
    outer loop
      vertex 100.785 34.6303 0
      vertex 100.949 34.875 2.4
      vertex 100.949 34.875 0
    endloop
  endfacet
  facet normal -0.83069 0.556735 0
    outer loop
      vertex 100.949 34.875 2.4
      vertex 100.785 34.6303 0
      vertex 100.785 34.6303 2.4
    endloop
  endfacet
  facet normal -0.0652336 -0.99787 0
    outer loop
      vertex 99 38.25 0
      vertex 99.2937 38.2308 2.4
      vertex 99 38.25 2.4
    endloop
  endfacet
  facet normal -0.0652336 -0.99787 -0
    outer loop
      vertex 99.2937 38.2308 2.4
      vertex 99 38.25 0
      vertex 99.2937 38.2308 0
    endloop
  endfacet
  facet normal -0.195397 -0.980724 0
    outer loop
      vertex 99.2937 38.2308 0
      vertex 99.5823 38.1733 2.4
      vertex 99.2937 38.2308 2.4
    endloop
  endfacet
  facet normal -0.195397 -0.980724 -0
    outer loop
      vertex 99.5823 38.1733 2.4
      vertex 99.2937 38.2308 0
      vertex 99.5823 38.1733 0
    endloop
  endfacet
  facet normal 0.99787 0.0652336 0
    outer loop
      vertex 96.7692 35.7063 2.4
      vertex 96.75 36 0
      vertex 96.75 36 2.4
    endloop
  endfacet
  facet normal 0.99787 0.0652336 0
    outer loop
      vertex 96.75 36 0
      vertex 96.7692 35.7063 2.4
      vertex 96.7692 35.7063 0
    endloop
  endfacet
  facet normal 0.99787 -0.0652336 0
    outer loop
      vertex 96.75 36 2.4
      vertex 96.7692 36.2937 0
      vertex 96.7692 36.2937 2.4
    endloop
  endfacet
  facet normal 0.99787 -0.0652336 0
    outer loop
      vertex 96.7692 36.2937 0
      vertex 96.75 36 2.4
      vertex 96.75 36 0
    endloop
  endfacet
  facet normal 0.659202 -0.751966 0
    outer loop
      vertex 97.409 37.591 0
      vertex 97.6303 37.785 2.4
      vertex 97.409 37.591 2.4
    endloop
  endfacet
  facet normal 0.659202 -0.751966 0
    outer loop
      vertex 97.6303 37.785 2.4
      vertex 97.409 37.591 0
      vertex 97.6303 37.785 0
    endloop
  endfacet
  facet normal -0.98077 -0.195165 0
    outer loop
      vertex 35.5755 5.02189 2.3
      vertex 35.5321 5.23999 6.4
      vertex 35.5321 5.23999 2.3
    endloop
  endfacet
  facet normal -0.98077 -0.195165 0
    outer loop
      vertex 35.5321 5.23999 6.4
      vertex 35.5755 5.02189 2.3
      vertex 35.5755 5.02189 6.4
    endloop
  endfacet
  facet normal -0.997872 -0.0652086 0
    outer loop
      vertex 35.59 4.8 2.3
      vertex 35.5755 5.02189 6.4
      vertex 35.5755 5.02189 2.3
    endloop
  endfacet
  facet normal -0.997872 -0.0652086 0
    outer loop
      vertex 35.5755 5.02189 6.4
      vertex 35.59 4.8 2.3
      vertex 35.59 4.8 6.4
    endloop
  endfacet
  facet normal -0.946901 -0.321525 0
    outer loop
      vertex 35.5321 5.23999 2.3
      vertex 35.4606 5.45056 6.4
      vertex 35.4606 5.45056 2.3
    endloop
  endfacet
  facet normal -0.946901 -0.321525 0
    outer loop
      vertex 35.4606 5.45056 6.4
      vertex 35.5321 5.23999 2.3
      vertex 35.5321 5.23999 6.4
    endloop
  endfacet
  facet normal 0.98077 -0.195165 0
    outer loop
      vertex 32.2045 5.02189 6.4
      vertex 32.2479 5.23999 2.3
      vertex 32.2479 5.23999 6.4
    endloop
  endfacet
  facet normal 0.98077 -0.195165 0
    outer loop
      vertex 32.2479 5.23999 2.3
      vertex 32.2045 5.02189 6.4
      vertex 32.2045 5.02189 2.3
    endloop
  endfacet
  facet normal -0.321403 -0.946943 0
    outer loop
      vertex 34.33 6.44207 2.3
      vertex 34.5406 6.37059 6.4
      vertex 34.33 6.44207 6.4
    endloop
  endfacet
  facet normal -0.321403 -0.946943 -0
    outer loop
      vertex 34.5406 6.37059 6.4
      vertex 34.33 6.44207 2.3
      vertex 34.5406 6.37059 2.3
    endloop
  endfacet
  facet normal -0.659319 0.751863 0
    outer loop
      vertex 35.0921 3.59792 2.3
      vertex 34.9249 3.4513 6.4
      vertex 35.0921 3.59792 6.4
    endloop
  endfacet
  facet normal -0.659319 0.751863 0
    outer loop
      vertex 34.9249 3.4513 6.4
      vertex 35.0921 3.59792 2.3
      vertex 34.9249 3.4513 2.3
    endloop
  endfacet
  facet normal 0.896789 0.442459 0
    outer loop
      vertex 32.4178 3.95 6.4
      vertex 32.3194 4.14944 2.3
      vertex 32.3194 4.14944 6.4
    endloop
  endfacet
  facet normal 0.896789 0.442459 0
    outer loop
      vertex 32.3194 4.14944 2.3
      vertex 32.4178 3.95 6.4
      vertex 32.4178 3.95 2.3
    endloop
  endfacet
  facet normal -0.321363 0.946956 0
    outer loop
      vertex 34.5406 3.2294 2.3
      vertex 34.33 3.15793 6.4
      vertex 34.5406 3.2294 6.4
    endloop
  endfacet
  facet normal -0.321363 0.946956 0
    outer loop
      vertex 34.33 3.15793 6.4
      vertex 34.5406 3.2294 2.3
      vertex 34.33 3.15793 2.3
    endloop
  endfacet
  facet normal -0.0653848 0.99786 0
    outer loop
      vertex 34.1119 3.11454 2.3
      vertex 33.89 3.1 6.4
      vertex 34.1119 3.11454 6.4
    endloop
  endfacet
  facet normal -0.0653848 0.99786 0
    outer loop
      vertex 33.89 3.1 6.4
      vertex 34.1119 3.11454 2.3
      vertex 33.89 3.1 2.3
    endloop
  endfacet
  facet normal -0.896789 -0.442459 0
    outer loop
      vertex 35.4606 5.45056 2.3
      vertex 35.3622 5.65 6.4
      vertex 35.3622 5.65 2.3
    endloop
  endfacet
  facet normal -0.896789 -0.442459 0
    outer loop
      vertex 35.3622 5.65 6.4
      vertex 35.4606 5.45056 2.3
      vertex 35.4606 5.45056 6.4
    endloop
  endfacet
  facet normal -0.751888 0.659291 0
    outer loop
      vertex 35.0921 3.59792 2.3
      vertex 35.2387 3.76511 6.4
      vertex 35.2387 3.76511 2.3
    endloop
  endfacet
  facet normal -0.751888 0.659291 0
    outer loop
      vertex 35.2387 3.76511 6.4
      vertex 35.0921 3.59792 2.3
      vertex 35.0921 3.59792 6.4
    endloop
  endfacet
  facet normal -0.946901 0.321525 0
    outer loop
      vertex 35.4606 4.14944 2.3
      vertex 35.5321 4.36001 6.4
      vertex 35.5321 4.36001 2.3
    endloop
  endfacet
  facet normal -0.946901 0.321525 0
    outer loop
      vertex 35.5321 4.36001 6.4
      vertex 35.4606 4.14944 2.3
      vertex 35.4606 4.14944 6.4
    endloop
  endfacet
  facet normal -0.555551 0.831483 0
    outer loop
      vertex 34.9249 3.4513 2.3
      vertex 34.74 3.32776 6.4
      vertex 34.9249 3.4513 6.4
    endloop
  endfacet
  facet normal -0.555551 0.831483 0
    outer loop
      vertex 34.74 3.32776 6.4
      vertex 34.9249 3.4513 2.3
      vertex 34.74 3.32776 2.3
    endloop
  endfacet
  facet normal 0.321363 0.946956 -0
    outer loop
      vertex 33.45 3.15793 2.3
      vertex 33.2394 3.2294 6.4
      vertex 33.45 3.15793 6.4
    endloop
  endfacet
  facet normal 0.321363 0.946956 0
    outer loop
      vertex 33.2394 3.2294 6.4
      vertex 33.45 3.15793 2.3
      vertex 33.2394 3.2294 2.3
    endloop
  endfacet
  facet normal 0.321403 -0.946943 0
    outer loop
      vertex 33.2394 6.37059 2.3
      vertex 33.45 6.44207 6.4
      vertex 33.2394 6.37059 6.4
    endloop
  endfacet
  facet normal 0.321403 -0.946943 0
    outer loop
      vertex 33.45 6.44207 6.4
      vertex 33.2394 6.37059 2.3
      vertex 33.45 6.44207 2.3
    endloop
  endfacet
  facet normal -0.831552 -0.555447 0
    outer loop
      vertex 35.3622 5.65 2.3
      vertex 35.2387 5.83489 6.4
      vertex 35.2387 5.83489 2.3
    endloop
  endfacet
  facet normal -0.831552 -0.555447 0
    outer loop
      vertex 35.2387 5.83489 6.4
      vertex 35.3622 5.65 2.3
      vertex 35.3622 5.65 6.4
    endloop
  endfacet
  facet normal -0.195122 0.980779 0
    outer loop
      vertex 34.33 3.15793 2.3
      vertex 34.1119 3.11454 6.4
      vertex 34.33 3.15793 6.4
    endloop
  endfacet
  facet normal -0.195122 0.980779 0
    outer loop
      vertex 34.1119 3.11454 6.4
      vertex 34.33 3.15793 2.3
      vertex 34.1119 3.11454 2.3
    endloop
  endfacet
  facet normal 0.0653848 -0.99786 0
    outer loop
      vertex 33.6681 6.48546 2.3
      vertex 33.89 6.5 6.4
      vertex 33.6681 6.48546 6.4
    endloop
  endfacet
  facet normal 0.0653848 -0.99786 0
    outer loop
      vertex 33.89 6.5 6.4
      vertex 33.6681 6.48546 2.3
      vertex 33.89 6.5 2.3
    endloop
  endfacet
  facet normal 0.0653848 0.99786 -0
    outer loop
      vertex 33.89 3.1 2.3
      vertex 33.6681 3.11454 6.4
      vertex 33.89 3.1 6.4
    endloop
  endfacet
  facet normal 0.0653848 0.99786 0
    outer loop
      vertex 33.6681 3.11454 6.4
      vertex 33.89 3.1 2.3
      vertex 33.6681 3.11454 2.3
    endloop
  endfacet
  facet normal -0.659319 -0.751863 0
    outer loop
      vertex 34.9249 6.1487 2.3
      vertex 35.0921 6.00208 6.4
      vertex 34.9249 6.1487 6.4
    endloop
  endfacet
  facet normal -0.659319 -0.751863 -0
    outer loop
      vertex 35.0921 6.00208 6.4
      vertex 34.9249 6.1487 2.3
      vertex 35.0921 6.00208 2.3
    endloop
  endfacet
  facet normal -0.442386 0.896825 0
    outer loop
      vertex 34.74 3.32776 2.3
      vertex 34.5406 3.2294 6.4
      vertex 34.74 3.32776 6.4
    endloop
  endfacet
  facet normal -0.442386 0.896825 0
    outer loop
      vertex 34.5406 3.2294 6.4
      vertex 34.74 3.32776 2.3
      vertex 34.5406 3.2294 2.3
    endloop
  endfacet
  facet normal 0.442386 0.896825 -0
    outer loop
      vertex 33.2394 3.2294 2.3
      vertex 33.04 3.32776 6.4
      vertex 33.2394 3.2294 6.4
    endloop
  endfacet
  facet normal 0.442386 0.896825 0
    outer loop
      vertex 33.04 3.32776 6.4
      vertex 33.2394 3.2294 2.3
      vertex 33.04 3.32776 2.3
    endloop
  endfacet
  facet normal 0.442349 -0.896843 0
    outer loop
      vertex 33.04 6.27224 2.3
      vertex 33.2394 6.37059 6.4
      vertex 33.04 6.27224 6.4
    endloop
  endfacet
  facet normal 0.442349 -0.896843 0
    outer loop
      vertex 33.2394 6.37059 6.4
      vertex 33.04 6.27224 2.3
      vertex 33.2394 6.37059 2.3
    endloop
  endfacet
  facet normal -0.751888 -0.659291 0
    outer loop
      vertex 35.2387 5.83489 2.3
      vertex 35.0921 6.00208 6.4
      vertex 35.0921 6.00208 2.3
    endloop
  endfacet
  facet normal -0.751888 -0.659291 0
    outer loop
      vertex 35.0921 6.00208 6.4
      vertex 35.2387 5.83489 2.3
      vertex 35.2387 5.83489 6.4
    endloop
  endfacet
  facet normal 0.195122 -0.980779 0
    outer loop
      vertex 33.45 6.44207 2.3
      vertex 33.6681 6.48546 6.4
      vertex 33.45 6.44207 6.4
    endloop
  endfacet
  facet normal 0.195122 -0.980779 0
    outer loop
      vertex 33.6681 6.48546 6.4
      vertex 33.45 6.44207 2.3
      vertex 33.6681 6.48546 2.3
    endloop
  endfacet
  facet normal -0.896789 0.442459 0
    outer loop
      vertex 35.3622 3.95 2.3
      vertex 35.4606 4.14944 6.4
      vertex 35.4606 4.14944 2.3
    endloop
  endfacet
  facet normal -0.896789 0.442459 0
    outer loop
      vertex 35.4606 4.14944 6.4
      vertex 35.3622 3.95 2.3
      vertex 35.3622 3.95 6.4
    endloop
  endfacet
  facet normal 0 0 1
    outer loop
      vertex 35.5755 5.02189 2.3
      vertex 35.5755 4.5781 2.3
      vertex 35.59 4.8 2.3
    endloop
  endfacet
  facet normal 0 0 1
    outer loop
      vertex 35.5321 5.23999 2.3
      vertex 35.5755 4.5781 2.3
      vertex 35.5755 5.02189 2.3
    endloop
  endfacet
  facet normal 0 0 1
    outer loop
      vertex 35.5321 5.23999 2.3
      vertex 35.5321 4.36001 2.3
      vertex 35.5755 4.5781 2.3
    endloop
  endfacet
  facet normal 0 0 1
    outer loop
      vertex 35.4606 5.45056 2.3
      vertex 35.5321 4.36001 2.3
      vertex 35.5321 5.23999 2.3
    endloop
  endfacet
  facet normal 0 0 1
    outer loop
      vertex 35.4606 5.45056 2.3
      vertex 35.4606 4.14944 2.3
      vertex 35.5321 4.36001 2.3
    endloop
  endfacet
  facet normal 0 0 1
    outer loop
      vertex 35.3622 5.65 2.3
      vertex 35.4606 4.14944 2.3
      vertex 35.4606 5.45056 2.3
    endloop
  endfacet
  facet normal 0 0 1
    outer loop
      vertex 35.3622 5.65 2.3
      vertex 35.3622 3.95 2.3
      vertex 35.4606 4.14944 2.3
    endloop
  endfacet
  facet normal 0 0 1
    outer loop
      vertex 35.2387 5.83489 2.3
      vertex 35.3622 3.95 2.3
      vertex 35.3622 5.65 2.3
    endloop
  endfacet
  facet normal 0 0 1
    outer loop
      vertex 35.2387 5.83489 2.3
      vertex 35.2387 3.76511 2.3
      vertex 35.3622 3.95 2.3
    endloop
  endfacet
  facet normal 0 0 1
    outer loop
      vertex 35.0921 6.00208 2.3
      vertex 35.2387 3.76511 2.3
      vertex 35.2387 5.83489 2.3
    endloop
  endfacet
  facet normal 0 0 1
    outer loop
      vertex 35.0921 6.00208 2.3
      vertex 35.0921 3.59792 2.3
      vertex 35.2387 3.76511 2.3
    endloop
  endfacet
  facet normal 0 0 1
    outer loop
      vertex 34.9249 6.1487 2.3
      vertex 35.0921 3.59792 2.3
      vertex 35.0921 6.00208 2.3
    endloop
  endfacet
  facet normal 0 0 1
    outer loop
      vertex 34.9249 6.1487 2.3
      vertex 34.9249 3.4513 2.3
      vertex 35.0921 3.59792 2.3
    endloop
  endfacet
  facet normal 0 0 1
    outer loop
      vertex 34.74 6.27224 2.3
      vertex 34.9249 3.4513 2.3
      vertex 34.9249 6.1487 2.3
    endloop
  endfacet
  facet normal 0 0 1
    outer loop
      vertex 34.74 6.27224 2.3
      vertex 34.74 3.32776 2.3
      vertex 34.9249 3.4513 2.3
    endloop
  endfacet
  facet normal 0 0 1
    outer loop
      vertex 34.5406 6.37059 2.3
      vertex 34.74 3.32776 2.3
      vertex 34.74 6.27224 2.3
    endloop
  endfacet
  facet normal 0 0 1
    outer loop
      vertex 34.5406 6.37059 2.3
      vertex 34.5406 3.2294 2.3
      vertex 34.74 3.32776 2.3
    endloop
  endfacet
  facet normal 0 0 1
    outer loop
      vertex 34.33 6.44207 2.3
      vertex 34.5406 3.2294 2.3
      vertex 34.5406 6.37059 2.3
    endloop
  endfacet
  facet normal 0 0 1
    outer loop
      vertex 34.33 6.44207 2.3
      vertex 34.33 3.15793 2.3
      vertex 34.5406 3.2294 2.3
    endloop
  endfacet
  facet normal 0 0 1
    outer loop
      vertex 34.1119 6.48546 2.3
      vertex 34.33 3.15793 2.3
      vertex 34.33 6.44207 2.3
    endloop
  endfacet
  facet normal 0 0 1
    outer loop
      vertex 34.1119 6.48546 2.3
      vertex 34.1119 3.11454 2.3
      vertex 34.33 3.15793 2.3
    endloop
  endfacet
  facet normal 0 0 1
    outer loop
      vertex 33.89 6.5 2.3
      vertex 34.1119 3.11454 2.3
      vertex 34.1119 6.48546 2.3
    endloop
  endfacet
  facet normal 0 0 1
    outer loop
      vertex 33.89 6.5 2.3
      vertex 33.89 3.1 2.3
      vertex 34.1119 3.11454 2.3
    endloop
  endfacet
  facet normal -0 0 1
    outer loop
      vertex 33.6681 6.48546 2.3
      vertex 33.89 3.1 2.3
      vertex 33.89 6.5 2.3
    endloop
  endfacet
  facet normal 0 0 1
    outer loop
      vertex 33.6681 6.48546 2.3
      vertex 33.6681 3.11454 2.3
      vertex 33.89 3.1 2.3
    endloop
  endfacet
  facet normal -0 0 1
    outer loop
      vertex 33.45 6.44207 2.3
      vertex 33.6681 3.11454 2.3
      vertex 33.6681 6.48546 2.3
    endloop
  endfacet
  facet normal 0 0 1
    outer loop
      vertex 33.45 6.44207 2.3
      vertex 33.45 3.15793 2.3
      vertex 33.6681 3.11454 2.3
    endloop
  endfacet
  facet normal -0 0 1
    outer loop
      vertex 33.2394 6.37059 2.3
      vertex 33.45 3.15793 2.3
      vertex 33.45 6.44207 2.3
    endloop
  endfacet
  facet normal 0 0 1
    outer loop
      vertex 33.2394 6.37059 2.3
      vertex 33.2394 3.2294 2.3
      vertex 33.45 3.15793 2.3
    endloop
  endfacet
  facet normal -0 0 1
    outer loop
      vertex 33.04 6.27224 2.3
      vertex 33.2394 3.2294 2.3
      vertex 33.2394 6.37059 2.3
    endloop
  endfacet
  facet normal 0 0 1
    outer loop
      vertex 33.04 6.27224 2.3
      vertex 33.04 3.32776 2.3
      vertex 33.2394 3.2294 2.3
    endloop
  endfacet
  facet normal -0 0 1
    outer loop
      vertex 32.8551 6.1487 2.3
      vertex 33.04 3.32776 2.3
      vertex 33.04 6.27224 2.3
    endloop
  endfacet
  facet normal 0 0 1
    outer loop
      vertex 32.8551 6.1487 2.3
      vertex 32.8551 3.4513 2.3
      vertex 33.04 3.32776 2.3
    endloop
  endfacet
  facet normal -0 0 1
    outer loop
      vertex 32.6879 6.00208 2.3
      vertex 32.8551 3.4513 2.3
      vertex 32.8551 6.1487 2.3
    endloop
  endfacet
  facet normal 0 0 1
    outer loop
      vertex 32.6879 6.00208 2.3
      vertex 32.6879 3.59792 2.3
      vertex 32.8551 3.4513 2.3
    endloop
  endfacet
  facet normal -0 0 1
    outer loop
      vertex 32.5413 5.83489 2.3
      vertex 32.6879 3.59792 2.3
      vertex 32.6879 6.00208 2.3
    endloop
  endfacet
  facet normal 0 0 1
    outer loop
      vertex 32.5413 5.83489 2.3
      vertex 32.5413 3.76511 2.3
      vertex 32.6879 3.59792 2.3
    endloop
  endfacet
  facet normal -0 0 1
    outer loop
      vertex 32.4178 5.65 2.3
      vertex 32.5413 3.76511 2.3
      vertex 32.5413 5.83489 2.3
    endloop
  endfacet
  facet normal 0 0 1
    outer loop
      vertex 32.4178 5.65 2.3
      vertex 32.4178 3.95 2.3
      vertex 32.5413 3.76511 2.3
    endloop
  endfacet
  facet normal -0 0 1
    outer loop
      vertex 32.3194 5.45056 2.3
      vertex 32.4178 3.95 2.3
      vertex 32.4178 5.65 2.3
    endloop
  endfacet
  facet normal 0 0 1
    outer loop
      vertex 32.3194 5.45056 2.3
      vertex 32.3194 4.14944 2.3
      vertex 32.4178 3.95 2.3
    endloop
  endfacet
  facet normal -0 0 1
    outer loop
      vertex 32.2479 5.23999 2.3
      vertex 32.3194 4.14944 2.3
      vertex 32.3194 5.45056 2.3
    endloop
  endfacet
  facet normal 0 0 1
    outer loop
      vertex 32.2479 5.23999 2.3
      vertex 32.2479 4.36001 2.3
      vertex 32.3194 4.14944 2.3
    endloop
  endfacet
  facet normal -0 0 1
    outer loop
      vertex 32.2045 5.02189 2.3
      vertex 32.2479 4.36001 2.3
      vertex 32.2479 5.23999 2.3
    endloop
  endfacet
  facet normal 0 0 1
    outer loop
      vertex 32.2045 5.02189 2.3
      vertex 32.2045 4.5781 2.3
      vertex 32.2479 4.36001 2.3
    endloop
  endfacet
  facet normal 0 -0 1
    outer loop
      vertex 32.2045 4.5781 2.3
      vertex 32.2045 5.02189 2.3
      vertex 32.19 4.8 2.3
    endloop
  endfacet
  facet normal 0.555551 -0.831483 0
    outer loop
      vertex 32.8551 6.1487 2.3
      vertex 33.04 6.27224 6.4
      vertex 32.8551 6.1487 6.4
    endloop
  endfacet
  facet normal 0.555551 -0.831483 0
    outer loop
      vertex 33.04 6.27224 6.4
      vertex 32.8551 6.1487 2.3
      vertex 33.04 6.27224 2.3
    endloop
  endfacet
  facet normal -0.980769 0.195173 0
    outer loop
      vertex 35.5321 4.36001 2.3
      vertex 35.5755 4.5781 6.4
      vertex 35.5755 4.5781 2.3
    endloop
  endfacet
  facet normal -0.980769 0.195173 0
    outer loop
      vertex 35.5755 4.5781 6.4
      vertex 35.5321 4.36001 2.3
      vertex 35.5321 4.36001 6.4
    endloop
  endfacet
  facet normal -0.997872 0.0652057 0
    outer loop
      vertex 35.5755 4.5781 2.3
      vertex 35.59 4.8 6.4
      vertex 35.59 4.8 2.3
    endloop
  endfacet
  facet normal -0.997872 0.0652057 0
    outer loop
      vertex 35.59 4.8 6.4
      vertex 35.5755 4.5781 2.3
      vertex 35.5755 4.5781 6.4
    endloop
  endfacet
  facet normal 0.896789 -0.442459 0
    outer loop
      vertex 32.3194 5.45056 6.4
      vertex 32.4178 5.65 2.3
      vertex 32.4178 5.65 6.4
    endloop
  endfacet
  facet normal 0.896789 -0.442459 0
    outer loop
      vertex 32.4178 5.65 2.3
      vertex 32.3194 5.45056 6.4
      vertex 32.3194 5.45056 2.3
    endloop
  endfacet
  facet normal 0.997872 0.0652057 0
    outer loop
      vertex 32.2045 4.5781 6.4
      vertex 32.19 4.8 2.3
      vertex 32.19 4.8 6.4
    endloop
  endfacet
  facet normal 0.997872 0.0652057 0
    outer loop
      vertex 32.19 4.8 2.3
      vertex 32.2045 4.5781 6.4
      vertex 32.2045 4.5781 2.3
    endloop
  endfacet
  facet normal -0.0653848 -0.99786 0
    outer loop
      vertex 33.89 6.5 2.3
      vertex 34.1119 6.48546 6.4
      vertex 33.89 6.5 6.4
    endloop
  endfacet
  facet normal -0.0653848 -0.99786 -0
    outer loop
      vertex 34.1119 6.48546 6.4
      vertex 33.89 6.5 2.3
      vertex 34.1119 6.48546 2.3
    endloop
  endfacet
  facet normal 0.659319 -0.751863 0
    outer loop
      vertex 32.6879 6.00208 2.3
      vertex 32.8551 6.1487 6.4
      vertex 32.6879 6.00208 6.4
    endloop
  endfacet
  facet normal 0.659319 -0.751863 0
    outer loop
      vertex 32.8551 6.1487 6.4
      vertex 32.6879 6.00208 2.3
      vertex 32.8551 6.1487 2.3
    endloop
  endfacet
  facet normal -0.195122 -0.980779 0
    outer loop
      vertex 34.1119 6.48546 2.3
      vertex 34.33 6.44207 6.4
      vertex 34.1119 6.48546 6.4
    endloop
  endfacet
  facet normal -0.195122 -0.980779 -0
    outer loop
      vertex 34.33 6.44207 6.4
      vertex 34.1119 6.48546 2.3
      vertex 34.33 6.44207 2.3
    endloop
  endfacet
  facet normal -0.442349 -0.896843 0
    outer loop
      vertex 34.5406 6.37059 2.3
      vertex 34.74 6.27224 6.4
      vertex 34.5406 6.37059 6.4
    endloop
  endfacet
  facet normal -0.442349 -0.896843 -0
    outer loop
      vertex 34.74 6.27224 6.4
      vertex 34.5406 6.37059 2.3
      vertex 34.74 6.27224 2.3
    endloop
  endfacet
  facet normal -0.555551 -0.831483 0
    outer loop
      vertex 34.74 6.27224 2.3
      vertex 34.9249 6.1487 6.4
      vertex 34.74 6.27224 6.4
    endloop
  endfacet
  facet normal -0.555551 -0.831483 -0
    outer loop
      vertex 34.9249 6.1487 6.4
      vertex 34.74 6.27224 2.3
      vertex 34.9249 6.1487 2.3
    endloop
  endfacet
  facet normal 0.751888 0.659291 0
    outer loop
      vertex 32.6879 3.59792 6.4
      vertex 32.5413 3.76511 2.3
      vertex 32.5413 3.76511 6.4
    endloop
  endfacet
  facet normal 0.751888 0.659291 0
    outer loop
      vertex 32.5413 3.76511 2.3
      vertex 32.6879 3.59792 6.4
      vertex 32.6879 3.59792 2.3
    endloop
  endfacet
  facet normal 0.946901 -0.321525 0
    outer loop
      vertex 32.2479 5.23999 6.4
      vertex 32.3194 5.45056 2.3
      vertex 32.3194 5.45056 6.4
    endloop
  endfacet
  facet normal 0.946901 -0.321525 0
    outer loop
      vertex 32.3194 5.45056 2.3
      vertex 32.2479 5.23999 6.4
      vertex 32.2479 5.23999 2.3
    endloop
  endfacet
  facet normal -0.831552 0.555447 0
    outer loop
      vertex 35.2387 3.76511 2.3
      vertex 35.3622 3.95 6.4
      vertex 35.3622 3.95 2.3
    endloop
  endfacet
  facet normal -0.831552 0.555447 0
    outer loop
      vertex 35.3622 3.95 6.4
      vertex 35.2387 3.76511 2.3
      vertex 35.2387 3.76511 6.4
    endloop
  endfacet
  facet normal 0.195122 0.980779 -0
    outer loop
      vertex 33.6681 3.11454 2.3
      vertex 33.45 3.15793 6.4
      vertex 33.6681 3.11454 6.4
    endloop
  endfacet
  facet normal 0.195122 0.980779 0
    outer loop
      vertex 33.45 3.15793 6.4
      vertex 33.6681 3.11454 2.3
      vertex 33.45 3.15793 2.3
    endloop
  endfacet
  facet normal 0.831552 0.555447 0
    outer loop
      vertex 32.5413 3.76511 6.4
      vertex 32.4178 3.95 2.3
      vertex 32.4178 3.95 6.4
    endloop
  endfacet
  facet normal 0.831552 0.555447 0
    outer loop
      vertex 32.4178 3.95 2.3
      vertex 32.5413 3.76511 6.4
      vertex 32.5413 3.76511 2.3
    endloop
  endfacet
  facet normal 0.997872 -0.0652086 0
    outer loop
      vertex 32.19 4.8 6.4
      vertex 32.2045 5.02189 2.3
      vertex 32.2045 5.02189 6.4
    endloop
  endfacet
  facet normal 0.997872 -0.0652086 0
    outer loop
      vertex 32.2045 5.02189 2.3
      vertex 32.19 4.8 6.4
      vertex 32.19 4.8 2.3
    endloop
  endfacet
  facet normal 0.946901 0.321525 0
    outer loop
      vertex 32.3194 4.14944 6.4
      vertex 32.2479 4.36001 2.3
      vertex 32.2479 4.36001 6.4
    endloop
  endfacet
  facet normal 0.946901 0.321525 0
    outer loop
      vertex 32.2479 4.36001 2.3
      vertex 32.3194 4.14944 6.4
      vertex 32.3194 4.14944 2.3
    endloop
  endfacet
  facet normal 0.980769 0.195173 0
    outer loop
      vertex 32.2479 4.36001 6.4
      vertex 32.2045 4.5781 2.3
      vertex 32.2045 4.5781 6.4
    endloop
  endfacet
  facet normal 0.980769 0.195173 0
    outer loop
      vertex 32.2045 4.5781 2.3
      vertex 32.2479 4.36001 6.4
      vertex 32.2479 4.36001 2.3
    endloop
  endfacet
  facet normal 0.831552 -0.555447 0
    outer loop
      vertex 32.4178 5.65 6.4
      vertex 32.5413 5.83489 2.3
      vertex 32.5413 5.83489 6.4
    endloop
  endfacet
  facet normal 0.831552 -0.555447 0
    outer loop
      vertex 32.5413 5.83489 2.3
      vertex 32.4178 5.65 6.4
      vertex 32.4178 5.65 2.3
    endloop
  endfacet
  facet normal 0.659319 0.751863 -0
    outer loop
      vertex 32.8551 3.4513 2.3
      vertex 32.6879 3.59792 6.4
      vertex 32.8551 3.4513 6.4
    endloop
  endfacet
  facet normal 0.659319 0.751863 0
    outer loop
      vertex 32.6879 3.59792 6.4
      vertex 32.8551 3.4513 2.3
      vertex 32.6879 3.59792 2.3
    endloop
  endfacet
  facet normal 0.555551 0.831483 -0
    outer loop
      vertex 33.04 3.32776 2.3
      vertex 32.8551 3.4513 6.4
      vertex 33.04 3.32776 6.4
    endloop
  endfacet
  facet normal 0.555551 0.831483 0
    outer loop
      vertex 32.8551 3.4513 6.4
      vertex 33.04 3.32776 2.3
      vertex 32.8551 3.4513 2.3
    endloop
  endfacet
  facet normal 0.751888 -0.659291 0
    outer loop
      vertex 32.5413 5.83489 6.4
      vertex 32.6879 6.00208 2.3
      vertex 32.6879 6.00208 6.4
    endloop
  endfacet
  facet normal 0.751888 -0.659291 0
    outer loop
      vertex 32.6879 6.00208 2.3
      vertex 32.5413 5.83489 6.4
      vertex 32.5413 5.83489 2.3
    endloop
  endfacet
  facet normal -0.321484 -0.946915 0
    outer loop
      vertex 34.33 38.8421 2.3
      vertex 34.5406 38.7706 6.4
      vertex 34.33 38.8421 6.4
    endloop
  endfacet
  facet normal -0.321484 -0.946915 -0
    outer loop
      vertex 34.5406 38.7706 6.4
      vertex 34.33 38.8421 2.3
      vertex 34.5406 38.7706 2.3
    endloop
  endfacet
  facet normal -0.195165 0.98077 0
    outer loop
      vertex 34.33 35.5579 2.3
      vertex 34.1119 35.5145 6.4
      vertex 34.33 35.5579 6.4
    endloop
  endfacet
  facet normal -0.195165 0.98077 0
    outer loop
      vertex 34.1119 35.5145 6.4
      vertex 34.33 35.5579 2.3
      vertex 34.1119 35.5145 2.3
    endloop
  endfacet
  facet normal -0.98077 -0.195165 0
    outer loop
      vertex 35.5755 37.4219 2.3
      vertex 35.5321 37.64 6.4
      vertex 35.5321 37.64 2.3
    endloop
  endfacet
  facet normal -0.98077 -0.195165 0
    outer loop
      vertex 35.5321 37.64 6.4
      vertex 35.5755 37.4219 2.3
      vertex 35.5755 37.4219 6.4
    endloop
  endfacet
  facet normal -0.997872 -0.0652057 0
    outer loop
      vertex 35.59 37.2 2.3
      vertex 35.5755 37.4219 6.4
      vertex 35.5755 37.4219 2.3
    endloop
  endfacet
  facet normal -0.997872 -0.0652057 0
    outer loop
      vertex 35.5755 37.4219 6.4
      vertex 35.59 37.2 2.3
      vertex 35.59 37.2 6.4
    endloop
  endfacet
  facet normal -0.946915 -0.321484 0
    outer loop
      vertex 35.5321 37.64 2.3
      vertex 35.4606 37.8506 6.4
      vertex 35.4606 37.8506 2.3
    endloop
  endfacet
  facet normal -0.946915 -0.321484 0
    outer loop
      vertex 35.4606 37.8506 6.4
      vertex 35.5321 37.64 2.3
      vertex 35.5321 37.64 6.4
    endloop
  endfacet
  facet normal -0.98077 0.195165 0
    outer loop
      vertex 35.5321 36.76 2.3
      vertex 35.5755 36.9781 6.4
      vertex 35.5755 36.9781 2.3
    endloop
  endfacet
  facet normal -0.98077 0.195165 0
    outer loop
      vertex 35.5755 36.9781 6.4
      vertex 35.5321 36.76 2.3
      vertex 35.5321 36.76 6.4
    endloop
  endfacet
  facet normal 0.98077 0.195165 0
    outer loop
      vertex 32.2479 36.76 6.4
      vertex 32.2045 36.9781 2.3
      vertex 32.2045 36.9781 6.4
    endloop
  endfacet
  facet normal 0.98077 0.195165 0
    outer loop
      vertex 32.2045 36.9781 2.3
      vertex 32.2479 36.76 6.4
      vertex 32.2479 36.76 2.3
    endloop
  endfacet
  facet normal -0.896754 -0.44253 0
    outer loop
      vertex 35.4606 37.8506 2.3
      vertex 35.3622 38.05 6.4
      vertex 35.3622 38.05 2.3
    endloop
  endfacet
  facet normal -0.896754 -0.44253 0
    outer loop
      vertex 35.3622 38.05 6.4
      vertex 35.4606 37.8506 2.3
      vertex 35.4606 37.8506 6.4
    endloop
  endfacet
  facet normal -0.659268 -0.751908 0
    outer loop
      vertex 34.9249 38.5487 2.3
      vertex 35.0921 38.4021 6.4
      vertex 34.9249 38.5487 6.4
    endloop
  endfacet
  facet normal -0.659268 -0.751908 -0
    outer loop
      vertex 35.0921 38.4021 6.4
      vertex 34.9249 38.5487 2.3
      vertex 35.0921 38.4021 2.3
    endloop
  endfacet
  facet normal 0.321484 -0.946915 0
    outer loop
      vertex 33.2394 38.7706 2.3
      vertex 33.45 38.8421 6.4
      vertex 33.2394 38.7706 6.4
    endloop
  endfacet
  facet normal 0.321484 -0.946915 0
    outer loop
      vertex 33.45 38.8421 6.4
      vertex 33.2394 38.7706 2.3
      vertex 33.45 38.8421 2.3
    endloop
  endfacet
  facet normal -0.44253 -0.896754 0
    outer loop
      vertex 34.5406 38.7706 2.3
      vertex 34.74 38.6722 6.4
      vertex 34.5406 38.7706 6.4
    endloop
  endfacet
  facet normal -0.44253 -0.896754 -0
    outer loop
      vertex 34.74 38.6722 6.4
      vertex 34.5406 38.7706 2.3
      vertex 34.74 38.6722 2.3
    endloop
  endfacet
  facet normal 0.321484 0.946915 -0
    outer loop
      vertex 33.45 35.5579 2.3
      vertex 33.2394 35.6294 6.4
      vertex 33.45 35.5579 6.4
    endloop
  endfacet
  facet normal 0.321484 0.946915 0
    outer loop
      vertex 33.2394 35.6294 6.4
      vertex 33.45 35.5579 2.3
      vertex 33.2394 35.6294 2.3
    endloop
  endfacet
  facet normal -0.831566 -0.555426 0
    outer loop
      vertex 35.3622 38.05 2.3
      vertex 35.2387 38.2349 6.4
      vertex 35.2387 38.2349 2.3
    endloop
  endfacet
  facet normal -0.831566 -0.555426 0
    outer loop
      vertex 35.2387 38.2349 6.4
      vertex 35.3622 38.05 2.3
      vertex 35.3622 38.05 6.4
    endloop
  endfacet
  facet normal -0.555426 0.831566 0
    outer loop
      vertex 34.9249 35.8513 2.3
      vertex 34.74 35.7278 6.4
      vertex 34.9249 35.8513 6.4
    endloop
  endfacet
  facet normal -0.555426 0.831566 0
    outer loop
      vertex 34.74 35.7278 6.4
      vertex 34.9249 35.8513 2.3
      vertex 34.74 35.7278 2.3
    endloop
  endfacet
  facet normal 0.831566 0.555426 0
    outer loop
      vertex 32.5413 36.1651 6.4
      vertex 32.4178 36.35 2.3
      vertex 32.4178 36.35 6.4
    endloop
  endfacet
  facet normal 0.831566 0.555426 0
    outer loop
      vertex 32.4178 36.35 2.3
      vertex 32.5413 36.1651 6.4
      vertex 32.5413 36.1651 2.3
    endloop
  endfacet
  facet normal 0.659268 0.751908 -0
    outer loop
      vertex 32.8551 35.8513 2.3
      vertex 32.6879 35.9979 6.4
      vertex 32.8551 35.8513 6.4
    endloop
  endfacet
  facet normal 0.659268 0.751908 0
    outer loop
      vertex 32.6879 35.9979 6.4
      vertex 32.8551 35.8513 2.3
      vertex 32.6879 35.9979 2.3
    endloop
  endfacet
  facet normal -0.896754 0.44253 0
    outer loop
      vertex 35.3622 36.35 2.3
      vertex 35.4606 36.5494 6.4
      vertex 35.4606 36.5494 2.3
    endloop
  endfacet
  facet normal -0.896754 0.44253 0
    outer loop
      vertex 35.4606 36.5494 6.4
      vertex 35.3622 36.35 2.3
      vertex 35.3622 36.35 6.4
    endloop
  endfacet
  facet normal 0.946915 -0.321484 0
    outer loop
      vertex 32.2479 37.64 6.4
      vertex 32.3194 37.8506 2.3
      vertex 32.3194 37.8506 6.4
    endloop
  endfacet
  facet normal 0.946915 -0.321484 0
    outer loop
      vertex 32.3194 37.8506 2.3
      vertex 32.2479 37.64 6.4
      vertex 32.2479 37.64 2.3
    endloop
  endfacet
  facet normal -0.751908 -0.659268 0
    outer loop
      vertex 35.2387 38.2349 2.3
      vertex 35.0921 38.4021 6.4
      vertex 35.0921 38.4021 2.3
    endloop
  endfacet
  facet normal -0.751908 -0.659268 0
    outer loop
      vertex 35.0921 38.4021 6.4
      vertex 35.2387 38.2349 2.3
      vertex 35.2387 38.2349 6.4
    endloop
  endfacet
  facet normal -0.751908 0.659268 0
    outer loop
      vertex 35.0921 35.9979 2.3
      vertex 35.2387 36.1651 6.4
      vertex 35.2387 36.1651 2.3
    endloop
  endfacet
  facet normal -0.751908 0.659268 0
    outer loop
      vertex 35.2387 36.1651 6.4
      vertex 35.0921 35.9979 2.3
      vertex 35.0921 35.9979 6.4
    endloop
  endfacet
  facet normal -0.997872 0.0652057 0
    outer loop
      vertex 35.5755 36.9781 2.3
      vertex 35.59 37.2 6.4
      vertex 35.59 37.2 2.3
    endloop
  endfacet
  facet normal -0.997872 0.0652057 0
    outer loop
      vertex 35.59 37.2 6.4
      vertex 35.5755 36.9781 2.3
      vertex 35.5755 36.9781 6.4
    endloop
  endfacet
  facet normal 0.44253 -0.896754 0
    outer loop
      vertex 33.04 38.6722 2.3
      vertex 33.2394 38.7706 6.4
      vertex 33.04 38.6722 6.4
    endloop
  endfacet
  facet normal 0.44253 -0.896754 0
    outer loop
      vertex 33.2394 38.7706 6.4
      vertex 33.04 38.6722 2.3
      vertex 33.2394 38.7706 2.3
    endloop
  endfacet
  facet normal 0.751908 -0.659268 0
    outer loop
      vertex 32.5413 38.2349 6.4
      vertex 32.6879 38.4021 2.3
      vertex 32.6879 38.4021 6.4
    endloop
  endfacet
  facet normal 0.751908 -0.659268 0
    outer loop
      vertex 32.6879 38.4021 2.3
      vertex 32.5413 38.2349 6.4
      vertex 32.5413 38.2349 2.3
    endloop
  endfacet
  facet normal -0.44253 0.896754 0
    outer loop
      vertex 34.74 35.7278 2.3
      vertex 34.5406 35.6294 6.4
      vertex 34.74 35.7278 6.4
    endloop
  endfacet
  facet normal -0.44253 0.896754 0
    outer loop
      vertex 34.5406 35.6294 6.4
      vertex 34.74 35.7278 2.3
      vertex 34.5406 35.6294 2.3
    endloop
  endfacet
  facet normal 0.555426 0.831566 -0
    outer loop
      vertex 33.04 35.7278 2.3
      vertex 32.8551 35.8513 6.4
      vertex 33.04 35.7278 6.4
    endloop
  endfacet
  facet normal 0.555426 0.831566 0
    outer loop
      vertex 32.8551 35.8513 6.4
      vertex 33.04 35.7278 2.3
      vertex 32.8551 35.8513 2.3
    endloop
  endfacet
  facet normal -0.0652057 0.997872 0
    outer loop
      vertex 34.1119 35.5145 2.3
      vertex 33.89 35.5 6.4
      vertex 34.1119 35.5145 6.4
    endloop
  endfacet
  facet normal -0.0652057 0.997872 0
    outer loop
      vertex 33.89 35.5 6.4
      vertex 34.1119 35.5145 2.3
      vertex 33.89 35.5 2.3
    endloop
  endfacet
  facet normal -0.555426 -0.831566 0
    outer loop
      vertex 34.74 38.6722 2.3
      vertex 34.9249 38.5487 6.4
      vertex 34.74 38.6722 6.4
    endloop
  endfacet
  facet normal -0.555426 -0.831566 -0
    outer loop
      vertex 34.9249 38.5487 6.4
      vertex 34.74 38.6722 2.3
      vertex 34.9249 38.5487 2.3
    endloop
  endfacet
  facet normal -0.946915 0.321484 0
    outer loop
      vertex 35.4606 36.5494 2.3
      vertex 35.5321 36.76 6.4
      vertex 35.5321 36.76 2.3
    endloop
  endfacet
  facet normal -0.946915 0.321484 0
    outer loop
      vertex 35.5321 36.76 6.4
      vertex 35.4606 36.5494 2.3
      vertex 35.4606 36.5494 6.4
    endloop
  endfacet
  facet normal 0.946915 0.321484 0
    outer loop
      vertex 32.3194 36.5494 6.4
      vertex 32.2479 36.76 2.3
      vertex 32.2479 36.76 6.4
    endloop
  endfacet
  facet normal 0.946915 0.321484 0
    outer loop
      vertex 32.2479 36.76 2.3
      vertex 32.3194 36.5494 6.4
      vertex 32.3194 36.5494 2.3
    endloop
  endfacet
  facet normal 0.195165 -0.98077 0
    outer loop
      vertex 33.45 38.8421 2.3
      vertex 33.6681 38.8855 6.4
      vertex 33.45 38.8421 6.4
    endloop
  endfacet
  facet normal 0.195165 -0.98077 0
    outer loop
      vertex 33.6681 38.8855 6.4
      vertex 33.45 38.8421 2.3
      vertex 33.6681 38.8855 2.3
    endloop
  endfacet
  facet normal 0.997872 -0.0652057 0
    outer loop
      vertex 32.19 37.2 6.4
      vertex 32.2045 37.4219 2.3
      vertex 32.2045 37.4219 6.4
    endloop
  endfacet
  facet normal 0.997872 -0.0652057 0
    outer loop
      vertex 32.2045 37.4219 2.3
      vertex 32.19 37.2 6.4
      vertex 32.19 37.2 2.3
    endloop
  endfacet
  facet normal -0.659268 0.751908 0
    outer loop
      vertex 35.0921 35.9979 2.3
      vertex 34.9249 35.8513 6.4
      vertex 35.0921 35.9979 6.4
    endloop
  endfacet
  facet normal -0.659268 0.751908 0
    outer loop
      vertex 34.9249 35.8513 6.4
      vertex 35.0921 35.9979 2.3
      vertex 34.9249 35.8513 2.3
    endloop
  endfacet
  facet normal 0.751908 0.659268 0
    outer loop
      vertex 32.6879 35.9979 6.4
      vertex 32.5413 36.1651 2.3
      vertex 32.5413 36.1651 6.4
    endloop
  endfacet
  facet normal 0.751908 0.659268 0
    outer loop
      vertex 32.5413 36.1651 2.3
      vertex 32.6879 35.9979 6.4
      vertex 32.6879 35.9979 2.3
    endloop
  endfacet
  facet normal -0.831566 0.555426 0
    outer loop
      vertex 35.2387 36.1651 2.3
      vertex 35.3622 36.35 6.4
      vertex 35.3622 36.35 2.3
    endloop
  endfacet
  facet normal -0.831566 0.555426 0
    outer loop
      vertex 35.3622 36.35 6.4
      vertex 35.2387 36.1651 2.3
      vertex 35.2387 36.1651 6.4
    endloop
  endfacet
  facet normal -0.195165 -0.98077 0
    outer loop
      vertex 34.1119 38.8855 2.3
      vertex 34.33 38.8421 6.4
      vertex 34.1119 38.8855 6.4
    endloop
  endfacet
  facet normal -0.195165 -0.98077 -0
    outer loop
      vertex 34.33 38.8421 6.4
      vertex 34.1119 38.8855 2.3
      vertex 34.33 38.8421 2.3
    endloop
  endfacet
  facet normal 0.555426 -0.831566 0
    outer loop
      vertex 32.8551 38.5487 2.3
      vertex 33.04 38.6722 6.4
      vertex 32.8551 38.5487 6.4
    endloop
  endfacet
  facet normal 0.555426 -0.831566 0
    outer loop
      vertex 33.04 38.6722 6.4
      vertex 32.8551 38.5487 2.3
      vertex 33.04 38.6722 2.3
    endloop
  endfacet
  facet normal 0.659268 -0.751908 0
    outer loop
      vertex 32.6879 38.4021 2.3
      vertex 32.8551 38.5487 6.4
      vertex 32.6879 38.4021 6.4
    endloop
  endfacet
  facet normal 0.659268 -0.751908 0
    outer loop
      vertex 32.8551 38.5487 6.4
      vertex 32.6879 38.4021 2.3
      vertex 32.8551 38.5487 2.3
    endloop
  endfacet
  facet normal 0.896754 0.44253 0
    outer loop
      vertex 32.4178 36.35 6.4
      vertex 32.3194 36.5494 2.3
      vertex 32.3194 36.5494 6.4
    endloop
  endfacet
  facet normal 0.896754 0.44253 0
    outer loop
      vertex 32.3194 36.5494 2.3
      vertex 32.4178 36.35 6.4
      vertex 32.4178 36.35 2.3
    endloop
  endfacet
  facet normal 0.44253 0.896754 -0
    outer loop
      vertex 33.2394 35.6294 2.3
      vertex 33.04 35.7278 6.4
      vertex 33.2394 35.6294 6.4
    endloop
  endfacet
  facet normal 0.44253 0.896754 0
    outer loop
      vertex 33.04 35.7278 6.4
      vertex 33.2394 35.6294 2.3
      vertex 33.04 35.7278 2.3
    endloop
  endfacet
  facet normal -0.321484 0.946915 0
    outer loop
      vertex 34.5406 35.6294 2.3
      vertex 34.33 35.5579 6.4
      vertex 34.5406 35.6294 6.4
    endloop
  endfacet
  facet normal -0.321484 0.946915 0
    outer loop
      vertex 34.33 35.5579 6.4
      vertex 34.5406 35.6294 2.3
      vertex 34.33 35.5579 2.3
    endloop
  endfacet
  facet normal 0.831566 -0.555426 0
    outer loop
      vertex 32.4178 38.05 6.4
      vertex 32.5413 38.2349 2.3
      vertex 32.5413 38.2349 6.4
    endloop
  endfacet
  facet normal 0.831566 -0.555426 0
    outer loop
      vertex 32.5413 38.2349 2.3
      vertex 32.4178 38.05 6.4
      vertex 32.4178 38.05 2.3
    endloop
  endfacet
  facet normal 0.98077 -0.195165 0
    outer loop
      vertex 32.2045 37.4219 6.4
      vertex 32.2479 37.64 2.3
      vertex 32.2479 37.64 6.4
    endloop
  endfacet
  facet normal 0.98077 -0.195165 0
    outer loop
      vertex 32.2479 37.64 2.3
      vertex 32.2045 37.4219 6.4
      vertex 32.2045 37.4219 2.3
    endloop
  endfacet
  facet normal 0.997872 0.0652057 0
    outer loop
      vertex 32.2045 36.9781 6.4
      vertex 32.19 37.2 2.3
      vertex 32.19 37.2 6.4
    endloop
  endfacet
  facet normal 0.997872 0.0652057 0
    outer loop
      vertex 32.19 37.2 2.3
      vertex 32.2045 36.9781 6.4
      vertex 32.2045 36.9781 2.3
    endloop
  endfacet
  facet normal 0.896754 -0.44253 0
    outer loop
      vertex 32.3194 37.8506 6.4
      vertex 32.4178 38.05 2.3
      vertex 32.4178 38.05 6.4
    endloop
  endfacet
  facet normal 0.896754 -0.44253 0
    outer loop
      vertex 32.4178 38.05 2.3
      vertex 32.3194 37.8506 6.4
      vertex 32.3194 37.8506 2.3
    endloop
  endfacet
  facet normal -0.0652057 -0.997872 0
    outer loop
      vertex 33.89 38.9 2.3
      vertex 34.1119 38.8855 6.4
      vertex 33.89 38.9 6.4
    endloop
  endfacet
  facet normal -0.0652057 -0.997872 -0
    outer loop
      vertex 34.1119 38.8855 6.4
      vertex 33.89 38.9 2.3
      vertex 34.1119 38.8855 2.3
    endloop
  endfacet
  facet normal 0.0652057 -0.997872 0
    outer loop
      vertex 33.6681 38.8855 2.3
      vertex 33.89 38.9 6.4
      vertex 33.6681 38.8855 6.4
    endloop
  endfacet
  facet normal 0.0652057 -0.997872 0
    outer loop
      vertex 33.89 38.9 6.4
      vertex 33.6681 38.8855 2.3
      vertex 33.89 38.9 2.3
    endloop
  endfacet
  facet normal 0 0 1
    outer loop
      vertex 35.5755 37.4219 2.3
      vertex 35.5755 36.9781 2.3
      vertex 35.59 37.2 2.3
    endloop
  endfacet
  facet normal 0 0 1
    outer loop
      vertex 35.5321 37.64 2.3
      vertex 35.5755 36.9781 2.3
      vertex 35.5755 37.4219 2.3
    endloop
  endfacet
  facet normal 0 0 1
    outer loop
      vertex 35.5321 37.64 2.3
      vertex 35.5321 36.76 2.3
      vertex 35.5755 36.9781 2.3
    endloop
  endfacet
  facet normal 0 0 1
    outer loop
      vertex 35.4606 37.8506 2.3
      vertex 35.5321 36.76 2.3
      vertex 35.5321 37.64 2.3
    endloop
  endfacet
  facet normal 0 0 1
    outer loop
      vertex 35.4606 37.8506 2.3
      vertex 35.4606 36.5494 2.3
      vertex 35.5321 36.76 2.3
    endloop
  endfacet
  facet normal 0 0 1
    outer loop
      vertex 35.3622 38.05 2.3
      vertex 35.4606 36.5494 2.3
      vertex 35.4606 37.8506 2.3
    endloop
  endfacet
  facet normal 0 0 1
    outer loop
      vertex 35.3622 38.05 2.3
      vertex 35.3622 36.35 2.3
      vertex 35.4606 36.5494 2.3
    endloop
  endfacet
  facet normal 0 0 1
    outer loop
      vertex 35.2387 38.2349 2.3
      vertex 35.3622 36.35 2.3
      vertex 35.3622 38.05 2.3
    endloop
  endfacet
  facet normal 0 0 1
    outer loop
      vertex 35.2387 38.2349 2.3
      vertex 35.2387 36.1651 2.3
      vertex 35.3622 36.35 2.3
    endloop
  endfacet
  facet normal 0 0 1
    outer loop
      vertex 35.0921 38.4021 2.3
      vertex 35.2387 36.1651 2.3
      vertex 35.2387 38.2349 2.3
    endloop
  endfacet
  facet normal 0 0 1
    outer loop
      vertex 35.0921 38.4021 2.3
      vertex 35.0921 35.9979 2.3
      vertex 35.2387 36.1651 2.3
    endloop
  endfacet
  facet normal 0 0 1
    outer loop
      vertex 34.9249 38.5487 2.3
      vertex 35.0921 35.9979 2.3
      vertex 35.0921 38.4021 2.3
    endloop
  endfacet
  facet normal 0 0 1
    outer loop
      vertex 34.9249 38.5487 2.3
      vertex 34.9249 35.8513 2.3
      vertex 35.0921 35.9979 2.3
    endloop
  endfacet
  facet normal 0 0 1
    outer loop
      vertex 34.74 38.6722 2.3
      vertex 34.9249 35.8513 2.3
      vertex 34.9249 38.5487 2.3
    endloop
  endfacet
  facet normal 0 0 1
    outer loop
      vertex 34.74 38.6722 2.3
      vertex 34.74 35.7278 2.3
      vertex 34.9249 35.8513 2.3
    endloop
  endfacet
  facet normal 0 0 1
    outer loop
      vertex 34.5406 38.7706 2.3
      vertex 34.74 35.7278 2.3
      vertex 34.74 38.6722 2.3
    endloop
  endfacet
  facet normal 0 0 1
    outer loop
      vertex 34.5406 38.7706 2.3
      vertex 34.5406 35.6294 2.3
      vertex 34.74 35.7278 2.3
    endloop
  endfacet
  facet normal 0 0 1
    outer loop
      vertex 34.33 38.8421 2.3
      vertex 34.5406 35.6294 2.3
      vertex 34.5406 38.7706 2.3
    endloop
  endfacet
  facet normal 0 0 1
    outer loop
      vertex 34.33 38.8421 2.3
      vertex 34.33 35.5579 2.3
      vertex 34.5406 35.6294 2.3
    endloop
  endfacet
  facet normal 0 0 1
    outer loop
      vertex 34.1119 38.8855 2.3
      vertex 34.33 35.5579 2.3
      vertex 34.33 38.8421 2.3
    endloop
  endfacet
  facet normal 0 0 1
    outer loop
      vertex 34.1119 38.8855 2.3
      vertex 34.1119 35.5145 2.3
      vertex 34.33 35.5579 2.3
    endloop
  endfacet
  facet normal 0 0 1
    outer loop
      vertex 33.89 38.9 2.3
      vertex 34.1119 35.5145 2.3
      vertex 34.1119 38.8855 2.3
    endloop
  endfacet
  facet normal 0 0 1
    outer loop
      vertex 33.89 38.9 2.3
      vertex 33.89 35.5 2.3
      vertex 34.1119 35.5145 2.3
    endloop
  endfacet
  facet normal -0 0 1
    outer loop
      vertex 33.6681 38.8855 2.3
      vertex 33.89 35.5 2.3
      vertex 33.89 38.9 2.3
    endloop
  endfacet
  facet normal 0 0 1
    outer loop
      vertex 33.6681 38.8855 2.3
      vertex 33.6681 35.5145 2.3
      vertex 33.89 35.5 2.3
    endloop
  endfacet
  facet normal -0 0 1
    outer loop
      vertex 33.45 38.8421 2.3
      vertex 33.6681 35.5145 2.3
      vertex 33.6681 38.8855 2.3
    endloop
  endfacet
  facet normal 0 0 1
    outer loop
      vertex 33.45 38.8421 2.3
      vertex 33.45 35.5579 2.3
      vertex 33.6681 35.5145 2.3
    endloop
  endfacet
  facet normal -0 0 1
    outer loop
      vertex 33.2394 38.7706 2.3
      vertex 33.45 35.5579 2.3
      vertex 33.45 38.8421 2.3
    endloop
  endfacet
  facet normal 0 0 1
    outer loop
      vertex 33.2394 38.7706 2.3
      vertex 33.2394 35.6294 2.3
      vertex 33.45 35.5579 2.3
    endloop
  endfacet
  facet normal -0 0 1
    outer loop
      vertex 33.04 38.6722 2.3
      vertex 33.2394 35.6294 2.3
      vertex 33.2394 38.7706 2.3
    endloop
  endfacet
  facet normal 0 0 1
    outer loop
      vertex 33.04 38.6722 2.3
      vertex 33.04 35.7278 2.3
      vertex 33.2394 35.6294 2.3
    endloop
  endfacet
  facet normal -0 0 1
    outer loop
      vertex 32.8551 38.5487 2.3
      vertex 33.04 35.7278 2.3
      vertex 33.04 38.6722 2.3
    endloop
  endfacet
  facet normal 0 0 1
    outer loop
      vertex 32.8551 38.5487 2.3
      vertex 32.8551 35.8513 2.3
      vertex 33.04 35.7278 2.3
    endloop
  endfacet
  facet normal -0 0 1
    outer loop
      vertex 32.6879 38.4021 2.3
      vertex 32.8551 35.8513 2.3
      vertex 32.8551 38.5487 2.3
    endloop
  endfacet
  facet normal 0 0 1
    outer loop
      vertex 32.6879 38.4021 2.3
      vertex 32.6879 35.9979 2.3
      vertex 32.8551 35.8513 2.3
    endloop
  endfacet
  facet normal -0 0 1
    outer loop
      vertex 32.5413 38.2349 2.3
      vertex 32.6879 35.9979 2.3
      vertex 32.6879 38.4021 2.3
    endloop
  endfacet
  facet normal 0 0 1
    outer loop
      vertex 32.5413 38.2349 2.3
      vertex 32.5413 36.1651 2.3
      vertex 32.6879 35.9979 2.3
    endloop
  endfacet
  facet normal -0 0 1
    outer loop
      vertex 32.4178 38.05 2.3
      vertex 32.5413 36.1651 2.3
      vertex 32.5413 38.2349 2.3
    endloop
  endfacet
  facet normal 0 0 1
    outer loop
      vertex 32.4178 38.05 2.3
      vertex 32.4178 36.35 2.3
      vertex 32.5413 36.1651 2.3
    endloop
  endfacet
  facet normal -0 0 1
    outer loop
      vertex 32.3194 37.8506 2.3
      vertex 32.4178 36.35 2.3
      vertex 32.4178 38.05 2.3
    endloop
  endfacet
  facet normal 0 0 1
    outer loop
      vertex 32.3194 37.8506 2.3
      vertex 32.3194 36.5494 2.3
      vertex 32.4178 36.35 2.3
    endloop
  endfacet
  facet normal -0 0 1
    outer loop
      vertex 32.2479 37.64 2.3
      vertex 32.3194 36.5494 2.3
      vertex 32.3194 37.8506 2.3
    endloop
  endfacet
  facet normal 0 0 1
    outer loop
      vertex 32.2479 37.64 2.3
      vertex 32.2479 36.76 2.3
      vertex 32.3194 36.5494 2.3
    endloop
  endfacet
  facet normal -0 0 1
    outer loop
      vertex 32.2045 37.4219 2.3
      vertex 32.2479 36.76 2.3
      vertex 32.2479 37.64 2.3
    endloop
  endfacet
  facet normal 0 0 1
    outer loop
      vertex 32.2045 37.4219 2.3
      vertex 32.2045 36.9781 2.3
      vertex 32.2479 36.76 2.3
    endloop
  endfacet
  facet normal 0 -0 1
    outer loop
      vertex 32.2045 36.9781 2.3
      vertex 32.2045 37.4219 2.3
      vertex 32.19 37.2 2.3
    endloop
  endfacet
  facet normal 0.195165 0.98077 -0
    outer loop
      vertex 33.6681 35.5145 2.3
      vertex 33.45 35.5579 6.4
      vertex 33.6681 35.5145 6.4
    endloop
  endfacet
  facet normal 0.195165 0.98077 0
    outer loop
      vertex 33.45 35.5579 6.4
      vertex 33.6681 35.5145 2.3
      vertex 33.45 35.5579 2.3
    endloop
  endfacet
  facet normal 0.0652057 0.997872 -0
    outer loop
      vertex 33.89 35.5 2.3
      vertex 33.6681 35.5145 6.4
      vertex 33.89 35.5 6.4
    endloop
  endfacet
  facet normal 0.0652057 0.997872 0
    outer loop
      vertex 33.6681 35.5145 6.4
      vertex 33.89 35.5 2.3
      vertex 33.6681 35.5145 2.3
    endloop
  endfacet
  facet normal 0.896789 0.442459 0
    outer loop
      vertex 60.6378 3.95 6.4
      vertex 60.5394 4.14944 2.3
      vertex 60.5394 4.14944 6.4
    endloop
  endfacet
  facet normal 0.896789 0.442459 0
    outer loop
      vertex 60.5394 4.14944 2.3
      vertex 60.6378 3.95 6.4
      vertex 60.6378 3.95 2.3
    endloop
  endfacet
  facet normal -0.321363 0.946956 0
    outer loop
      vertex 62.7606 3.2294 2.3
      vertex 62.55 3.15793 6.4
      vertex 62.7606 3.2294 6.4
    endloop
  endfacet
  facet normal -0.321363 0.946956 0
    outer loop
      vertex 62.55 3.15793 6.4
      vertex 62.7606 3.2294 2.3
      vertex 62.55 3.15793 2.3
    endloop
  endfacet
  facet normal 0.195122 0.980779 -0
    outer loop
      vertex 61.8881 3.11454 2.3
      vertex 61.67 3.15793 6.4
      vertex 61.8881 3.11454 6.4
    endloop
  endfacet
  facet normal 0.195122 0.980779 0
    outer loop
      vertex 61.67 3.15793 6.4
      vertex 61.8881 3.11454 2.3
      vertex 61.67 3.15793 2.3
    endloop
  endfacet
  facet normal 0.555551 0.831483 -0
    outer loop
      vertex 61.26 3.32776 2.3
      vertex 61.0751 3.4513 6.4
      vertex 61.26 3.32776 6.4
    endloop
  endfacet
  facet normal 0.555551 0.831483 0
    outer loop
      vertex 61.0751 3.4513 6.4
      vertex 61.26 3.32776 2.3
      vertex 61.0751 3.4513 2.3
    endloop
  endfacet
  facet normal 0.659319 0.751863 -0
    outer loop
      vertex 61.0751 3.4513 2.3
      vertex 60.9079 3.59792 6.4
      vertex 61.0751 3.4513 6.4
    endloop
  endfacet
  facet normal 0.659319 0.751863 0
    outer loop
      vertex 60.9079 3.59792 6.4
      vertex 61.0751 3.4513 2.3
      vertex 60.9079 3.59792 2.3
    endloop
  endfacet
  facet normal -0.659319 -0.751863 0
    outer loop
      vertex 63.1449 6.1487 2.3
      vertex 63.3121 6.00208 6.4
      vertex 63.1449 6.1487 6.4
    endloop
  endfacet
  facet normal -0.659319 -0.751863 -0
    outer loop
      vertex 63.3121 6.00208 6.4
      vertex 63.1449 6.1487 2.3
      vertex 63.3121 6.00208 2.3
    endloop
  endfacet
  facet normal 0.946901 -0.321525 0
    outer loop
      vertex 60.4679 5.23999 6.4
      vertex 60.5394 5.45056 2.3
      vertex 60.5394 5.45056 6.4
    endloop
  endfacet
  facet normal 0.946901 -0.321525 0
    outer loop
      vertex 60.5394 5.45056 2.3
      vertex 60.4679 5.23999 6.4
      vertex 60.4679 5.23999 2.3
    endloop
  endfacet
  facet normal -0.751888 0.659291 0
    outer loop
      vertex 63.3121 3.59792 2.3
      vertex 63.4587 3.76511 6.4
      vertex 63.4587 3.76511 2.3
    endloop
  endfacet
  facet normal -0.751888 0.659291 0
    outer loop
      vertex 63.4587 3.76511 6.4
      vertex 63.3121 3.59792 2.3
      vertex 63.3121 3.59792 6.4
    endloop
  endfacet
  facet normal 0.946901 0.321525 0
    outer loop
      vertex 60.5394 4.14944 6.4
      vertex 60.4679 4.36001 2.3
      vertex 60.4679 4.36001 6.4
    endloop
  endfacet
  facet normal 0.946901 0.321525 0
    outer loop
      vertex 60.4679 4.36001 2.3
      vertex 60.5394 4.14944 6.4
      vertex 60.5394 4.14944 2.3
    endloop
  endfacet
  facet normal -0.195122 -0.980779 0
    outer loop
      vertex 62.3319 6.48546 2.3
      vertex 62.55 6.44207 6.4
      vertex 62.3319 6.48546 6.4
    endloop
  endfacet
  facet normal -0.195122 -0.980779 -0
    outer loop
      vertex 62.55 6.44207 6.4
      vertex 62.3319 6.48546 2.3
      vertex 62.55 6.44207 2.3
    endloop
  endfacet
  facet normal -0.98077 -0.195165 0
    outer loop
      vertex 63.7955 5.02189 2.3
      vertex 63.7521 5.23999 6.4
      vertex 63.7521 5.23999 2.3
    endloop
  endfacet
  facet normal -0.98077 -0.195165 0
    outer loop
      vertex 63.7521 5.23999 6.4
      vertex 63.7955 5.02189 2.3
      vertex 63.7955 5.02189 6.4
    endloop
  endfacet
  facet normal 0.0653848 0.99786 -0
    outer loop
      vertex 62.11 3.1 2.3
      vertex 61.8881 3.11454 6.4
      vertex 62.11 3.1 6.4
    endloop
  endfacet
  facet normal 0.0653848 0.99786 0
    outer loop
      vertex 61.8881 3.11454 6.4
      vertex 62.11 3.1 2.3
      vertex 61.8881 3.11454 2.3
    endloop
  endfacet
  facet normal -0.442386 0.896825 0
    outer loop
      vertex 62.96 3.32776 2.3
      vertex 62.7606 3.2294 6.4
      vertex 62.96 3.32776 6.4
    endloop
  endfacet
  facet normal -0.442386 0.896825 0
    outer loop
      vertex 62.7606 3.2294 6.4
      vertex 62.96 3.32776 2.3
      vertex 62.7606 3.2294 2.3
    endloop
  endfacet
  facet normal -0.946901 -0.321525 0
    outer loop
      vertex 63.7521 5.23999 2.3
      vertex 63.6806 5.45056 6.4
      vertex 63.6806 5.45056 2.3
    endloop
  endfacet
  facet normal -0.946901 -0.321525 0
    outer loop
      vertex 63.6806 5.45056 6.4
      vertex 63.7521 5.23999 2.3
      vertex 63.7521 5.23999 6.4
    endloop
  endfacet
  facet normal -0.997872 -0.0652086 0
    outer loop
      vertex 63.81 4.8 2.3
      vertex 63.7955 5.02189 6.4
      vertex 63.7955 5.02189 2.3
    endloop
  endfacet
  facet normal -0.997872 -0.0652086 0
    outer loop
      vertex 63.7955 5.02189 6.4
      vertex 63.81 4.8 2.3
      vertex 63.81 4.8 6.4
    endloop
  endfacet
  facet normal 0.659319 -0.751863 0
    outer loop
      vertex 60.9079 6.00208 2.3
      vertex 61.0751 6.1487 6.4
      vertex 60.9079 6.00208 6.4
    endloop
  endfacet
  facet normal 0.659319 -0.751863 0
    outer loop
      vertex 61.0751 6.1487 6.4
      vertex 60.9079 6.00208 2.3
      vertex 61.0751 6.1487 2.3
    endloop
  endfacet
  facet normal -0.555551 -0.831483 0
    outer loop
      vertex 62.96 6.27224 2.3
      vertex 63.1449 6.1487 6.4
      vertex 62.96 6.27224 6.4
    endloop
  endfacet
  facet normal -0.555551 -0.831483 -0
    outer loop
      vertex 63.1449 6.1487 6.4
      vertex 62.96 6.27224 2.3
      vertex 63.1449 6.1487 2.3
    endloop
  endfacet
  facet normal 0.195122 -0.980779 0
    outer loop
      vertex 61.67 6.44207 2.3
      vertex 61.8881 6.48546 6.4
      vertex 61.67 6.44207 6.4
    endloop
  endfacet
  facet normal 0.195122 -0.980779 0
    outer loop
      vertex 61.8881 6.48546 6.4
      vertex 61.67 6.44207 2.3
      vertex 61.8881 6.48546 2.3
    endloop
  endfacet
  facet normal -0.751888 -0.659291 0
    outer loop
      vertex 63.4587 5.83489 2.3
      vertex 63.3121 6.00208 6.4
      vertex 63.3121 6.00208 2.3
    endloop
  endfacet
  facet normal -0.751888 -0.659291 0
    outer loop
      vertex 63.3121 6.00208 6.4
      vertex 63.4587 5.83489 2.3
      vertex 63.4587 5.83489 6.4
    endloop
  endfacet
  facet normal -0.997872 0.0652057 0
    outer loop
      vertex 63.7955 4.5781 2.3
      vertex 63.81 4.8 6.4
      vertex 63.81 4.8 2.3
    endloop
  endfacet
  facet normal -0.997872 0.0652057 0
    outer loop
      vertex 63.81 4.8 6.4
      vertex 63.7955 4.5781 2.3
      vertex 63.7955 4.5781 6.4
    endloop
  endfacet
  facet normal 0.997872 0.0652057 0
    outer loop
      vertex 60.4245 4.5781 6.4
      vertex 60.41 4.8 2.3
      vertex 60.41 4.8 6.4
    endloop
  endfacet
  facet normal 0.997872 0.0652057 0
    outer loop
      vertex 60.41 4.8 2.3
      vertex 60.4245 4.5781 6.4
      vertex 60.4245 4.5781 2.3
    endloop
  endfacet
  facet normal -0.980769 0.195173 0
    outer loop
      vertex 63.7521 4.36001 2.3
      vertex 63.7955 4.5781 6.4
      vertex 63.7955 4.5781 2.3
    endloop
  endfacet
  facet normal -0.980769 0.195173 0
    outer loop
      vertex 63.7955 4.5781 6.4
      vertex 63.7521 4.36001 2.3
      vertex 63.7521 4.36001 6.4
    endloop
  endfacet
  facet normal -0.555551 0.831483 0
    outer loop
      vertex 63.1449 3.4513 2.3
      vertex 62.96 3.32776 6.4
      vertex 63.1449 3.4513 6.4
    endloop
  endfacet
  facet normal -0.555551 0.831483 0
    outer loop
      vertex 62.96 3.32776 6.4
      vertex 63.1449 3.4513 2.3
      vertex 62.96 3.32776 2.3
    endloop
  endfacet
  facet normal -0.659319 0.751863 0
    outer loop
      vertex 63.3121 3.59792 2.3
      vertex 63.1449 3.4513 6.4
      vertex 63.3121 3.59792 6.4
    endloop
  endfacet
  facet normal -0.659319 0.751863 0
    outer loop
      vertex 63.1449 3.4513 6.4
      vertex 63.3121 3.59792 2.3
      vertex 63.1449 3.4513 2.3
    endloop
  endfacet
  facet normal -0.831552 -0.555447 0
    outer loop
      vertex 63.5822 5.65 2.3
      vertex 63.4587 5.83489 6.4
      vertex 63.4587 5.83489 2.3
    endloop
  endfacet
  facet normal -0.831552 -0.555447 0
    outer loop
      vertex 63.4587 5.83489 6.4
      vertex 63.5822 5.65 2.3
      vertex 63.5822 5.65 6.4
    endloop
  endfacet
  facet normal 0.997872 -0.0652086 0
    outer loop
      vertex 60.41 4.8 6.4
      vertex 60.4245 5.02189 2.3
      vertex 60.4245 5.02189 6.4
    endloop
  endfacet
  facet normal 0.997872 -0.0652086 0
    outer loop
      vertex 60.4245 5.02189 2.3
      vertex 60.41 4.8 6.4
      vertex 60.41 4.8 2.3
    endloop
  endfacet
  facet normal -0.442349 -0.896843 0
    outer loop
      vertex 62.7606 6.37059 2.3
      vertex 62.96 6.27224 6.4
      vertex 62.7606 6.37059 6.4
    endloop
  endfacet
  facet normal -0.442349 -0.896843 -0
    outer loop
      vertex 62.96 6.27224 6.4
      vertex 62.7606 6.37059 2.3
      vertex 62.96 6.27224 2.3
    endloop
  endfacet
  facet normal 0.831552 -0.555447 0
    outer loop
      vertex 60.6378 5.65 6.4
      vertex 60.7613 5.83489 2.3
      vertex 60.7613 5.83489 6.4
    endloop
  endfacet
  facet normal 0.831552 -0.555447 0
    outer loop
      vertex 60.7613 5.83489 2.3
      vertex 60.6378 5.65 6.4
      vertex 60.6378 5.65 2.3
    endloop
  endfacet
  facet normal 0.751888 -0.659291 0
    outer loop
      vertex 60.7613 5.83489 6.4
      vertex 60.9079 6.00208 2.3
      vertex 60.9079 6.00208 6.4
    endloop
  endfacet
  facet normal 0.751888 -0.659291 0
    outer loop
      vertex 60.9079 6.00208 2.3
      vertex 60.7613 5.83489 6.4
      vertex 60.7613 5.83489 2.3
    endloop
  endfacet
  facet normal -0.321403 -0.946943 0
    outer loop
      vertex 62.55 6.44207 2.3
      vertex 62.7606 6.37059 6.4
      vertex 62.55 6.44207 6.4
    endloop
  endfacet
  facet normal -0.321403 -0.946943 -0
    outer loop
      vertex 62.7606 6.37059 6.4
      vertex 62.55 6.44207 2.3
      vertex 62.7606 6.37059 2.3
    endloop
  endfacet
  facet normal 0.896789 -0.442459 0
    outer loop
      vertex 60.5394 5.45056 6.4
      vertex 60.6378 5.65 2.3
      vertex 60.6378 5.65 6.4
    endloop
  endfacet
  facet normal 0.896789 -0.442459 0
    outer loop
      vertex 60.6378 5.65 2.3
      vertex 60.5394 5.45056 6.4
      vertex 60.5394 5.45056 2.3
    endloop
  endfacet
  facet normal 0 0 1
    outer loop
      vertex 63.7955 5.02189 2.3
      vertex 63.7955 4.5781 2.3
      vertex 63.81 4.8 2.3
    endloop
  endfacet
  facet normal 0 0 1
    outer loop
      vertex 63.7521 5.23999 2.3
      vertex 63.7955 4.5781 2.3
      vertex 63.7955 5.02189 2.3
    endloop
  endfacet
  facet normal 0 0 1
    outer loop
      vertex 63.7521 5.23999 2.3
      vertex 63.7521 4.36001 2.3
      vertex 63.7955 4.5781 2.3
    endloop
  endfacet
  facet normal 0 0 1
    outer loop
      vertex 63.6806 5.45056 2.3
      vertex 63.7521 4.36001 2.3
      vertex 63.7521 5.23999 2.3
    endloop
  endfacet
  facet normal 0 0 1
    outer loop
      vertex 63.6806 5.45056 2.3
      vertex 63.6806 4.14944 2.3
      vertex 63.7521 4.36001 2.3
    endloop
  endfacet
  facet normal 0 0 1
    outer loop
      vertex 63.5822 5.65 2.3
      vertex 63.6806 4.14944 2.3
      vertex 63.6806 5.45056 2.3
    endloop
  endfacet
  facet normal 0 0 1
    outer loop
      vertex 63.5822 5.65 2.3
      vertex 63.5822 3.95 2.3
      vertex 63.6806 4.14944 2.3
    endloop
  endfacet
  facet normal 0 0 1
    outer loop
      vertex 63.4587 5.83489 2.3
      vertex 63.5822 3.95 2.3
      vertex 63.5822 5.65 2.3
    endloop
  endfacet
  facet normal 0 0 1
    outer loop
      vertex 63.4587 5.83489 2.3
      vertex 63.4587 3.76511 2.3
      vertex 63.5822 3.95 2.3
    endloop
  endfacet
  facet normal 0 0 1
    outer loop
      vertex 63.3121 6.00208 2.3
      vertex 63.4587 3.76511 2.3
      vertex 63.4587 5.83489 2.3
    endloop
  endfacet
  facet normal 0 0 1
    outer loop
      vertex 63.3121 6.00208 2.3
      vertex 63.3121 3.59792 2.3
      vertex 63.4587 3.76511 2.3
    endloop
  endfacet
  facet normal 0 0 1
    outer loop
      vertex 63.1449 6.1487 2.3
      vertex 63.3121 3.59792 2.3
      vertex 63.3121 6.00208 2.3
    endloop
  endfacet
  facet normal 0 0 1
    outer loop
      vertex 63.1449 6.1487 2.3
      vertex 63.1449 3.4513 2.3
      vertex 63.3121 3.59792 2.3
    endloop
  endfacet
  facet normal 0 0 1
    outer loop
      vertex 62.96 6.27224 2.3
      vertex 63.1449 3.4513 2.3
      vertex 63.1449 6.1487 2.3
    endloop
  endfacet
  facet normal 0 0 1
    outer loop
      vertex 62.96 6.27224 2.3
      vertex 62.96 3.32776 2.3
      vertex 63.1449 3.4513 2.3
    endloop
  endfacet
  facet normal 0 0 1
    outer loop
      vertex 62.7606 6.37059 2.3
      vertex 62.96 3.32776 2.3
      vertex 62.96 6.27224 2.3
    endloop
  endfacet
  facet normal 0 0 1
    outer loop
      vertex 62.7606 6.37059 2.3
      vertex 62.7606 3.2294 2.3
      vertex 62.96 3.32776 2.3
    endloop
  endfacet
  facet normal 0 0 1
    outer loop
      vertex 62.55 6.44207 2.3
      vertex 62.7606 3.2294 2.3
      vertex 62.7606 6.37059 2.3
    endloop
  endfacet
  facet normal 0 0 1
    outer loop
      vertex 62.55 6.44207 2.3
      vertex 62.55 3.15793 2.3
      vertex 62.7606 3.2294 2.3
    endloop
  endfacet
  facet normal 0 0 1
    outer loop
      vertex 62.3319 6.48546 2.3
      vertex 62.55 3.15793 2.3
      vertex 62.55 6.44207 2.3
    endloop
  endfacet
  facet normal 0 0 1
    outer loop
      vertex 62.3319 6.48546 2.3
      vertex 62.3319 3.11454 2.3
      vertex 62.55 3.15793 2.3
    endloop
  endfacet
  facet normal 0 0 1
    outer loop
      vertex 62.11 6.5 2.3
      vertex 62.3319 3.11454 2.3
      vertex 62.3319 6.48546 2.3
    endloop
  endfacet
  facet normal 0 0 1
    outer loop
      vertex 62.11 6.5 2.3
      vertex 62.11 3.1 2.3
      vertex 62.3319 3.11454 2.3
    endloop
  endfacet
  facet normal -0 0 1
    outer loop
      vertex 61.8881 6.48546 2.3
      vertex 62.11 3.1 2.3
      vertex 62.11 6.5 2.3
    endloop
  endfacet
  facet normal 0 0 1
    outer loop
      vertex 61.8881 6.48546 2.3
      vertex 61.8881 3.11454 2.3
      vertex 62.11 3.1 2.3
    endloop
  endfacet
  facet normal -0 0 1
    outer loop
      vertex 61.67 6.44207 2.3
      vertex 61.8881 3.11454 2.3
      vertex 61.8881 6.48546 2.3
    endloop
  endfacet
  facet normal 0 0 1
    outer loop
      vertex 61.67 6.44207 2.3
      vertex 61.67 3.15793 2.3
      vertex 61.8881 3.11454 2.3
    endloop
  endfacet
  facet normal -0 0 1
    outer loop
      vertex 61.4594 6.37059 2.3
      vertex 61.67 3.15793 2.3
      vertex 61.67 6.44207 2.3
    endloop
  endfacet
  facet normal 0 0 1
    outer loop
      vertex 61.4594 6.37059 2.3
      vertex 61.4594 3.2294 2.3
      vertex 61.67 3.15793 2.3
    endloop
  endfacet
  facet normal -0 0 1
    outer loop
      vertex 61.26 6.27224 2.3
      vertex 61.4594 3.2294 2.3
      vertex 61.4594 6.37059 2.3
    endloop
  endfacet
  facet normal 0 0 1
    outer loop
      vertex 61.26 6.27224 2.3
      vertex 61.26 3.32776 2.3
      vertex 61.4594 3.2294 2.3
    endloop
  endfacet
  facet normal -0 0 1
    outer loop
      vertex 61.0751 6.1487 2.3
      vertex 61.26 3.32776 2.3
      vertex 61.26 6.27224 2.3
    endloop
  endfacet
  facet normal 0 0 1
    outer loop
      vertex 61.0751 6.1487 2.3
      vertex 61.0751 3.4513 2.3
      vertex 61.26 3.32776 2.3
    endloop
  endfacet
  facet normal -0 0 1
    outer loop
      vertex 60.9079 6.00208 2.3
      vertex 61.0751 3.4513 2.3
      vertex 61.0751 6.1487 2.3
    endloop
  endfacet
  facet normal 0 0 1
    outer loop
      vertex 60.9079 6.00208 2.3
      vertex 60.9079 3.59792 2.3
      vertex 61.0751 3.4513 2.3
    endloop
  endfacet
  facet normal -0 0 1
    outer loop
      vertex 60.7613 5.83489 2.3
      vertex 60.9079 3.59792 2.3
      vertex 60.9079 6.00208 2.3
    endloop
  endfacet
  facet normal 0 0 1
    outer loop
      vertex 60.7613 5.83489 2.3
      vertex 60.7613 3.76511 2.3
      vertex 60.9079 3.59792 2.3
    endloop
  endfacet
  facet normal -0 0 1
    outer loop
      vertex 60.6378 5.65 2.3
      vertex 60.7613 3.76511 2.3
      vertex 60.7613 5.83489 2.3
    endloop
  endfacet
  facet normal 0 0 1
    outer loop
      vertex 60.6378 5.65 2.3
      vertex 60.6378 3.95 2.3
      vertex 60.7613 3.76511 2.3
    endloop
  endfacet
  facet normal -0 0 1
    outer loop
      vertex 60.5394 5.45056 2.3
      vertex 60.6378 3.95 2.3
      vertex 60.6378 5.65 2.3
    endloop
  endfacet
  facet normal 0 0 1
    outer loop
      vertex 60.5394 5.45056 2.3
      vertex 60.5394 4.14944 2.3
      vertex 60.6378 3.95 2.3
    endloop
  endfacet
  facet normal -0 0 1
    outer loop
      vertex 60.4679 5.23999 2.3
      vertex 60.5394 4.14944 2.3
      vertex 60.5394 5.45056 2.3
    endloop
  endfacet
  facet normal 0 0 1
    outer loop
      vertex 60.4679 5.23999 2.3
      vertex 60.4679 4.36001 2.3
      vertex 60.5394 4.14944 2.3
    endloop
  endfacet
  facet normal -0 0 1
    outer loop
      vertex 60.4245 5.02189 2.3
      vertex 60.4679 4.36001 2.3
      vertex 60.4679 5.23999 2.3
    endloop
  endfacet
  facet normal 0 0 1
    outer loop
      vertex 60.4245 5.02189 2.3
      vertex 60.4245 4.5781 2.3
      vertex 60.4679 4.36001 2.3
    endloop
  endfacet
  facet normal 0 -0 1
    outer loop
      vertex 60.4245 4.5781 2.3
      vertex 60.4245 5.02189 2.3
      vertex 60.41 4.8 2.3
    endloop
  endfacet
  facet normal 0.831552 0.555447 0
    outer loop
      vertex 60.7613 3.76511 6.4
      vertex 60.6378 3.95 2.3
      vertex 60.6378 3.95 6.4
    endloop
  endfacet
  facet normal 0.831552 0.555447 0
    outer loop
      vertex 60.6378 3.95 2.3
      vertex 60.7613 3.76511 6.4
      vertex 60.7613 3.76511 2.3
    endloop
  endfacet
  facet normal -0.831552 0.555447 0
    outer loop
      vertex 63.4587 3.76511 2.3
      vertex 63.5822 3.95 6.4
      vertex 63.5822 3.95 2.3
    endloop
  endfacet
  facet normal -0.831552 0.555447 0
    outer loop
      vertex 63.5822 3.95 6.4
      vertex 63.4587 3.76511 2.3
      vertex 63.4587 3.76511 6.4
    endloop
  endfacet
  facet normal 0.321403 -0.946943 0
    outer loop
      vertex 61.4594 6.37059 2.3
      vertex 61.67 6.44207 6.4
      vertex 61.4594 6.37059 6.4
    endloop
  endfacet
  facet normal 0.321403 -0.946943 0
    outer loop
      vertex 61.67 6.44207 6.4
      vertex 61.4594 6.37059 2.3
      vertex 61.67 6.44207 2.3
    endloop
  endfacet
  facet normal 0.0653848 -0.99786 0
    outer loop
      vertex 61.8881 6.48546 2.3
      vertex 62.11 6.5 6.4
      vertex 61.8881 6.48546 6.4
    endloop
  endfacet
  facet normal 0.0653848 -0.99786 0
    outer loop
      vertex 62.11 6.5 6.4
      vertex 61.8881 6.48546 2.3
      vertex 62.11 6.5 2.3
    endloop
  endfacet
  facet normal -0.946901 0.321525 0
    outer loop
      vertex 63.6806 4.14944 2.3
      vertex 63.7521 4.36001 6.4
      vertex 63.7521 4.36001 2.3
    endloop
  endfacet
  facet normal -0.946901 0.321525 0
    outer loop
      vertex 63.7521 4.36001 6.4
      vertex 63.6806 4.14944 2.3
      vertex 63.6806 4.14944 6.4
    endloop
  endfacet
  facet normal -0.0653848 -0.99786 0
    outer loop
      vertex 62.11 6.5 2.3
      vertex 62.3319 6.48546 6.4
      vertex 62.11 6.5 6.4
    endloop
  endfacet
  facet normal -0.0653848 -0.99786 -0
    outer loop
      vertex 62.3319 6.48546 6.4
      vertex 62.11 6.5 2.3
      vertex 62.3319 6.48546 2.3
    endloop
  endfacet
  facet normal -0.896789 0.442459 0
    outer loop
      vertex 63.5822 3.95 2.3
      vertex 63.6806 4.14944 6.4
      vertex 63.6806 4.14944 2.3
    endloop
  endfacet
  facet normal -0.896789 0.442459 0
    outer loop
      vertex 63.6806 4.14944 6.4
      vertex 63.5822 3.95 2.3
      vertex 63.5822 3.95 6.4
    endloop
  endfacet
  facet normal -0.195122 0.980779 0
    outer loop
      vertex 62.55 3.15793 2.3
      vertex 62.3319 3.11454 6.4
      vertex 62.55 3.15793 6.4
    endloop
  endfacet
  facet normal -0.195122 0.980779 0
    outer loop
      vertex 62.3319 3.11454 6.4
      vertex 62.55 3.15793 2.3
      vertex 62.3319 3.11454 2.3
    endloop
  endfacet
  facet normal 0.442386 0.896825 -0
    outer loop
      vertex 61.4594 3.2294 2.3
      vertex 61.26 3.32776 6.4
      vertex 61.4594 3.2294 6.4
    endloop
  endfacet
  facet normal 0.442386 0.896825 0
    outer loop
      vertex 61.26 3.32776 6.4
      vertex 61.4594 3.2294 2.3
      vertex 61.26 3.32776 2.3
    endloop
  endfacet
  facet normal 0.980769 0.195173 0
    outer loop
      vertex 60.4679 4.36001 6.4
      vertex 60.4245 4.5781 2.3
      vertex 60.4245 4.5781 6.4
    endloop
  endfacet
  facet normal 0.980769 0.195173 0
    outer loop
      vertex 60.4245 4.5781 2.3
      vertex 60.4679 4.36001 6.4
      vertex 60.4679 4.36001 2.3
    endloop
  endfacet
  facet normal -0.896789 -0.442459 0
    outer loop
      vertex 63.6806 5.45056 2.3
      vertex 63.5822 5.65 6.4
      vertex 63.5822 5.65 2.3
    endloop
  endfacet
  facet normal -0.896789 -0.442459 0
    outer loop
      vertex 63.5822 5.65 6.4
      vertex 63.6806 5.45056 2.3
      vertex 63.6806 5.45056 6.4
    endloop
  endfacet
  facet normal -0.0653848 0.99786 0
    outer loop
      vertex 62.3319 3.11454 2.3
      vertex 62.11 3.1 6.4
      vertex 62.3319 3.11454 6.4
    endloop
  endfacet
  facet normal -0.0653848 0.99786 0
    outer loop
      vertex 62.11 3.1 6.4
      vertex 62.3319 3.11454 2.3
      vertex 62.11 3.1 2.3
    endloop
  endfacet
  facet normal 0.555551 -0.831483 0
    outer loop
      vertex 61.0751 6.1487 2.3
      vertex 61.26 6.27224 6.4
      vertex 61.0751 6.1487 6.4
    endloop
  endfacet
  facet normal 0.555551 -0.831483 0
    outer loop
      vertex 61.26 6.27224 6.4
      vertex 61.0751 6.1487 2.3
      vertex 61.26 6.27224 2.3
    endloop
  endfacet
  facet normal 0.98077 -0.195165 0
    outer loop
      vertex 60.4245 5.02189 6.4
      vertex 60.4679 5.23999 2.3
      vertex 60.4679 5.23999 6.4
    endloop
  endfacet
  facet normal 0.98077 -0.195165 0
    outer loop
      vertex 60.4679 5.23999 2.3
      vertex 60.4245 5.02189 6.4
      vertex 60.4245 5.02189 2.3
    endloop
  endfacet
  facet normal 0.442349 -0.896843 0
    outer loop
      vertex 61.26 6.27224 2.3
      vertex 61.4594 6.37059 6.4
      vertex 61.26 6.27224 6.4
    endloop
  endfacet
  facet normal 0.442349 -0.896843 0
    outer loop
      vertex 61.4594 6.37059 6.4
      vertex 61.26 6.27224 2.3
      vertex 61.4594 6.37059 2.3
    endloop
  endfacet
  facet normal 0.751888 0.659291 0
    outer loop
      vertex 60.9079 3.59792 6.4
      vertex 60.7613 3.76511 2.3
      vertex 60.7613 3.76511 6.4
    endloop
  endfacet
  facet normal 0.751888 0.659291 0
    outer loop
      vertex 60.7613 3.76511 2.3
      vertex 60.9079 3.59792 6.4
      vertex 60.9079 3.59792 2.3
    endloop
  endfacet
  facet normal 0.321363 0.946956 -0
    outer loop
      vertex 61.67 3.15793 2.3
      vertex 61.4594 3.2294 6.4
      vertex 61.67 3.15793 6.4
    endloop
  endfacet
  facet normal 0.321363 0.946956 0
    outer loop
      vertex 61.4594 3.2294 6.4
      vertex 61.67 3.15793 2.3
      vertex 61.4594 3.2294 2.3
    endloop
  endfacet
  facet normal -0.195165 0.98077 0
    outer loop
      vertex 62.55 35.5579 2.3
      vertex 62.3319 35.5145 6.4
      vertex 62.55 35.5579 6.4
    endloop
  endfacet
  facet normal -0.195165 0.98077 0
    outer loop
      vertex 62.3319 35.5145 6.4
      vertex 62.55 35.5579 2.3
      vertex 62.3319 35.5145 2.3
    endloop
  endfacet
  facet normal -0.98077 -0.195165 0
    outer loop
      vertex 63.7955 37.4219 2.3
      vertex 63.7521 37.64 6.4
      vertex 63.7521 37.64 2.3
    endloop
  endfacet
  facet normal -0.98077 -0.195165 0
    outer loop
      vertex 63.7521 37.64 6.4
      vertex 63.7955 37.4219 2.3
      vertex 63.7955 37.4219 6.4
    endloop
  endfacet
  facet normal -0.997872 -0.0652057 0
    outer loop
      vertex 63.81 37.2 2.3
      vertex 63.7955 37.4219 6.4
      vertex 63.7955 37.4219 2.3
    endloop
  endfacet
  facet normal -0.997872 -0.0652057 0
    outer loop
      vertex 63.7955 37.4219 6.4
      vertex 63.81 37.2 2.3
      vertex 63.81 37.2 6.4
    endloop
  endfacet
  facet normal 0 0 1
    outer loop
      vertex 63.7955 37.4219 2.3
      vertex 63.7955 36.9781 2.3
      vertex 63.81 37.2 2.3
    endloop
  endfacet
  facet normal 0 0 1
    outer loop
      vertex 63.7521 37.64 2.3
      vertex 63.7955 36.9781 2.3
      vertex 63.7955 37.4219 2.3
    endloop
  endfacet
  facet normal 0 0 1
    outer loop
      vertex 63.7521 37.64 2.3
      vertex 63.7521 36.76 2.3
      vertex 63.7955 36.9781 2.3
    endloop
  endfacet
  facet normal 0 0 1
    outer loop
      vertex 63.6806 37.8506 2.3
      vertex 63.7521 36.76 2.3
      vertex 63.7521 37.64 2.3
    endloop
  endfacet
  facet normal 0 0 1
    outer loop
      vertex 63.6806 37.8506 2.3
      vertex 63.6806 36.5494 2.3
      vertex 63.7521 36.76 2.3
    endloop
  endfacet
  facet normal 0 0 1
    outer loop
      vertex 63.5822 38.05 2.3
      vertex 63.6806 36.5494 2.3
      vertex 63.6806 37.8506 2.3
    endloop
  endfacet
  facet normal 0 0 1
    outer loop
      vertex 63.5822 38.05 2.3
      vertex 63.5822 36.35 2.3
      vertex 63.6806 36.5494 2.3
    endloop
  endfacet
  facet normal 0 0 1
    outer loop
      vertex 63.4587 38.2349 2.3
      vertex 63.5822 36.35 2.3
      vertex 63.5822 38.05 2.3
    endloop
  endfacet
  facet normal 0 0 1
    outer loop
      vertex 63.4587 38.2349 2.3
      vertex 63.4587 36.1651 2.3
      vertex 63.5822 36.35 2.3
    endloop
  endfacet
  facet normal 0 0 1
    outer loop
      vertex 63.3121 38.4021 2.3
      vertex 63.4587 36.1651 2.3
      vertex 63.4587 38.2349 2.3
    endloop
  endfacet
  facet normal 0 0 1
    outer loop
      vertex 63.3121 38.4021 2.3
      vertex 63.3121 35.9979 2.3
      vertex 63.4587 36.1651 2.3
    endloop
  endfacet
  facet normal 0 0 1
    outer loop
      vertex 63.1449 38.5487 2.3
      vertex 63.3121 35.9979 2.3
      vertex 63.3121 38.4021 2.3
    endloop
  endfacet
  facet normal 0 0 1
    outer loop
      vertex 63.1449 38.5487 2.3
      vertex 63.1449 35.8513 2.3
      vertex 63.3121 35.9979 2.3
    endloop
  endfacet
  facet normal 0 0 1
    outer loop
      vertex 62.96 38.6722 2.3
      vertex 63.1449 35.8513 2.3
      vertex 63.1449 38.5487 2.3
    endloop
  endfacet
  facet normal 0 0 1
    outer loop
      vertex 62.96 38.6722 2.3
      vertex 62.96 35.7278 2.3
      vertex 63.1449 35.8513 2.3
    endloop
  endfacet
  facet normal 0 0 1
    outer loop
      vertex 62.7606 38.7706 2.3
      vertex 62.96 35.7278 2.3
      vertex 62.96 38.6722 2.3
    endloop
  endfacet
  facet normal 0 0 1
    outer loop
      vertex 62.7606 38.7706 2.3
      vertex 62.7606 35.6294 2.3
      vertex 62.96 35.7278 2.3
    endloop
  endfacet
  facet normal 0 0 1
    outer loop
      vertex 62.55 38.8421 2.3
      vertex 62.7606 35.6294 2.3
      vertex 62.7606 38.7706 2.3
    endloop
  endfacet
  facet normal 0 0 1
    outer loop
      vertex 62.55 38.8421 2.3
      vertex 62.55 35.5579 2.3
      vertex 62.7606 35.6294 2.3
    endloop
  endfacet
  facet normal 0 0 1
    outer loop
      vertex 62.3319 38.8855 2.3
      vertex 62.55 35.5579 2.3
      vertex 62.55 38.8421 2.3
    endloop
  endfacet
  facet normal 0 0 1
    outer loop
      vertex 62.3319 38.8855 2.3
      vertex 62.3319 35.5145 2.3
      vertex 62.55 35.5579 2.3
    endloop
  endfacet
  facet normal 0 0 1
    outer loop
      vertex 62.11 38.9 2.3
      vertex 62.3319 35.5145 2.3
      vertex 62.3319 38.8855 2.3
    endloop
  endfacet
  facet normal 0 0 1
    outer loop
      vertex 62.11 38.9 2.3
      vertex 62.11 35.5 2.3
      vertex 62.3319 35.5145 2.3
    endloop
  endfacet
  facet normal -0 0 1
    outer loop
      vertex 61.8881 38.8855 2.3
      vertex 62.11 35.5 2.3
      vertex 62.11 38.9 2.3
    endloop
  endfacet
  facet normal 0 0 1
    outer loop
      vertex 61.8881 38.8855 2.3
      vertex 61.8881 35.5145 2.3
      vertex 62.11 35.5 2.3
    endloop
  endfacet
  facet normal -0 0 1
    outer loop
      vertex 61.67 38.8421 2.3
      vertex 61.8881 35.5145 2.3
      vertex 61.8881 38.8855 2.3
    endloop
  endfacet
  facet normal 0 0 1
    outer loop
      vertex 61.67 38.8421 2.3
      vertex 61.67 35.5579 2.3
      vertex 61.8881 35.5145 2.3
    endloop
  endfacet
  facet normal -0 0 1
    outer loop
      vertex 61.4594 38.7706 2.3
      vertex 61.67 35.5579 2.3
      vertex 61.67 38.8421 2.3
    endloop
  endfacet
  facet normal 0 0 1
    outer loop
      vertex 61.4594 38.7706 2.3
      vertex 61.4594 35.6294 2.3
      vertex 61.67 35.5579 2.3
    endloop
  endfacet
  facet normal -0 0 1
    outer loop
      vertex 61.26 38.6722 2.3
      vertex 61.4594 35.6294 2.3
      vertex 61.4594 38.7706 2.3
    endloop
  endfacet
  facet normal 0 0 1
    outer loop
      vertex 61.26 38.6722 2.3
      vertex 61.26 35.7278 2.3
      vertex 61.4594 35.6294 2.3
    endloop
  endfacet
  facet normal -0 0 1
    outer loop
      vertex 61.0751 38.5487 2.3
      vertex 61.26 35.7278 2.3
      vertex 61.26 38.6722 2.3
    endloop
  endfacet
  facet normal 0 0 1
    outer loop
      vertex 61.0751 38.5487 2.3
      vertex 61.0751 35.8513 2.3
      vertex 61.26 35.7278 2.3
    endloop
  endfacet
  facet normal -0 0 1
    outer loop
      vertex 60.9079 38.4021 2.3
      vertex 61.0751 35.8513 2.3
      vertex 61.0751 38.5487 2.3
    endloop
  endfacet
  facet normal 0 0 1
    outer loop
      vertex 60.9079 38.4021 2.3
      vertex 60.9079 35.9979 2.3
      vertex 61.0751 35.8513 2.3
    endloop
  endfacet
  facet normal -0 0 1
    outer loop
      vertex 60.7613 38.2349 2.3
      vertex 60.9079 35.9979 2.3
      vertex 60.9079 38.4021 2.3
    endloop
  endfacet
  facet normal 0 0 1
    outer loop
      vertex 60.7613 38.2349 2.3
      vertex 60.7613 36.1651 2.3
      vertex 60.9079 35.9979 2.3
    endloop
  endfacet
  facet normal -0 0 1
    outer loop
      vertex 60.6378 38.05 2.3
      vertex 60.7613 36.1651 2.3
      vertex 60.7613 38.2349 2.3
    endloop
  endfacet
  facet normal 0 0 1
    outer loop
      vertex 60.6378 38.05 2.3
      vertex 60.6378 36.35 2.3
      vertex 60.7613 36.1651 2.3
    endloop
  endfacet
  facet normal -0 0 1
    outer loop
      vertex 60.5394 37.8506 2.3
      vertex 60.6378 36.35 2.3
      vertex 60.6378 38.05 2.3
    endloop
  endfacet
  facet normal 0 0 1
    outer loop
      vertex 60.5394 37.8506 2.3
      vertex 60.5394 36.5494 2.3
      vertex 60.6378 36.35 2.3
    endloop
  endfacet
  facet normal -0 0 1
    outer loop
      vertex 60.4679 37.64 2.3
      vertex 60.5394 36.5494 2.3
      vertex 60.5394 37.8506 2.3
    endloop
  endfacet
  facet normal 0 0 1
    outer loop
      vertex 60.4679 37.64 2.3
      vertex 60.4679 36.76 2.3
      vertex 60.5394 36.5494 2.3
    endloop
  endfacet
  facet normal -0 0 1
    outer loop
      vertex 60.4245 37.4219 2.3
      vertex 60.4679 36.76 2.3
      vertex 60.4679 37.64 2.3
    endloop
  endfacet
  facet normal 0 0 1
    outer loop
      vertex 60.4245 37.4219 2.3
      vertex 60.4245 36.9781 2.3
      vertex 60.4679 36.76 2.3
    endloop
  endfacet
  facet normal 0 -0 1
    outer loop
      vertex 60.4245 36.9781 2.3
      vertex 60.4245 37.4219 2.3
      vertex 60.41 37.2 2.3
    endloop
  endfacet
  facet normal 0.997872 0.0652057 0
    outer loop
      vertex 60.4245 36.9781 6.4
      vertex 60.41 37.2 2.3
      vertex 60.41 37.2 6.4
    endloop
  endfacet
  facet normal 0.997872 0.0652057 0
    outer loop
      vertex 60.41 37.2 2.3
      vertex 60.4245 36.9781 6.4
      vertex 60.4245 36.9781 2.3
    endloop
  endfacet
  facet normal 0.751908 -0.659268 0
    outer loop
      vertex 60.7613 38.2349 6.4
      vertex 60.9079 38.4021 2.3
      vertex 60.9079 38.4021 6.4
    endloop
  endfacet
  facet normal 0.751908 -0.659268 0
    outer loop
      vertex 60.9079 38.4021 2.3
      vertex 60.7613 38.2349 6.4
      vertex 60.7613 38.2349 2.3
    endloop
  endfacet
  facet normal -0.896754 0.44253 0
    outer loop
      vertex 63.5822 36.35 2.3
      vertex 63.6806 36.5494 6.4
      vertex 63.6806 36.5494 2.3
    endloop
  endfacet
  facet normal -0.896754 0.44253 0
    outer loop
      vertex 63.6806 36.5494 6.4
      vertex 63.5822 36.35 2.3
      vertex 63.5822 36.35 6.4
    endloop
  endfacet
  facet normal -0.321484 -0.946915 0
    outer loop
      vertex 62.55 38.8421 2.3
      vertex 62.7606 38.7706 6.4
      vertex 62.55 38.8421 6.4
    endloop
  endfacet
  facet normal -0.321484 -0.946915 -0
    outer loop
      vertex 62.7606 38.7706 6.4
      vertex 62.55 38.8421 2.3
      vertex 62.7606 38.7706 2.3
    endloop
  endfacet
  facet normal 0.321484 -0.946915 0
    outer loop
      vertex 61.4594 38.7706 2.3
      vertex 61.67 38.8421 6.4
      vertex 61.4594 38.7706 6.4
    endloop
  endfacet
  facet normal 0.321484 -0.946915 0
    outer loop
      vertex 61.67 38.8421 6.4
      vertex 61.4594 38.7706 2.3
      vertex 61.67 38.8421 2.3
    endloop
  endfacet
  facet normal -0.659268 -0.751908 0
    outer loop
      vertex 63.1449 38.5487 2.3
      vertex 63.3121 38.4021 6.4
      vertex 63.1449 38.5487 6.4
    endloop
  endfacet
  facet normal -0.659268 -0.751908 -0
    outer loop
      vertex 63.3121 38.4021 6.4
      vertex 63.1449 38.5487 2.3
      vertex 63.3121 38.4021 2.3
    endloop
  endfacet
  facet normal 0.659268 -0.751908 0
    outer loop
      vertex 60.9079 38.4021 2.3
      vertex 61.0751 38.5487 6.4
      vertex 60.9079 38.4021 6.4
    endloop
  endfacet
  facet normal 0.659268 -0.751908 0
    outer loop
      vertex 61.0751 38.5487 6.4
      vertex 60.9079 38.4021 2.3
      vertex 61.0751 38.5487 2.3
    endloop
  endfacet
  facet normal 0.0652057 0.997872 -0
    outer loop
      vertex 62.11 35.5 2.3
      vertex 61.8881 35.5145 6.4
      vertex 62.11 35.5 6.4
    endloop
  endfacet
  facet normal 0.0652057 0.997872 0
    outer loop
      vertex 61.8881 35.5145 6.4
      vertex 62.11 35.5 2.3
      vertex 61.8881 35.5145 2.3
    endloop
  endfacet
  facet normal -0.831566 0.555426 0
    outer loop
      vertex 63.4587 36.1651 2.3
      vertex 63.5822 36.35 6.4
      vertex 63.5822 36.35 2.3
    endloop
  endfacet
  facet normal -0.831566 0.555426 0
    outer loop
      vertex 63.5822 36.35 6.4
      vertex 63.4587 36.1651 2.3
      vertex 63.4587 36.1651 6.4
    endloop
  endfacet
  facet normal -0.946915 0.321484 0
    outer loop
      vertex 63.6806 36.5494 2.3
      vertex 63.7521 36.76 6.4
      vertex 63.7521 36.76 2.3
    endloop
  endfacet
  facet normal -0.946915 0.321484 0
    outer loop
      vertex 63.7521 36.76 6.4
      vertex 63.6806 36.5494 2.3
      vertex 63.6806 36.5494 6.4
    endloop
  endfacet
  facet normal 0.896754 0.44253 0
    outer loop
      vertex 60.6378 36.35 6.4
      vertex 60.5394 36.5494 2.3
      vertex 60.5394 36.5494 6.4
    endloop
  endfacet
  facet normal 0.896754 0.44253 0
    outer loop
      vertex 60.5394 36.5494 2.3
      vertex 60.6378 36.35 6.4
      vertex 60.6378 36.35 2.3
    endloop
  endfacet
  facet normal 0.195165 -0.98077 0
    outer loop
      vertex 61.67 38.8421 2.3
      vertex 61.8881 38.8855 6.4
      vertex 61.67 38.8421 6.4
    endloop
  endfacet
  facet normal 0.195165 -0.98077 0
    outer loop
      vertex 61.8881 38.8855 6.4
      vertex 61.67 38.8421 2.3
      vertex 61.8881 38.8855 2.3
    endloop
  endfacet
  facet normal 0.751908 0.659268 0
    outer loop
      vertex 60.9079 35.9979 6.4
      vertex 60.7613 36.1651 2.3
      vertex 60.7613 36.1651 6.4
    endloop
  endfacet
  facet normal 0.751908 0.659268 0
    outer loop
      vertex 60.7613 36.1651 2.3
      vertex 60.9079 35.9979 6.4
      vertex 60.9079 35.9979 2.3
    endloop
  endfacet
  facet normal 0.98077 0.195165 0
    outer loop
      vertex 60.4679 36.76 6.4
      vertex 60.4245 36.9781 2.3
      vertex 60.4245 36.9781 6.4
    endloop
  endfacet
  facet normal 0.98077 0.195165 0
    outer loop
      vertex 60.4245 36.9781 2.3
      vertex 60.4679 36.76 6.4
      vertex 60.4679 36.76 2.3
    endloop
  endfacet
  facet normal 0.44253 0.896754 -0
    outer loop
      vertex 61.4594 35.6294 2.3
      vertex 61.26 35.7278 6.4
      vertex 61.4594 35.6294 6.4
    endloop
  endfacet
  facet normal 0.44253 0.896754 0
    outer loop
      vertex 61.26 35.7278 6.4
      vertex 61.4594 35.6294 2.3
      vertex 61.26 35.7278 2.3
    endloop
  endfacet
  facet normal -0.751908 0.659268 0
    outer loop
      vertex 63.3121 35.9979 2.3
      vertex 63.4587 36.1651 6.4
      vertex 63.4587 36.1651 2.3
    endloop
  endfacet
  facet normal -0.751908 0.659268 0
    outer loop
      vertex 63.4587 36.1651 6.4
      vertex 63.3121 35.9979 2.3
      vertex 63.3121 35.9979 6.4
    endloop
  endfacet
  facet normal 0.555426 -0.831566 0
    outer loop
      vertex 61.0751 38.5487 2.3
      vertex 61.26 38.6722 6.4
      vertex 61.0751 38.5487 6.4
    endloop
  endfacet
  facet normal 0.555426 -0.831566 0
    outer loop
      vertex 61.26 38.6722 6.4
      vertex 61.0751 38.5487 2.3
      vertex 61.26 38.6722 2.3
    endloop
  endfacet
  facet normal -0.44253 -0.896754 0
    outer loop
      vertex 62.7606 38.7706 2.3
      vertex 62.96 38.6722 6.4
      vertex 62.7606 38.7706 6.4
    endloop
  endfacet
  facet normal -0.44253 -0.896754 -0
    outer loop
      vertex 62.96 38.6722 6.4
      vertex 62.7606 38.7706 2.3
      vertex 62.96 38.6722 2.3
    endloop
  endfacet
  facet normal -0.98077 0.195165 0
    outer loop
      vertex 63.7521 36.76 2.3
      vertex 63.7955 36.9781 6.4
      vertex 63.7955 36.9781 2.3
    endloop
  endfacet
  facet normal -0.98077 0.195165 0
    outer loop
      vertex 63.7955 36.9781 6.4
      vertex 63.7521 36.76 2.3
      vertex 63.7521 36.76 6.4
    endloop
  endfacet
  facet normal -0.997872 0.0652057 0
    outer loop
      vertex 63.7955 36.9781 2.3
      vertex 63.81 37.2 6.4
      vertex 63.81 37.2 2.3
    endloop
  endfacet
  facet normal -0.997872 0.0652057 0
    outer loop
      vertex 63.81 37.2 6.4
      vertex 63.7955 36.9781 2.3
      vertex 63.7955 36.9781 6.4
    endloop
  endfacet
  facet normal 0.946915 0.321484 0
    outer loop
      vertex 60.5394 36.5494 6.4
      vertex 60.4679 36.76 2.3
      vertex 60.4679 36.76 6.4
    endloop
  endfacet
  facet normal 0.946915 0.321484 0
    outer loop
      vertex 60.4679 36.76 2.3
      vertex 60.5394 36.5494 6.4
      vertex 60.5394 36.5494 2.3
    endloop
  endfacet
  facet normal -0.555426 -0.831566 0
    outer loop
      vertex 62.96 38.6722 2.3
      vertex 63.1449 38.5487 6.4
      vertex 62.96 38.6722 6.4
    endloop
  endfacet
  facet normal -0.555426 -0.831566 -0
    outer loop
      vertex 63.1449 38.5487 6.4
      vertex 62.96 38.6722 2.3
      vertex 63.1449 38.5487 2.3
    endloop
  endfacet
  facet normal 0.555426 0.831566 -0
    outer loop
      vertex 61.26 35.7278 2.3
      vertex 61.0751 35.8513 6.4
      vertex 61.26 35.7278 6.4
    endloop
  endfacet
  facet normal 0.555426 0.831566 0
    outer loop
      vertex 61.0751 35.8513 6.4
      vertex 61.26 35.7278 2.3
      vertex 61.0751 35.8513 2.3
    endloop
  endfacet
  facet normal -0.831566 -0.555426 0
    outer loop
      vertex 63.5822 38.05 2.3
      vertex 63.4587 38.2349 6.4
      vertex 63.4587 38.2349 2.3
    endloop
  endfacet
  facet normal -0.831566 -0.555426 0
    outer loop
      vertex 63.4587 38.2349 6.4
      vertex 63.5822 38.05 2.3
      vertex 63.5822 38.05 6.4
    endloop
  endfacet
  facet normal 0.997872 -0.0652057 0
    outer loop
      vertex 60.41 37.2 6.4
      vertex 60.4245 37.4219 2.3
      vertex 60.4245 37.4219 6.4
    endloop
  endfacet
  facet normal 0.997872 -0.0652057 0
    outer loop
      vertex 60.4245 37.4219 2.3
      vertex 60.41 37.2 6.4
      vertex 60.41 37.2 2.3
    endloop
  endfacet
  facet normal -0.896754 -0.44253 0
    outer loop
      vertex 63.6806 37.8506 2.3
      vertex 63.5822 38.05 6.4
      vertex 63.5822 38.05 2.3
    endloop
  endfacet
  facet normal -0.896754 -0.44253 0
    outer loop
      vertex 63.5822 38.05 6.4
      vertex 63.6806 37.8506 2.3
      vertex 63.6806 37.8506 6.4
    endloop
  endfacet
  facet normal -0.195165 -0.98077 0
    outer loop
      vertex 62.3319 38.8855 2.3
      vertex 62.55 38.8421 6.4
      vertex 62.3319 38.8855 6.4
    endloop
  endfacet
  facet normal -0.195165 -0.98077 -0
    outer loop
      vertex 62.55 38.8421 6.4
      vertex 62.3319 38.8855 2.3
      vertex 62.55 38.8421 2.3
    endloop
  endfacet
  facet normal 0.896754 -0.44253 0
    outer loop
      vertex 60.5394 37.8506 6.4
      vertex 60.6378 38.05 2.3
      vertex 60.6378 38.05 6.4
    endloop
  endfacet
  facet normal 0.896754 -0.44253 0
    outer loop
      vertex 60.6378 38.05 2.3
      vertex 60.5394 37.8506 6.4
      vertex 60.5394 37.8506 2.3
    endloop
  endfacet
  facet normal 0.659268 0.751908 -0
    outer loop
      vertex 61.0751 35.8513 2.3
      vertex 60.9079 35.9979 6.4
      vertex 61.0751 35.8513 6.4
    endloop
  endfacet
  facet normal 0.659268 0.751908 0
    outer loop
      vertex 60.9079 35.9979 6.4
      vertex 61.0751 35.8513 2.3
      vertex 60.9079 35.9979 2.3
    endloop
  endfacet
  facet normal -0.659268 0.751908 0
    outer loop
      vertex 63.3121 35.9979 2.3
      vertex 63.1449 35.8513 6.4
      vertex 63.3121 35.9979 6.4
    endloop
  endfacet
  facet normal -0.659268 0.751908 0
    outer loop
      vertex 63.1449 35.8513 6.4
      vertex 63.3121 35.9979 2.3
      vertex 63.1449 35.8513 2.3
    endloop
  endfacet
  facet normal -0.555426 0.831566 0
    outer loop
      vertex 63.1449 35.8513 2.3
      vertex 62.96 35.7278 6.4
      vertex 63.1449 35.8513 6.4
    endloop
  endfacet
  facet normal -0.555426 0.831566 0
    outer loop
      vertex 62.96 35.7278 6.4
      vertex 63.1449 35.8513 2.3
      vertex 62.96 35.7278 2.3
    endloop
  endfacet
  facet normal -0.0652057 0.997872 0
    outer loop
      vertex 62.3319 35.5145 2.3
      vertex 62.11 35.5 6.4
      vertex 62.3319 35.5145 6.4
    endloop
  endfacet
  facet normal -0.0652057 0.997872 0
    outer loop
      vertex 62.11 35.5 6.4
      vertex 62.3319 35.5145 2.3
      vertex 62.11 35.5 2.3
    endloop
  endfacet
  facet normal 0.831566 0.555426 0
    outer loop
      vertex 60.7613 36.1651 6.4
      vertex 60.6378 36.35 2.3
      vertex 60.6378 36.35 6.4
    endloop
  endfacet
  facet normal 0.831566 0.555426 0
    outer loop
      vertex 60.6378 36.35 2.3
      vertex 60.7613 36.1651 6.4
      vertex 60.7613 36.1651 2.3
    endloop
  endfacet
  facet normal 0.98077 -0.195165 0
    outer loop
      vertex 60.4245 37.4219 6.4
      vertex 60.4679 37.64 2.3
      vertex 60.4679 37.64 6.4
    endloop
  endfacet
  facet normal 0.98077 -0.195165 0
    outer loop
      vertex 60.4679 37.64 2.3
      vertex 60.4245 37.4219 6.4
      vertex 60.4245 37.4219 2.3
    endloop
  endfacet
  facet normal -0.751908 -0.659268 0
    outer loop
      vertex 63.4587 38.2349 2.3
      vertex 63.3121 38.4021 6.4
      vertex 63.3121 38.4021 2.3
    endloop
  endfacet
  facet normal -0.751908 -0.659268 0
    outer loop
      vertex 63.3121 38.4021 6.4
      vertex 63.4587 38.2349 2.3
      vertex 63.4587 38.2349 6.4
    endloop
  endfacet
  facet normal -0.946915 -0.321484 0
    outer loop
      vertex 63.7521 37.64 2.3
      vertex 63.6806 37.8506 6.4
      vertex 63.6806 37.8506 2.3
    endloop
  endfacet
  facet normal -0.946915 -0.321484 0
    outer loop
      vertex 63.6806 37.8506 6.4
      vertex 63.7521 37.64 2.3
      vertex 63.7521 37.64 6.4
    endloop
  endfacet
  facet normal 0.44253 -0.896754 0
    outer loop
      vertex 61.26 38.6722 2.3
      vertex 61.4594 38.7706 6.4
      vertex 61.26 38.6722 6.4
    endloop
  endfacet
  facet normal 0.44253 -0.896754 0
    outer loop
      vertex 61.4594 38.7706 6.4
      vertex 61.26 38.6722 2.3
      vertex 61.4594 38.7706 2.3
    endloop
  endfacet
  facet normal -0.0652057 -0.997872 0
    outer loop
      vertex 62.11 38.9 2.3
      vertex 62.3319 38.8855 6.4
      vertex 62.11 38.9 6.4
    endloop
  endfacet
  facet normal -0.0652057 -0.997872 -0
    outer loop
      vertex 62.3319 38.8855 6.4
      vertex 62.11 38.9 2.3
      vertex 62.3319 38.8855 2.3
    endloop
  endfacet
  facet normal -0.44253 0.896754 0
    outer loop
      vertex 62.96 35.7278 2.3
      vertex 62.7606 35.6294 6.4
      vertex 62.96 35.7278 6.4
    endloop
  endfacet
  facet normal -0.44253 0.896754 0
    outer loop
      vertex 62.7606 35.6294 6.4
      vertex 62.96 35.7278 2.3
      vertex 62.7606 35.6294 2.3
    endloop
  endfacet
  facet normal -0.321484 0.946915 0
    outer loop
      vertex 62.7606 35.6294 2.3
      vertex 62.55 35.5579 6.4
      vertex 62.7606 35.6294 6.4
    endloop
  endfacet
  facet normal -0.321484 0.946915 0
    outer loop
      vertex 62.55 35.5579 6.4
      vertex 62.7606 35.6294 2.3
      vertex 62.55 35.5579 2.3
    endloop
  endfacet
  facet normal 0.0652057 -0.997872 0
    outer loop
      vertex 61.8881 38.8855 2.3
      vertex 62.11 38.9 6.4
      vertex 61.8881 38.8855 6.4
    endloop
  endfacet
  facet normal 0.0652057 -0.997872 0
    outer loop
      vertex 62.11 38.9 6.4
      vertex 61.8881 38.8855 2.3
      vertex 62.11 38.9 2.3
    endloop
  endfacet
  facet normal 0.946915 -0.321484 0
    outer loop
      vertex 60.4679 37.64 6.4
      vertex 60.5394 37.8506 2.3
      vertex 60.5394 37.8506 6.4
    endloop
  endfacet
  facet normal 0.946915 -0.321484 0
    outer loop
      vertex 60.5394 37.8506 2.3
      vertex 60.4679 37.64 6.4
      vertex 60.4679 37.64 2.3
    endloop
  endfacet
  facet normal 0.321484 0.946915 -0
    outer loop
      vertex 61.67 35.5579 2.3
      vertex 61.4594 35.6294 6.4
      vertex 61.67 35.5579 6.4
    endloop
  endfacet
  facet normal 0.321484 0.946915 0
    outer loop
      vertex 61.4594 35.6294 6.4
      vertex 61.67 35.5579 2.3
      vertex 61.4594 35.6294 2.3
    endloop
  endfacet
  facet normal 0.195165 0.98077 -0
    outer loop
      vertex 61.8881 35.5145 2.3
      vertex 61.67 35.5579 6.4
      vertex 61.8881 35.5145 6.4
    endloop
  endfacet
  facet normal 0.195165 0.98077 0
    outer loop
      vertex 61.67 35.5579 6.4
      vertex 61.8881 35.5145 2.3
      vertex 61.67 35.5579 2.3
    endloop
  endfacet
  facet normal 0.831566 -0.555426 0
    outer loop
      vertex 60.6378 38.05 6.4
      vertex 60.7613 38.2349 2.3
      vertex 60.7613 38.2349 6.4
    endloop
  endfacet
  facet normal 0.831566 -0.555426 0
    outer loop
      vertex 60.7613 38.2349 2.3
      vertex 60.6378 38.05 6.4
      vertex 60.6378 38.05 2.3
    endloop
  endfacet
  facet normal -1 0 0
    outer loop
      vertex 61 16.75 0
      vertex 61 25.25 2.4
      vertex 61 25.25 0
    endloop
  endfacet
  facet normal -1 -0 0
    outer loop
      vertex 61 25.25 2.4
      vertex 61 16.75 0
      vertex 61 16.75 2.4
    endloop
  endfacet
  facet normal 1 -0 0
    outer loop
      vertex 35 16.75 2.4
      vertex 35 25.25 0
      vertex 35 25.25 2.4
    endloop
  endfacet
  facet normal 1 0 0
    outer loop
      vertex 35 25.25 0
      vertex 35 16.75 2.4
      vertex 35 16.75 0
    endloop
  endfacet
  facet normal 0 -1 0
    outer loop
      vertex 35 25.25 0
      vertex 61 25.25 2.4
      vertex 35 25.25 2.4
    endloop
  endfacet
  facet normal 0 -1 -0
    outer loop
      vertex 61 25.25 2.4
      vertex 35 25.25 0
      vertex 61 25.25 0
    endloop
  endfacet
  facet normal 0 1 -0
    outer loop
      vertex 61 16.75 0
      vertex 35 16.75 2.4
      vertex 61 16.75 2.4
    endloop
  endfacet
  facet normal 0 1 0
    outer loop
      vertex 35 16.75 2.4
      vertex 61 16.75 0
      vertex 35 16.75 0
    endloop
  endfacet
  facet normal -0.659309 -0.751872 0
    outer loop
      vertex 84.2524 23.9354 0
      vertex 84.6163 23.6163 2.4
      vertex 84.2524 23.9354 2.4
    endloop
  endfacet
  facet normal -0.659309 -0.751872 -0
    outer loop
      vertex 84.6163 23.6163 2.4
      vertex 84.2524 23.9354 0
      vertex 84.6163 23.6163 0
    endloop
  endfacet
  facet normal -0.321306 0.946975 0
    outer loop
      vertex 83.4159 17.5816 0
      vertex 82.9576 17.4261 2.4
      vertex 83.4159 17.5816 2.4
    endloop
  endfacet
  facet normal -0.321306 0.946975 0
    outer loop
      vertex 82.9576 17.4261 2.4
      vertex 83.4159 17.5816 0
      vertex 82.9576 17.4261 0
    endloop
  endfacet
  facet normal -0.980795 -0.195043 0
    outer loop
      vertex 85.6683 21.4829 0
      vertex 85.5739 21.9576 2.4
      vertex 85.5739 21.9576 0
    endloop
  endfacet
  facet normal -0.980795 -0.195043 0
    outer loop
      vertex 85.5739 21.9576 2.4
      vertex 85.6683 21.4829 0
      vertex 85.6683 21.4829 2.4
    endloop
  endfacet
  facet normal -0.997852 -0.0655041 0
    outer loop
      vertex 85.7 21 0
      vertex 85.6683 21.4829 2.4
      vertex 85.6683 21.4829 0
    endloop
  endfacet
  facet normal -0.997852 -0.0655041 0
    outer loop
      vertex 85.6683 21.4829 2.4
      vertex 85.7 21 0
      vertex 85.7 21 2.4
    endloop
  endfacet
  facet normal -0.946975 -0.321306 0
    outer loop
      vertex 85.5739 21.9576 0
      vertex 85.4184 22.4159 2.4
      vertex 85.4184 22.4159 0
    endloop
  endfacet
  facet normal -0.946975 -0.321306 0
    outer loop
      vertex 85.4184 22.4159 2.4
      vertex 85.5739 21.9576 0
      vertex 85.5739 21.9576 2.4
    endloop
  endfacet
  facet normal -0.442331 0.896852 0
    outer loop
      vertex 83.85 17.7957 0
      vertex 83.4159 17.5816 2.4
      vertex 83.85 17.7957 2.4
    endloop
  endfacet
  facet normal -0.442331 0.896852 0
    outer loop
      vertex 83.4159 17.5816 2.4
      vertex 83.85 17.7957 0
      vertex 83.4159 17.5816 0
    endloop
  endfacet
  facet normal -0.321306 -0.946975 0
    outer loop
      vertex 82.9576 24.5739 0
      vertex 83.4159 24.4184 2.4
      vertex 82.9576 24.5739 2.4
    endloop
  endfacet
  facet normal -0.321306 -0.946975 -0
    outer loop
      vertex 83.4159 24.4184 2.4
      vertex 82.9576 24.5739 0
      vertex 83.4159 24.4184 0
    endloop
  endfacet
  facet normal -0.555606 0.831446 0
    outer loop
      vertex 84.2524 18.0646 0
      vertex 83.85 17.7957 2.4
      vertex 84.2524 18.0646 2.4
    endloop
  endfacet
  facet normal -0.555606 0.831446 0
    outer loop
      vertex 83.85 17.7957 2.4
      vertex 84.2524 18.0646 0
      vertex 83.85 17.7957 0
    endloop
  endfacet
  facet normal 0.831446 -0.555606 0
    outer loop
      vertex 78.7957 22.85 2.4
      vertex 79.0646 23.2524 0
      vertex 79.0646 23.2524 2.4
    endloop
  endfacet
  facet normal 0.831446 -0.555606 0
    outer loop
      vertex 79.0646 23.2524 0
      vertex 78.7957 22.85 2.4
      vertex 78.7957 22.85 0
    endloop
  endfacet
  facet normal -0.896852 -0.442331 0
    outer loop
      vertex 85.4184 22.4159 0
      vertex 85.2043 22.85 2.4
      vertex 85.2043 22.85 0
    endloop
  endfacet
  facet normal -0.896852 -0.442331 0
    outer loop
      vertex 85.2043 22.85 2.4
      vertex 85.4184 22.4159 0
      vertex 85.4184 22.4159 2.4
    endloop
  endfacet
  facet normal -0.195043 -0.980795 0
    outer loop
      vertex 82.4829 24.6683 0
      vertex 82.9576 24.5739 2.4
      vertex 82.4829 24.6683 2.4
    endloop
  endfacet
  facet normal -0.195043 -0.980795 -0
    outer loop
      vertex 82.9576 24.5739 2.4
      vertex 82.4829 24.6683 0
      vertex 82.9576 24.5739 0
    endloop
  endfacet
  facet normal 0.946975 -0.321306 0
    outer loop
      vertex 78.4261 21.9576 2.4
      vertex 78.5816 22.4159 0
      vertex 78.5816 22.4159 2.4
    endloop
  endfacet
  facet normal 0.946975 -0.321306 0
    outer loop
      vertex 78.5816 22.4159 0
      vertex 78.4261 21.9576 2.4
      vertex 78.4261 21.9576 0
    endloop
  endfacet
  facet normal 0.751872 0.659309 0
    outer loop
      vertex 79.3837 18.3837 2.4
      vertex 79.0646 18.7476 0
      vertex 79.0646 18.7476 2.4
    endloop
  endfacet
  facet normal 0.751872 0.659309 0
    outer loop
      vertex 79.0646 18.7476 0
      vertex 79.3837 18.3837 2.4
      vertex 79.3837 18.3837 0
    endloop
  endfacet
  facet normal -0.946975 0.321306 0
    outer loop
      vertex 85.4184 19.5841 0
      vertex 85.5739 20.0424 2.4
      vertex 85.5739 20.0424 0
    endloop
  endfacet
  facet normal -0.946975 0.321306 0
    outer loop
      vertex 85.5739 20.0424 2.4
      vertex 85.4184 19.5841 0
      vertex 85.4184 19.5841 2.4
    endloop
  endfacet
  facet normal 0.997866 -0.0652983 0
    outer loop
      vertex 78.3 21 2.4
      vertex 78.3316 21.4829 0
      vertex 78.3316 21.4829 2.4
    endloop
  endfacet
  facet normal 0.997866 -0.0652983 0
    outer loop
      vertex 78.3316 21.4829 0
      vertex 78.3 21 2.4
      vertex 78.3 21 0
    endloop
  endfacet
  facet normal -0.555606 -0.831446 0
    outer loop
      vertex 83.85 24.2043 0
      vertex 84.2524 23.9354 2.4
      vertex 83.85 24.2043 2.4
    endloop
  endfacet
  facet normal -0.555606 -0.831446 -0
    outer loop
      vertex 84.2524 23.9354 2.4
      vertex 83.85 24.2043 0
      vertex 84.2524 23.9354 0
    endloop
  endfacet
  facet normal 0.751872 -0.659309 0
    outer loop
      vertex 79.0646 23.2524 2.4
      vertex 79.3837 23.6163 0
      vertex 79.3837 23.6163 2.4
    endloop
  endfacet
  facet normal 0.751872 -0.659309 0
    outer loop
      vertex 79.3837 23.6163 0
      vertex 79.0646 23.2524 2.4
      vertex 79.0646 23.2524 0
    endloop
  endfacet
  facet normal -0.751872 0.659309 0
    outer loop
      vertex 84.6163 18.3837 0
      vertex 84.9354 18.7476 2.4
      vertex 84.9354 18.7476 0
    endloop
  endfacet
  facet normal -0.751872 0.659309 0
    outer loop
      vertex 84.9354 18.7476 2.4
      vertex 84.6163 18.3837 0
      vertex 84.6163 18.3837 2.4
    endloop
  endfacet
  facet normal -0.896852 0.442331 0
    outer loop
      vertex 85.2043 19.15 0
      vertex 85.4184 19.5841 2.4
      vertex 85.4184 19.5841 0
    endloop
  endfacet
  facet normal -0.896852 0.442331 0
    outer loop
      vertex 85.4184 19.5841 2.4
      vertex 85.2043 19.15 0
      vertex 85.2043 19.15 2.4
    endloop
  endfacet
  facet normal 0.321306 -0.946975 0
    outer loop
      vertex 80.5841 24.4184 0
      vertex 81.0424 24.5739 2.4
      vertex 80.5841 24.4184 2.4
    endloop
  endfacet
  facet normal 0.321306 -0.946975 0
    outer loop
      vertex 81.0424 24.5739 2.4
      vertex 80.5841 24.4184 0
      vertex 81.0424 24.5739 0
    endloop
  endfacet
  facet normal 0.659309 -0.751872 0
    outer loop
      vertex 79.3837 23.6163 0
      vertex 79.7476 23.9354 2.4
      vertex 79.3837 23.6163 2.4
    endloop
  endfacet
  facet normal 0.659309 -0.751872 0
    outer loop
      vertex 79.7476 23.9354 2.4
      vertex 79.3837 23.6163 0
      vertex 79.7476 23.9354 0
    endloop
  endfacet
  facet normal 0.442331 -0.896852 0
    outer loop
      vertex 80.15 24.2043 0
      vertex 80.5841 24.4184 2.4
      vertex 80.15 24.2043 2.4
    endloop
  endfacet
  facet normal 0.442331 -0.896852 0
    outer loop
      vertex 80.5841 24.4184 2.4
      vertex 80.15 24.2043 0
      vertex 80.5841 24.4184 0
    endloop
  endfacet
  facet normal -0.831446 -0.555606 0
    outer loop
      vertex 85.2043 22.85 0
      vertex 84.9354 23.2524 2.4
      vertex 84.9354 23.2524 0
    endloop
  endfacet
  facet normal -0.831446 -0.555606 0
    outer loop
      vertex 84.9354 23.2524 2.4
      vertex 85.2043 22.85 0
      vertex 85.2043 22.85 2.4
    endloop
  endfacet
  facet normal -0.195043 0.980795 0
    outer loop
      vertex 82.9576 17.4261 0
      vertex 82.4829 17.3317 2.4
      vertex 82.9576 17.4261 2.4
    endloop
  endfacet
  facet normal -0.195043 0.980795 0
    outer loop
      vertex 82.4829 17.3317 2.4
      vertex 82.9576 17.4261 0
      vertex 82.4829 17.3317 0
    endloop
  endfacet
  facet normal -0.980795 0.195043 0
    outer loop
      vertex 85.5739 20.0424 0
      vertex 85.6683 20.5171 2.4
      vertex 85.6683 20.5171 0
    endloop
  endfacet
  facet normal -0.980795 0.195043 0
    outer loop
      vertex 85.6683 20.5171 2.4
      vertex 85.5739 20.0424 0
      vertex 85.5739 20.0424 2.4
    endloop
  endfacet
  facet normal 0.896852 0.442331 0
    outer loop
      vertex 78.7957 19.15 2.4
      vertex 78.5816 19.5841 0
      vertex 78.5816 19.5841 2.4
    endloop
  endfacet
  facet normal 0.896852 0.442331 0
    outer loop
      vertex 78.5816 19.5841 0
      vertex 78.7957 19.15 2.4
      vertex 78.7957 19.15 0
    endloop
  endfacet
  facet normal 0.321306 0.946975 -0
    outer loop
      vertex 81.0424 17.4261 0
      vertex 80.5841 17.5816 2.4
      vertex 81.0424 17.4261 2.4
    endloop
  endfacet
  facet normal 0.321306 0.946975 0
    outer loop
      vertex 80.5841 17.5816 2.4
      vertex 81.0424 17.4261 0
      vertex 80.5841 17.5816 0
    endloop
  endfacet
  facet normal -0.659309 0.751872 0
    outer loop
      vertex 84.6163 18.3837 0
      vertex 84.2524 18.0646 2.4
      vertex 84.6163 18.3837 2.4
    endloop
  endfacet
  facet normal -0.659309 0.751872 0
    outer loop
      vertex 84.2524 18.0646 2.4
      vertex 84.6163 18.3837 0
      vertex 84.2524 18.0646 0
    endloop
  endfacet
  facet normal 0.946975 0.321306 0
    outer loop
      vertex 78.5816 19.5841 2.4
      vertex 78.4261 20.0424 0
      vertex 78.4261 20.0424 2.4
    endloop
  endfacet
  facet normal 0.946975 0.321306 0
    outer loop
      vertex 78.4261 20.0424 0
      vertex 78.5816 19.5841 2.4
      vertex 78.5816 19.5841 0
    endloop
  endfacet
  facet normal 0.555606 0.831446 -0
    outer loop
      vertex 80.15 17.7957 0
      vertex 79.7476 18.0646 2.4
      vertex 80.15 17.7957 2.4
    endloop
  endfacet
  facet normal 0.555606 0.831446 0
    outer loop
      vertex 79.7476 18.0646 2.4
      vertex 80.15 17.7957 0
      vertex 79.7476 18.0646 0
    endloop
  endfacet
  facet normal -0.442331 -0.896852 0
    outer loop
      vertex 83.4159 24.4184 0
      vertex 83.85 24.2043 2.4
      vertex 83.4159 24.4184 2.4
    endloop
  endfacet
  facet normal -0.442331 -0.896852 -0
    outer loop
      vertex 83.85 24.2043 2.4
      vertex 83.4159 24.4184 0
      vertex 83.85 24.2043 0
    endloop
  endfacet
  facet normal -0.997852 0.0655041 0
    outer loop
      vertex 85.6683 20.5171 0
      vertex 85.7 21 2.4
      vertex 85.7 21 0
    endloop
  endfacet
  facet normal -0.997852 0.0655041 0
    outer loop
      vertex 85.7 21 2.4
      vertex 85.6683 20.5171 0
      vertex 85.6683 20.5171 2.4
    endloop
  endfacet
  facet normal 0.896852 -0.442331 0
    outer loop
      vertex 78.5816 22.4159 2.4
      vertex 78.7957 22.85 0
      vertex 78.7957 22.85 2.4
    endloop
  endfacet
  facet normal 0.896852 -0.442331 0
    outer loop
      vertex 78.7957 22.85 0
      vertex 78.5816 22.4159 2.4
      vertex 78.5816 22.4159 0
    endloop
  endfacet
  facet normal 0.442331 0.896852 -0
    outer loop
      vertex 80.5841 17.5816 0
      vertex 80.15 17.7957 2.4
      vertex 80.5841 17.5816 2.4
    endloop
  endfacet
  facet normal 0.442331 0.896852 0
    outer loop
      vertex 80.15 17.7957 2.4
      vertex 80.5841 17.5816 0
      vertex 80.15 17.7957 0
    endloop
  endfacet
  facet normal 0.555606 -0.831446 0
    outer loop
      vertex 79.7476 23.9354 0
      vertex 80.15 24.2043 2.4
      vertex 79.7476 23.9354 2.4
    endloop
  endfacet
  facet normal 0.555606 -0.831446 0
    outer loop
      vertex 80.15 24.2043 2.4
      vertex 79.7476 23.9354 0
      vertex 80.15 24.2043 0
    endloop
  endfacet
  facet normal 0.980755 0.195242 0
    outer loop
      vertex 78.4261 20.0424 2.4
      vertex 78.3316 20.5171 0
      vertex 78.3316 20.5171 2.4
    endloop
  endfacet
  facet normal 0.980755 0.195242 0
    outer loop
      vertex 78.3316 20.5171 0
      vertex 78.4261 20.0424 2.4
      vertex 78.4261 20.0424 0
    endloop
  endfacet
  facet normal 0.980755 -0.195242 0
    outer loop
      vertex 78.3316 21.4829 2.4
      vertex 78.4261 21.9576 0
      vertex 78.4261 21.9576 2.4
    endloop
  endfacet
  facet normal 0.980755 -0.195242 0
    outer loop
      vertex 78.4261 21.9576 0
      vertex 78.3316 21.4829 2.4
      vertex 78.3316 21.4829 0
    endloop
  endfacet
  facet normal -0.0655041 0.997852 0
    outer loop
      vertex 82.4829 17.3317 0
      vertex 82 17.3 2.4
      vertex 82.4829 17.3317 2.4
    endloop
  endfacet
  facet normal -0.0655041 0.997852 0
    outer loop
      vertex 82 17.3 2.4
      vertex 82.4829 17.3317 0
      vertex 82 17.3 0
    endloop
  endfacet
  facet normal -0.0655041 -0.997852 0
    outer loop
      vertex 82 24.7 0
      vertex 82.4829 24.6683 2.4
      vertex 82 24.7 2.4
    endloop
  endfacet
  facet normal -0.0655041 -0.997852 -0
    outer loop
      vertex 82.4829 24.6683 2.4
      vertex 82 24.7 0
      vertex 82.4829 24.6683 0
    endloop
  endfacet
  facet normal 0.195043 -0.980795 0
    outer loop
      vertex 81.0424 24.5739 0
      vertex 81.5171 24.6683 2.4
      vertex 81.0424 24.5739 2.4
    endloop
  endfacet
  facet normal 0.195043 -0.980795 0
    outer loop
      vertex 81.5171 24.6683 2.4
      vertex 81.0424 24.5739 0
      vertex 81.5171 24.6683 0
    endloop
  endfacet
  facet normal -0.751872 -0.659309 0
    outer loop
      vertex 84.9354 23.2524 0
      vertex 84.6163 23.6163 2.4
      vertex 84.6163 23.6163 0
    endloop
  endfacet
  facet normal -0.751872 -0.659309 0
    outer loop
      vertex 84.6163 23.6163 2.4
      vertex 84.9354 23.2524 0
      vertex 84.9354 23.2524 2.4
    endloop
  endfacet
  facet normal 0.0655041 -0.997852 0
    outer loop
      vertex 81.5171 24.6683 0
      vertex 82 24.7 2.4
      vertex 81.5171 24.6683 2.4
    endloop
  endfacet
  facet normal 0.0655041 -0.997852 0
    outer loop
      vertex 82 24.7 2.4
      vertex 81.5171 24.6683 0
      vertex 82 24.7 0
    endloop
  endfacet
  facet normal 0.195043 0.980795 -0
    outer loop
      vertex 81.5171 17.3317 0
      vertex 81.0424 17.4261 2.4
      vertex 81.5171 17.3317 2.4
    endloop
  endfacet
  facet normal 0.195043 0.980795 0
    outer loop
      vertex 81.0424 17.4261 2.4
      vertex 81.5171 17.3317 0
      vertex 81.0424 17.4261 0
    endloop
  endfacet
  facet normal -0.831446 0.555606 0
    outer loop
      vertex 84.9354 18.7476 0
      vertex 85.2043 19.15 2.4
      vertex 85.2043 19.15 0
    endloop
  endfacet
  facet normal -0.831446 0.555606 0
    outer loop
      vertex 85.2043 19.15 2.4
      vertex 84.9354 18.7476 0
      vertex 84.9354 18.7476 2.4
    endloop
  endfacet
  facet normal 0.997866 0.0652983 0
    outer loop
      vertex 78.3316 20.5171 2.4
      vertex 78.3 21 0
      vertex 78.3 21 2.4
    endloop
  endfacet
  facet normal 0.997866 0.0652983 0
    outer loop
      vertex 78.3 21 0
      vertex 78.3316 20.5171 2.4
      vertex 78.3316 20.5171 0
    endloop
  endfacet
  facet normal 0.831446 0.555606 0
    outer loop
      vertex 79.0646 18.7476 2.4
      vertex 78.7957 19.15 0
      vertex 78.7957 19.15 2.4
    endloop
  endfacet
  facet normal 0.831446 0.555606 0
    outer loop
      vertex 78.7957 19.15 0
      vertex 79.0646 18.7476 2.4
      vertex 79.0646 18.7476 0
    endloop
  endfacet
  facet normal 0.0655041 0.997852 -0
    outer loop
      vertex 82 17.3 0
      vertex 81.5171 17.3317 2.4
      vertex 82 17.3 2.4
    endloop
  endfacet
  facet normal 0.0655041 0.997852 0
    outer loop
      vertex 81.5171 17.3317 2.4
      vertex 82 17.3 0
      vertex 81.5171 17.3317 0
    endloop
  endfacet
  facet normal 0.659309 0.751872 -0
    outer loop
      vertex 79.7476 18.0646 0
      vertex 79.3837 18.3837 2.4
      vertex 79.7476 18.0646 2.4
    endloop
  endfacet
  facet normal 0.659309 0.751872 0
    outer loop
      vertex 79.3837 18.3837 2.4
      vertex 79.7476 18.0646 0
      vertex 79.3837 18.3837 0
    endloop
  endfacet
endsolid OpenSCAD_Model
